annotation_case_id,region,image_filename,storage_path,is_shared
MURA_TT_0001,XR_WRIST,MURA_TT_0001.png,MURA_TT_0001.png,false
MURA_TT_0002,XR_FINGER,MURA_TT_0002.png,MURA_TT_0002.png,false
MURA_TT_0003,XR_SHOULDER,MURA_TT_0003.png,MURA_TT_0003.png,false
MURA_TT_0004,XR_HAND,MURA_TT_0004.png,MURA_TT_0004.png,false
MURA_TT_0005,XR_SHOULDER,MURA_TT_0005.png,MURA_TT_0005.png,false
MURA_TT_0006,XR_SHOULDER,MURA_TT_0006.png,MURA_TT_0006.png,false
MURA_TT_0007,XR_HAND,MURA_TT_0007.png,MURA_TT_0007.png,false
MURA_TT_0008,XR_WRIST,MURA_TT_0008.png,MURA_TT_0008.png,false
MURA_TT_0009,XR_ELBOW,MURA_TT_0009.png,MURA_TT_0009.png,false
MURA_TT_0010,XR_SHOULDER,MURA_TT_0010.png,MURA_TT_0010.png,false
MURA_TT_0011,XR_ELBOW,MURA_TT_0011.png,MURA_TT_0011.png,false
MURA_TT_0012,XR_SHOULDER,MURA_TT_0012.png,MURA_TT_0012.png,false
MURA_TT_0013,XR_HUMERUS,MURA_TT_0013.png,MURA_TT_0013.png,false
MURA_TT_0014,XR_FOREARM,MURA_TT_0014.png,MURA_TT_0014.png,false
MURA_TT_0015,XR_FINGER,MURA_TT_0015.png,MURA_TT_0015.png,false
MURA_TT_0016,XR_ELBOW,MURA_TT_0016.png,MURA_TT_0016.png,false
MURA_TT_0017,XR_HAND,MURA_TT_0017.png,MURA_TT_0017.png,false
MURA_TT_0018,XR_ELBOW,MURA_TT_0018.png,MURA_TT_0018.png,false
MURA_TT_0019,XR_WRIST,MURA_TT_0019.png,MURA_TT_0019.png,false
MURA_TT_0020,XR_WRIST,MURA_TT_0020.png,MURA_TT_0020.png,false
MURA_TT_0021,XR_FOREARM,MURA_TT_0021.png,MURA_TT_0021.png,false
MURA_TT_0022,XR_WRIST,MURA_TT_0022.png,MURA_TT_0022.png,false
MURA_TT_0023,XR_WRIST,MURA_TT_0023.png,MURA_TT_0023.png,false
MURA_TT_0024,XR_HUMERUS,MURA_TT_0024.png,MURA_TT_0024.png,false
MURA_TT_0025,XR_WRIST,MURA_TT_0025.png,MURA_TT_0025.png,false
MURA_TT_0026,XR_ELBOW,MURA_TT_0026.png,MURA_TT_0026.png,false
MURA_TT_0027,XR_SHOULDER,MURA_TT_0027.png,MURA_TT_0027.png,false
MURA_TT_0028,XR_HAND,MURA_TT_0028.png,MURA_TT_0028.png,false
MURA_TT_0029,XR_HAND,MURA_TT_0029.png,MURA_TT_0029.png,false
MURA_TT_0030,XR_ELBOW,MURA_TT_0030.png,MURA_TT_0030.png,false
MURA_TT_0031,XR_FOREARM,MURA_TT_0031.png,MURA_TT_0031.png,false
MURA_TT_0032,XR_HAND,MURA_TT_0032.png,MURA_TT_0032.png,false
MURA_TT_0033,XR_FOREARM,MURA_TT_0033.png,MURA_TT_0033.png,false
MURA_TT_0034,XR_HAND,MURA_TT_0034.png,MURA_TT_0034.png,false
MURA_TT_0035,XR_HUMERUS,MURA_TT_0035.png,MURA_TT_0035.png,false
MURA_TT_0036,XR_FINGER,MURA_TT_0036.png,MURA_TT_0036.png,false
MURA_TT_0037,XR_WRIST,MURA_TT_0037.png,MURA_TT_0037.png,false
MURA_TT_0038,XR_SHOULDER,MURA_TT_0038.png,MURA_TT_0038.png,false
MURA_TT_0039,XR_HUMERUS,MURA_TT_0039.png,MURA_TT_0039.png,false
MURA_TT_0040,XR_ELBOW,MURA_TT_0040.png,MURA_TT_0040.png,false
MURA_TT_0041,XR_ELBOW,MURA_TT_0041.png,MURA_TT_0041.png,false
MURA_TT_0042,XR_WRIST,MURA_TT_0042.png,MURA_TT_0042.png,false
MURA_TT_0043,XR_ELBOW,MURA_TT_0043.png,MURA_TT_0043.png,false
MURA_TT_0044,XR_FOREARM,MURA_TT_0044.png,MURA_TT_0044.png,false
MURA_TT_0045,XR_SHOULDER,MURA_TT_0045.png,MURA_TT_0045.png,false
MURA_TT_0046,XR_HAND,MURA_TT_0046.png,MURA_TT_0046.png,false
MURA_TT_0047,XR_FINGER,MURA_TT_0047.png,MURA_TT_0047.png,false
MURA_TT_0048,XR_HAND,MURA_TT_0048.png,MURA_TT_0048.png,false
MURA_TT_0049,XR_ELBOW,MURA_TT_0049.png,MURA_TT_0049.png,false
MURA_TT_0050,XR_WRIST,MURA_TT_0050.png,MURA_TT_0050.png,false
MURA_TT_0051,XR_SHOULDER,MURA_TT_0051.png,MURA_TT_0051.png,false
MURA_TT_0052,XR_ELBOW,MURA_TT_0052.png,MURA_TT_0052.png,false
MURA_TT_0053,XR_SHOULDER,MURA_TT_0053.png,MURA_TT_0053.png,false
MURA_TT_0054,XR_ELBOW,MURA_TT_0054.png,MURA_TT_0054.png,false
MURA_TT_0055,XR_HAND,MURA_TT_0055.png,MURA_TT_0055.png,false
MURA_TT_0056,XR_WRIST,MURA_TT_0056.png,MURA_TT_0056.png,false
MURA_TT_0057,XR_SHOULDER,MURA_TT_0057.png,MURA_TT_0057.png,false
MURA_TT_0058,XR_WRIST,MURA_TT_0058.png,MURA_TT_0058.png,false
MURA_TT_0059,XR_SHOULDER,MURA_TT_0059.png,MURA_TT_0059.png,false
MURA_TT_0060,XR_FINGER,MURA_TT_0060.png,MURA_TT_0060.png,false
MURA_TT_0061,XR_SHOULDER,MURA_TT_0061.png,MURA_TT_0061.png,false
MURA_TT_0062,XR_FOREARM,MURA_TT_0062.png,MURA_TT_0062.png,false
MURA_TT_0063,XR_WRIST,MURA_TT_0063.png,MURA_TT_0063.png,false
MURA_TT_0064,XR_HUMERUS,MURA_TT_0064.png,MURA_TT_0064.png,false
MURA_TT_0065,XR_WRIST,MURA_TT_0065.png,MURA_TT_0065.png,false
MURA_TT_0066,XR_WRIST,MURA_TT_0066.png,MURA_TT_0066.png,false
MURA_TT_0067,XR_HUMERUS,MURA_TT_0067.png,MURA_TT_0067.png,false
MURA_TT_0068,XR_SHOULDER,MURA_TT_0068.png,MURA_TT_0068.png,false
MURA_TT_0069,XR_ELBOW,MURA_TT_0069.png,MURA_TT_0069.png,false
MURA_TT_0070,XR_SHOULDER,MURA_TT_0070.png,MURA_TT_0070.png,false
MURA_TT_0071,XR_SHOULDER,MURA_TT_0071.png,MURA_TT_0071.png,false
MURA_TT_0072,XR_FINGER,MURA_TT_0072.png,MURA_TT_0072.png,false
MURA_TT_0073,XR_SHOULDER,MURA_TT_0073.png,MURA_TT_0073.png,false
MURA_TT_0074,XR_HUMERUS,MURA_TT_0074.png,MURA_TT_0074.png,false
MURA_TT_0075,XR_HAND,MURA_TT_0075.png,MURA_TT_0075.png,false
MURA_TT_0076,XR_FINGER,MURA_TT_0076.png,MURA_TT_0076.png,false
MURA_TT_0077,XR_WRIST,MURA_TT_0077.png,MURA_TT_0077.png,false
MURA_TT_0078,XR_HAND,MURA_TT_0078.png,MURA_TT_0078.png,false
MURA_TT_0079,XR_FINGER,MURA_TT_0079.png,MURA_TT_0079.png,false
MURA_TT_0080,XR_WRIST,MURA_TT_0080.png,MURA_TT_0080.png,false
MURA_TT_0081,XR_ELBOW,MURA_TT_0081.png,MURA_TT_0081.png,false
MURA_TT_0082,XR_HAND,MURA_TT_0082.png,MURA_TT_0082.png,false
MURA_TT_0083,XR_SHOULDER,MURA_TT_0083.png,MURA_TT_0083.png,false
MURA_TT_0084,XR_SHOULDER,MURA_TT_0084.png,MURA_TT_0084.png,false
MURA_TT_0085,XR_WRIST,MURA_TT_0085.png,MURA_TT_0085.png,false
MURA_TT_0086,XR_SHOULDER,MURA_TT_0086.png,MURA_TT_0086.png,false
MURA_TT_0087,XR_WRIST,MURA_TT_0087.png,MURA_TT_0087.png,false
MURA_TT_0088,XR_FINGER,MURA_TT_0088.png,MURA_TT_0088.png,false
MURA_TT_0089,XR_FINGER,MURA_TT_0089.png,MURA_TT_0089.png,false
MURA_TT_0090,XR_WRIST,MURA_TT_0090.png,MURA_TT_0090.png,false
MURA_TT_0091,XR_SHOULDER,MURA_TT_0091.png,MURA_TT_0091.png,false
MURA_TT_0092,XR_WRIST,MURA_TT_0092.png,MURA_TT_0092.png,false
MURA_TT_0093,XR_ELBOW,MURA_TT_0093.png,MURA_TT_0093.png,false
MURA_TT_0094,XR_FINGER,MURA_TT_0094.png,MURA_TT_0094.png,false
MURA_TT_0095,XR_WRIST,MURA_TT_0095.png,MURA_TT_0095.png,false
MURA_TT_0096,XR_WRIST,MURA_TT_0096.png,MURA_TT_0096.png,false
MURA_TT_0097,XR_FOREARM,MURA_TT_0097.png,MURA_TT_0097.png,false
MURA_TT_0098,XR_SHOULDER,MURA_TT_0098.png,MURA_TT_0098.png,false
MURA_TT_0099,XR_SHOULDER,MURA_TT_0099.png,MURA_TT_0099.png,false
MURA_TT_0100,XR_WRIST,MURA_TT_0100.png,MURA_TT_0100.png,false
MURA_TT_0101,XR_HAND,MURA_TT_0101.png,MURA_TT_0101.png,false
MURA_TT_0102,XR_HUMERUS,MURA_TT_0102.png,MURA_TT_0102.png,false
MURA_TT_0103,XR_FINGER,MURA_TT_0103.png,MURA_TT_0103.png,false
MURA_TT_0104,XR_SHOULDER,MURA_TT_0104.png,MURA_TT_0104.png,false
MURA_TT_0105,XR_ELBOW,MURA_TT_0105.png,MURA_TT_0105.png,false
MURA_TT_0106,XR_HAND,MURA_TT_0106.png,MURA_TT_0106.png,false
MURA_TT_0107,XR_FOREARM,MURA_TT_0107.png,MURA_TT_0107.png,false
MURA_TT_0108,XR_ELBOW,MURA_TT_0108.png,MURA_TT_0108.png,false
MURA_TT_0109,XR_FOREARM,MURA_TT_0109.png,MURA_TT_0109.png,false
MURA_TT_0110,XR_FINGER,MURA_TT_0110.png,MURA_TT_0110.png,false
MURA_TT_0111,XR_HAND,MURA_TT_0111.png,MURA_TT_0111.png,false
MURA_TT_0112,XR_SHOULDER,MURA_TT_0112.png,MURA_TT_0112.png,false
MURA_TT_0113,XR_HUMERUS,MURA_TT_0113.png,MURA_TT_0113.png,false
MURA_TT_0114,XR_WRIST,MURA_TT_0114.png,MURA_TT_0114.png,false
MURA_TT_0115,XR_HAND,MURA_TT_0115.png,MURA_TT_0115.png,false
MURA_TT_0116,XR_FINGER,MURA_TT_0116.png,MURA_TT_0116.png,false
MURA_TT_0117,XR_HUMERUS,MURA_TT_0117.png,MURA_TT_0117.png,false
MURA_TT_0118,XR_HAND,MURA_TT_0118.png,MURA_TT_0118.png,false
MURA_TT_0119,XR_FINGER,MURA_TT_0119.png,MURA_TT_0119.png,false
MURA_TT_0120,XR_WRIST,MURA_TT_0120.png,MURA_TT_0120.png,false
MURA_TT_0121,XR_WRIST,MURA_TT_0121.png,MURA_TT_0121.png,false
MURA_TT_0122,XR_HUMERUS,MURA_TT_0122.png,MURA_TT_0122.png,false
MURA_TT_0123,XR_HUMERUS,MURA_TT_0123.png,MURA_TT_0123.png,false
MURA_TT_0124,XR_FINGER,MURA_TT_0124.png,MURA_TT_0124.png,false
MURA_TT_0125,XR_FINGER,MURA_TT_0125.png,MURA_TT_0125.png,false
MURA_TT_0126,XR_SHOULDER,MURA_TT_0126.png,MURA_TT_0126.png,false
MURA_TT_0127,XR_FINGER,MURA_TT_0127.png,MURA_TT_0127.png,false
MURA_TT_0128,XR_HAND,MURA_TT_0128.png,MURA_TT_0128.png,false
MURA_TT_0129,XR_SHOULDER,MURA_TT_0129.png,MURA_TT_0129.png,false
MURA_TT_0130,XR_FINGER,MURA_TT_0130.png,MURA_TT_0130.png,false
MURA_TT_0131,XR_WRIST,MURA_TT_0131.png,MURA_TT_0131.png,false
MURA_TT_0132,XR_WRIST,MURA_TT_0132.png,MURA_TT_0132.png,false
MURA_TT_0133,XR_HAND,MURA_TT_0133.png,MURA_TT_0133.png,false
MURA_TT_0134,XR_FINGER,MURA_TT_0134.png,MURA_TT_0134.png,false
MURA_TT_0135,XR_HAND,MURA_TT_0135.png,MURA_TT_0135.png,false
MURA_TT_0136,XR_SHOULDER,MURA_TT_0136.png,MURA_TT_0136.png,false
MURA_TT_0137,XR_WRIST,MURA_TT_0137.png,MURA_TT_0137.png,false
MURA_TT_0138,XR_WRIST,MURA_TT_0138.png,MURA_TT_0138.png,false
MURA_TT_0139,XR_WRIST,MURA_TT_0139.png,MURA_TT_0139.png,false
MURA_TT_0140,XR_SHOULDER,MURA_TT_0140.png,MURA_TT_0140.png,false
MURA_TT_0141,XR_SHOULDER,MURA_TT_0141.png,MURA_TT_0141.png,false
MURA_TT_0142,XR_FINGER,MURA_TT_0142.png,MURA_TT_0142.png,false
MURA_TT_0143,XR_WRIST,MURA_TT_0143.png,MURA_TT_0143.png,false
MURA_TT_0144,XR_HAND,MURA_TT_0144.png,MURA_TT_0144.png,false
MURA_TT_0145,XR_SHOULDER,MURA_TT_0145.png,MURA_TT_0145.png,false
MURA_TT_0146,XR_FINGER,MURA_TT_0146.png,MURA_TT_0146.png,false
MURA_TT_0147,XR_FOREARM,MURA_TT_0147.png,MURA_TT_0147.png,false
MURA_TT_0148,XR_SHOULDER,MURA_TT_0148.png,MURA_TT_0148.png,false
MURA_TT_0149,XR_ELBOW,MURA_TT_0149.png,MURA_TT_0149.png,false
MURA_TT_0150,XR_ELBOW,MURA_TT_0150.png,MURA_TT_0150.png,false
MURA_TT_0151,XR_WRIST,MURA_TT_0151.png,MURA_TT_0151.png,false
MURA_TT_0152,XR_HAND,MURA_TT_0152.png,MURA_TT_0152.png,false
MURA_TT_0153,XR_FOREARM,MURA_TT_0153.png,MURA_TT_0153.png,false
MURA_TT_0154,XR_SHOULDER,MURA_TT_0154.png,MURA_TT_0154.png,false
MURA_TT_0155,XR_FINGER,MURA_TT_0155.png,MURA_TT_0155.png,false
MURA_TT_0156,XR_ELBOW,MURA_TT_0156.png,MURA_TT_0156.png,false
MURA_TT_0157,XR_FOREARM,MURA_TT_0157.png,MURA_TT_0157.png,false
MURA_TT_0158,XR_WRIST,MURA_TT_0158.png,MURA_TT_0158.png,false
MURA_TT_0159,XR_FOREARM,MURA_TT_0159.png,MURA_TT_0159.png,false
MURA_TT_0160,XR_WRIST,MURA_TT_0160.png,MURA_TT_0160.png,false
MURA_TT_0161,XR_FOREARM,MURA_TT_0161.png,MURA_TT_0161.png,false
MURA_TT_0162,XR_HAND,MURA_TT_0162.png,MURA_TT_0162.png,false
MURA_TT_0163,XR_ELBOW,MURA_TT_0163.png,MURA_TT_0163.png,false
MURA_TT_0164,XR_HUMERUS,MURA_TT_0164.png,MURA_TT_0164.png,false
MURA_TT_0165,XR_WRIST,MURA_TT_0165.png,MURA_TT_0165.png,false
MURA_TT_0166,XR_SHOULDER,MURA_TT_0166.png,MURA_TT_0166.png,false
MURA_TT_0167,XR_WRIST,MURA_TT_0167.png,MURA_TT_0167.png,false
MURA_TT_0168,XR_SHOULDER,MURA_TT_0168.png,MURA_TT_0168.png,false
MURA_TT_0169,XR_ELBOW,MURA_TT_0169.png,MURA_TT_0169.png,false
MURA_TT_0170,XR_WRIST,MURA_TT_0170.png,MURA_TT_0170.png,false
MURA_TT_0171,XR_HUMERUS,MURA_TT_0171.png,MURA_TT_0171.png,false
MURA_TT_0172,XR_FOREARM,MURA_TT_0172.png,MURA_TT_0172.png,false
MURA_TT_0173,XR_WRIST,MURA_TT_0173.png,MURA_TT_0173.png,false
MURA_TT_0174,XR_WRIST,MURA_TT_0174.png,MURA_TT_0174.png,false
MURA_TT_0175,XR_FINGER,MURA_TT_0175.png,MURA_TT_0175.png,false
MURA_TT_0176,XR_SHOULDER,MURA_TT_0176.png,MURA_TT_0176.png,false
MURA_TT_0177,XR_HAND,MURA_TT_0177.png,MURA_TT_0177.png,false
MURA_TT_0178,XR_SHOULDER,MURA_TT_0178.png,MURA_TT_0178.png,false
MURA_TT_0179,XR_HAND,MURA_TT_0179.png,MURA_TT_0179.png,false
MURA_TT_0180,XR_WRIST,MURA_TT_0180.png,MURA_TT_0180.png,false
MURA_TT_0181,XR_SHOULDER,MURA_TT_0181.png,MURA_TT_0181.png,false
MURA_TT_0182,XR_HAND,MURA_TT_0182.png,MURA_TT_0182.png,false
MURA_TT_0183,XR_WRIST,MURA_TT_0183.png,MURA_TT_0183.png,false
MURA_TT_0184,XR_SHOULDER,MURA_TT_0184.png,MURA_TT_0184.png,false
MURA_TT_0185,XR_HAND,MURA_TT_0185.png,MURA_TT_0185.png,false
MURA_TT_0186,XR_FOREARM,MURA_TT_0186.png,MURA_TT_0186.png,false
MURA_TT_0187,XR_WRIST,MURA_TT_0187.png,MURA_TT_0187.png,false
MURA_TT_0188,XR_WRIST,MURA_TT_0188.png,MURA_TT_0188.png,false
MURA_TT_0189,XR_SHOULDER,MURA_TT_0189.png,MURA_TT_0189.png,false
MURA_TT_0190,XR_SHOULDER,MURA_TT_0190.png,MURA_TT_0190.png,false
MURA_TT_0191,XR_FOREARM,MURA_TT_0191.png,MURA_TT_0191.png,false
MURA_TT_0192,XR_ELBOW,MURA_TT_0192.png,MURA_TT_0192.png,false
MURA_TT_0193,XR_SHOULDER,MURA_TT_0193.png,MURA_TT_0193.png,false
MURA_TT_0194,XR_ELBOW,MURA_TT_0194.png,MURA_TT_0194.png,false
MURA_TT_0195,XR_ELBOW,MURA_TT_0195.png,MURA_TT_0195.png,false
MURA_TT_0196,XR_FINGER,MURA_TT_0196.png,MURA_TT_0196.png,false
MURA_TT_0197,XR_HUMERUS,MURA_TT_0197.png,MURA_TT_0197.png,false
MURA_TT_0198,XR_HAND,MURA_TT_0198.png,MURA_TT_0198.png,false
MURA_TT_0199,XR_FOREARM,MURA_TT_0199.png,MURA_TT_0199.png,false
MURA_TT_0200,XR_SHOULDER,MURA_TT_0200.png,MURA_TT_0200.png,false
MURA_TT_0201,XR_WRIST,MURA_TT_0201.png,MURA_TT_0201.png,false
MURA_TT_0202,XR_FINGER,MURA_TT_0202.png,MURA_TT_0202.png,false
MURA_TT_0203,XR_ELBOW,MURA_TT_0203.png,MURA_TT_0203.png,false
MURA_TT_0204,XR_FOREARM,MURA_TT_0204.png,MURA_TT_0204.png,false
MURA_TT_0205,XR_FINGER,MURA_TT_0205.png,MURA_TT_0205.png,false
MURA_TT_0206,XR_ELBOW,MURA_TT_0206.png,MURA_TT_0206.png,false
MURA_TT_0207,XR_SHOULDER,MURA_TT_0207.png,MURA_TT_0207.png,false
MURA_TT_0208,XR_SHOULDER,MURA_TT_0208.png,MURA_TT_0208.png,false
MURA_TT_0209,XR_HUMERUS,MURA_TT_0209.png,MURA_TT_0209.png,false
MURA_TT_0210,XR_ELBOW,MURA_TT_0210.png,MURA_TT_0210.png,false
MURA_TT_0211,XR_WRIST,MURA_TT_0211.png,MURA_TT_0211.png,false
MURA_TT_0212,XR_ELBOW,MURA_TT_0212.png,MURA_TT_0212.png,false
MURA_TT_0213,XR_FINGER,MURA_TT_0213.png,MURA_TT_0213.png,false
MURA_TT_0214,XR_ELBOW,MURA_TT_0214.png,MURA_TT_0214.png,false
MURA_TT_0215,XR_FOREARM,MURA_TT_0215.png,MURA_TT_0215.png,false
MURA_TT_0216,XR_WRIST,MURA_TT_0216.png,MURA_TT_0216.png,false
MURA_TT_0217,XR_HUMERUS,MURA_TT_0217.png,MURA_TT_0217.png,false
MURA_TT_0218,XR_FINGER,MURA_TT_0218.png,MURA_TT_0218.png,false
MURA_TT_0219,XR_FINGER,MURA_TT_0219.png,MURA_TT_0219.png,false
MURA_TT_0220,XR_SHOULDER,MURA_TT_0220.png,MURA_TT_0220.png,false
MURA_TT_0221,XR_HAND,MURA_TT_0221.png,MURA_TT_0221.png,false
MURA_TT_0222,XR_ELBOW,MURA_TT_0222.png,MURA_TT_0222.png,false
MURA_TT_0223,XR_FOREARM,MURA_TT_0223.png,MURA_TT_0223.png,false
MURA_TT_0224,XR_HUMERUS,MURA_TT_0224.png,MURA_TT_0224.png,false
MURA_TT_0225,XR_WRIST,MURA_TT_0225.png,MURA_TT_0225.png,false
MURA_TT_0226,XR_WRIST,MURA_TT_0226.png,MURA_TT_0226.png,false
MURA_TT_0227,XR_FINGER,MURA_TT_0227.png,MURA_TT_0227.png,false
MURA_TT_0228,XR_ELBOW,MURA_TT_0228.png,MURA_TT_0228.png,false
MURA_TT_0229,XR_WRIST,MURA_TT_0229.png,MURA_TT_0229.png,false
MURA_TT_0230,XR_FINGER,MURA_TT_0230.png,MURA_TT_0230.png,false
MURA_TT_0231,XR_WRIST,MURA_TT_0231.png,MURA_TT_0231.png,false
MURA_TT_0232,XR_ELBOW,MURA_TT_0232.png,MURA_TT_0232.png,false
MURA_TT_0233,XR_WRIST,MURA_TT_0233.png,MURA_TT_0233.png,false
MURA_TT_0234,XR_SHOULDER,MURA_TT_0234.png,MURA_TT_0234.png,false
MURA_TT_0235,XR_WRIST,MURA_TT_0235.png,MURA_TT_0235.png,false
MURA_TT_0236,XR_FINGER,MURA_TT_0236.png,MURA_TT_0236.png,false
MURA_TT_0237,XR_HUMERUS,MURA_TT_0237.png,MURA_TT_0237.png,false
MURA_TT_0238,XR_HAND,MURA_TT_0238.png,MURA_TT_0238.png,false
MURA_TT_0239,XR_SHOULDER,MURA_TT_0239.png,MURA_TT_0239.png,false
MURA_TT_0240,XR_FINGER,MURA_TT_0240.png,MURA_TT_0240.png,false
MURA_TT_0241,XR_HAND,MURA_TT_0241.png,MURA_TT_0241.png,false
MURA_TT_0242,XR_SHOULDER,MURA_TT_0242.png,MURA_TT_0242.png,false
MURA_TT_0243,XR_FINGER,MURA_TT_0243.png,MURA_TT_0243.png,false
MURA_TT_0244,XR_HAND,MURA_TT_0244.png,MURA_TT_0244.png,false
MURA_TT_0245,XR_SHOULDER,MURA_TT_0245.png,MURA_TT_0245.png,false
MURA_TT_0246,XR_ELBOW,MURA_TT_0246.png,MURA_TT_0246.png,false
MURA_TT_0247,XR_HAND,MURA_TT_0247.png,MURA_TT_0247.png,false
MURA_TT_0248,XR_WRIST,MURA_TT_0248.png,MURA_TT_0248.png,false
MURA_TT_0249,XR_HAND,MURA_TT_0249.png,MURA_TT_0249.png,false
MURA_TT_0250,XR_SHOULDER,MURA_TT_0250.png,MURA_TT_0250.png,false
MURA_TT_0251,XR_HUMERUS,MURA_TT_0251.png,MURA_TT_0251.png,false
MURA_TT_0252,XR_FINGER,MURA_TT_0252.png,MURA_TT_0252.png,false
MURA_TT_0253,XR_HUMERUS,MURA_TT_0253.png,MURA_TT_0253.png,false
MURA_TT_0254,XR_FINGER,MURA_TT_0254.png,MURA_TT_0254.png,false
MURA_TT_0255,XR_SHOULDER,MURA_TT_0255.png,MURA_TT_0255.png,false
MURA_TT_0256,XR_HUMERUS,MURA_TT_0256.png,MURA_TT_0256.png,false
MURA_TT_0257,XR_FOREARM,MURA_TT_0257.png,MURA_TT_0257.png,false
MURA_TT_0258,XR_FOREARM,MURA_TT_0258.png,MURA_TT_0258.png,false
MURA_TT_0259,XR_WRIST,MURA_TT_0259.png,MURA_TT_0259.png,false
MURA_TT_0260,XR_SHOULDER,MURA_TT_0260.png,MURA_TT_0260.png,false
MURA_TT_0261,XR_ELBOW,MURA_TT_0261.png,MURA_TT_0261.png,false
MURA_TT_0262,XR_WRIST,MURA_TT_0262.png,MURA_TT_0262.png,false
MURA_TT_0263,XR_ELBOW,MURA_TT_0263.png,MURA_TT_0263.png,false
MURA_TT_0264,XR_SHOULDER,MURA_TT_0264.png,MURA_TT_0264.png,false
MURA_TT_0265,XR_HUMERUS,MURA_TT_0265.png,MURA_TT_0265.png,false
MURA_TT_0266,XR_SHOULDER,MURA_TT_0266.png,MURA_TT_0266.png,false
MURA_TT_0267,XR_FINGER,MURA_TT_0267.png,MURA_TT_0267.png,false
MURA_TT_0268,XR_ELBOW,MURA_TT_0268.png,MURA_TT_0268.png,false
MURA_TT_0269,XR_ELBOW,MURA_TT_0269.png,MURA_TT_0269.png,false
MURA_TT_0270,XR_HUMERUS,MURA_TT_0270.png,MURA_TT_0270.png,false
MURA_TT_0271,XR_SHOULDER,MURA_TT_0271.png,MURA_TT_0271.png,false
MURA_TT_0272,XR_WRIST,MURA_TT_0272.png,MURA_TT_0272.png,false
MURA_TT_0273,XR_FINGER,MURA_TT_0273.png,MURA_TT_0273.png,false
MURA_TT_0274,XR_WRIST,MURA_TT_0274.png,MURA_TT_0274.png,false
MURA_TT_0275,XR_WRIST,MURA_TT_0275.png,MURA_TT_0275.png,false
MURA_TT_0276,XR_WRIST,MURA_TT_0276.png,MURA_TT_0276.png,false
MURA_TT_0277,XR_FOREARM,MURA_TT_0277.png,MURA_TT_0277.png,false
MURA_TT_0278,XR_FINGER,MURA_TT_0278.png,MURA_TT_0278.png,false
MURA_TT_0279,XR_SHOULDER,MURA_TT_0279.png,MURA_TT_0279.png,false
MURA_TT_0280,XR_ELBOW,MURA_TT_0280.png,MURA_TT_0280.png,false
MURA_TT_0281,XR_WRIST,MURA_TT_0281.png,MURA_TT_0281.png,false
MURA_TT_0282,XR_SHOULDER,MURA_TT_0282.png,MURA_TT_0282.png,false
MURA_TT_0283,XR_FOREARM,MURA_TT_0283.png,MURA_TT_0283.png,false
MURA_TT_0284,XR_SHOULDER,MURA_TT_0284.png,MURA_TT_0284.png,false
MURA_TT_0285,XR_SHOULDER,MURA_TT_0285.png,MURA_TT_0285.png,false
MURA_TT_0286,XR_ELBOW,MURA_TT_0286.png,MURA_TT_0286.png,false
MURA_TT_0287,XR_FINGER,MURA_TT_0287.png,MURA_TT_0287.png,false
MURA_TT_0288,XR_WRIST,MURA_TT_0288.png,MURA_TT_0288.png,false
MURA_TT_0289,XR_ELBOW,MURA_TT_0289.png,MURA_TT_0289.png,false
MURA_TT_0290,XR_ELBOW,MURA_TT_0290.png,MURA_TT_0290.png,false
MURA_TT_0291,XR_SHOULDER,MURA_TT_0291.png,MURA_TT_0291.png,false
MURA_TT_0292,XR_WRIST,MURA_TT_0292.png,MURA_TT_0292.png,false
MURA_TT_0293,XR_SHOULDER,MURA_TT_0293.png,MURA_TT_0293.png,false
MURA_TT_0294,XR_WRIST,MURA_TT_0294.png,MURA_TT_0294.png,false
MURA_TT_0295,XR_FOREARM,MURA_TT_0295.png,MURA_TT_0295.png,false
MURA_TT_0296,XR_FINGER,MURA_TT_0296.png,MURA_TT_0296.png,false
MURA_TT_0297,XR_ELBOW,MURA_TT_0297.png,MURA_TT_0297.png,false
MURA_TT_0298,XR_WRIST,MURA_TT_0298.png,MURA_TT_0298.png,false
MURA_TT_0299,XR_WRIST,MURA_TT_0299.png,MURA_TT_0299.png,false
MURA_TT_0300,XR_FINGER,MURA_TT_0300.png,MURA_TT_0300.png,false
MURA_TT_0301,XR_FOREARM,MURA_TT_0301.png,MURA_TT_0301.png,false
MURA_TT_0302,XR_ELBOW,MURA_TT_0302.png,MURA_TT_0302.png,false
MURA_TT_0303,XR_WRIST,MURA_TT_0303.png,MURA_TT_0303.png,false
MURA_TT_0304,XR_SHOULDER,MURA_TT_0304.png,MURA_TT_0304.png,false
MURA_TT_0305,XR_HAND,MURA_TT_0305.png,MURA_TT_0305.png,false
MURA_TT_0306,XR_WRIST,MURA_TT_0306.png,MURA_TT_0306.png,false
MURA_TT_0307,XR_SHOULDER,MURA_TT_0307.png,MURA_TT_0307.png,false
MURA_TT_0308,XR_SHOULDER,MURA_TT_0308.png,MURA_TT_0308.png,false
MURA_TT_0309,XR_HAND,MURA_TT_0309.png,MURA_TT_0309.png,false
MURA_TT_0310,XR_ELBOW,MURA_TT_0310.png,MURA_TT_0310.png,false
MURA_TT_0311,XR_HUMERUS,MURA_TT_0311.png,MURA_TT_0311.png,false
MURA_TT_0312,XR_WRIST,MURA_TT_0312.png,MURA_TT_0312.png,false
MURA_TT_0313,XR_SHOULDER,MURA_TT_0313.png,MURA_TT_0313.png,false
MURA_TT_0314,XR_HAND,MURA_TT_0314.png,MURA_TT_0314.png,false
MURA_TT_0315,XR_HUMERUS,MURA_TT_0315.png,MURA_TT_0315.png,false
MURA_TT_0316,XR_FINGER,MURA_TT_0316.png,MURA_TT_0316.png,false
MURA_TT_0317,XR_SHOULDER,MURA_TT_0317.png,MURA_TT_0317.png,false
MURA_TT_0318,XR_SHOULDER,MURA_TT_0318.png,MURA_TT_0318.png,false
MURA_TT_0319,XR_WRIST,MURA_TT_0319.png,MURA_TT_0319.png,false
MURA_TT_0320,XR_SHOULDER,MURA_TT_0320.png,MURA_TT_0320.png,false
MURA_TT_0321,XR_ELBOW,MURA_TT_0321.png,MURA_TT_0321.png,false
MURA_TT_0322,XR_WRIST,MURA_TT_0322.png,MURA_TT_0322.png,false
MURA_TT_0323,XR_ELBOW,MURA_TT_0323.png,MURA_TT_0323.png,false
MURA_TT_0324,XR_FINGER,MURA_TT_0324.png,MURA_TT_0324.png,false
MURA_TT_0325,XR_HUMERUS,MURA_TT_0325.png,MURA_TT_0325.png,false
MURA_TT_0326,XR_FOREARM,MURA_TT_0326.png,MURA_TT_0326.png,false
MURA_TT_0327,XR_WRIST,MURA_TT_0327.png,MURA_TT_0327.png,false
MURA_TT_0328,XR_FOREARM,MURA_TT_0328.png,MURA_TT_0328.png,false
MURA_TT_0329,XR_WRIST,MURA_TT_0329.png,MURA_TT_0329.png,false
MURA_TT_0330,XR_HAND,MURA_TT_0330.png,MURA_TT_0330.png,false
MURA_TT_0331,XR_FINGER,MURA_TT_0331.png,MURA_TT_0331.png,false
MURA_TT_0332,XR_FOREARM,MURA_TT_0332.png,MURA_TT_0332.png,false
MURA_TT_0333,XR_SHOULDER,MURA_TT_0333.png,MURA_TT_0333.png,false
MURA_TT_0334,XR_FINGER,MURA_TT_0334.png,MURA_TT_0334.png,false
MURA_TT_0335,XR_FINGER,MURA_TT_0335.png,MURA_TT_0335.png,false
MURA_TT_0336,XR_WRIST,MURA_TT_0336.png,MURA_TT_0336.png,false
MURA_TT_0337,XR_FINGER,MURA_TT_0337.png,MURA_TT_0337.png,false
MURA_TT_0338,XR_ELBOW,MURA_TT_0338.png,MURA_TT_0338.png,false
MURA_TT_0339,XR_HUMERUS,MURA_TT_0339.png,MURA_TT_0339.png,false
MURA_TT_0340,XR_WRIST,MURA_TT_0340.png,MURA_TT_0340.png,false
MURA_TT_0341,XR_SHOULDER,MURA_TT_0341.png,MURA_TT_0341.png,false
MURA_TT_0342,XR_FINGER,MURA_TT_0342.png,MURA_TT_0342.png,false
MURA_TT_0343,XR_WRIST,MURA_TT_0343.png,MURA_TT_0343.png,false
MURA_TT_0344,XR_HAND,MURA_TT_0344.png,MURA_TT_0344.png,false
MURA_TT_0345,XR_FINGER,MURA_TT_0345.png,MURA_TT_0345.png,false
MURA_TT_0346,XR_WRIST,MURA_TT_0346.png,MURA_TT_0346.png,false
MURA_TT_0347,XR_FINGER,MURA_TT_0347.png,MURA_TT_0347.png,false
MURA_TT_0348,XR_WRIST,MURA_TT_0348.png,MURA_TT_0348.png,false
MURA_TT_0349,XR_SHOULDER,MURA_TT_0349.png,MURA_TT_0349.png,false
MURA_TT_0350,XR_HAND,MURA_TT_0350.png,MURA_TT_0350.png,false
MURA_TT_0351,XR_ELBOW,MURA_TT_0351.png,MURA_TT_0351.png,false
MURA_TT_0352,XR_FINGER,MURA_TT_0352.png,MURA_TT_0352.png,false
MURA_TT_0353,XR_SHOULDER,MURA_TT_0353.png,MURA_TT_0353.png,false
MURA_TT_0354,XR_WRIST,MURA_TT_0354.png,MURA_TT_0354.png,false
MURA_TT_0355,XR_ELBOW,MURA_TT_0355.png,MURA_TT_0355.png,false
MURA_TT_0356,XR_FOREARM,MURA_TT_0356.png,MURA_TT_0356.png,false
MURA_TT_0357,XR_WRIST,MURA_TT_0357.png,MURA_TT_0357.png,false
MURA_TT_0358,XR_WRIST,MURA_TT_0358.png,MURA_TT_0358.png,false
MURA_TT_0359,XR_SHOULDER,MURA_TT_0359.png,MURA_TT_0359.png,false
MURA_TT_0360,XR_SHOULDER,MURA_TT_0360.png,MURA_TT_0360.png,false
MURA_TT_0361,XR_FINGER,MURA_TT_0361.png,MURA_TT_0361.png,false
MURA_TT_0362,XR_FINGER,MURA_TT_0362.png,MURA_TT_0362.png,false
MURA_TT_0363,XR_HAND,MURA_TT_0363.png,MURA_TT_0363.png,false
MURA_TT_0364,XR_ELBOW,MURA_TT_0364.png,MURA_TT_0364.png,false
MURA_TT_0365,XR_FOREARM,MURA_TT_0365.png,MURA_TT_0365.png,false
MURA_TT_0366,XR_FINGER,MURA_TT_0366.png,MURA_TT_0366.png,false
MURA_TT_0367,XR_WRIST,MURA_TT_0367.png,MURA_TT_0367.png,false
MURA_TT_0368,XR_FINGER,MURA_TT_0368.png,MURA_TT_0368.png,false
MURA_TT_0369,XR_SHOULDER,MURA_TT_0369.png,MURA_TT_0369.png,false
MURA_TT_0370,XR_ELBOW,MURA_TT_0370.png,MURA_TT_0370.png,false
MURA_TT_0371,XR_SHOULDER,MURA_TT_0371.png,MURA_TT_0371.png,false
MURA_TT_0372,XR_WRIST,MURA_TT_0372.png,MURA_TT_0372.png,false
MURA_TT_0373,XR_ELBOW,MURA_TT_0373.png,MURA_TT_0373.png,false
MURA_TT_0374,XR_WRIST,MURA_TT_0374.png,MURA_TT_0374.png,false
MURA_TT_0375,XR_WRIST,MURA_TT_0375.png,MURA_TT_0375.png,false
MURA_TT_0376,XR_SHOULDER,MURA_TT_0376.png,MURA_TT_0376.png,false
MURA_TT_0377,XR_FINGER,MURA_TT_0377.png,MURA_TT_0377.png,false
MURA_TT_0378,XR_WRIST,MURA_TT_0378.png,MURA_TT_0378.png,false
MURA_TT_0379,XR_WRIST,MURA_TT_0379.png,MURA_TT_0379.png,false
MURA_TT_0380,XR_SHOULDER,MURA_TT_0380.png,MURA_TT_0380.png,false
MURA_TT_0381,XR_SHOULDER,MURA_TT_0381.png,MURA_TT_0381.png,false
MURA_TT_0382,XR_HAND,MURA_TT_0382.png,MURA_TT_0382.png,false
MURA_TT_0383,XR_FINGER,MURA_TT_0383.png,MURA_TT_0383.png,false
MURA_TT_0384,XR_WRIST,MURA_TT_0384.png,MURA_TT_0384.png,false
MURA_TT_0385,XR_SHOULDER,MURA_TT_0385.png,MURA_TT_0385.png,false
MURA_TT_0386,XR_HAND,MURA_TT_0386.png,MURA_TT_0386.png,false
MURA_TT_0387,XR_FINGER,MURA_TT_0387.png,MURA_TT_0387.png,false
MURA_TT_0388,XR_SHOULDER,MURA_TT_0388.png,MURA_TT_0388.png,false
MURA_TT_0389,XR_FOREARM,MURA_TT_0389.png,MURA_TT_0389.png,false
MURA_TT_0390,XR_SHOULDER,MURA_TT_0390.png,MURA_TT_0390.png,false
MURA_TT_0391,XR_WRIST,MURA_TT_0391.png,MURA_TT_0391.png,false
MURA_TT_0392,XR_WRIST,MURA_TT_0392.png,MURA_TT_0392.png,false
MURA_TT_0393,XR_FINGER,MURA_TT_0393.png,MURA_TT_0393.png,false
MURA_TT_0394,XR_FOREARM,MURA_TT_0394.png,MURA_TT_0394.png,false
MURA_TT_0395,XR_FINGER,MURA_TT_0395.png,MURA_TT_0395.png,false
MURA_TT_0396,XR_HAND,MURA_TT_0396.png,MURA_TT_0396.png,false
MURA_TT_0397,XR_SHOULDER,MURA_TT_0397.png,MURA_TT_0397.png,false
MURA_TT_0398,XR_WRIST,MURA_TT_0398.png,MURA_TT_0398.png,false
MURA_TT_0399,XR_ELBOW,MURA_TT_0399.png,MURA_TT_0399.png,false
MURA_TT_0400,XR_FINGER,MURA_TT_0400.png,MURA_TT_0400.png,false
MURA_TT_0401,XR_HAND,MURA_TT_0401.png,MURA_TT_0401.png,false
MURA_TT_0402,XR_ELBOW,MURA_TT_0402.png,MURA_TT_0402.png,false
MURA_TT_0403,XR_HAND,MURA_TT_0403.png,MURA_TT_0403.png,false
MURA_TT_0404,XR_FOREARM,MURA_TT_0404.png,MURA_TT_0404.png,false
MURA_TT_0405,XR_FINGER,MURA_TT_0405.png,MURA_TT_0405.png,false
MURA_TT_0406,XR_HUMERUS,MURA_TT_0406.png,MURA_TT_0406.png,false
MURA_TT_0407,XR_WRIST,MURA_TT_0407.png,MURA_TT_0407.png,false
MURA_TT_0408,XR_FINGER,MURA_TT_0408.png,MURA_TT_0408.png,false
MURA_TT_0409,XR_HUMERUS,MURA_TT_0409.png,MURA_TT_0409.png,false
MURA_TT_0410,XR_SHOULDER,MURA_TT_0410.png,MURA_TT_0410.png,false
MURA_TT_0411,XR_FOREARM,MURA_TT_0411.png,MURA_TT_0411.png,false
MURA_TT_0412,XR_FOREARM,MURA_TT_0412.png,MURA_TT_0412.png,false
MURA_TT_0413,XR_WRIST,MURA_TT_0413.png,MURA_TT_0413.png,false
MURA_TT_0414,XR_HAND,MURA_TT_0414.png,MURA_TT_0414.png,false
MURA_TT_0415,XR_ELBOW,MURA_TT_0415.png,MURA_TT_0415.png,false
MURA_TT_0416,XR_SHOULDER,MURA_TT_0416.png,MURA_TT_0416.png,false
MURA_TT_0417,XR_ELBOW,MURA_TT_0417.png,MURA_TT_0417.png,false
MURA_TT_0418,XR_ELBOW,MURA_TT_0418.png,MURA_TT_0418.png,false
MURA_TT_0419,XR_ELBOW,MURA_TT_0419.png,MURA_TT_0419.png,false
MURA_TT_0420,XR_WRIST,MURA_TT_0420.png,MURA_TT_0420.png,false
MURA_TT_0421,XR_FOREARM,MURA_TT_0421.png,MURA_TT_0421.png,false
MURA_TT_0422,XR_FINGER,MURA_TT_0422.png,MURA_TT_0422.png,false
MURA_TT_0423,XR_SHOULDER,MURA_TT_0423.png,MURA_TT_0423.png,false
MURA_TT_0424,XR_FOREARM,MURA_TT_0424.png,MURA_TT_0424.png,false
MURA_TT_0425,XR_SHOULDER,MURA_TT_0425.png,MURA_TT_0425.png,false
MURA_TT_0426,XR_WRIST,MURA_TT_0426.png,MURA_TT_0426.png,false
MURA_TT_0427,XR_SHOULDER,MURA_TT_0427.png,MURA_TT_0427.png,false
MURA_TT_0428,XR_HUMERUS,MURA_TT_0428.png,MURA_TT_0428.png,false
MURA_TT_0429,XR_HUMERUS,MURA_TT_0429.png,MURA_TT_0429.png,false
MURA_TT_0430,XR_SHOULDER,MURA_TT_0430.png,MURA_TT_0430.png,false
MURA_TT_0431,XR_FINGER,MURA_TT_0431.png,MURA_TT_0431.png,false
MURA_TT_0432,XR_SHOULDER,MURA_TT_0432.png,MURA_TT_0432.png,false
MURA_TT_0433,XR_SHOULDER,MURA_TT_0433.png,MURA_TT_0433.png,false
MURA_TT_0434,XR_FOREARM,MURA_TT_0434.png,MURA_TT_0434.png,false
MURA_TT_0435,XR_WRIST,MURA_TT_0435.png,MURA_TT_0435.png,false
MURA_TT_0436,XR_WRIST,MURA_TT_0436.png,MURA_TT_0436.png,false
MURA_TT_0437,XR_HUMERUS,MURA_TT_0437.png,MURA_TT_0437.png,false
MURA_TT_0438,XR_HUMERUS,MURA_TT_0438.png,MURA_TT_0438.png,false
MURA_TT_0439,XR_FINGER,MURA_TT_0439.png,MURA_TT_0439.png,false
MURA_TT_0440,XR_SHOULDER,MURA_TT_0440.png,MURA_TT_0440.png,false
MURA_TT_0441,XR_FINGER,MURA_TT_0441.png,MURA_TT_0441.png,false
MURA_TT_0442,XR_ELBOW,MURA_TT_0442.png,MURA_TT_0442.png,false
MURA_TT_0443,XR_SHOULDER,MURA_TT_0443.png,MURA_TT_0443.png,false
MURA_TT_0444,XR_FOREARM,MURA_TT_0444.png,MURA_TT_0444.png,false
MURA_TT_0445,XR_SHOULDER,MURA_TT_0445.png,MURA_TT_0445.png,false
MURA_TT_0446,XR_FOREARM,MURA_TT_0446.png,MURA_TT_0446.png,false
MURA_TT_0447,XR_HUMERUS,MURA_TT_0447.png,MURA_TT_0447.png,false
MURA_TT_0448,XR_SHOULDER,MURA_TT_0448.png,MURA_TT_0448.png,false
MURA_TT_0449,XR_FOREARM,MURA_TT_0449.png,MURA_TT_0449.png,false
MURA_TT_0450,XR_SHOULDER,MURA_TT_0450.png,MURA_TT_0450.png,false
MURA_TT_0451,XR_ELBOW,MURA_TT_0451.png,MURA_TT_0451.png,false
MURA_TT_0452,XR_SHOULDER,MURA_TT_0452.png,MURA_TT_0452.png,false
MURA_TT_0453,XR_ELBOW,MURA_TT_0453.png,MURA_TT_0453.png,false
MURA_TT_0454,XR_SHOULDER,MURA_TT_0454.png,MURA_TT_0454.png,false
MURA_TT_0455,XR_WRIST,MURA_TT_0455.png,MURA_TT_0455.png,false
MURA_TT_0456,XR_WRIST,MURA_TT_0456.png,MURA_TT_0456.png,false
MURA_TT_0457,XR_FINGER,MURA_TT_0457.png,MURA_TT_0457.png,false
MURA_TT_0458,XR_WRIST,MURA_TT_0458.png,MURA_TT_0458.png,false
MURA_TT_0459,XR_SHOULDER,MURA_TT_0459.png,MURA_TT_0459.png,false
MURA_TT_0460,XR_FINGER,MURA_TT_0460.png,MURA_TT_0460.png,false
MURA_TT_0461,XR_ELBOW,MURA_TT_0461.png,MURA_TT_0461.png,false
MURA_TT_0462,XR_FINGER,MURA_TT_0462.png,MURA_TT_0462.png,false
MURA_TT_0463,XR_HAND,MURA_TT_0463.png,MURA_TT_0463.png,false
MURA_TT_0464,XR_HUMERUS,MURA_TT_0464.png,MURA_TT_0464.png,false
MURA_TT_0465,XR_FINGER,MURA_TT_0465.png,MURA_TT_0465.png,false
MURA_TT_0466,XR_ELBOW,MURA_TT_0466.png,MURA_TT_0466.png,false
MURA_TT_0467,XR_ELBOW,MURA_TT_0467.png,MURA_TT_0467.png,false
MURA_TT_0468,XR_HAND,MURA_TT_0468.png,MURA_TT_0468.png,false
MURA_TT_0469,XR_ELBOW,MURA_TT_0469.png,MURA_TT_0469.png,false
MURA_TT_0470,XR_HAND,MURA_TT_0470.png,MURA_TT_0470.png,false
MURA_TT_0471,XR_FINGER,MURA_TT_0471.png,MURA_TT_0471.png,false
MURA_TT_0472,XR_FOREARM,MURA_TT_0472.png,MURA_TT_0472.png,false
MURA_TT_0473,XR_HAND,MURA_TT_0473.png,MURA_TT_0473.png,false
MURA_TT_0474,XR_SHOULDER,MURA_TT_0474.png,MURA_TT_0474.png,false
MURA_TT_0475,XR_WRIST,MURA_TT_0475.png,MURA_TT_0475.png,false
MURA_TT_0476,XR_FINGER,MURA_TT_0476.png,MURA_TT_0476.png,false
MURA_TT_0477,XR_FOREARM,MURA_TT_0477.png,MURA_TT_0477.png,false
MURA_TT_0478,XR_FINGER,MURA_TT_0478.png,MURA_TT_0478.png,false
MURA_TT_0479,XR_ELBOW,MURA_TT_0479.png,MURA_TT_0479.png,false
MURA_TT_0480,XR_SHOULDER,MURA_TT_0480.png,MURA_TT_0480.png,false
MURA_TT_0481,XR_WRIST,MURA_TT_0481.png,MURA_TT_0481.png,false
MURA_TT_0482,XR_SHOULDER,MURA_TT_0482.png,MURA_TT_0482.png,false
MURA_TT_0483,XR_ELBOW,MURA_TT_0483.png,MURA_TT_0483.png,false
MURA_TT_0484,XR_FINGER,MURA_TT_0484.png,MURA_TT_0484.png,false
MURA_TT_0485,XR_SHOULDER,MURA_TT_0485.png,MURA_TT_0485.png,false
MURA_TT_0486,XR_SHOULDER,MURA_TT_0486.png,MURA_TT_0486.png,false
MURA_TT_0487,XR_FOREARM,MURA_TT_0487.png,MURA_TT_0487.png,false
MURA_TT_0488,XR_FINGER,MURA_TT_0488.png,MURA_TT_0488.png,false
MURA_TT_0489,XR_HAND,MURA_TT_0489.png,MURA_TT_0489.png,false
MURA_TT_0490,XR_FINGER,MURA_TT_0490.png,MURA_TT_0490.png,false
MURA_TT_0491,XR_SHOULDER,MURA_TT_0491.png,MURA_TT_0491.png,false
MURA_TT_0492,XR_FINGER,MURA_TT_0492.png,MURA_TT_0492.png,false
MURA_TT_0493,XR_WRIST,MURA_TT_0493.png,MURA_TT_0493.png,false
MURA_TT_0494,XR_FINGER,MURA_TT_0494.png,MURA_TT_0494.png,false
MURA_TT_0495,XR_HAND,MURA_TT_0495.png,MURA_TT_0495.png,false
MURA_TT_0496,XR_HAND,MURA_TT_0496.png,MURA_TT_0496.png,false
MURA_TT_0497,XR_SHOULDER,MURA_TT_0497.png,MURA_TT_0497.png,false
MURA_TT_0498,XR_FINGER,MURA_TT_0498.png,MURA_TT_0498.png,false
MURA_TT_0499,XR_WRIST,MURA_TT_0499.png,MURA_TT_0499.png,false
MURA_TT_0500,XR_FOREARM,MURA_TT_0500.png,MURA_TT_0500.png,false
MURA_TT_0501,XR_WRIST,MURA_TT_0501.png,MURA_TT_0501.png,false
MURA_TT_0502,XR_FINGER,MURA_TT_0502.png,MURA_TT_0502.png,false
MURA_TT_0503,XR_HAND,MURA_TT_0503.png,MURA_TT_0503.png,false
MURA_TT_0504,XR_SHOULDER,MURA_TT_0504.png,MURA_TT_0504.png,false
MURA_TT_0505,XR_WRIST,MURA_TT_0505.png,MURA_TT_0505.png,false
MURA_TT_0506,XR_WRIST,MURA_TT_0506.png,MURA_TT_0506.png,false
MURA_TT_0507,XR_SHOULDER,MURA_TT_0507.png,MURA_TT_0507.png,false
MURA_TT_0508,XR_ELBOW,MURA_TT_0508.png,MURA_TT_0508.png,false
MURA_TT_0509,XR_WRIST,MURA_TT_0509.png,MURA_TT_0509.png,false
MURA_TT_0510,XR_HUMERUS,MURA_TT_0510.png,MURA_TT_0510.png,false
MURA_TT_0511,XR_ELBOW,MURA_TT_0511.png,MURA_TT_0511.png,false
MURA_TT_0512,XR_FINGER,MURA_TT_0512.png,MURA_TT_0512.png,false
MURA_TT_0513,XR_FOREARM,MURA_TT_0513.png,MURA_TT_0513.png,false
MURA_TT_0514,XR_SHOULDER,MURA_TT_0514.png,MURA_TT_0514.png,false
MURA_TT_0515,XR_WRIST,MURA_TT_0515.png,MURA_TT_0515.png,false
MURA_TT_0516,XR_WRIST,MURA_TT_0516.png,MURA_TT_0516.png,false
MURA_TT_0517,XR_HAND,MURA_TT_0517.png,MURA_TT_0517.png,false
MURA_TT_0518,XR_ELBOW,MURA_TT_0518.png,MURA_TT_0518.png,false
MURA_TT_0519,XR_SHOULDER,MURA_TT_0519.png,MURA_TT_0519.png,false
MURA_TT_0520,XR_HUMERUS,MURA_TT_0520.png,MURA_TT_0520.png,false
MURA_TT_0521,XR_WRIST,MURA_TT_0521.png,MURA_TT_0521.png,false
MURA_TT_0522,XR_FINGER,MURA_TT_0522.png,MURA_TT_0522.png,false
MURA_TT_0523,XR_WRIST,MURA_TT_0523.png,MURA_TT_0523.png,false
MURA_TT_0524,XR_FOREARM,MURA_TT_0524.png,MURA_TT_0524.png,false
MURA_TT_0525,XR_FOREARM,MURA_TT_0525.png,MURA_TT_0525.png,false
MURA_TT_0526,XR_HAND,MURA_TT_0526.png,MURA_TT_0526.png,false
MURA_TT_0527,XR_FINGER,MURA_TT_0527.png,MURA_TT_0527.png,false
MURA_TT_0528,XR_FINGER,MURA_TT_0528.png,MURA_TT_0528.png,false
MURA_TT_0529,XR_HAND,MURA_TT_0529.png,MURA_TT_0529.png,false
MURA_TT_0530,XR_SHOULDER,MURA_TT_0530.png,MURA_TT_0530.png,false
MURA_TT_0531,XR_HUMERUS,MURA_TT_0531.png,MURA_TT_0531.png,false
MURA_TT_0532,XR_WRIST,MURA_TT_0532.png,MURA_TT_0532.png,false
MURA_TT_0533,XR_ELBOW,MURA_TT_0533.png,MURA_TT_0533.png,false
MURA_TT_0534,XR_FOREARM,MURA_TT_0534.png,MURA_TT_0534.png,false
MURA_TT_0535,XR_HAND,MURA_TT_0535.png,MURA_TT_0535.png,false
MURA_TT_0536,XR_WRIST,MURA_TT_0536.png,MURA_TT_0536.png,false
MURA_TT_0537,XR_SHOULDER,MURA_TT_0537.png,MURA_TT_0537.png,false
MURA_TT_0538,XR_HAND,MURA_TT_0538.png,MURA_TT_0538.png,false
MURA_TT_0539,XR_FINGER,MURA_TT_0539.png,MURA_TT_0539.png,false
MURA_TT_0540,XR_WRIST,MURA_TT_0540.png,MURA_TT_0540.png,false
MURA_TT_0541,XR_ELBOW,MURA_TT_0541.png,MURA_TT_0541.png,false
MURA_TT_0542,XR_SHOULDER,MURA_TT_0542.png,MURA_TT_0542.png,false
MURA_TT_0543,XR_HUMERUS,MURA_TT_0543.png,MURA_TT_0543.png,false
MURA_TT_0544,XR_HUMERUS,MURA_TT_0544.png,MURA_TT_0544.png,false
MURA_TT_0545,XR_SHOULDER,MURA_TT_0545.png,MURA_TT_0545.png,false
MURA_TT_0546,XR_HUMERUS,MURA_TT_0546.png,MURA_TT_0546.png,false
MURA_TT_0547,XR_FOREARM,MURA_TT_0547.png,MURA_TT_0547.png,false
MURA_TT_0548,XR_WRIST,MURA_TT_0548.png,MURA_TT_0548.png,false
MURA_TT_0549,XR_WRIST,MURA_TT_0549.png,MURA_TT_0549.png,false
MURA_TT_0550,XR_WRIST,MURA_TT_0550.png,MURA_TT_0550.png,false
MURA_TT_0551,XR_FOREARM,MURA_TT_0551.png,MURA_TT_0551.png,false
MURA_TT_0552,XR_ELBOW,MURA_TT_0552.png,MURA_TT_0552.png,false
MURA_TT_0553,XR_ELBOW,MURA_TT_0553.png,MURA_TT_0553.png,false
MURA_TT_0554,XR_HUMERUS,MURA_TT_0554.png,MURA_TT_0554.png,false
MURA_TT_0555,XR_ELBOW,MURA_TT_0555.png,MURA_TT_0555.png,false
MURA_TT_0556,XR_SHOULDER,MURA_TT_0556.png,MURA_TT_0556.png,false
MURA_TT_0557,XR_WRIST,MURA_TT_0557.png,MURA_TT_0557.png,false
MURA_TT_0558,XR_WRIST,MURA_TT_0558.png,MURA_TT_0558.png,false
MURA_TT_0559,XR_ELBOW,MURA_TT_0559.png,MURA_TT_0559.png,false
MURA_TT_0560,XR_WRIST,MURA_TT_0560.png,MURA_TT_0560.png,false
MURA_TT_0561,XR_FINGER,MURA_TT_0561.png,MURA_TT_0561.png,false
MURA_TT_0562,XR_WRIST,MURA_TT_0562.png,MURA_TT_0562.png,false
MURA_TT_0563,XR_HAND,MURA_TT_0563.png,MURA_TT_0563.png,false
MURA_TT_0564,XR_HAND,MURA_TT_0564.png,MURA_TT_0564.png,false
MURA_TT_0565,XR_FOREARM,MURA_TT_0565.png,MURA_TT_0565.png,false
MURA_TT_0566,XR_HUMERUS,MURA_TT_0566.png,MURA_TT_0566.png,false
MURA_TT_0567,XR_WRIST,MURA_TT_0567.png,MURA_TT_0567.png,false
MURA_TT_0568,XR_HAND,MURA_TT_0568.png,MURA_TT_0568.png,false
MURA_TT_0569,XR_HUMERUS,MURA_TT_0569.png,MURA_TT_0569.png,false
MURA_TT_0570,XR_ELBOW,MURA_TT_0570.png,MURA_TT_0570.png,false
MURA_TT_0571,XR_SHOULDER,MURA_TT_0571.png,MURA_TT_0571.png,false
MURA_TT_0572,XR_SHOULDER,MURA_TT_0572.png,MURA_TT_0572.png,false
MURA_TT_0573,XR_SHOULDER,MURA_TT_0573.png,MURA_TT_0573.png,false
MURA_TT_0574,XR_SHOULDER,MURA_TT_0574.png,MURA_TT_0574.png,false
MURA_TT_0575,XR_FINGER,MURA_TT_0575.png,MURA_TT_0575.png,false
MURA_TT_0576,XR_HUMERUS,MURA_TT_0576.png,MURA_TT_0576.png,false
MURA_TT_0577,XR_FINGER,MURA_TT_0577.png,MURA_TT_0577.png,false
MURA_TT_0578,XR_SHOULDER,MURA_TT_0578.png,MURA_TT_0578.png,false
MURA_TT_0579,XR_WRIST,MURA_TT_0579.png,MURA_TT_0579.png,false
MURA_TT_0580,XR_WRIST,MURA_TT_0580.png,MURA_TT_0580.png,false
MURA_TT_0581,XR_SHOULDER,MURA_TT_0581.png,MURA_TT_0581.png,false
MURA_TT_0582,XR_WRIST,MURA_TT_0582.png,MURA_TT_0582.png,false
MURA_TT_0583,XR_SHOULDER,MURA_TT_0583.png,MURA_TT_0583.png,false
MURA_TT_0584,XR_FINGER,MURA_TT_0584.png,MURA_TT_0584.png,false
MURA_TT_0585,XR_HAND,MURA_TT_0585.png,MURA_TT_0585.png,false
MURA_TT_0586,XR_FINGER,MURA_TT_0586.png,MURA_TT_0586.png,false
MURA_TT_0587,XR_SHOULDER,MURA_TT_0587.png,MURA_TT_0587.png,false
MURA_TT_0588,XR_WRIST,MURA_TT_0588.png,MURA_TT_0588.png,false
MURA_TT_0589,XR_FINGER,MURA_TT_0589.png,MURA_TT_0589.png,false
MURA_TT_0590,XR_ELBOW,MURA_TT_0590.png,MURA_TT_0590.png,false
MURA_TT_0591,XR_WRIST,MURA_TT_0591.png,MURA_TT_0591.png,false
MURA_TT_0592,XR_FOREARM,MURA_TT_0592.png,MURA_TT_0592.png,false
MURA_TT_0593,XR_WRIST,MURA_TT_0593.png,MURA_TT_0593.png,false
MURA_TT_0594,XR_SHOULDER,MURA_TT_0594.png,MURA_TT_0594.png,false
MURA_TT_0595,XR_WRIST,MURA_TT_0595.png,MURA_TT_0595.png,false
MURA_TT_0596,XR_ELBOW,MURA_TT_0596.png,MURA_TT_0596.png,false
MURA_TT_0597,XR_SHOULDER,MURA_TT_0597.png,MURA_TT_0597.png,false
MURA_TT_0598,XR_WRIST,MURA_TT_0598.png,MURA_TT_0598.png,false
MURA_TT_0599,XR_HAND,MURA_TT_0599.png,MURA_TT_0599.png,false
MURA_TT_0600,XR_HAND,MURA_TT_0600.png,MURA_TT_0600.png,false
MURA_TT_0601,XR_HAND,MURA_TT_0601.png,MURA_TT_0601.png,false
MURA_TT_0602,XR_FOREARM,MURA_TT_0602.png,MURA_TT_0602.png,false
MURA_TT_0603,XR_FOREARM,MURA_TT_0603.png,MURA_TT_0603.png,false
MURA_TT_0604,XR_SHOULDER,MURA_TT_0604.png,MURA_TT_0604.png,false
MURA_TT_0605,XR_SHOULDER,MURA_TT_0605.png,MURA_TT_0605.png,false
MURA_TT_0606,XR_SHOULDER,MURA_TT_0606.png,MURA_TT_0606.png,false
MURA_TT_0607,XR_HUMERUS,MURA_TT_0607.png,MURA_TT_0607.png,false
MURA_TT_0608,XR_SHOULDER,MURA_TT_0608.png,MURA_TT_0608.png,false
MURA_TT_0609,XR_FINGER,MURA_TT_0609.png,MURA_TT_0609.png,false
MURA_TT_0610,XR_WRIST,MURA_TT_0610.png,MURA_TT_0610.png,false
MURA_TT_0611,XR_HUMERUS,MURA_TT_0611.png,MURA_TT_0611.png,false
MURA_TT_0612,XR_FOREARM,MURA_TT_0612.png,MURA_TT_0612.png,false
MURA_TT_0613,XR_HAND,MURA_TT_0613.png,MURA_TT_0613.png,false
MURA_TT_0614,XR_SHOULDER,MURA_TT_0614.png,MURA_TT_0614.png,false
MURA_TT_0615,XR_WRIST,MURA_TT_0615.png,MURA_TT_0615.png,false
MURA_TT_0616,XR_SHOULDER,MURA_TT_0616.png,MURA_TT_0616.png,false
MURA_TT_0617,XR_HUMERUS,MURA_TT_0617.png,MURA_TT_0617.png,false
MURA_TT_0618,XR_SHOULDER,MURA_TT_0618.png,MURA_TT_0618.png,false
MURA_TT_0619,XR_HAND,MURA_TT_0619.png,MURA_TT_0619.png,false
MURA_TT_0620,XR_HAND,MURA_TT_0620.png,MURA_TT_0620.png,false
MURA_TT_0621,XR_WRIST,MURA_TT_0621.png,MURA_TT_0621.png,false
MURA_TT_0622,XR_SHOULDER,MURA_TT_0622.png,MURA_TT_0622.png,false
MURA_TT_0623,XR_HAND,MURA_TT_0623.png,MURA_TT_0623.png,false
MURA_TT_0624,XR_FOREARM,MURA_TT_0624.png,MURA_TT_0624.png,false
MURA_TT_0625,XR_WRIST,MURA_TT_0625.png,MURA_TT_0625.png,false
MURA_TT_0626,XR_SHOULDER,MURA_TT_0626.png,MURA_TT_0626.png,false
MURA_TT_0627,XR_SHOULDER,MURA_TT_0627.png,MURA_TT_0627.png,false
MURA_TT_0628,XR_HUMERUS,MURA_TT_0628.png,MURA_TT_0628.png,false
MURA_TT_0629,XR_FINGER,MURA_TT_0629.png,MURA_TT_0629.png,false
MURA_TT_0630,XR_SHOULDER,MURA_TT_0630.png,MURA_TT_0630.png,false
MURA_TT_0631,XR_ELBOW,MURA_TT_0631.png,MURA_TT_0631.png,false
MURA_TT_0632,XR_WRIST,MURA_TT_0632.png,MURA_TT_0632.png,false
MURA_TT_0633,XR_FINGER,MURA_TT_0633.png,MURA_TT_0633.png,false
MURA_TT_0634,XR_HUMERUS,MURA_TT_0634.png,MURA_TT_0634.png,false
MURA_TT_0635,XR_ELBOW,MURA_TT_0635.png,MURA_TT_0635.png,false
MURA_TT_0636,XR_FINGER,MURA_TT_0636.png,MURA_TT_0636.png,false
MURA_TT_0637,XR_WRIST,MURA_TT_0637.png,MURA_TT_0637.png,false
MURA_TT_0638,XR_WRIST,MURA_TT_0638.png,MURA_TT_0638.png,false
MURA_TT_0639,XR_ELBOW,MURA_TT_0639.png,MURA_TT_0639.png,false
MURA_TT_0640,XR_SHOULDER,MURA_TT_0640.png,MURA_TT_0640.png,false
MURA_TT_0641,XR_SHOULDER,MURA_TT_0641.png,MURA_TT_0641.png,false
MURA_TT_0642,XR_ELBOW,MURA_TT_0642.png,MURA_TT_0642.png,false
MURA_TT_0643,XR_FOREARM,MURA_TT_0643.png,MURA_TT_0643.png,false
MURA_TT_0644,XR_WRIST,MURA_TT_0644.png,MURA_TT_0644.png,false
MURA_TT_0645,XR_WRIST,MURA_TT_0645.png,MURA_TT_0645.png,false
MURA_TT_0646,XR_WRIST,MURA_TT_0646.png,MURA_TT_0646.png,false
MURA_TT_0647,XR_FINGER,MURA_TT_0647.png,MURA_TT_0647.png,false
MURA_TT_0648,XR_FINGER,MURA_TT_0648.png,MURA_TT_0648.png,false
MURA_TT_0649,XR_HUMERUS,MURA_TT_0649.png,MURA_TT_0649.png,false
MURA_TT_0650,XR_HUMERUS,MURA_TT_0650.png,MURA_TT_0650.png,false
MURA_TT_0651,XR_WRIST,MURA_TT_0651.png,MURA_TT_0651.png,false
MURA_TT_0652,XR_SHOULDER,MURA_TT_0652.png,MURA_TT_0652.png,false
MURA_TT_0653,XR_HUMERUS,MURA_TT_0653.png,MURA_TT_0653.png,false
MURA_TT_0654,XR_HUMERUS,MURA_TT_0654.png,MURA_TT_0654.png,false
MURA_TT_0655,XR_WRIST,MURA_TT_0655.png,MURA_TT_0655.png,false
MURA_TT_0656,XR_ELBOW,MURA_TT_0656.png,MURA_TT_0656.png,false
MURA_TT_0657,XR_SHOULDER,MURA_TT_0657.png,MURA_TT_0657.png,false
MURA_TT_0658,XR_WRIST,MURA_TT_0658.png,MURA_TT_0658.png,false
MURA_TT_0659,XR_FINGER,MURA_TT_0659.png,MURA_TT_0659.png,false
MURA_TT_0660,XR_FINGER,MURA_TT_0660.png,MURA_TT_0660.png,false
MURA_TT_0661,XR_ELBOW,MURA_TT_0661.png,MURA_TT_0661.png,false
MURA_TT_0662,XR_HAND,MURA_TT_0662.png,MURA_TT_0662.png,false
MURA_TT_0663,XR_HUMERUS,MURA_TT_0663.png,MURA_TT_0663.png,false
MURA_TT_0664,XR_FINGER,MURA_TT_0664.png,MURA_TT_0664.png,false
MURA_TT_0665,XR_HUMERUS,MURA_TT_0665.png,MURA_TT_0665.png,false
MURA_TT_0666,XR_WRIST,MURA_TT_0666.png,MURA_TT_0666.png,false
MURA_TT_0667,XR_ELBOW,MURA_TT_0667.png,MURA_TT_0667.png,false
MURA_TT_0668,XR_WRIST,MURA_TT_0668.png,MURA_TT_0668.png,false
MURA_TT_0669,XR_FINGER,MURA_TT_0669.png,MURA_TT_0669.png,false
MURA_TT_0670,XR_ELBOW,MURA_TT_0670.png,MURA_TT_0670.png,false
MURA_TT_0671,XR_HAND,MURA_TT_0671.png,MURA_TT_0671.png,false
MURA_TT_0672,XR_SHOULDER,MURA_TT_0672.png,MURA_TT_0672.png,false
MURA_TT_0673,XR_HAND,MURA_TT_0673.png,MURA_TT_0673.png,false
MURA_TT_0674,XR_HAND,MURA_TT_0674.png,MURA_TT_0674.png,false
MURA_TT_0675,XR_FINGER,MURA_TT_0675.png,MURA_TT_0675.png,false
MURA_TT_0676,XR_FINGER,MURA_TT_0676.png,MURA_TT_0676.png,false
MURA_TT_0677,XR_SHOULDER,MURA_TT_0677.png,MURA_TT_0677.png,false
MURA_TT_0678,XR_FINGER,MURA_TT_0678.png,MURA_TT_0678.png,false
MURA_TT_0679,XR_HAND,MURA_TT_0679.png,MURA_TT_0679.png,false
MURA_TT_0680,XR_WRIST,MURA_TT_0680.png,MURA_TT_0680.png,false
MURA_TT_0681,XR_SHOULDER,MURA_TT_0681.png,MURA_TT_0681.png,false
MURA_TT_0682,XR_HUMERUS,MURA_TT_0682.png,MURA_TT_0682.png,false
MURA_TT_0683,XR_FOREARM,MURA_TT_0683.png,MURA_TT_0683.png,false
MURA_TT_0684,XR_WRIST,MURA_TT_0684.png,MURA_TT_0684.png,false
MURA_TT_0685,XR_WRIST,MURA_TT_0685.png,MURA_TT_0685.png,false
MURA_TT_0686,XR_WRIST,MURA_TT_0686.png,MURA_TT_0686.png,false
MURA_TT_0687,XR_WRIST,MURA_TT_0687.png,MURA_TT_0687.png,false
MURA_TT_0688,XR_SHOULDER,MURA_TT_0688.png,MURA_TT_0688.png,false
MURA_TT_0689,XR_SHOULDER,MURA_TT_0689.png,MURA_TT_0689.png,false
MURA_TT_0690,XR_WRIST,MURA_TT_0690.png,MURA_TT_0690.png,false
MURA_TT_0691,XR_FINGER,MURA_TT_0691.png,MURA_TT_0691.png,false
MURA_TT_0692,XR_FINGER,MURA_TT_0692.png,MURA_TT_0692.png,false
MURA_TT_0693,XR_HAND,MURA_TT_0693.png,MURA_TT_0693.png,false
MURA_TT_0694,XR_HUMERUS,MURA_TT_0694.png,MURA_TT_0694.png,false
MURA_TT_0695,XR_SHOULDER,MURA_TT_0695.png,MURA_TT_0695.png,false
MURA_TT_0696,XR_WRIST,MURA_TT_0696.png,MURA_TT_0696.png,false
MURA_TT_0697,XR_ELBOW,MURA_TT_0697.png,MURA_TT_0697.png,false
MURA_TT_0698,XR_SHOULDER,MURA_TT_0698.png,MURA_TT_0698.png,false
MURA_TT_0699,XR_FOREARM,MURA_TT_0699.png,MURA_TT_0699.png,false
MURA_TT_0700,XR_ELBOW,MURA_TT_0700.png,MURA_TT_0700.png,false
MURA_TT_0701,XR_WRIST,MURA_TT_0701.png,MURA_TT_0701.png,false
MURA_TT_0702,XR_WRIST,MURA_TT_0702.png,MURA_TT_0702.png,false
MURA_TT_0703,XR_FINGER,MURA_TT_0703.png,MURA_TT_0703.png,false
MURA_TT_0704,XR_WRIST,MURA_TT_0704.png,MURA_TT_0704.png,false
MURA_TT_0705,XR_ELBOW,MURA_TT_0705.png,MURA_TT_0705.png,false
MURA_TT_0706,XR_SHOULDER,MURA_TT_0706.png,MURA_TT_0706.png,false
MURA_TT_0707,XR_FOREARM,MURA_TT_0707.png,MURA_TT_0707.png,false
MURA_TT_0708,XR_FOREARM,MURA_TT_0708.png,MURA_TT_0708.png,false
MURA_TT_0709,XR_ELBOW,MURA_TT_0709.png,MURA_TT_0709.png,false
MURA_TT_0710,XR_ELBOW,MURA_TT_0710.png,MURA_TT_0710.png,false
MURA_TT_0711,XR_HAND,MURA_TT_0711.png,MURA_TT_0711.png,false
MURA_TT_0712,XR_SHOULDER,MURA_TT_0712.png,MURA_TT_0712.png,false
MURA_TT_0713,XR_HUMERUS,MURA_TT_0713.png,MURA_TT_0713.png,false
MURA_TT_0714,XR_ELBOW,MURA_TT_0714.png,MURA_TT_0714.png,false
MURA_TT_0715,XR_HAND,MURA_TT_0715.png,MURA_TT_0715.png,false
MURA_TT_0716,XR_FOREARM,MURA_TT_0716.png,MURA_TT_0716.png,false
MURA_TT_0717,XR_SHOULDER,MURA_TT_0717.png,MURA_TT_0717.png,false
MURA_TT_0718,XR_ELBOW,MURA_TT_0718.png,MURA_TT_0718.png,false
MURA_TT_0719,XR_FINGER,MURA_TT_0719.png,MURA_TT_0719.png,false
MURA_TT_0720,XR_SHOULDER,MURA_TT_0720.png,MURA_TT_0720.png,false
MURA_TT_0721,XR_FINGER,MURA_TT_0721.png,MURA_TT_0721.png,false
MURA_TT_0722,XR_SHOULDER,MURA_TT_0722.png,MURA_TT_0722.png,false
MURA_TT_0723,XR_FINGER,MURA_TT_0723.png,MURA_TT_0723.png,false
MURA_TT_0724,XR_SHOULDER,MURA_TT_0724.png,MURA_TT_0724.png,false
MURA_TT_0725,XR_SHOULDER,MURA_TT_0725.png,MURA_TT_0725.png,false
MURA_TT_0726,XR_FOREARM,MURA_TT_0726.png,MURA_TT_0726.png,false
MURA_TT_0727,XR_ELBOW,MURA_TT_0727.png,MURA_TT_0727.png,false
MURA_TT_0728,XR_HAND,MURA_TT_0728.png,MURA_TT_0728.png,false
MURA_TT_0729,XR_FOREARM,MURA_TT_0729.png,MURA_TT_0729.png,false
MURA_TT_0730,XR_HUMERUS,MURA_TT_0730.png,MURA_TT_0730.png,false
MURA_TT_0731,XR_ELBOW,MURA_TT_0731.png,MURA_TT_0731.png,false
MURA_TT_0732,XR_HAND,MURA_TT_0732.png,MURA_TT_0732.png,false
MURA_TT_0733,XR_FINGER,MURA_TT_0733.png,MURA_TT_0733.png,false
MURA_TT_0734,XR_FOREARM,MURA_TT_0734.png,MURA_TT_0734.png,false
MURA_TT_0735,XR_HUMERUS,MURA_TT_0735.png,MURA_TT_0735.png,false
MURA_TT_0736,XR_FOREARM,MURA_TT_0736.png,MURA_TT_0736.png,false
MURA_TT_0737,XR_SHOULDER,MURA_TT_0737.png,MURA_TT_0737.png,false
MURA_TT_0738,XR_SHOULDER,MURA_TT_0738.png,MURA_TT_0738.png,false
MURA_TT_0739,XR_FINGER,MURA_TT_0739.png,MURA_TT_0739.png,false
MURA_TT_0740,XR_FOREARM,MURA_TT_0740.png,MURA_TT_0740.png,false
MURA_TT_0741,XR_ELBOW,MURA_TT_0741.png,MURA_TT_0741.png,false
MURA_TT_0742,XR_SHOULDER,MURA_TT_0742.png,MURA_TT_0742.png,false
MURA_TT_0743,XR_FINGER,MURA_TT_0743.png,MURA_TT_0743.png,false
MURA_TT_0744,XR_ELBOW,MURA_TT_0744.png,MURA_TT_0744.png,false
MURA_TT_0745,XR_ELBOW,MURA_TT_0745.png,MURA_TT_0745.png,false
MURA_TT_0746,XR_FINGER,MURA_TT_0746.png,MURA_TT_0746.png,false
MURA_TT_0747,XR_ELBOW,MURA_TT_0747.png,MURA_TT_0747.png,false
MURA_TT_0748,XR_HAND,MURA_TT_0748.png,MURA_TT_0748.png,false
MURA_TT_0749,XR_SHOULDER,MURA_TT_0749.png,MURA_TT_0749.png,false
MURA_TT_0750,XR_SHOULDER,MURA_TT_0750.png,MURA_TT_0750.png,false
MURA_TT_0751,XR_SHOULDER,MURA_TT_0751.png,MURA_TT_0751.png,false
MURA_TT_0752,XR_SHOULDER,MURA_TT_0752.png,MURA_TT_0752.png,false
MURA_TT_0753,XR_WRIST,MURA_TT_0753.png,MURA_TT_0753.png,false
MURA_TT_0754,XR_FINGER,MURA_TT_0754.png,MURA_TT_0754.png,false
MURA_TT_0755,XR_WRIST,MURA_TT_0755.png,MURA_TT_0755.png,false
MURA_TT_0756,XR_ELBOW,MURA_TT_0756.png,MURA_TT_0756.png,false
MURA_TT_0757,XR_HUMERUS,MURA_TT_0757.png,MURA_TT_0757.png,false
MURA_TT_0758,XR_WRIST,MURA_TT_0758.png,MURA_TT_0758.png,false
MURA_TT_0759,XR_HAND,MURA_TT_0759.png,MURA_TT_0759.png,false
MURA_TT_0760,XR_SHOULDER,MURA_TT_0760.png,MURA_TT_0760.png,false
MURA_TT_0761,XR_WRIST,MURA_TT_0761.png,MURA_TT_0761.png,false
MURA_TT_0762,XR_FINGER,MURA_TT_0762.png,MURA_TT_0762.png,false
MURA_TT_0763,XR_FINGER,MURA_TT_0763.png,MURA_TT_0763.png,false
MURA_TT_0764,XR_SHOULDER,MURA_TT_0764.png,MURA_TT_0764.png,false
MURA_TT_0765,XR_WRIST,MURA_TT_0765.png,MURA_TT_0765.png,false
MURA_TT_0766,XR_HUMERUS,MURA_TT_0766.png,MURA_TT_0766.png,false
MURA_TT_0767,XR_WRIST,MURA_TT_0767.png,MURA_TT_0767.png,false
MURA_TT_0768,XR_SHOULDER,MURA_TT_0768.png,MURA_TT_0768.png,false
MURA_TT_0769,XR_FOREARM,MURA_TT_0769.png,MURA_TT_0769.png,false
MURA_TT_0770,XR_SHOULDER,MURA_TT_0770.png,MURA_TT_0770.png,false
MURA_TT_0771,XR_ELBOW,MURA_TT_0771.png,MURA_TT_0771.png,false
MURA_TT_0772,XR_SHOULDER,MURA_TT_0772.png,MURA_TT_0772.png,false
MURA_TT_0773,XR_HUMERUS,MURA_TT_0773.png,MURA_TT_0773.png,false
MURA_TT_0774,XR_SHOULDER,MURA_TT_0774.png,MURA_TT_0774.png,false
MURA_TT_0775,XR_FINGER,MURA_TT_0775.png,MURA_TT_0775.png,false
MURA_TT_0776,XR_FINGER,MURA_TT_0776.png,MURA_TT_0776.png,false
MURA_TT_0777,XR_WRIST,MURA_TT_0777.png,MURA_TT_0777.png,false
MURA_TT_0778,XR_SHOULDER,MURA_TT_0778.png,MURA_TT_0778.png,false
MURA_TT_0779,XR_FINGER,MURA_TT_0779.png,MURA_TT_0779.png,false
MURA_TT_0780,XR_FINGER,MURA_TT_0780.png,MURA_TT_0780.png,false
MURA_TT_0781,XR_FOREARM,MURA_TT_0781.png,MURA_TT_0781.png,false
MURA_TT_0782,XR_FINGER,MURA_TT_0782.png,MURA_TT_0782.png,false
MURA_TT_0783,XR_FOREARM,MURA_TT_0783.png,MURA_TT_0783.png,false
MURA_TT_0784,XR_HAND,MURA_TT_0784.png,MURA_TT_0784.png,false
MURA_TT_0785,XR_ELBOW,MURA_TT_0785.png,MURA_TT_0785.png,false
MURA_TT_0786,XR_SHOULDER,MURA_TT_0786.png,MURA_TT_0786.png,false
MURA_TT_0787,XR_FOREARM,MURA_TT_0787.png,MURA_TT_0787.png,false
MURA_TT_0788,XR_HAND,MURA_TT_0788.png,MURA_TT_0788.png,false
MURA_TT_0789,XR_SHOULDER,MURA_TT_0789.png,MURA_TT_0789.png,false
MURA_TT_0790,XR_HAND,MURA_TT_0790.png,MURA_TT_0790.png,false
MURA_TT_0791,XR_SHOULDER,MURA_TT_0791.png,MURA_TT_0791.png,false
MURA_TT_0792,XR_WRIST,MURA_TT_0792.png,MURA_TT_0792.png,false
MURA_TT_0793,XR_HAND,MURA_TT_0793.png,MURA_TT_0793.png,false
MURA_TT_0794,XR_HUMERUS,MURA_TT_0794.png,MURA_TT_0794.png,false
MURA_TT_0795,XR_FINGER,MURA_TT_0795.png,MURA_TT_0795.png,false
MURA_TT_0796,XR_HAND,MURA_TT_0796.png,MURA_TT_0796.png,false
MURA_TT_0797,XR_FINGER,MURA_TT_0797.png,MURA_TT_0797.png,false
MURA_TT_0798,XR_SHOULDER,MURA_TT_0798.png,MURA_TT_0798.png,false
MURA_TT_0799,XR_SHOULDER,MURA_TT_0799.png,MURA_TT_0799.png,false
MURA_TT_0800,XR_FINGER,MURA_TT_0800.png,MURA_TT_0800.png,false
MURA_TT_0801,XR_HAND,MURA_TT_0801.png,MURA_TT_0801.png,false
MURA_TT_0802,XR_HUMERUS,MURA_TT_0802.png,MURA_TT_0802.png,false
MURA_TT_0803,XR_ELBOW,MURA_TT_0803.png,MURA_TT_0803.png,false
MURA_TT_0804,XR_ELBOW,MURA_TT_0804.png,MURA_TT_0804.png,false
MURA_TT_0805,XR_WRIST,MURA_TT_0805.png,MURA_TT_0805.png,false
MURA_TT_0806,XR_HAND,MURA_TT_0806.png,MURA_TT_0806.png,false
MURA_TT_0807,XR_FINGER,MURA_TT_0807.png,MURA_TT_0807.png,false
MURA_TT_0808,XR_WRIST,MURA_TT_0808.png,MURA_TT_0808.png,false
MURA_TT_0809,XR_FOREARM,MURA_TT_0809.png,MURA_TT_0809.png,false
MURA_TT_0810,XR_HAND,MURA_TT_0810.png,MURA_TT_0810.png,false
MURA_TT_0811,XR_WRIST,MURA_TT_0811.png,MURA_TT_0811.png,false
MURA_TT_0812,XR_ELBOW,MURA_TT_0812.png,MURA_TT_0812.png,false
MURA_TT_0813,XR_SHOULDER,MURA_TT_0813.png,MURA_TT_0813.png,false
MURA_TT_0814,XR_ELBOW,MURA_TT_0814.png,MURA_TT_0814.png,false
MURA_TT_0815,XR_WRIST,MURA_TT_0815.png,MURA_TT_0815.png,false
MURA_TT_0816,XR_SHOULDER,MURA_TT_0816.png,MURA_TT_0816.png,false
MURA_TT_0817,XR_WRIST,MURA_TT_0817.png,MURA_TT_0817.png,false
MURA_TT_0818,XR_SHOULDER,MURA_TT_0818.png,MURA_TT_0818.png,false
MURA_TT_0819,XR_SHOULDER,MURA_TT_0819.png,MURA_TT_0819.png,false
MURA_TT_0820,XR_SHOULDER,MURA_TT_0820.png,MURA_TT_0820.png,false
MURA_TT_0821,XR_WRIST,MURA_TT_0821.png,MURA_TT_0821.png,false
MURA_TT_0822,XR_FOREARM,MURA_TT_0822.png,MURA_TT_0822.png,false
MURA_TT_0823,XR_WRIST,MURA_TT_0823.png,MURA_TT_0823.png,false
MURA_TT_0824,XR_HAND,MURA_TT_0824.png,MURA_TT_0824.png,false
MURA_TT_0825,XR_HAND,MURA_TT_0825.png,MURA_TT_0825.png,false
MURA_TT_0826,XR_ELBOW,MURA_TT_0826.png,MURA_TT_0826.png,false
MURA_TT_0827,XR_WRIST,MURA_TT_0827.png,MURA_TT_0827.png,false
MURA_TT_0828,XR_SHOULDER,MURA_TT_0828.png,MURA_TT_0828.png,false
MURA_TT_0829,XR_FINGER,MURA_TT_0829.png,MURA_TT_0829.png,false
MURA_TT_0830,XR_HAND,MURA_TT_0830.png,MURA_TT_0830.png,false
MURA_TT_0831,XR_SHOULDER,MURA_TT_0831.png,MURA_TT_0831.png,false
MURA_TT_0832,XR_FINGER,MURA_TT_0832.png,MURA_TT_0832.png,false
MURA_TT_0833,XR_HAND,MURA_TT_0833.png,MURA_TT_0833.png,false
MURA_TT_0834,XR_FOREARM,MURA_TT_0834.png,MURA_TT_0834.png,false
MURA_TT_0835,XR_HAND,MURA_TT_0835.png,MURA_TT_0835.png,false
MURA_TT_0836,XR_HAND,MURA_TT_0836.png,MURA_TT_0836.png,false
MURA_TT_0837,XR_ELBOW,MURA_TT_0837.png,MURA_TT_0837.png,false
MURA_TT_0838,XR_SHOULDER,MURA_TT_0838.png,MURA_TT_0838.png,false
MURA_TT_0839,XR_FINGER,MURA_TT_0839.png,MURA_TT_0839.png,false
MURA_TT_0840,XR_HUMERUS,MURA_TT_0840.png,MURA_TT_0840.png,false
MURA_TT_0841,XR_HAND,MURA_TT_0841.png,MURA_TT_0841.png,false
MURA_TT_0842,XR_HAND,MURA_TT_0842.png,MURA_TT_0842.png,false
MURA_TT_0843,XR_WRIST,MURA_TT_0843.png,MURA_TT_0843.png,false
MURA_TT_0844,XR_HAND,MURA_TT_0844.png,MURA_TT_0844.png,false
MURA_TT_0845,XR_HAND,MURA_TT_0845.png,MURA_TT_0845.png,false
MURA_TT_0846,XR_FOREARM,MURA_TT_0846.png,MURA_TT_0846.png,false
MURA_TT_0847,XR_ELBOW,MURA_TT_0847.png,MURA_TT_0847.png,false
MURA_TT_0848,XR_WRIST,MURA_TT_0848.png,MURA_TT_0848.png,false
MURA_TT_0849,XR_SHOULDER,MURA_TT_0849.png,MURA_TT_0849.png,false
MURA_TT_0850,XR_ELBOW,MURA_TT_0850.png,MURA_TT_0850.png,false
MURA_TT_0851,XR_HUMERUS,MURA_TT_0851.png,MURA_TT_0851.png,false
MURA_TT_0852,XR_HUMERUS,MURA_TT_0852.png,MURA_TT_0852.png,false
MURA_TT_0853,XR_HAND,MURA_TT_0853.png,MURA_TT_0853.png,false
MURA_TT_0854,XR_FOREARM,MURA_TT_0854.png,MURA_TT_0854.png,false
MURA_TT_0855,XR_FINGER,MURA_TT_0855.png,MURA_TT_0855.png,false
MURA_TT_0856,XR_SHOULDER,MURA_TT_0856.png,MURA_TT_0856.png,false
MURA_TT_0857,XR_WRIST,MURA_TT_0857.png,MURA_TT_0857.png,false
MURA_TT_0858,XR_FOREARM,MURA_TT_0858.png,MURA_TT_0858.png,false
MURA_TT_0859,XR_ELBOW,MURA_TT_0859.png,MURA_TT_0859.png,false
MURA_TT_0860,XR_WRIST,MURA_TT_0860.png,MURA_TT_0860.png,false
MURA_TT_0861,XR_HAND,MURA_TT_0861.png,MURA_TT_0861.png,false
MURA_TT_0862,XR_FINGER,MURA_TT_0862.png,MURA_TT_0862.png,false
MURA_TT_0863,XR_ELBOW,MURA_TT_0863.png,MURA_TT_0863.png,false
MURA_TT_0864,XR_HUMERUS,MURA_TT_0864.png,MURA_TT_0864.png,false
MURA_TT_0865,XR_SHOULDER,MURA_TT_0865.png,MURA_TT_0865.png,false
MURA_TT_0866,XR_ELBOW,MURA_TT_0866.png,MURA_TT_0866.png,false
MURA_TT_0867,XR_FINGER,MURA_TT_0867.png,MURA_TT_0867.png,false
MURA_TT_0868,XR_WRIST,MURA_TT_0868.png,MURA_TT_0868.png,false
MURA_TT_0869,XR_FINGER,MURA_TT_0869.png,MURA_TT_0869.png,false
MURA_TT_0870,XR_WRIST,MURA_TT_0870.png,MURA_TT_0870.png,false
MURA_TT_0871,XR_FOREARM,MURA_TT_0871.png,MURA_TT_0871.png,false
MURA_TT_0872,XR_SHOULDER,MURA_TT_0872.png,MURA_TT_0872.png,false
MURA_TT_0873,XR_WRIST,MURA_TT_0873.png,MURA_TT_0873.png,false
MURA_TT_0874,XR_SHOULDER,MURA_TT_0874.png,MURA_TT_0874.png,false
MURA_TT_0875,XR_FINGER,MURA_TT_0875.png,MURA_TT_0875.png,false
MURA_TT_0876,XR_FOREARM,MURA_TT_0876.png,MURA_TT_0876.png,false
MURA_TT_0877,XR_ELBOW,MURA_TT_0877.png,MURA_TT_0877.png,false
MURA_TT_0878,XR_FINGER,MURA_TT_0878.png,MURA_TT_0878.png,false
MURA_TT_0879,XR_FOREARM,MURA_TT_0879.png,MURA_TT_0879.png,false
MURA_TT_0880,XR_SHOULDER,MURA_TT_0880.png,MURA_TT_0880.png,false
MURA_TT_0881,XR_WRIST,MURA_TT_0881.png,MURA_TT_0881.png,false
MURA_TT_0882,XR_SHOULDER,MURA_TT_0882.png,MURA_TT_0882.png,false
MURA_TT_0883,XR_WRIST,MURA_TT_0883.png,MURA_TT_0883.png,false
MURA_TT_0884,XR_HUMERUS,MURA_TT_0884.png,MURA_TT_0884.png,false
MURA_TT_0885,XR_HAND,MURA_TT_0885.png,MURA_TT_0885.png,false
MURA_TT_0886,XR_WRIST,MURA_TT_0886.png,MURA_TT_0886.png,false
MURA_TT_0887,XR_HUMERUS,MURA_TT_0887.png,MURA_TT_0887.png,false
MURA_TT_0888,XR_SHOULDER,MURA_TT_0888.png,MURA_TT_0888.png,false
MURA_TT_0889,XR_FOREARM,MURA_TT_0889.png,MURA_TT_0889.png,false
MURA_TT_0890,XR_ELBOW,MURA_TT_0890.png,MURA_TT_0890.png,false
MURA_TT_0891,XR_SHOULDER,MURA_TT_0891.png,MURA_TT_0891.png,false
MURA_TT_0892,XR_SHOULDER,MURA_TT_0892.png,MURA_TT_0892.png,false
MURA_TT_0893,XR_HAND,MURA_TT_0893.png,MURA_TT_0893.png,false
MURA_TT_0894,XR_FINGER,MURA_TT_0894.png,MURA_TT_0894.png,false
MURA_TT_0895,XR_FOREARM,MURA_TT_0895.png,MURA_TT_0895.png,false
MURA_TT_0896,XR_SHOULDER,MURA_TT_0896.png,MURA_TT_0896.png,false
MURA_TT_0897,XR_HAND,MURA_TT_0897.png,MURA_TT_0897.png,false
MURA_TT_0898,XR_SHOULDER,MURA_TT_0898.png,MURA_TT_0898.png,false
MURA_TT_0899,XR_FOREARM,MURA_TT_0899.png,MURA_TT_0899.png,false
MURA_TT_0900,XR_FINGER,MURA_TT_0900.png,MURA_TT_0900.png,false
MURA_TT_0901,XR_HAND,MURA_TT_0901.png,MURA_TT_0901.png,false
MURA_TT_0902,XR_SHOULDER,MURA_TT_0902.png,MURA_TT_0902.png,false
MURA_TT_0903,XR_WRIST,MURA_TT_0903.png,MURA_TT_0903.png,false
MURA_TT_0904,XR_ELBOW,MURA_TT_0904.png,MURA_TT_0904.png,false
MURA_TT_0905,XR_ELBOW,MURA_TT_0905.png,MURA_TT_0905.png,false
MURA_TT_0906,XR_WRIST,MURA_TT_0906.png,MURA_TT_0906.png,false
MURA_TT_0907,XR_WRIST,MURA_TT_0907.png,MURA_TT_0907.png,false
MURA_TT_0908,XR_ELBOW,MURA_TT_0908.png,MURA_TT_0908.png,false
MURA_TT_0909,XR_HUMERUS,MURA_TT_0909.png,MURA_TT_0909.png,false
MURA_TT_0910,XR_HUMERUS,MURA_TT_0910.png,MURA_TT_0910.png,false
MURA_TT_0911,XR_HUMERUS,MURA_TT_0911.png,MURA_TT_0911.png,false
MURA_TT_0912,XR_WRIST,MURA_TT_0912.png,MURA_TT_0912.png,false
MURA_TT_0913,XR_SHOULDER,MURA_TT_0913.png,MURA_TT_0913.png,false
MURA_TT_0914,XR_SHOULDER,MURA_TT_0914.png,MURA_TT_0914.png,false
MURA_TT_0915,XR_ELBOW,MURA_TT_0915.png,MURA_TT_0915.png,false
MURA_TT_0916,XR_FOREARM,MURA_TT_0916.png,MURA_TT_0916.png,false
MURA_TT_0917,XR_FINGER,MURA_TT_0917.png,MURA_TT_0917.png,false
MURA_TT_0918,XR_SHOULDER,MURA_TT_0918.png,MURA_TT_0918.png,false
MURA_TT_0919,XR_SHOULDER,MURA_TT_0919.png,MURA_TT_0919.png,false
MURA_TT_0920,XR_WRIST,MURA_TT_0920.png,MURA_TT_0920.png,false
MURA_TT_0921,XR_WRIST,MURA_TT_0921.png,MURA_TT_0921.png,false
MURA_TT_0922,XR_SHOULDER,MURA_TT_0922.png,MURA_TT_0922.png,false
MURA_TT_0923,XR_HAND,MURA_TT_0923.png,MURA_TT_0923.png,false
MURA_TT_0924,XR_HAND,MURA_TT_0924.png,MURA_TT_0924.png,false
MURA_TT_0925,XR_FINGER,MURA_TT_0925.png,MURA_TT_0925.png,false
MURA_TT_0926,XR_WRIST,MURA_TT_0926.png,MURA_TT_0926.png,false
MURA_TT_0927,XR_FOREARM,MURA_TT_0927.png,MURA_TT_0927.png,false
MURA_TT_0928,XR_HAND,MURA_TT_0928.png,MURA_TT_0928.png,false
MURA_TT_0929,XR_HAND,MURA_TT_0929.png,MURA_TT_0929.png,false
MURA_TT_0930,XR_WRIST,MURA_TT_0930.png,MURA_TT_0930.png,false
MURA_TT_0931,XR_SHOULDER,MURA_TT_0931.png,MURA_TT_0931.png,false
MURA_TT_0932,XR_WRIST,MURA_TT_0932.png,MURA_TT_0932.png,false
MURA_TT_0933,XR_SHOULDER,MURA_TT_0933.png,MURA_TT_0933.png,false
MURA_TT_0934,XR_WRIST,MURA_TT_0934.png,MURA_TT_0934.png,false
MURA_TT_0935,XR_ELBOW,MURA_TT_0935.png,MURA_TT_0935.png,false
MURA_TT_0936,XR_FINGER,MURA_TT_0936.png,MURA_TT_0936.png,false
MURA_TT_0937,XR_FINGER,MURA_TT_0937.png,MURA_TT_0937.png,false
MURA_TT_0938,XR_SHOULDER,MURA_TT_0938.png,MURA_TT_0938.png,false
MURA_TT_0939,XR_FINGER,MURA_TT_0939.png,MURA_TT_0939.png,false
MURA_TT_0940,XR_HUMERUS,MURA_TT_0940.png,MURA_TT_0940.png,false
MURA_TT_0941,XR_WRIST,MURA_TT_0941.png,MURA_TT_0941.png,false
MURA_TT_0942,XR_SHOULDER,MURA_TT_0942.png,MURA_TT_0942.png,false
MURA_TT_0943,XR_HAND,MURA_TT_0943.png,MURA_TT_0943.png,false
MURA_TT_0944,XR_HUMERUS,MURA_TT_0944.png,MURA_TT_0944.png,false
MURA_TT_0945,XR_HUMERUS,MURA_TT_0945.png,MURA_TT_0945.png,false
MURA_TT_0946,XR_WRIST,MURA_TT_0946.png,MURA_TT_0946.png,false
MURA_TT_0947,XR_WRIST,MURA_TT_0947.png,MURA_TT_0947.png,false
MURA_TT_0948,XR_WRIST,MURA_TT_0948.png,MURA_TT_0948.png,false
MURA_TT_0949,XR_HAND,MURA_TT_0949.png,MURA_TT_0949.png,false
MURA_TT_0950,XR_WRIST,MURA_TT_0950.png,MURA_TT_0950.png,false
MURA_TT_0951,XR_HUMERUS,MURA_TT_0951.png,MURA_TT_0951.png,false
MURA_TT_0952,XR_FINGER,MURA_TT_0952.png,MURA_TT_0952.png,false
MURA_TT_0953,XR_SHOULDER,MURA_TT_0953.png,MURA_TT_0953.png,false
MURA_TT_0954,XR_FINGER,MURA_TT_0954.png,MURA_TT_0954.png,false
MURA_TT_0955,XR_WRIST,MURA_TT_0955.png,MURA_TT_0955.png,false
MURA_TT_0956,XR_SHOULDER,MURA_TT_0956.png,MURA_TT_0956.png,false
MURA_TT_0957,XR_WRIST,MURA_TT_0957.png,MURA_TT_0957.png,false
MURA_TT_0958,XR_ELBOW,MURA_TT_0958.png,MURA_TT_0958.png,false
MURA_TT_0959,XR_ELBOW,MURA_TT_0959.png,MURA_TT_0959.png,false
MURA_TT_0960,XR_WRIST,MURA_TT_0960.png,MURA_TT_0960.png,false
MURA_TT_0961,XR_ELBOW,MURA_TT_0961.png,MURA_TT_0961.png,false
MURA_TT_0962,XR_FOREARM,MURA_TT_0962.png,MURA_TT_0962.png,false
MURA_TT_0963,XR_HUMERUS,MURA_TT_0963.png,MURA_TT_0963.png,false
MURA_TT_0964,XR_ELBOW,MURA_TT_0964.png,MURA_TT_0964.png,false
MURA_TT_0965,XR_SHOULDER,MURA_TT_0965.png,MURA_TT_0965.png,false
MURA_TT_0966,XR_SHOULDER,MURA_TT_0966.png,MURA_TT_0966.png,false
MURA_TT_0967,XR_HAND,MURA_TT_0967.png,MURA_TT_0967.png,false
MURA_TT_0968,XR_FOREARM,MURA_TT_0968.png,MURA_TT_0968.png,false
MURA_TT_0969,XR_ELBOW,MURA_TT_0969.png,MURA_TT_0969.png,false
MURA_TT_0970,XR_HAND,MURA_TT_0970.png,MURA_TT_0970.png,false
MURA_TT_0971,XR_HAND,MURA_TT_0971.png,MURA_TT_0971.png,false
MURA_TT_0972,XR_WRIST,MURA_TT_0972.png,MURA_TT_0972.png,false
MURA_TT_0973,XR_ELBOW,MURA_TT_0973.png,MURA_TT_0973.png,false
MURA_TT_0974,XR_HAND,MURA_TT_0974.png,MURA_TT_0974.png,false
MURA_TT_0975,XR_WRIST,MURA_TT_0975.png,MURA_TT_0975.png,false
MURA_TT_0976,XR_FINGER,MURA_TT_0976.png,MURA_TT_0976.png,false
MURA_TT_0977,XR_FINGER,MURA_TT_0977.png,MURA_TT_0977.png,false
MURA_TT_0978,XR_SHOULDER,MURA_TT_0978.png,MURA_TT_0978.png,false
MURA_TT_0979,XR_WRIST,MURA_TT_0979.png,MURA_TT_0979.png,false
MURA_TT_0980,XR_SHOULDER,MURA_TT_0980.png,MURA_TT_0980.png,false
MURA_TT_0981,XR_FOREARM,MURA_TT_0981.png,MURA_TT_0981.png,false
MURA_TT_0982,XR_ELBOW,MURA_TT_0982.png,MURA_TT_0982.png,false
MURA_TT_0983,XR_WRIST,MURA_TT_0983.png,MURA_TT_0983.png,false
MURA_TT_0984,XR_FINGER,MURA_TT_0984.png,MURA_TT_0984.png,false
MURA_TT_0985,XR_ELBOW,MURA_TT_0985.png,MURA_TT_0985.png,false
MURA_TT_0986,XR_FOREARM,MURA_TT_0986.png,MURA_TT_0986.png,false
MURA_TT_0987,XR_HAND,MURA_TT_0987.png,MURA_TT_0987.png,false
MURA_TT_0988,XR_WRIST,MURA_TT_0988.png,MURA_TT_0988.png,false
MURA_TT_0989,XR_HUMERUS,MURA_TT_0989.png,MURA_TT_0989.png,false
MURA_TT_0990,XR_FINGER,MURA_TT_0990.png,MURA_TT_0990.png,false
MURA_TT_0991,XR_FINGER,MURA_TT_0991.png,MURA_TT_0991.png,false
MURA_TT_0992,XR_WRIST,MURA_TT_0992.png,MURA_TT_0992.png,false
MURA_TT_0993,XR_FINGER,MURA_TT_0993.png,MURA_TT_0993.png,false
MURA_TT_0994,XR_SHOULDER,MURA_TT_0994.png,MURA_TT_0994.png,false
MURA_TT_0995,XR_WRIST,MURA_TT_0995.png,MURA_TT_0995.png,false
MURA_TT_0996,XR_ELBOW,MURA_TT_0996.png,MURA_TT_0996.png,false
MURA_TT_0997,XR_WRIST,MURA_TT_0997.png,MURA_TT_0997.png,false
MURA_TT_0998,XR_FOREARM,MURA_TT_0998.png,MURA_TT_0998.png,false
MURA_TT_0999,XR_HUMERUS,MURA_TT_0999.png,MURA_TT_0999.png,false
MURA_TT_1000,XR_ELBOW,MURA_TT_1000.png,MURA_TT_1000.png,false
MURA_TT_1001,XR_FINGER,MURA_TT_1001.png,MURA_TT_1001.png,false
MURA_TT_1002,XR_FOREARM,MURA_TT_1002.png,MURA_TT_1002.png,false
MURA_TT_1003,XR_HAND,MURA_TT_1003.png,MURA_TT_1003.png,false
MURA_TT_1004,XR_HUMERUS,MURA_TT_1004.png,MURA_TT_1004.png,false
MURA_TT_1005,XR_FINGER,MURA_TT_1005.png,MURA_TT_1005.png,false
MURA_TT_1006,XR_FOREARM,MURA_TT_1006.png,MURA_TT_1006.png,false
MURA_TT_1007,XR_WRIST,MURA_TT_1007.png,MURA_TT_1007.png,false
MURA_TT_1008,XR_HUMERUS,MURA_TT_1008.png,MURA_TT_1008.png,false
MURA_TT_1009,XR_WRIST,MURA_TT_1009.png,MURA_TT_1009.png,false
MURA_TT_1010,XR_HAND,MURA_TT_1010.png,MURA_TT_1010.png,false
MURA_TT_1011,XR_ELBOW,MURA_TT_1011.png,MURA_TT_1011.png,false
MURA_TT_1012,XR_SHOULDER,MURA_TT_1012.png,MURA_TT_1012.png,false
MURA_TT_1013,XR_SHOULDER,MURA_TT_1013.png,MURA_TT_1013.png,false
MURA_TT_1014,XR_FINGER,MURA_TT_1014.png,MURA_TT_1014.png,false
MURA_TT_1015,XR_FINGER,MURA_TT_1015.png,MURA_TT_1015.png,false
MURA_TT_1016,XR_ELBOW,MURA_TT_1016.png,MURA_TT_1016.png,false
MURA_TT_1017,XR_ELBOW,MURA_TT_1017.png,MURA_TT_1017.png,false
MURA_TT_1018,XR_SHOULDER,MURA_TT_1018.png,MURA_TT_1018.png,false
MURA_TT_1019,XR_FINGER,MURA_TT_1019.png,MURA_TT_1019.png,false
MURA_TT_1020,XR_ELBOW,MURA_TT_1020.png,MURA_TT_1020.png,false
MURA_TT_1021,XR_ELBOW,MURA_TT_1021.png,MURA_TT_1021.png,false
MURA_TT_1022,XR_FINGER,MURA_TT_1022.png,MURA_TT_1022.png,false
MURA_TT_1023,XR_ELBOW,MURA_TT_1023.png,MURA_TT_1023.png,false
MURA_TT_1024,XR_HAND,MURA_TT_1024.png,MURA_TT_1024.png,false
MURA_TT_1025,XR_HUMERUS,MURA_TT_1025.png,MURA_TT_1025.png,false
MURA_TT_1026,XR_SHOULDER,MURA_TT_1026.png,MURA_TT_1026.png,false
MURA_TT_1027,XR_WRIST,MURA_TT_1027.png,MURA_TT_1027.png,false
MURA_TT_1028,XR_HAND,MURA_TT_1028.png,MURA_TT_1028.png,false
MURA_TT_1029,XR_SHOULDER,MURA_TT_1029.png,MURA_TT_1029.png,false
MURA_TT_1030,XR_WRIST,MURA_TT_1030.png,MURA_TT_1030.png,false
MURA_TT_1031,XR_WRIST,MURA_TT_1031.png,MURA_TT_1031.png,false
MURA_TT_1032,XR_FOREARM,MURA_TT_1032.png,MURA_TT_1032.png,false
MURA_TT_1033,XR_SHOULDER,MURA_TT_1033.png,MURA_TT_1033.png,false
MURA_TT_1034,XR_FINGER,MURA_TT_1034.png,MURA_TT_1034.png,false
MURA_TT_1035,XR_FOREARM,MURA_TT_1035.png,MURA_TT_1035.png,false
MURA_TT_1036,XR_SHOULDER,MURA_TT_1036.png,MURA_TT_1036.png,false
MURA_TT_1037,XR_FINGER,MURA_TT_1037.png,MURA_TT_1037.png,false
MURA_TT_1038,XR_FOREARM,MURA_TT_1038.png,MURA_TT_1038.png,false
MURA_TT_1039,XR_WRIST,MURA_TT_1039.png,MURA_TT_1039.png,false
MURA_TT_1040,XR_FOREARM,MURA_TT_1040.png,MURA_TT_1040.png,false
MURA_TT_1041,XR_SHOULDER,MURA_TT_1041.png,MURA_TT_1041.png,false
MURA_TT_1042,XR_HUMERUS,MURA_TT_1042.png,MURA_TT_1042.png,false
MURA_TT_1043,XR_ELBOW,MURA_TT_1043.png,MURA_TT_1043.png,false
MURA_TT_1044,XR_HUMERUS,MURA_TT_1044.png,MURA_TT_1044.png,false
MURA_TT_1045,XR_SHOULDER,MURA_TT_1045.png,MURA_TT_1045.png,false
MURA_TT_1046,XR_SHOULDER,MURA_TT_1046.png,MURA_TT_1046.png,false
MURA_TT_1047,XR_ELBOW,MURA_TT_1047.png,MURA_TT_1047.png,false
MURA_TT_1048,XR_ELBOW,MURA_TT_1048.png,MURA_TT_1048.png,false
MURA_TT_1049,XR_ELBOW,MURA_TT_1049.png,MURA_TT_1049.png,false
MURA_TT_1050,XR_FINGER,MURA_TT_1050.png,MURA_TT_1050.png,false
MURA_TT_1051,XR_HAND,MURA_TT_1051.png,MURA_TT_1051.png,false
MURA_TT_1052,XR_SHOULDER,MURA_TT_1052.png,MURA_TT_1052.png,false
MURA_TT_1053,XR_ELBOW,MURA_TT_1053.png,MURA_TT_1053.png,false
MURA_TT_1054,XR_WRIST,MURA_TT_1054.png,MURA_TT_1054.png,false
MURA_TT_1055,XR_WRIST,MURA_TT_1055.png,MURA_TT_1055.png,false
MURA_TT_1056,XR_WRIST,MURA_TT_1056.png,MURA_TT_1056.png,false
MURA_TT_1057,XR_WRIST,MURA_TT_1057.png,MURA_TT_1057.png,false
MURA_TT_1058,XR_SHOULDER,MURA_TT_1058.png,MURA_TT_1058.png,false
MURA_TT_1059,XR_HUMERUS,MURA_TT_1059.png,MURA_TT_1059.png,false
MURA_TT_1060,XR_FINGER,MURA_TT_1060.png,MURA_TT_1060.png,false
MURA_TT_1061,XR_WRIST,MURA_TT_1061.png,MURA_TT_1061.png,false
MURA_TT_1062,XR_WRIST,MURA_TT_1062.png,MURA_TT_1062.png,false
MURA_TT_1063,XR_HUMERUS,MURA_TT_1063.png,MURA_TT_1063.png,false
MURA_TT_1064,XR_HUMERUS,MURA_TT_1064.png,MURA_TT_1064.png,false
MURA_TT_1065,XR_SHOULDER,MURA_TT_1065.png,MURA_TT_1065.png,false
MURA_TT_1066,XR_SHOULDER,MURA_TT_1066.png,MURA_TT_1066.png,false
MURA_TT_1067,XR_WRIST,MURA_TT_1067.png,MURA_TT_1067.png,false
MURA_TT_1068,XR_FOREARM,MURA_TT_1068.png,MURA_TT_1068.png,false
MURA_TT_1069,XR_FINGER,MURA_TT_1069.png,MURA_TT_1069.png,false
MURA_TT_1070,XR_ELBOW,MURA_TT_1070.png,MURA_TT_1070.png,false
MURA_TT_1071,XR_ELBOW,MURA_TT_1071.png,MURA_TT_1071.png,false
MURA_TT_1072,XR_SHOULDER,MURA_TT_1072.png,MURA_TT_1072.png,false
MURA_TT_1073,XR_FINGER,MURA_TT_1073.png,MURA_TT_1073.png,false
MURA_TT_1074,XR_WRIST,MURA_TT_1074.png,MURA_TT_1074.png,false
MURA_TT_1075,XR_ELBOW,MURA_TT_1075.png,MURA_TT_1075.png,false
MURA_TT_1076,XR_FOREARM,MURA_TT_1076.png,MURA_TT_1076.png,false
MURA_TT_1077,XR_FINGER,MURA_TT_1077.png,MURA_TT_1077.png,false
MURA_TT_1078,XR_FOREARM,MURA_TT_1078.png,MURA_TT_1078.png,false
MURA_TT_1079,XR_FOREARM,MURA_TT_1079.png,MURA_TT_1079.png,false
MURA_TT_1080,XR_ELBOW,MURA_TT_1080.png,MURA_TT_1080.png,false
MURA_TT_1081,XR_HAND,MURA_TT_1081.png,MURA_TT_1081.png,false
MURA_TT_1082,XR_HUMERUS,MURA_TT_1082.png,MURA_TT_1082.png,false
MURA_TT_1083,XR_FINGER,MURA_TT_1083.png,MURA_TT_1083.png,false
MURA_TT_1084,XR_ELBOW,MURA_TT_1084.png,MURA_TT_1084.png,false
MURA_TT_1085,XR_WRIST,MURA_TT_1085.png,MURA_TT_1085.png,false
MURA_TT_1086,XR_ELBOW,MURA_TT_1086.png,MURA_TT_1086.png,false
MURA_TT_1087,XR_FINGER,MURA_TT_1087.png,MURA_TT_1087.png,false
MURA_TT_1088,XR_HUMERUS,MURA_TT_1088.png,MURA_TT_1088.png,false
MURA_TT_1089,XR_ELBOW,MURA_TT_1089.png,MURA_TT_1089.png,false
MURA_TT_1090,XR_ELBOW,MURA_TT_1090.png,MURA_TT_1090.png,false
MURA_TT_1091,XR_WRIST,MURA_TT_1091.png,MURA_TT_1091.png,false
MURA_TT_1092,XR_HUMERUS,MURA_TT_1092.png,MURA_TT_1092.png,false
MURA_TT_1093,XR_HAND,MURA_TT_1093.png,MURA_TT_1093.png,false
MURA_TT_1094,XR_SHOULDER,MURA_TT_1094.png,MURA_TT_1094.png,false
MURA_TT_1095,XR_SHOULDER,MURA_TT_1095.png,MURA_TT_1095.png,false
MURA_TT_1096,XR_WRIST,MURA_TT_1096.png,MURA_TT_1096.png,false
MURA_TT_1097,XR_FINGER,MURA_TT_1097.png,MURA_TT_1097.png,false
MURA_TT_1098,XR_ELBOW,MURA_TT_1098.png,MURA_TT_1098.png,false
MURA_TT_1099,XR_FOREARM,MURA_TT_1099.png,MURA_TT_1099.png,false
MURA_TT_1100,XR_SHOULDER,MURA_TT_1100.png,MURA_TT_1100.png,false
MURA_TT_1101,XR_FINGER,MURA_TT_1101.png,MURA_TT_1101.png,false
MURA_TT_1102,XR_WRIST,MURA_TT_1102.png,MURA_TT_1102.png,false
MURA_TT_1103,XR_FOREARM,MURA_TT_1103.png,MURA_TT_1103.png,false
MURA_TT_1104,XR_SHOULDER,MURA_TT_1104.png,MURA_TT_1104.png,false
MURA_TT_1105,XR_HUMERUS,MURA_TT_1105.png,MURA_TT_1105.png,false
MURA_TT_1106,XR_SHOULDER,MURA_TT_1106.png,MURA_TT_1106.png,false
MURA_TT_1107,XR_ELBOW,MURA_TT_1107.png,MURA_TT_1107.png,false
MURA_TT_1108,XR_SHOULDER,MURA_TT_1108.png,MURA_TT_1108.png,false
MURA_TT_1109,XR_ELBOW,MURA_TT_1109.png,MURA_TT_1109.png,false
MURA_TT_1110,XR_FOREARM,MURA_TT_1110.png,MURA_TT_1110.png,false
MURA_TT_1111,XR_FINGER,MURA_TT_1111.png,MURA_TT_1111.png,false
MURA_TT_1112,XR_HUMERUS,MURA_TT_1112.png,MURA_TT_1112.png,false
MURA_TT_1113,XR_FINGER,MURA_TT_1113.png,MURA_TT_1113.png,false
MURA_TT_1114,XR_HUMERUS,MURA_TT_1114.png,MURA_TT_1114.png,false
MURA_TT_1115,XR_SHOULDER,MURA_TT_1115.png,MURA_TT_1115.png,false
MURA_TT_1116,XR_HAND,MURA_TT_1116.png,MURA_TT_1116.png,false
MURA_TT_1117,XR_SHOULDER,MURA_TT_1117.png,MURA_TT_1117.png,false
MURA_TT_1118,XR_ELBOW,MURA_TT_1118.png,MURA_TT_1118.png,false
MURA_TT_1119,XR_ELBOW,MURA_TT_1119.png,MURA_TT_1119.png,false
MURA_TT_1120,XR_ELBOW,MURA_TT_1120.png,MURA_TT_1120.png,false
MURA_TT_1121,XR_ELBOW,MURA_TT_1121.png,MURA_TT_1121.png,false
MURA_TT_1122,XR_ELBOW,MURA_TT_1122.png,MURA_TT_1122.png,false
MURA_TT_1123,XR_FINGER,MURA_TT_1123.png,MURA_TT_1123.png,false
MURA_TT_1124,XR_ELBOW,MURA_TT_1124.png,MURA_TT_1124.png,false
MURA_TT_1125,XR_WRIST,MURA_TT_1125.png,MURA_TT_1125.png,false
MURA_TT_1126,XR_SHOULDER,MURA_TT_1126.png,MURA_TT_1126.png,false
MURA_TT_1127,XR_ELBOW,MURA_TT_1127.png,MURA_TT_1127.png,false
MURA_TT_1128,XR_ELBOW,MURA_TT_1128.png,MURA_TT_1128.png,false
MURA_TT_1129,XR_HAND,MURA_TT_1129.png,MURA_TT_1129.png,false
MURA_TT_1130,XR_HAND,MURA_TT_1130.png,MURA_TT_1130.png,false
MURA_TT_1131,XR_ELBOW,MURA_TT_1131.png,MURA_TT_1131.png,false
MURA_TT_1132,XR_ELBOW,MURA_TT_1132.png,MURA_TT_1132.png,false
MURA_TT_1133,XR_WRIST,MURA_TT_1133.png,MURA_TT_1133.png,false
MURA_TT_1134,XR_SHOULDER,MURA_TT_1134.png,MURA_TT_1134.png,false
MURA_TT_1135,XR_FINGER,MURA_TT_1135.png,MURA_TT_1135.png,false
MURA_TT_1136,XR_WRIST,MURA_TT_1136.png,MURA_TT_1136.png,false
MURA_TT_1137,XR_HUMERUS,MURA_TT_1137.png,MURA_TT_1137.png,false
MURA_TT_1138,XR_ELBOW,MURA_TT_1138.png,MURA_TT_1138.png,false
MURA_TT_1139,XR_ELBOW,MURA_TT_1139.png,MURA_TT_1139.png,false
MURA_TT_1140,XR_FINGER,MURA_TT_1140.png,MURA_TT_1140.png,false
MURA_TT_1141,XR_SHOULDER,MURA_TT_1141.png,MURA_TT_1141.png,false
MURA_TT_1142,XR_HAND,MURA_TT_1142.png,MURA_TT_1142.png,false
MURA_TT_1143,XR_SHOULDER,MURA_TT_1143.png,MURA_TT_1143.png,false
MURA_TT_1144,XR_ELBOW,MURA_TT_1144.png,MURA_TT_1144.png,false
MURA_TT_1145,XR_WRIST,MURA_TT_1145.png,MURA_TT_1145.png,false
MURA_TT_1146,XR_FOREARM,MURA_TT_1146.png,MURA_TT_1146.png,false
MURA_TT_1147,XR_SHOULDER,MURA_TT_1147.png,MURA_TT_1147.png,false
MURA_TT_1148,XR_ELBOW,MURA_TT_1148.png,MURA_TT_1148.png,false
MURA_TT_1149,XR_FINGER,MURA_TT_1149.png,MURA_TT_1149.png,false
MURA_TT_1150,XR_ELBOW,MURA_TT_1150.png,MURA_TT_1150.png,false
MURA_TT_1151,XR_WRIST,MURA_TT_1151.png,MURA_TT_1151.png,false
MURA_TT_1152,XR_SHOULDER,MURA_TT_1152.png,MURA_TT_1152.png,false
MURA_TT_1153,XR_HAND,MURA_TT_1153.png,MURA_TT_1153.png,false
MURA_TT_1154,XR_WRIST,MURA_TT_1154.png,MURA_TT_1154.png,false
MURA_TT_1155,XR_WRIST,MURA_TT_1155.png,MURA_TT_1155.png,false
MURA_TT_1156,XR_WRIST,MURA_TT_1156.png,MURA_TT_1156.png,false
MURA_TT_1157,XR_HAND,MURA_TT_1157.png,MURA_TT_1157.png,false
MURA_TT_1158,XR_HUMERUS,MURA_TT_1158.png,MURA_TT_1158.png,false
MURA_TT_1159,XR_FINGER,MURA_TT_1159.png,MURA_TT_1159.png,false
MURA_TT_1160,XR_ELBOW,MURA_TT_1160.png,MURA_TT_1160.png,false
MURA_TT_1161,XR_SHOULDER,MURA_TT_1161.png,MURA_TT_1161.png,false
MURA_TT_1162,XR_ELBOW,MURA_TT_1162.png,MURA_TT_1162.png,false
MURA_TT_1163,XR_SHOULDER,MURA_TT_1163.png,MURA_TT_1163.png,false
MURA_TT_1164,XR_ELBOW,MURA_TT_1164.png,MURA_TT_1164.png,false
MURA_TT_1165,XR_WRIST,MURA_TT_1165.png,MURA_TT_1165.png,false
MURA_TT_1166,XR_FOREARM,MURA_TT_1166.png,MURA_TT_1166.png,false
MURA_TT_1167,XR_ELBOW,MURA_TT_1167.png,MURA_TT_1167.png,false
MURA_TT_1168,XR_SHOULDER,MURA_TT_1168.png,MURA_TT_1168.png,false
MURA_TT_1169,XR_WRIST,MURA_TT_1169.png,MURA_TT_1169.png,false
MURA_TT_1170,XR_ELBOW,MURA_TT_1170.png,MURA_TT_1170.png,false
MURA_TT_1171,XR_ELBOW,MURA_TT_1171.png,MURA_TT_1171.png,false
MURA_TT_1172,XR_SHOULDER,MURA_TT_1172.png,MURA_TT_1172.png,false
MURA_TT_1173,XR_WRIST,MURA_TT_1173.png,MURA_TT_1173.png,false
MURA_TT_1174,XR_FINGER,MURA_TT_1174.png,MURA_TT_1174.png,false
MURA_TT_1175,XR_FOREARM,MURA_TT_1175.png,MURA_TT_1175.png,false
MURA_TT_1176,XR_WRIST,MURA_TT_1176.png,MURA_TT_1176.png,false
MURA_TT_1177,XR_SHOULDER,MURA_TT_1177.png,MURA_TT_1177.png,false
MURA_TT_1178,XR_ELBOW,MURA_TT_1178.png,MURA_TT_1178.png,false
MURA_TT_1179,XR_SHOULDER,MURA_TT_1179.png,MURA_TT_1179.png,false
MURA_TT_1180,XR_HUMERUS,MURA_TT_1180.png,MURA_TT_1180.png,false
MURA_TT_1181,XR_HUMERUS,MURA_TT_1181.png,MURA_TT_1181.png,false
MURA_TT_1182,XR_SHOULDER,MURA_TT_1182.png,MURA_TT_1182.png,false
MURA_TT_1183,XR_ELBOW,MURA_TT_1183.png,MURA_TT_1183.png,false
MURA_TT_1184,XR_SHOULDER,MURA_TT_1184.png,MURA_TT_1184.png,false
MURA_TT_1185,XR_FOREARM,MURA_TT_1185.png,MURA_TT_1185.png,false
MURA_TT_1186,XR_WRIST,MURA_TT_1186.png,MURA_TT_1186.png,false
MURA_TT_1187,XR_HUMERUS,MURA_TT_1187.png,MURA_TT_1187.png,false
MURA_TT_1188,XR_HAND,MURA_TT_1188.png,MURA_TT_1188.png,false
MURA_TT_1189,XR_WRIST,MURA_TT_1189.png,MURA_TT_1189.png,false
MURA_TT_1190,XR_SHOULDER,MURA_TT_1190.png,MURA_TT_1190.png,false
MURA_TT_1191,XR_SHOULDER,MURA_TT_1191.png,MURA_TT_1191.png,false
MURA_TT_1192,XR_SHOULDER,MURA_TT_1192.png,MURA_TT_1192.png,false
MURA_TT_1193,XR_FINGER,MURA_TT_1193.png,MURA_TT_1193.png,false
MURA_TT_1194,XR_WRIST,MURA_TT_1194.png,MURA_TT_1194.png,false
MURA_TT_1195,XR_SHOULDER,MURA_TT_1195.png,MURA_TT_1195.png,false
MURA_TT_1196,XR_SHOULDER,MURA_TT_1196.png,MURA_TT_1196.png,false
MURA_TT_1197,XR_ELBOW,MURA_TT_1197.png,MURA_TT_1197.png,false
MURA_TT_1198,XR_FOREARM,MURA_TT_1198.png,MURA_TT_1198.png,false
MURA_TT_1199,XR_SHOULDER,MURA_TT_1199.png,MURA_TT_1199.png,false
MURA_TT_1200,XR_HAND,MURA_TT_1200.png,MURA_TT_1200.png,false
MURA_TT_1201,XR_ELBOW,MURA_TT_1201.png,MURA_TT_1201.png,false
MURA_TT_1202,XR_HAND,MURA_TT_1202.png,MURA_TT_1202.png,false
MURA_TT_1203,XR_SHOULDER,MURA_TT_1203.png,MURA_TT_1203.png,false
MURA_TT_1204,XR_ELBOW,MURA_TT_1204.png,MURA_TT_1204.png,false
MURA_TT_1205,XR_ELBOW,MURA_TT_1205.png,MURA_TT_1205.png,false
MURA_TT_1206,XR_HUMERUS,MURA_TT_1206.png,MURA_TT_1206.png,false
MURA_TT_1207,XR_FINGER,MURA_TT_1207.png,MURA_TT_1207.png,false
MURA_TT_1208,XR_SHOULDER,MURA_TT_1208.png,MURA_TT_1208.png,false
MURA_TT_1209,XR_HUMERUS,MURA_TT_1209.png,MURA_TT_1209.png,false
MURA_TT_1210,XR_WRIST,MURA_TT_1210.png,MURA_TT_1210.png,false
MURA_TT_1211,XR_SHOULDER,MURA_TT_1211.png,MURA_TT_1211.png,false
MURA_TT_1212,XR_WRIST,MURA_TT_1212.png,MURA_TT_1212.png,false
MURA_TT_1213,XR_SHOULDER,MURA_TT_1213.png,MURA_TT_1213.png,false
MURA_TT_1214,XR_ELBOW,MURA_TT_1214.png,MURA_TT_1214.png,false
MURA_TT_1215,XR_FINGER,MURA_TT_1215.png,MURA_TT_1215.png,false
MURA_TT_1216,XR_FOREARM,MURA_TT_1216.png,MURA_TT_1216.png,false
MURA_TT_1217,XR_ELBOW,MURA_TT_1217.png,MURA_TT_1217.png,false
MURA_TT_1218,XR_HAND,MURA_TT_1218.png,MURA_TT_1218.png,false
MURA_TT_1219,XR_FINGER,MURA_TT_1219.png,MURA_TT_1219.png,false
MURA_TT_1220,XR_HAND,MURA_TT_1220.png,MURA_TT_1220.png,false
MURA_TT_1221,XR_HAND,MURA_TT_1221.png,MURA_TT_1221.png,false
MURA_TT_1222,XR_WRIST,MURA_TT_1222.png,MURA_TT_1222.png,false
MURA_TT_1223,XR_SHOULDER,MURA_TT_1223.png,MURA_TT_1223.png,false
MURA_TT_1224,XR_FINGER,MURA_TT_1224.png,MURA_TT_1224.png,false
MURA_TT_1225,XR_SHOULDER,MURA_TT_1225.png,MURA_TT_1225.png,false
MURA_TT_1226,XR_WRIST,MURA_TT_1226.png,MURA_TT_1226.png,false
MURA_TT_1227,XR_SHOULDER,MURA_TT_1227.png,MURA_TT_1227.png,false
MURA_TT_1228,XR_HAND,MURA_TT_1228.png,MURA_TT_1228.png,false
MURA_TT_1229,XR_FINGER,MURA_TT_1229.png,MURA_TT_1229.png,false
MURA_TT_1230,XR_FOREARM,MURA_TT_1230.png,MURA_TT_1230.png,false
MURA_TT_1231,XR_WRIST,MURA_TT_1231.png,MURA_TT_1231.png,false
MURA_TT_1232,XR_HAND,MURA_TT_1232.png,MURA_TT_1232.png,false
MURA_TT_1233,XR_FOREARM,MURA_TT_1233.png,MURA_TT_1233.png,false
MURA_TT_1234,XR_FINGER,MURA_TT_1234.png,MURA_TT_1234.png,false
MURA_TT_1235,XR_SHOULDER,MURA_TT_1235.png,MURA_TT_1235.png,false
MURA_TT_1236,XR_FOREARM,MURA_TT_1236.png,MURA_TT_1236.png,false
MURA_TT_1237,XR_SHOULDER,MURA_TT_1237.png,MURA_TT_1237.png,false
MURA_TT_1238,XR_SHOULDER,MURA_TT_1238.png,MURA_TT_1238.png,false
MURA_TT_1239,XR_HUMERUS,MURA_TT_1239.png,MURA_TT_1239.png,false
MURA_TT_1240,XR_HUMERUS,MURA_TT_1240.png,MURA_TT_1240.png,false
MURA_TT_1241,XR_FINGER,MURA_TT_1241.png,MURA_TT_1241.png,false
MURA_TT_1242,XR_FOREARM,MURA_TT_1242.png,MURA_TT_1242.png,false
MURA_TT_1243,XR_SHOULDER,MURA_TT_1243.png,MURA_TT_1243.png,false
MURA_TT_1244,XR_FINGER,MURA_TT_1244.png,MURA_TT_1244.png,false
MURA_TT_1245,XR_HAND,MURA_TT_1245.png,MURA_TT_1245.png,false
MURA_TT_1246,XR_HAND,MURA_TT_1246.png,MURA_TT_1246.png,false
MURA_TT_1247,XR_FOREARM,MURA_TT_1247.png,MURA_TT_1247.png,false
MURA_TT_1248,XR_HUMERUS,MURA_TT_1248.png,MURA_TT_1248.png,false
MURA_TT_1249,XR_HAND,MURA_TT_1249.png,MURA_TT_1249.png,false
MURA_TT_1250,XR_SHOULDER,MURA_TT_1250.png,MURA_TT_1250.png,false
MURA_TT_1251,XR_SHOULDER,MURA_TT_1251.png,MURA_TT_1251.png,false
MURA_TT_1252,XR_SHOULDER,MURA_TT_1252.png,MURA_TT_1252.png,false
MURA_TT_1253,XR_SHOULDER,MURA_TT_1253.png,MURA_TT_1253.png,false
MURA_TT_1254,XR_WRIST,MURA_TT_1254.png,MURA_TT_1254.png,false
MURA_TT_1255,XR_SHOULDER,MURA_TT_1255.png,MURA_TT_1255.png,false
MURA_TT_1256,XR_WRIST,MURA_TT_1256.png,MURA_TT_1256.png,false
MURA_TT_1257,XR_WRIST,MURA_TT_1257.png,MURA_TT_1257.png,false
MURA_TT_1258,XR_SHOULDER,MURA_TT_1258.png,MURA_TT_1258.png,false
MURA_TT_1259,XR_HAND,MURA_TT_1259.png,MURA_TT_1259.png,false
MURA_TT_1260,XR_ELBOW,MURA_TT_1260.png,MURA_TT_1260.png,false
MURA_TT_1261,XR_SHOULDER,MURA_TT_1261.png,MURA_TT_1261.png,false
MURA_TT_1262,XR_HAND,MURA_TT_1262.png,MURA_TT_1262.png,false
MURA_TT_1263,XR_SHOULDER,MURA_TT_1263.png,MURA_TT_1263.png,false
MURA_TT_1264,XR_FOREARM,MURA_TT_1264.png,MURA_TT_1264.png,false
MURA_TT_1265,XR_SHOULDER,MURA_TT_1265.png,MURA_TT_1265.png,false
MURA_TT_1266,XR_ELBOW,MURA_TT_1266.png,MURA_TT_1266.png,false
MURA_TT_1267,XR_ELBOW,MURA_TT_1267.png,MURA_TT_1267.png,false
MURA_TT_1268,XR_HUMERUS,MURA_TT_1268.png,MURA_TT_1268.png,false
MURA_TT_1269,XR_HAND,MURA_TT_1269.png,MURA_TT_1269.png,false
MURA_TT_1270,XR_WRIST,MURA_TT_1270.png,MURA_TT_1270.png,false
MURA_TT_1271,XR_HAND,MURA_TT_1271.png,MURA_TT_1271.png,false
MURA_TT_1272,XR_SHOULDER,MURA_TT_1272.png,MURA_TT_1272.png,false
MURA_TT_1273,XR_FINGER,MURA_TT_1273.png,MURA_TT_1273.png,false
MURA_TT_1274,XR_WRIST,MURA_TT_1274.png,MURA_TT_1274.png,false
MURA_TT_1275,XR_FINGER,MURA_TT_1275.png,MURA_TT_1275.png,false
MURA_TT_1276,XR_FINGER,MURA_TT_1276.png,MURA_TT_1276.png,false
MURA_TT_1277,XR_HUMERUS,MURA_TT_1277.png,MURA_TT_1277.png,false
MURA_TT_1278,XR_HAND,MURA_TT_1278.png,MURA_TT_1278.png,false
MURA_TT_1279,XR_HAND,MURA_TT_1279.png,MURA_TT_1279.png,false
MURA_TT_1280,XR_WRIST,MURA_TT_1280.png,MURA_TT_1280.png,false
MURA_TT_1281,XR_FINGER,MURA_TT_1281.png,MURA_TT_1281.png,false
MURA_TT_1282,XR_SHOULDER,MURA_TT_1282.png,MURA_TT_1282.png,false
MURA_TT_1283,XR_SHOULDER,MURA_TT_1283.png,MURA_TT_1283.png,false
MURA_TT_1284,XR_SHOULDER,MURA_TT_1284.png,MURA_TT_1284.png,false
MURA_TT_1285,XR_FOREARM,MURA_TT_1285.png,MURA_TT_1285.png,false
MURA_TT_1286,XR_ELBOW,MURA_TT_1286.png,MURA_TT_1286.png,false
MURA_TT_1287,XR_HUMERUS,MURA_TT_1287.png,MURA_TT_1287.png,false
MURA_TT_1288,XR_ELBOW,MURA_TT_1288.png,MURA_TT_1288.png,false
MURA_TT_1289,XR_FOREARM,MURA_TT_1289.png,MURA_TT_1289.png,false
MURA_TT_1290,XR_ELBOW,MURA_TT_1290.png,MURA_TT_1290.png,false
MURA_TT_1291,XR_WRIST,MURA_TT_1291.png,MURA_TT_1291.png,false
MURA_TT_1292,XR_SHOULDER,MURA_TT_1292.png,MURA_TT_1292.png,false
MURA_TT_1293,XR_HAND,MURA_TT_1293.png,MURA_TT_1293.png,false
MURA_TT_1294,XR_SHOULDER,MURA_TT_1294.png,MURA_TT_1294.png,false
MURA_TT_1295,XR_WRIST,MURA_TT_1295.png,MURA_TT_1295.png,false
MURA_TT_1296,XR_HUMERUS,MURA_TT_1296.png,MURA_TT_1296.png,false
MURA_TT_1297,XR_HUMERUS,MURA_TT_1297.png,MURA_TT_1297.png,false
MURA_TT_1298,XR_WRIST,MURA_TT_1298.png,MURA_TT_1298.png,false
MURA_TT_1299,XR_WRIST,MURA_TT_1299.png,MURA_TT_1299.png,false
MURA_TT_1300,XR_FINGER,MURA_TT_1300.png,MURA_TT_1300.png,false
MURA_TT_1301,XR_FINGER,MURA_TT_1301.png,MURA_TT_1301.png,false
MURA_TT_1302,XR_SHOULDER,MURA_TT_1302.png,MURA_TT_1302.png,false
MURA_TT_1303,XR_ELBOW,MURA_TT_1303.png,MURA_TT_1303.png,false
MURA_TT_1304,XR_SHOULDER,MURA_TT_1304.png,MURA_TT_1304.png,false
MURA_TT_1305,XR_SHOULDER,MURA_TT_1305.png,MURA_TT_1305.png,false
MURA_TT_1306,XR_WRIST,MURA_TT_1306.png,MURA_TT_1306.png,false
MURA_TT_1307,XR_HAND,MURA_TT_1307.png,MURA_TT_1307.png,false
MURA_TT_1308,XR_ELBOW,MURA_TT_1308.png,MURA_TT_1308.png,false
MURA_TT_1309,XR_SHOULDER,MURA_TT_1309.png,MURA_TT_1309.png,false
MURA_TT_1310,XR_SHOULDER,MURA_TT_1310.png,MURA_TT_1310.png,false
MURA_TT_1311,XR_SHOULDER,MURA_TT_1311.png,MURA_TT_1311.png,false
MURA_TT_1312,XR_WRIST,MURA_TT_1312.png,MURA_TT_1312.png,false
MURA_TT_1313,XR_HAND,MURA_TT_1313.png,MURA_TT_1313.png,false
MURA_TT_1314,XR_FINGER,MURA_TT_1314.png,MURA_TT_1314.png,false
MURA_TT_1315,XR_HAND,MURA_TT_1315.png,MURA_TT_1315.png,false
MURA_TT_1316,XR_HUMERUS,MURA_TT_1316.png,MURA_TT_1316.png,false
MURA_TT_1317,XR_HUMERUS,MURA_TT_1317.png,MURA_TT_1317.png,false
MURA_TT_1318,XR_FOREARM,MURA_TT_1318.png,MURA_TT_1318.png,false
MURA_TT_1319,XR_HAND,MURA_TT_1319.png,MURA_TT_1319.png,false
MURA_TT_1320,XR_FOREARM,MURA_TT_1320.png,MURA_TT_1320.png,false
MURA_TT_1321,XR_ELBOW,MURA_TT_1321.png,MURA_TT_1321.png,false
MURA_TT_1322,XR_FOREARM,MURA_TT_1322.png,MURA_TT_1322.png,false
MURA_TT_1323,XR_WRIST,MURA_TT_1323.png,MURA_TT_1323.png,false
MURA_TT_1324,XR_WRIST,MURA_TT_1324.png,MURA_TT_1324.png,false
MURA_TT_1325,XR_HUMERUS,MURA_TT_1325.png,MURA_TT_1325.png,false
MURA_TT_1326,XR_SHOULDER,MURA_TT_1326.png,MURA_TT_1326.png,false
MURA_TT_1327,XR_SHOULDER,MURA_TT_1327.png,MURA_TT_1327.png,false
MURA_TT_1328,XR_WRIST,MURA_TT_1328.png,MURA_TT_1328.png,false
MURA_TT_1329,XR_HAND,MURA_TT_1329.png,MURA_TT_1329.png,false
MURA_TT_1330,XR_SHOULDER,MURA_TT_1330.png,MURA_TT_1330.png,false
MURA_TT_1331,XR_HUMERUS,MURA_TT_1331.png,MURA_TT_1331.png,false
MURA_TT_1332,XR_ELBOW,MURA_TT_1332.png,MURA_TT_1332.png,false
MURA_TT_1333,XR_SHOULDER,MURA_TT_1333.png,MURA_TT_1333.png,false
MURA_TT_1334,XR_FOREARM,MURA_TT_1334.png,MURA_TT_1334.png,false
MURA_TT_1335,XR_SHOULDER,MURA_TT_1335.png,MURA_TT_1335.png,false
MURA_TT_1336,XR_SHOULDER,MURA_TT_1336.png,MURA_TT_1336.png,false
MURA_TT_1337,XR_HAND,MURA_TT_1337.png,MURA_TT_1337.png,false
MURA_TT_1338,XR_HAND,MURA_TT_1338.png,MURA_TT_1338.png,false
MURA_TT_1339,XR_HUMERUS,MURA_TT_1339.png,MURA_TT_1339.png,false
MURA_TT_1340,XR_SHOULDER,MURA_TT_1340.png,MURA_TT_1340.png,false
MURA_TT_1341,XR_WRIST,MURA_TT_1341.png,MURA_TT_1341.png,false
MURA_TT_1342,XR_SHOULDER,MURA_TT_1342.png,MURA_TT_1342.png,false
MURA_TT_1343,XR_HAND,MURA_TT_1343.png,MURA_TT_1343.png,false
MURA_TT_1344,XR_WRIST,MURA_TT_1344.png,MURA_TT_1344.png,false
MURA_TT_1345,XR_HAND,MURA_TT_1345.png,MURA_TT_1345.png,false
MURA_TT_1346,XR_FOREARM,MURA_TT_1346.png,MURA_TT_1346.png,false
MURA_TT_1347,XR_FOREARM,MURA_TT_1347.png,MURA_TT_1347.png,false
MURA_TT_1348,XR_FINGER,MURA_TT_1348.png,MURA_TT_1348.png,false
MURA_TT_1349,XR_ELBOW,MURA_TT_1349.png,MURA_TT_1349.png,false
MURA_TT_1350,XR_ELBOW,MURA_TT_1350.png,MURA_TT_1350.png,false
MURA_TT_1351,XR_WRIST,MURA_TT_1351.png,MURA_TT_1351.png,false
MURA_TT_1352,XR_FINGER,MURA_TT_1352.png,MURA_TT_1352.png,false
MURA_TT_1353,XR_FINGER,MURA_TT_1353.png,MURA_TT_1353.png,false
MURA_TT_1354,XR_ELBOW,MURA_TT_1354.png,MURA_TT_1354.png,false
MURA_TT_1355,XR_HUMERUS,MURA_TT_1355.png,MURA_TT_1355.png,false
MURA_TT_1356,XR_WRIST,MURA_TT_1356.png,MURA_TT_1356.png,false
MURA_TT_1357,XR_SHOULDER,MURA_TT_1357.png,MURA_TT_1357.png,false
MURA_TT_1358,XR_SHOULDER,MURA_TT_1358.png,MURA_TT_1358.png,false
MURA_TT_1359,XR_FOREARM,MURA_TT_1359.png,MURA_TT_1359.png,false
MURA_TT_1360,XR_ELBOW,MURA_TT_1360.png,MURA_TT_1360.png,false
MURA_TT_1361,XR_SHOULDER,MURA_TT_1361.png,MURA_TT_1361.png,false
MURA_TT_1362,XR_HAND,MURA_TT_1362.png,MURA_TT_1362.png,false
MURA_TT_1363,XR_SHOULDER,MURA_TT_1363.png,MURA_TT_1363.png,false
MURA_TT_1364,XR_WRIST,MURA_TT_1364.png,MURA_TT_1364.png,false
MURA_TT_1365,XR_FINGER,MURA_TT_1365.png,MURA_TT_1365.png,false
MURA_TT_1366,XR_ELBOW,MURA_TT_1366.png,MURA_TT_1366.png,false
MURA_TT_1367,XR_WRIST,MURA_TT_1367.png,MURA_TT_1367.png,false
MURA_TT_1368,XR_FOREARM,MURA_TT_1368.png,MURA_TT_1368.png,false
MURA_TT_1369,XR_WRIST,MURA_TT_1369.png,MURA_TT_1369.png,false
MURA_TT_1370,XR_SHOULDER,MURA_TT_1370.png,MURA_TT_1370.png,false
MURA_TT_1371,XR_HAND,MURA_TT_1371.png,MURA_TT_1371.png,false
MURA_TT_1372,XR_SHOULDER,MURA_TT_1372.png,MURA_TT_1372.png,false
MURA_TT_1373,XR_FOREARM,MURA_TT_1373.png,MURA_TT_1373.png,false
MURA_TT_1374,XR_ELBOW,MURA_TT_1374.png,MURA_TT_1374.png,false
MURA_TT_1375,XR_HAND,MURA_TT_1375.png,MURA_TT_1375.png,false
MURA_TT_1376,XR_FINGER,MURA_TT_1376.png,MURA_TT_1376.png,false
MURA_TT_1377,XR_FOREARM,MURA_TT_1377.png,MURA_TT_1377.png,false
MURA_TT_1378,XR_HAND,MURA_TT_1378.png,MURA_TT_1378.png,false
MURA_TT_1379,XR_WRIST,MURA_TT_1379.png,MURA_TT_1379.png,false
MURA_TT_1380,XR_WRIST,MURA_TT_1380.png,MURA_TT_1380.png,false
MURA_TT_1381,XR_FOREARM,MURA_TT_1381.png,MURA_TT_1381.png,false
MURA_TT_1382,XR_FINGER,MURA_TT_1382.png,MURA_TT_1382.png,false
MURA_TT_1383,XR_HUMERUS,MURA_TT_1383.png,MURA_TT_1383.png,false
MURA_TT_1384,XR_HAND,MURA_TT_1384.png,MURA_TT_1384.png,false
MURA_TT_1385,XR_WRIST,MURA_TT_1385.png,MURA_TT_1385.png,false
MURA_TT_1386,XR_FOREARM,MURA_TT_1386.png,MURA_TT_1386.png,false
MURA_TT_1387,XR_ELBOW,MURA_TT_1387.png,MURA_TT_1387.png,false
MURA_TT_1388,XR_FINGER,MURA_TT_1388.png,MURA_TT_1388.png,false
MURA_TT_1389,XR_WRIST,MURA_TT_1389.png,MURA_TT_1389.png,false
MURA_TT_1390,XR_HAND,MURA_TT_1390.png,MURA_TT_1390.png,false
MURA_TT_1391,XR_FOREARM,MURA_TT_1391.png,MURA_TT_1391.png,false
MURA_TT_1392,XR_WRIST,MURA_TT_1392.png,MURA_TT_1392.png,false
MURA_TT_1393,XR_ELBOW,MURA_TT_1393.png,MURA_TT_1393.png,false
MURA_TT_1394,XR_HAND,MURA_TT_1394.png,MURA_TT_1394.png,false
MURA_TT_1395,XR_SHOULDER,MURA_TT_1395.png,MURA_TT_1395.png,false
MURA_TT_1396,XR_WRIST,MURA_TT_1396.png,MURA_TT_1396.png,false
MURA_TT_1397,XR_HAND,MURA_TT_1397.png,MURA_TT_1397.png,false
MURA_TT_1398,XR_FINGER,MURA_TT_1398.png,MURA_TT_1398.png,false
MURA_TT_1399,XR_SHOULDER,MURA_TT_1399.png,MURA_TT_1399.png,false
MURA_TT_1400,XR_SHOULDER,MURA_TT_1400.png,MURA_TT_1400.png,false
MURA_TT_1401,XR_ELBOW,MURA_TT_1401.png,MURA_TT_1401.png,false
MURA_TT_1402,XR_FINGER,MURA_TT_1402.png,MURA_TT_1402.png,false
MURA_TT_1403,XR_FINGER,MURA_TT_1403.png,MURA_TT_1403.png,false
MURA_TT_1404,XR_HUMERUS,MURA_TT_1404.png,MURA_TT_1404.png,false
MURA_TT_1405,XR_SHOULDER,MURA_TT_1405.png,MURA_TT_1405.png,false
MURA_TT_1406,XR_WRIST,MURA_TT_1406.png,MURA_TT_1406.png,false
MURA_TT_1407,XR_FOREARM,MURA_TT_1407.png,MURA_TT_1407.png,false
MURA_TT_1408,XR_WRIST,MURA_TT_1408.png,MURA_TT_1408.png,false
MURA_TT_1409,XR_WRIST,MURA_TT_1409.png,MURA_TT_1409.png,false
MURA_TT_1410,XR_FOREARM,MURA_TT_1410.png,MURA_TT_1410.png,false
MURA_TT_1411,XR_HAND,MURA_TT_1411.png,MURA_TT_1411.png,false
MURA_TT_1412,XR_ELBOW,MURA_TT_1412.png,MURA_TT_1412.png,false
MURA_TT_1413,XR_HAND,MURA_TT_1413.png,MURA_TT_1413.png,false
MURA_TT_1414,XR_SHOULDER,MURA_TT_1414.png,MURA_TT_1414.png,false
MURA_TT_1415,XR_ELBOW,MURA_TT_1415.png,MURA_TT_1415.png,false
MURA_TT_1416,XR_FINGER,MURA_TT_1416.png,MURA_TT_1416.png,false
MURA_TT_1417,XR_WRIST,MURA_TT_1417.png,MURA_TT_1417.png,false
MURA_TT_1418,XR_HUMERUS,MURA_TT_1418.png,MURA_TT_1418.png,false
MURA_TT_1419,XR_FINGER,MURA_TT_1419.png,MURA_TT_1419.png,false
MURA_TT_1420,XR_SHOULDER,MURA_TT_1420.png,MURA_TT_1420.png,false
MURA_TT_1421,XR_HUMERUS,MURA_TT_1421.png,MURA_TT_1421.png,false
MURA_TT_1422,XR_HAND,MURA_TT_1422.png,MURA_TT_1422.png,false
MURA_TT_1423,XR_WRIST,MURA_TT_1423.png,MURA_TT_1423.png,false
MURA_TT_1424,XR_HAND,MURA_TT_1424.png,MURA_TT_1424.png,false
MURA_TT_1425,XR_SHOULDER,MURA_TT_1425.png,MURA_TT_1425.png,false
MURA_TT_1426,XR_SHOULDER,MURA_TT_1426.png,MURA_TT_1426.png,false
MURA_TT_1427,XR_SHOULDER,MURA_TT_1427.png,MURA_TT_1427.png,false
MURA_TT_1428,XR_WRIST,MURA_TT_1428.png,MURA_TT_1428.png,false
MURA_TT_1429,XR_FINGER,MURA_TT_1429.png,MURA_TT_1429.png,false
MURA_TT_1430,XR_ELBOW,MURA_TT_1430.png,MURA_TT_1430.png,false
MURA_TT_1431,XR_FINGER,MURA_TT_1431.png,MURA_TT_1431.png,false
MURA_TT_1432,XR_SHOULDER,MURA_TT_1432.png,MURA_TT_1432.png,false
MURA_TT_1433,XR_SHOULDER,MURA_TT_1433.png,MURA_TT_1433.png,false
MURA_TT_1434,XR_WRIST,MURA_TT_1434.png,MURA_TT_1434.png,false
MURA_TT_1435,XR_FINGER,MURA_TT_1435.png,MURA_TT_1435.png,false
MURA_TT_1436,XR_FINGER,MURA_TT_1436.png,MURA_TT_1436.png,false
MURA_TT_1437,XR_FINGER,MURA_TT_1437.png,MURA_TT_1437.png,false
MURA_TT_1438,XR_ELBOW,MURA_TT_1438.png,MURA_TT_1438.png,false
MURA_TT_1439,XR_HAND,MURA_TT_1439.png,MURA_TT_1439.png,false
MURA_TT_1440,XR_SHOULDER,MURA_TT_1440.png,MURA_TT_1440.png,false
MURA_TT_1441,XR_WRIST,MURA_TT_1441.png,MURA_TT_1441.png,false
MURA_TT_1442,XR_HUMERUS,MURA_TT_1442.png,MURA_TT_1442.png,false
MURA_TT_1443,XR_WRIST,MURA_TT_1443.png,MURA_TT_1443.png,false
MURA_TT_1444,XR_ELBOW,MURA_TT_1444.png,MURA_TT_1444.png,false
MURA_TT_1445,XR_HUMERUS,MURA_TT_1445.png,MURA_TT_1445.png,false
MURA_TT_1446,XR_HUMERUS,MURA_TT_1446.png,MURA_TT_1446.png,false
MURA_TT_1447,XR_HUMERUS,MURA_TT_1447.png,MURA_TT_1447.png,false
MURA_TT_1448,XR_WRIST,MURA_TT_1448.png,MURA_TT_1448.png,false
MURA_TT_1449,XR_SHOULDER,MURA_TT_1449.png,MURA_TT_1449.png,false
MURA_TT_1450,XR_FOREARM,MURA_TT_1450.png,MURA_TT_1450.png,false
MURA_TT_1451,XR_WRIST,MURA_TT_1451.png,MURA_TT_1451.png,false
MURA_TT_1452,XR_HUMERUS,MURA_TT_1452.png,MURA_TT_1452.png,false
MURA_TT_1453,XR_ELBOW,MURA_TT_1453.png,MURA_TT_1453.png,false
MURA_TT_1454,XR_HUMERUS,MURA_TT_1454.png,MURA_TT_1454.png,false
MURA_TT_1455,XR_WRIST,MURA_TT_1455.png,MURA_TT_1455.png,false
MURA_TT_1456,XR_WRIST,MURA_TT_1456.png,MURA_TT_1456.png,false
MURA_TT_1457,XR_HAND,MURA_TT_1457.png,MURA_TT_1457.png,false
MURA_TT_1458,XR_FOREARM,MURA_TT_1458.png,MURA_TT_1458.png,false
MURA_TT_1459,XR_FOREARM,MURA_TT_1459.png,MURA_TT_1459.png,false
MURA_TT_1460,XR_SHOULDER,MURA_TT_1460.png,MURA_TT_1460.png,false
MURA_TT_1461,XR_SHOULDER,MURA_TT_1461.png,MURA_TT_1461.png,false
MURA_TT_1462,XR_WRIST,MURA_TT_1462.png,MURA_TT_1462.png,false
MURA_TT_1463,XR_SHOULDER,MURA_TT_1463.png,MURA_TT_1463.png,false
MURA_TT_1464,XR_FINGER,MURA_TT_1464.png,MURA_TT_1464.png,false
MURA_TT_1465,XR_FOREARM,MURA_TT_1465.png,MURA_TT_1465.png,false
MURA_TT_1466,XR_HUMERUS,MURA_TT_1466.png,MURA_TT_1466.png,false
MURA_TT_1467,XR_HUMERUS,MURA_TT_1467.png,MURA_TT_1467.png,false
MURA_TT_1468,XR_HAND,MURA_TT_1468.png,MURA_TT_1468.png,false
MURA_TT_1469,XR_FINGER,MURA_TT_1469.png,MURA_TT_1469.png,false
MURA_TT_1470,XR_FOREARM,MURA_TT_1470.png,MURA_TT_1470.png,false
MURA_TT_1471,XR_WRIST,MURA_TT_1471.png,MURA_TT_1471.png,false
MURA_TT_1472,XR_WRIST,MURA_TT_1472.png,MURA_TT_1472.png,false
MURA_TT_1473,XR_SHOULDER,MURA_TT_1473.png,MURA_TT_1473.png,false
MURA_TT_1474,XR_HUMERUS,MURA_TT_1474.png,MURA_TT_1474.png,false
MURA_TT_1475,XR_HAND,MURA_TT_1475.png,MURA_TT_1475.png,false
MURA_TT_1476,XR_ELBOW,MURA_TT_1476.png,MURA_TT_1476.png,false
MURA_TT_1477,XR_HAND,MURA_TT_1477.png,MURA_TT_1477.png,false
MURA_TT_1478,XR_WRIST,MURA_TT_1478.png,MURA_TT_1478.png,false
MURA_TT_1479,XR_HUMERUS,MURA_TT_1479.png,MURA_TT_1479.png,false
MURA_TT_1480,XR_HAND,MURA_TT_1480.png,MURA_TT_1480.png,false
MURA_TT_1481,XR_ELBOW,MURA_TT_1481.png,MURA_TT_1481.png,false
MURA_TT_1482,XR_FOREARM,MURA_TT_1482.png,MURA_TT_1482.png,false
MURA_TT_1483,XR_WRIST,MURA_TT_1483.png,MURA_TT_1483.png,false
MURA_TT_1484,XR_FOREARM,MURA_TT_1484.png,MURA_TT_1484.png,false
MURA_TT_1485,XR_FINGER,MURA_TT_1485.png,MURA_TT_1485.png,false
MURA_TT_1486,XR_ELBOW,MURA_TT_1486.png,MURA_TT_1486.png,false
MURA_TT_1487,XR_FOREARM,MURA_TT_1487.png,MURA_TT_1487.png,false
MURA_TT_1488,XR_HAND,MURA_TT_1488.png,MURA_TT_1488.png,false
MURA_TT_1489,XR_HAND,MURA_TT_1489.png,MURA_TT_1489.png,false
MURA_TT_1490,XR_HAND,MURA_TT_1490.png,MURA_TT_1490.png,false
MURA_TT_1491,XR_ELBOW,MURA_TT_1491.png,MURA_TT_1491.png,false
MURA_TT_1492,XR_SHOULDER,MURA_TT_1492.png,MURA_TT_1492.png,false
MURA_TT_1493,XR_WRIST,MURA_TT_1493.png,MURA_TT_1493.png,false
MURA_TT_1494,XR_HUMERUS,MURA_TT_1494.png,MURA_TT_1494.png,false
MURA_TT_1495,XR_HAND,MURA_TT_1495.png,MURA_TT_1495.png,false
MURA_TT_1496,XR_HAND,MURA_TT_1496.png,MURA_TT_1496.png,false
MURA_TT_1497,XR_SHOULDER,MURA_TT_1497.png,MURA_TT_1497.png,false
MURA_TT_1498,XR_WRIST,MURA_TT_1498.png,MURA_TT_1498.png,false
MURA_TT_1499,XR_ELBOW,MURA_TT_1499.png,MURA_TT_1499.png,false
MURA_TT_1500,XR_HUMERUS,MURA_TT_1500.png,MURA_TT_1500.png,false
MURA_TT_1501,XR_WRIST,MURA_TT_1501.png,MURA_TT_1501.png,false
MURA_TT_1502,XR_ELBOW,MURA_TT_1502.png,MURA_TT_1502.png,false
MURA_TT_1503,XR_SHOULDER,MURA_TT_1503.png,MURA_TT_1503.png,false
MURA_TT_1504,XR_WRIST,MURA_TT_1504.png,MURA_TT_1504.png,false
MURA_TT_1505,XR_FINGER,MURA_TT_1505.png,MURA_TT_1505.png,false
MURA_TT_1506,XR_HUMERUS,MURA_TT_1506.png,MURA_TT_1506.png,false
MURA_TT_1507,XR_HUMERUS,MURA_TT_1507.png,MURA_TT_1507.png,false
MURA_TT_1508,XR_HAND,MURA_TT_1508.png,MURA_TT_1508.png,false
MURA_TT_1509,XR_WRIST,MURA_TT_1509.png,MURA_TT_1509.png,false
MURA_TT_1510,XR_FINGER,MURA_TT_1510.png,MURA_TT_1510.png,false
MURA_TT_1511,XR_SHOULDER,MURA_TT_1511.png,MURA_TT_1511.png,false
MURA_TT_1512,XR_SHOULDER,MURA_TT_1512.png,MURA_TT_1512.png,false
MURA_TT_1513,XR_FINGER,MURA_TT_1513.png,MURA_TT_1513.png,false
MURA_TT_1514,XR_ELBOW,MURA_TT_1514.png,MURA_TT_1514.png,false
MURA_TT_1515,XR_HUMERUS,MURA_TT_1515.png,MURA_TT_1515.png,false
MURA_TT_1516,XR_SHOULDER,MURA_TT_1516.png,MURA_TT_1516.png,false
MURA_TT_1517,XR_FOREARM,MURA_TT_1517.png,MURA_TT_1517.png,false
MURA_TT_1518,XR_ELBOW,MURA_TT_1518.png,MURA_TT_1518.png,false
MURA_TT_1519,XR_SHOULDER,MURA_TT_1519.png,MURA_TT_1519.png,false
MURA_TT_1520,XR_FOREARM,MURA_TT_1520.png,MURA_TT_1520.png,false
MURA_TT_1521,XR_HAND,MURA_TT_1521.png,MURA_TT_1521.png,false
MURA_TT_1522,XR_SHOULDER,MURA_TT_1522.png,MURA_TT_1522.png,false
MURA_TT_1523,XR_HUMERUS,MURA_TT_1523.png,MURA_TT_1523.png,false
MURA_TT_1524,XR_SHOULDER,MURA_TT_1524.png,MURA_TT_1524.png,false
MURA_TT_1525,XR_FINGER,MURA_TT_1525.png,MURA_TT_1525.png,false
MURA_TT_1526,XR_HAND,MURA_TT_1526.png,MURA_TT_1526.png,false
MURA_TT_1527,XR_FOREARM,MURA_TT_1527.png,MURA_TT_1527.png,false
MURA_TT_1528,XR_FINGER,MURA_TT_1528.png,MURA_TT_1528.png,false
MURA_TT_1529,XR_FINGER,MURA_TT_1529.png,MURA_TT_1529.png,false
MURA_TT_1530,XR_FINGER,MURA_TT_1530.png,MURA_TT_1530.png,false
MURA_TT_1531,XR_ELBOW,MURA_TT_1531.png,MURA_TT_1531.png,false
MURA_TT_1532,XR_FOREARM,MURA_TT_1532.png,MURA_TT_1532.png,false
MURA_TT_1533,XR_ELBOW,MURA_TT_1533.png,MURA_TT_1533.png,false
MURA_TT_1534,XR_HAND,MURA_TT_1534.png,MURA_TT_1534.png,false
MURA_TT_1535,XR_WRIST,MURA_TT_1535.png,MURA_TT_1535.png,false
MURA_TT_1536,XR_HAND,MURA_TT_1536.png,MURA_TT_1536.png,false
MURA_TT_1537,XR_WRIST,MURA_TT_1537.png,MURA_TT_1537.png,false
MURA_TT_1538,XR_FINGER,MURA_TT_1538.png,MURA_TT_1538.png,false
MURA_TT_1539,XR_HAND,MURA_TT_1539.png,MURA_TT_1539.png,false
MURA_TT_1540,XR_FINGER,MURA_TT_1540.png,MURA_TT_1540.png,false
MURA_TT_1541,XR_HAND,MURA_TT_1541.png,MURA_TT_1541.png,false
MURA_TT_1542,XR_WRIST,MURA_TT_1542.png,MURA_TT_1542.png,false
MURA_TT_1543,XR_HUMERUS,MURA_TT_1543.png,MURA_TT_1543.png,false
MURA_TT_1544,XR_SHOULDER,MURA_TT_1544.png,MURA_TT_1544.png,false
MURA_TT_1545,XR_ELBOW,MURA_TT_1545.png,MURA_TT_1545.png,false
MURA_TT_1546,XR_SHOULDER,MURA_TT_1546.png,MURA_TT_1546.png,false
MURA_TT_1547,XR_HUMERUS,MURA_TT_1547.png,MURA_TT_1547.png,false
MURA_TT_1548,XR_HAND,MURA_TT_1548.png,MURA_TT_1548.png,false
MURA_TT_1549,XR_WRIST,MURA_TT_1549.png,MURA_TT_1549.png,false
MURA_TT_1550,XR_FINGER,MURA_TT_1550.png,MURA_TT_1550.png,false
MURA_TT_1551,XR_ELBOW,MURA_TT_1551.png,MURA_TT_1551.png,false
MURA_TT_1552,XR_HAND,MURA_TT_1552.png,MURA_TT_1552.png,false
MURA_TT_1553,XR_HAND,MURA_TT_1553.png,MURA_TT_1553.png,false
MURA_TT_1554,XR_SHOULDER,MURA_TT_1554.png,MURA_TT_1554.png,false
MURA_TT_1555,XR_FOREARM,MURA_TT_1555.png,MURA_TT_1555.png,false
MURA_TT_1556,XR_FOREARM,MURA_TT_1556.png,MURA_TT_1556.png,false
MURA_TT_1557,XR_SHOULDER,MURA_TT_1557.png,MURA_TT_1557.png,false
MURA_TT_1558,XR_FOREARM,MURA_TT_1558.png,MURA_TT_1558.png,false
MURA_TT_1559,XR_WRIST,MURA_TT_1559.png,MURA_TT_1559.png,false
MURA_TT_1560,XR_ELBOW,MURA_TT_1560.png,MURA_TT_1560.png,false
MURA_TT_1561,XR_ELBOW,MURA_TT_1561.png,MURA_TT_1561.png,false
MURA_TT_1562,XR_SHOULDER,MURA_TT_1562.png,MURA_TT_1562.png,false
MURA_TT_1563,XR_SHOULDER,MURA_TT_1563.png,MURA_TT_1563.png,false
MURA_TT_1564,XR_WRIST,MURA_TT_1564.png,MURA_TT_1564.png,false
MURA_TT_1565,XR_HAND,MURA_TT_1565.png,MURA_TT_1565.png,false
MURA_TT_1566,XR_HAND,MURA_TT_1566.png,MURA_TT_1566.png,false
MURA_TT_1567,XR_WRIST,MURA_TT_1567.png,MURA_TT_1567.png,false
MURA_TT_1568,XR_ELBOW,MURA_TT_1568.png,MURA_TT_1568.png,false
MURA_TT_1569,XR_HUMERUS,MURA_TT_1569.png,MURA_TT_1569.png,false
MURA_TT_1570,XR_HUMERUS,MURA_TT_1570.png,MURA_TT_1570.png,false
MURA_TT_1571,XR_WRIST,MURA_TT_1571.png,MURA_TT_1571.png,false
MURA_TT_1572,XR_WRIST,MURA_TT_1572.png,MURA_TT_1572.png,false
MURA_TT_1573,XR_FOREARM,MURA_TT_1573.png,MURA_TT_1573.png,false
MURA_TT_1574,XR_ELBOW,MURA_TT_1574.png,MURA_TT_1574.png,false
MURA_TT_1575,XR_FINGER,MURA_TT_1575.png,MURA_TT_1575.png,false
MURA_TT_1576,XR_FINGER,MURA_TT_1576.png,MURA_TT_1576.png,false
MURA_TT_1577,XR_WRIST,MURA_TT_1577.png,MURA_TT_1577.png,false
MURA_TT_1578,XR_WRIST,MURA_TT_1578.png,MURA_TT_1578.png,false
MURA_TT_1579,XR_WRIST,MURA_TT_1579.png,MURA_TT_1579.png,false
MURA_TT_1580,XR_WRIST,MURA_TT_1580.png,MURA_TT_1580.png,false
MURA_TT_1581,XR_FINGER,MURA_TT_1581.png,MURA_TT_1581.png,false
MURA_TT_1582,XR_WRIST,MURA_TT_1582.png,MURA_TT_1582.png,false
MURA_TT_1583,XR_HUMERUS,MURA_TT_1583.png,MURA_TT_1583.png,false
MURA_TT_1584,XR_FINGER,MURA_TT_1584.png,MURA_TT_1584.png,false
MURA_TT_1585,XR_ELBOW,MURA_TT_1585.png,MURA_TT_1585.png,false
MURA_TT_1586,XR_SHOULDER,MURA_TT_1586.png,MURA_TT_1586.png,false
MURA_TT_1587,XR_SHOULDER,MURA_TT_1587.png,MURA_TT_1587.png,false
MURA_TT_1588,XR_ELBOW,MURA_TT_1588.png,MURA_TT_1588.png,false
MURA_TT_1589,XR_SHOULDER,MURA_TT_1589.png,MURA_TT_1589.png,false
MURA_TT_1590,XR_HUMERUS,MURA_TT_1590.png,MURA_TT_1590.png,false
MURA_TT_1591,XR_WRIST,MURA_TT_1591.png,MURA_TT_1591.png,false
MURA_TT_1592,XR_FINGER,MURA_TT_1592.png,MURA_TT_1592.png,false
MURA_TT_1593,XR_SHOULDER,MURA_TT_1593.png,MURA_TT_1593.png,false
MURA_TT_1594,XR_FOREARM,MURA_TT_1594.png,MURA_TT_1594.png,false
MURA_TT_1595,XR_WRIST,MURA_TT_1595.png,MURA_TT_1595.png,false
MURA_TT_1596,XR_HUMERUS,MURA_TT_1596.png,MURA_TT_1596.png,false
MURA_TT_1597,XR_WRIST,MURA_TT_1597.png,MURA_TT_1597.png,false
MURA_TT_1598,XR_SHOULDER,MURA_TT_1598.png,MURA_TT_1598.png,false
MURA_TT_1599,XR_HAND,MURA_TT_1599.png,MURA_TT_1599.png,false
MURA_TT_1600,XR_WRIST,MURA_TT_1600.png,MURA_TT_1600.png,false
MURA_TT_1601,XR_FINGER,MURA_TT_1601.png,MURA_TT_1601.png,false
MURA_TT_1602,XR_HAND,MURA_TT_1602.png,MURA_TT_1602.png,false
MURA_TT_1603,XR_WRIST,MURA_TT_1603.png,MURA_TT_1603.png,false
MURA_TT_1604,XR_ELBOW,MURA_TT_1604.png,MURA_TT_1604.png,false
MURA_TT_1605,XR_ELBOW,MURA_TT_1605.png,MURA_TT_1605.png,false
MURA_TT_1606,XR_WRIST,MURA_TT_1606.png,MURA_TT_1606.png,false
MURA_TT_1607,XR_FINGER,MURA_TT_1607.png,MURA_TT_1607.png,false
MURA_TT_1608,XR_WRIST,MURA_TT_1608.png,MURA_TT_1608.png,false
MURA_TT_1609,XR_SHOULDER,MURA_TT_1609.png,MURA_TT_1609.png,false
MURA_TT_1610,XR_ELBOW,MURA_TT_1610.png,MURA_TT_1610.png,false
MURA_TT_1611,XR_ELBOW,MURA_TT_1611.png,MURA_TT_1611.png,false
MURA_TT_1612,XR_HAND,MURA_TT_1612.png,MURA_TT_1612.png,false
MURA_TT_1613,XR_HUMERUS,MURA_TT_1613.png,MURA_TT_1613.png,false
MURA_TT_1614,XR_SHOULDER,MURA_TT_1614.png,MURA_TT_1614.png,false
MURA_TT_1615,XR_FINGER,MURA_TT_1615.png,MURA_TT_1615.png,false
MURA_TT_1616,XR_WRIST,MURA_TT_1616.png,MURA_TT_1616.png,false
MURA_TT_1617,XR_WRIST,MURA_TT_1617.png,MURA_TT_1617.png,false
MURA_TT_1618,XR_FOREARM,MURA_TT_1618.png,MURA_TT_1618.png,false
MURA_TT_1619,XR_WRIST,MURA_TT_1619.png,MURA_TT_1619.png,false
MURA_TT_1620,XR_FOREARM,MURA_TT_1620.png,MURA_TT_1620.png,false
MURA_TT_1621,XR_WRIST,MURA_TT_1621.png,MURA_TT_1621.png,false
MURA_TT_1622,XR_SHOULDER,MURA_TT_1622.png,MURA_TT_1622.png,false
MURA_TT_1623,XR_HUMERUS,MURA_TT_1623.png,MURA_TT_1623.png,false
MURA_TT_1624,XR_SHOULDER,MURA_TT_1624.png,MURA_TT_1624.png,false
MURA_TT_1625,XR_SHOULDER,MURA_TT_1625.png,MURA_TT_1625.png,false
MURA_TT_1626,XR_WRIST,MURA_TT_1626.png,MURA_TT_1626.png,false
MURA_TT_1627,XR_SHOULDER,MURA_TT_1627.png,MURA_TT_1627.png,false
MURA_TT_1628,XR_WRIST,MURA_TT_1628.png,MURA_TT_1628.png,false
MURA_TT_1629,XR_HAND,MURA_TT_1629.png,MURA_TT_1629.png,false
MURA_TT_1630,XR_WRIST,MURA_TT_1630.png,MURA_TT_1630.png,false
MURA_TT_1631,XR_ELBOW,MURA_TT_1631.png,MURA_TT_1631.png,false
MURA_TT_1632,XR_HAND,MURA_TT_1632.png,MURA_TT_1632.png,false
MURA_TT_1633,XR_SHOULDER,MURA_TT_1633.png,MURA_TT_1633.png,false
MURA_TT_1634,XR_HAND,MURA_TT_1634.png,MURA_TT_1634.png,false
MURA_TT_1635,XR_WRIST,MURA_TT_1635.png,MURA_TT_1635.png,false
MURA_TT_1636,XR_HAND,MURA_TT_1636.png,MURA_TT_1636.png,false
MURA_TT_1637,XR_HAND,MURA_TT_1637.png,MURA_TT_1637.png,false
MURA_TT_1638,XR_ELBOW,MURA_TT_1638.png,MURA_TT_1638.png,false
MURA_TT_1639,XR_WRIST,MURA_TT_1639.png,MURA_TT_1639.png,false
MURA_TT_1640,XR_WRIST,MURA_TT_1640.png,MURA_TT_1640.png,false
MURA_TT_1641,XR_FINGER,MURA_TT_1641.png,MURA_TT_1641.png,false
MURA_TT_1642,XR_HUMERUS,MURA_TT_1642.png,MURA_TT_1642.png,false
MURA_TT_1643,XR_SHOULDER,MURA_TT_1643.png,MURA_TT_1643.png,false
MURA_TT_1644,XR_WRIST,MURA_TT_1644.png,MURA_TT_1644.png,false
MURA_TT_1645,XR_ELBOW,MURA_TT_1645.png,MURA_TT_1645.png,false
MURA_TT_1646,XR_SHOULDER,MURA_TT_1646.png,MURA_TT_1646.png,false
MURA_TT_1647,XR_SHOULDER,MURA_TT_1647.png,MURA_TT_1647.png,false
MURA_TT_1648,XR_FOREARM,MURA_TT_1648.png,MURA_TT_1648.png,false
MURA_TT_1649,XR_WRIST,MURA_TT_1649.png,MURA_TT_1649.png,false
MURA_TT_1650,XR_HUMERUS,MURA_TT_1650.png,MURA_TT_1650.png,false
MURA_TT_1651,XR_ELBOW,MURA_TT_1651.png,MURA_TT_1651.png,false
MURA_TT_1652,XR_ELBOW,MURA_TT_1652.png,MURA_TT_1652.png,false
MURA_TT_1653,XR_FINGER,MURA_TT_1653.png,MURA_TT_1653.png,false
MURA_TT_1654,XR_WRIST,MURA_TT_1654.png,MURA_TT_1654.png,false
MURA_TT_1655,XR_ELBOW,MURA_TT_1655.png,MURA_TT_1655.png,false
MURA_TT_1656,XR_WRIST,MURA_TT_1656.png,MURA_TT_1656.png,false
MURA_TT_1657,XR_HUMERUS,MURA_TT_1657.png,MURA_TT_1657.png,false
MURA_TT_1658,XR_WRIST,MURA_TT_1658.png,MURA_TT_1658.png,false
MURA_TT_1659,XR_ELBOW,MURA_TT_1659.png,MURA_TT_1659.png,false
MURA_TT_1660,XR_HUMERUS,MURA_TT_1660.png,MURA_TT_1660.png,false
MURA_TT_1661,XR_WRIST,MURA_TT_1661.png,MURA_TT_1661.png,false
MURA_TT_1662,XR_HUMERUS,MURA_TT_1662.png,MURA_TT_1662.png,false
MURA_TT_1663,XR_FINGER,MURA_TT_1663.png,MURA_TT_1663.png,false
MURA_TT_1664,XR_ELBOW,MURA_TT_1664.png,MURA_TT_1664.png,false
MURA_TT_1665,XR_SHOULDER,MURA_TT_1665.png,MURA_TT_1665.png,false
MURA_TT_1666,XR_HAND,MURA_TT_1666.png,MURA_TT_1666.png,false
MURA_TT_1667,XR_WRIST,MURA_TT_1667.png,MURA_TT_1667.png,false
MURA_TT_1668,XR_HAND,MURA_TT_1668.png,MURA_TT_1668.png,false
MURA_TT_1669,XR_WRIST,MURA_TT_1669.png,MURA_TT_1669.png,false
MURA_TT_1670,XR_WRIST,MURA_TT_1670.png,MURA_TT_1670.png,false
MURA_TT_1671,XR_FOREARM,MURA_TT_1671.png,MURA_TT_1671.png,false
MURA_TT_1672,XR_FINGER,MURA_TT_1672.png,MURA_TT_1672.png,false
MURA_TT_1673,XR_WRIST,MURA_TT_1673.png,MURA_TT_1673.png,false
MURA_TT_1674,XR_ELBOW,MURA_TT_1674.png,MURA_TT_1674.png,false
MURA_TT_1675,XR_WRIST,MURA_TT_1675.png,MURA_TT_1675.png,false
MURA_TT_1676,XR_SHOULDER,MURA_TT_1676.png,MURA_TT_1676.png,false
MURA_TT_1677,XR_SHOULDER,MURA_TT_1677.png,MURA_TT_1677.png,false
MURA_TT_1678,XR_ELBOW,MURA_TT_1678.png,MURA_TT_1678.png,false
MURA_TT_1679,XR_FINGER,MURA_TT_1679.png,MURA_TT_1679.png,false
MURA_TT_1680,XR_FOREARM,MURA_TT_1680.png,MURA_TT_1680.png,false
MURA_TT_1681,XR_WRIST,MURA_TT_1681.png,MURA_TT_1681.png,false
MURA_TT_1682,XR_WRIST,MURA_TT_1682.png,MURA_TT_1682.png,false
MURA_TT_1683,XR_FINGER,MURA_TT_1683.png,MURA_TT_1683.png,false
MURA_TT_1684,XR_WRIST,MURA_TT_1684.png,MURA_TT_1684.png,false
MURA_TT_1685,XR_HAND,MURA_TT_1685.png,MURA_TT_1685.png,false
MURA_TT_1686,XR_FINGER,MURA_TT_1686.png,MURA_TT_1686.png,false
MURA_TT_1687,XR_WRIST,MURA_TT_1687.png,MURA_TT_1687.png,false
MURA_TT_1688,XR_SHOULDER,MURA_TT_1688.png,MURA_TT_1688.png,false
MURA_TT_1689,XR_ELBOW,MURA_TT_1689.png,MURA_TT_1689.png,false
MURA_TT_1690,XR_WRIST,MURA_TT_1690.png,MURA_TT_1690.png,false
MURA_TT_1691,XR_WRIST,MURA_TT_1691.png,MURA_TT_1691.png,false
MURA_TT_1692,XR_FINGER,MURA_TT_1692.png,MURA_TT_1692.png,false
MURA_TT_1693,XR_HAND,MURA_TT_1693.png,MURA_TT_1693.png,false
MURA_TT_1694,XR_WRIST,MURA_TT_1694.png,MURA_TT_1694.png,false
MURA_TT_1695,XR_FOREARM,MURA_TT_1695.png,MURA_TT_1695.png,false
MURA_TT_1696,XR_SHOULDER,MURA_TT_1696.png,MURA_TT_1696.png,false
MURA_TT_1697,XR_FINGER,MURA_TT_1697.png,MURA_TT_1697.png,false
MURA_TT_1698,XR_SHOULDER,MURA_TT_1698.png,MURA_TT_1698.png,false
MURA_TT_1699,XR_ELBOW,MURA_TT_1699.png,MURA_TT_1699.png,false
MURA_TT_1700,XR_HUMERUS,MURA_TT_1700.png,MURA_TT_1700.png,false
MURA_TT_1701,XR_SHOULDER,MURA_TT_1701.png,MURA_TT_1701.png,false
MURA_TT_1702,XR_FOREARM,MURA_TT_1702.png,MURA_TT_1702.png,false
MURA_TT_1703,XR_ELBOW,MURA_TT_1703.png,MURA_TT_1703.png,false
MURA_TT_1704,XR_HAND,MURA_TT_1704.png,MURA_TT_1704.png,false
MURA_TT_1705,XR_SHOULDER,MURA_TT_1705.png,MURA_TT_1705.png,false
MURA_TT_1706,XR_HAND,MURA_TT_1706.png,MURA_TT_1706.png,false
MURA_TT_1707,XR_ELBOW,MURA_TT_1707.png,MURA_TT_1707.png,false
MURA_TT_1708,XR_WRIST,MURA_TT_1708.png,MURA_TT_1708.png,false
MURA_TT_1709,XR_HAND,MURA_TT_1709.png,MURA_TT_1709.png,false
MURA_TT_1710,XR_FINGER,MURA_TT_1710.png,MURA_TT_1710.png,false
MURA_TT_1711,XR_FINGER,MURA_TT_1711.png,MURA_TT_1711.png,false
MURA_TT_1712,XR_WRIST,MURA_TT_1712.png,MURA_TT_1712.png,false
MURA_TT_1713,XR_FINGER,MURA_TT_1713.png,MURA_TT_1713.png,false
MURA_TT_1714,XR_ELBOW,MURA_TT_1714.png,MURA_TT_1714.png,false
MURA_TT_1715,XR_SHOULDER,MURA_TT_1715.png,MURA_TT_1715.png,false
MURA_TT_1716,XR_ELBOW,MURA_TT_1716.png,MURA_TT_1716.png,false
MURA_TT_1717,XR_SHOULDER,MURA_TT_1717.png,MURA_TT_1717.png,false
MURA_TT_1718,XR_HAND,MURA_TT_1718.png,MURA_TT_1718.png,false
MURA_TT_1719,XR_ELBOW,MURA_TT_1719.png,MURA_TT_1719.png,false
MURA_TT_1720,XR_SHOULDER,MURA_TT_1720.png,MURA_TT_1720.png,false
MURA_TT_1721,XR_WRIST,MURA_TT_1721.png,MURA_TT_1721.png,false
MURA_TT_1722,XR_WRIST,MURA_TT_1722.png,MURA_TT_1722.png,false
MURA_TT_1723,XR_WRIST,MURA_TT_1723.png,MURA_TT_1723.png,false
MURA_TT_1724,XR_WRIST,MURA_TT_1724.png,MURA_TT_1724.png,false
MURA_TT_1725,XR_HUMERUS,MURA_TT_1725.png,MURA_TT_1725.png,false
MURA_TT_1726,XR_WRIST,MURA_TT_1726.png,MURA_TT_1726.png,false
MURA_TT_1727,XR_SHOULDER,MURA_TT_1727.png,MURA_TT_1727.png,false
MURA_TT_1728,XR_FINGER,MURA_TT_1728.png,MURA_TT_1728.png,false
MURA_TT_1729,XR_WRIST,MURA_TT_1729.png,MURA_TT_1729.png,false
MURA_TT_1730,XR_HAND,MURA_TT_1730.png,MURA_TT_1730.png,false
MURA_TT_1731,XR_WRIST,MURA_TT_1731.png,MURA_TT_1731.png,false
MURA_TT_1732,XR_ELBOW,MURA_TT_1732.png,MURA_TT_1732.png,false
MURA_TT_1733,XR_FOREARM,MURA_TT_1733.png,MURA_TT_1733.png,false
MURA_TT_1734,XR_ELBOW,MURA_TT_1734.png,MURA_TT_1734.png,false
MURA_TT_1735,XR_ELBOW,MURA_TT_1735.png,MURA_TT_1735.png,false
MURA_TT_1736,XR_FOREARM,MURA_TT_1736.png,MURA_TT_1736.png,false
MURA_TT_1737,XR_WRIST,MURA_TT_1737.png,MURA_TT_1737.png,false
MURA_TT_1738,XR_HAND,MURA_TT_1738.png,MURA_TT_1738.png,false
MURA_TT_1739,XR_WRIST,MURA_TT_1739.png,MURA_TT_1739.png,false
MURA_TT_1740,XR_WRIST,MURA_TT_1740.png,MURA_TT_1740.png,false
MURA_TT_1741,XR_WRIST,MURA_TT_1741.png,MURA_TT_1741.png,false
MURA_TT_1742,XR_SHOULDER,MURA_TT_1742.png,MURA_TT_1742.png,false
MURA_TT_1743,XR_SHOULDER,MURA_TT_1743.png,MURA_TT_1743.png,false
MURA_TT_1744,XR_SHOULDER,MURA_TT_1744.png,MURA_TT_1744.png,false
MURA_TT_1745,XR_SHOULDER,MURA_TT_1745.png,MURA_TT_1745.png,false
MURA_TT_1746,XR_WRIST,MURA_TT_1746.png,MURA_TT_1746.png,false
MURA_TT_1747,XR_FINGER,MURA_TT_1747.png,MURA_TT_1747.png,false
MURA_TT_1748,XR_SHOULDER,MURA_TT_1748.png,MURA_TT_1748.png,false
MURA_TT_1749,XR_HUMERUS,MURA_TT_1749.png,MURA_TT_1749.png,false
MURA_TT_1750,XR_WRIST,MURA_TT_1750.png,MURA_TT_1750.png,false
MURA_TT_1751,XR_SHOULDER,MURA_TT_1751.png,MURA_TT_1751.png,false
MURA_TT_1752,XR_WRIST,MURA_TT_1752.png,MURA_TT_1752.png,false
MURA_TT_1753,XR_WRIST,MURA_TT_1753.png,MURA_TT_1753.png,false
MURA_TT_1754,XR_WRIST,MURA_TT_1754.png,MURA_TT_1754.png,false
MURA_TT_1755,XR_SHOULDER,MURA_TT_1755.png,MURA_TT_1755.png,false
MURA_TT_1756,XR_FOREARM,MURA_TT_1756.png,MURA_TT_1756.png,false
MURA_TT_1757,XR_WRIST,MURA_TT_1757.png,MURA_TT_1757.png,false
MURA_TT_1758,XR_SHOULDER,MURA_TT_1758.png,MURA_TT_1758.png,false
MURA_TT_1759,XR_WRIST,MURA_TT_1759.png,MURA_TT_1759.png,false
MURA_TT_1760,XR_WRIST,MURA_TT_1760.png,MURA_TT_1760.png,false
MURA_TT_1761,XR_FINGER,MURA_TT_1761.png,MURA_TT_1761.png,false
MURA_TT_1762,XR_FOREARM,MURA_TT_1762.png,MURA_TT_1762.png,false
MURA_TT_1763,XR_SHOULDER,MURA_TT_1763.png,MURA_TT_1763.png,false
MURA_TT_1764,XR_SHOULDER,MURA_TT_1764.png,MURA_TT_1764.png,false
MURA_TT_1765,XR_FOREARM,MURA_TT_1765.png,MURA_TT_1765.png,false
MURA_TT_1766,XR_SHOULDER,MURA_TT_1766.png,MURA_TT_1766.png,false
MURA_TT_1767,XR_SHOULDER,MURA_TT_1767.png,MURA_TT_1767.png,false
MURA_TT_1768,XR_HAND,MURA_TT_1768.png,MURA_TT_1768.png,false
MURA_TT_1769,XR_FOREARM,MURA_TT_1769.png,MURA_TT_1769.png,false
MURA_TT_1770,XR_FOREARM,MURA_TT_1770.png,MURA_TT_1770.png,false
MURA_TT_1771,XR_SHOULDER,MURA_TT_1771.png,MURA_TT_1771.png,false
MURA_TT_1772,XR_SHOULDER,MURA_TT_1772.png,MURA_TT_1772.png,false
MURA_TT_1773,XR_SHOULDER,MURA_TT_1773.png,MURA_TT_1773.png,false
MURA_TT_1774,XR_SHOULDER,MURA_TT_1774.png,MURA_TT_1774.png,false
MURA_TT_1775,XR_WRIST,MURA_TT_1775.png,MURA_TT_1775.png,false
MURA_TT_1776,XR_SHOULDER,MURA_TT_1776.png,MURA_TT_1776.png,false
MURA_TT_1777,XR_SHOULDER,MURA_TT_1777.png,MURA_TT_1777.png,false
MURA_TT_1778,XR_SHOULDER,MURA_TT_1778.png,MURA_TT_1778.png,false
MURA_TT_1779,XR_SHOULDER,MURA_TT_1779.png,MURA_TT_1779.png,false
MURA_TT_1780,XR_WRIST,MURA_TT_1780.png,MURA_TT_1780.png,false
MURA_TT_1781,XR_SHOULDER,MURA_TT_1781.png,MURA_TT_1781.png,false
MURA_TT_1782,XR_WRIST,MURA_TT_1782.png,MURA_TT_1782.png,false
MURA_TT_1783,XR_WRIST,MURA_TT_1783.png,MURA_TT_1783.png,false
MURA_TT_1784,XR_WRIST,MURA_TT_1784.png,MURA_TT_1784.png,false
MURA_TT_1785,XR_WRIST,MURA_TT_1785.png,MURA_TT_1785.png,false
MURA_TT_1786,XR_HAND,MURA_TT_1786.png,MURA_TT_1786.png,false
MURA_TT_1787,XR_FOREARM,MURA_TT_1787.png,MURA_TT_1787.png,false
MURA_TT_1788,XR_HUMERUS,MURA_TT_1788.png,MURA_TT_1788.png,false
MURA_TT_1789,XR_WRIST,MURA_TT_1789.png,MURA_TT_1789.png,false
MURA_TT_1790,XR_FOREARM,MURA_TT_1790.png,MURA_TT_1790.png,false
MURA_TT_1791,XR_FOREARM,MURA_TT_1791.png,MURA_TT_1791.png,false
MURA_TT_1792,XR_FOREARM,MURA_TT_1792.png,MURA_TT_1792.png,false
MURA_TT_1793,XR_HUMERUS,MURA_TT_1793.png,MURA_TT_1793.png,false
MURA_TT_1794,XR_SHOULDER,MURA_TT_1794.png,MURA_TT_1794.png,false
MURA_TT_1795,XR_WRIST,MURA_TT_1795.png,MURA_TT_1795.png,false
MURA_TT_1796,XR_SHOULDER,MURA_TT_1796.png,MURA_TT_1796.png,false
MURA_TT_1797,XR_FINGER,MURA_TT_1797.png,MURA_TT_1797.png,false
MURA_TT_1798,XR_HUMERUS,MURA_TT_1798.png,MURA_TT_1798.png,false
MURA_TT_1799,XR_FINGER,MURA_TT_1799.png,MURA_TT_1799.png,false
MURA_TT_1800,XR_SHOULDER,MURA_TT_1800.png,MURA_TT_1800.png,false
MURA_TT_1801,XR_WRIST,MURA_TT_1801.png,MURA_TT_1801.png,false
MURA_TT_1802,XR_HAND,MURA_TT_1802.png,MURA_TT_1802.png,false
MURA_TT_1803,XR_WRIST,MURA_TT_1803.png,MURA_TT_1803.png,false
MURA_TT_1804,XR_SHOULDER,MURA_TT_1804.png,MURA_TT_1804.png,false
MURA_TT_1805,XR_FINGER,MURA_TT_1805.png,MURA_TT_1805.png,false
MURA_TT_1806,XR_WRIST,MURA_TT_1806.png,MURA_TT_1806.png,false
MURA_TT_1807,XR_ELBOW,MURA_TT_1807.png,MURA_TT_1807.png,false
MURA_TT_1808,XR_HUMERUS,MURA_TT_1808.png,MURA_TT_1808.png,false
MURA_TT_1809,XR_FOREARM,MURA_TT_1809.png,MURA_TT_1809.png,false
MURA_TT_1810,XR_SHOULDER,MURA_TT_1810.png,MURA_TT_1810.png,false
MURA_TT_1811,XR_HAND,MURA_TT_1811.png,MURA_TT_1811.png,false
MURA_TT_1812,XR_HAND,MURA_TT_1812.png,MURA_TT_1812.png,false
MURA_TT_1813,XR_WRIST,MURA_TT_1813.png,MURA_TT_1813.png,false
MURA_TT_1814,XR_WRIST,MURA_TT_1814.png,MURA_TT_1814.png,false
MURA_TT_1815,XR_SHOULDER,MURA_TT_1815.png,MURA_TT_1815.png,false
MURA_TT_1816,XR_HAND,MURA_TT_1816.png,MURA_TT_1816.png,false
MURA_TT_1817,XR_SHOULDER,MURA_TT_1817.png,MURA_TT_1817.png,false
MURA_TT_1818,XR_HUMERUS,MURA_TT_1818.png,MURA_TT_1818.png,false
MURA_TT_1819,XR_ELBOW,MURA_TT_1819.png,MURA_TT_1819.png,false
MURA_TT_1820,XR_FINGER,MURA_TT_1820.png,MURA_TT_1820.png,false
MURA_TT_1821,XR_HAND,MURA_TT_1821.png,MURA_TT_1821.png,false
MURA_TT_1822,XR_HAND,MURA_TT_1822.png,MURA_TT_1822.png,false
MURA_TT_1823,XR_FINGER,MURA_TT_1823.png,MURA_TT_1823.png,false
MURA_TT_1824,XR_HAND,MURA_TT_1824.png,MURA_TT_1824.png,false
MURA_TT_1825,XR_WRIST,MURA_TT_1825.png,MURA_TT_1825.png,false
MURA_TT_1826,XR_SHOULDER,MURA_TT_1826.png,MURA_TT_1826.png,false
MURA_TT_1827,XR_HUMERUS,MURA_TT_1827.png,MURA_TT_1827.png,false
MURA_TT_1828,XR_WRIST,MURA_TT_1828.png,MURA_TT_1828.png,false
MURA_TT_1829,XR_FOREARM,MURA_TT_1829.png,MURA_TT_1829.png,false
MURA_TT_1830,XR_WRIST,MURA_TT_1830.png,MURA_TT_1830.png,false
MURA_TT_1831,XR_FOREARM,MURA_TT_1831.png,MURA_TT_1831.png,false
MURA_TT_1832,XR_WRIST,MURA_TT_1832.png,MURA_TT_1832.png,false
MURA_TT_1833,XR_HAND,MURA_TT_1833.png,MURA_TT_1833.png,false
MURA_TT_1834,XR_SHOULDER,MURA_TT_1834.png,MURA_TT_1834.png,false
MURA_TT_1835,XR_FOREARM,MURA_TT_1835.png,MURA_TT_1835.png,false
MURA_TT_1836,XR_FOREARM,MURA_TT_1836.png,MURA_TT_1836.png,false
MURA_TT_1837,XR_ELBOW,MURA_TT_1837.png,MURA_TT_1837.png,false
MURA_TT_1838,XR_HAND,MURA_TT_1838.png,MURA_TT_1838.png,false
MURA_TT_1839,XR_WRIST,MURA_TT_1839.png,MURA_TT_1839.png,false
MURA_TT_1840,XR_WRIST,MURA_TT_1840.png,MURA_TT_1840.png,false
MURA_TT_1841,XR_FINGER,MURA_TT_1841.png,MURA_TT_1841.png,false
MURA_TT_1842,XR_FINGER,MURA_TT_1842.png,MURA_TT_1842.png,false
MURA_TT_1843,XR_HUMERUS,MURA_TT_1843.png,MURA_TT_1843.png,false
MURA_TT_1844,XR_HUMERUS,MURA_TT_1844.png,MURA_TT_1844.png,false
MURA_TT_1845,XR_HAND,MURA_TT_1845.png,MURA_TT_1845.png,false
MURA_TT_1846,XR_HAND,MURA_TT_1846.png,MURA_TT_1846.png,false
MURA_TT_1847,XR_ELBOW,MURA_TT_1847.png,MURA_TT_1847.png,false
MURA_TT_1848,XR_ELBOW,MURA_TT_1848.png,MURA_TT_1848.png,false
MURA_TT_1849,XR_HUMERUS,MURA_TT_1849.png,MURA_TT_1849.png,false
MURA_TT_1850,XR_ELBOW,MURA_TT_1850.png,MURA_TT_1850.png,false
MURA_TT_1851,XR_HUMERUS,MURA_TT_1851.png,MURA_TT_1851.png,false
MURA_TT_1852,XR_ELBOW,MURA_TT_1852.png,MURA_TT_1852.png,false
MURA_TT_1853,XR_SHOULDER,MURA_TT_1853.png,MURA_TT_1853.png,false
MURA_TT_1854,XR_WRIST,MURA_TT_1854.png,MURA_TT_1854.png,false
MURA_TT_1855,XR_FINGER,MURA_TT_1855.png,MURA_TT_1855.png,false
MURA_TT_1856,XR_FINGER,MURA_TT_1856.png,MURA_TT_1856.png,false
MURA_TT_1857,XR_FINGER,MURA_TT_1857.png,MURA_TT_1857.png,false
MURA_TT_1858,XR_WRIST,MURA_TT_1858.png,MURA_TT_1858.png,false
MURA_TT_1859,XR_FINGER,MURA_TT_1859.png,MURA_TT_1859.png,false
MURA_TT_1860,XR_FOREARM,MURA_TT_1860.png,MURA_TT_1860.png,false
MURA_TT_1861,XR_SHOULDER,MURA_TT_1861.png,MURA_TT_1861.png,false
MURA_TT_1862,XR_HUMERUS,MURA_TT_1862.png,MURA_TT_1862.png,false
MURA_TT_1863,XR_HUMERUS,MURA_TT_1863.png,MURA_TT_1863.png,false
MURA_TT_1864,XR_SHOULDER,MURA_TT_1864.png,MURA_TT_1864.png,false
MURA_TT_1865,XR_FOREARM,MURA_TT_1865.png,MURA_TT_1865.png,false
MURA_TT_1866,XR_HUMERUS,MURA_TT_1866.png,MURA_TT_1866.png,false
MURA_TT_1867,XR_SHOULDER,MURA_TT_1867.png,MURA_TT_1867.png,false
MURA_TT_1868,XR_FINGER,MURA_TT_1868.png,MURA_TT_1868.png,false
MURA_TT_1869,XR_WRIST,MURA_TT_1869.png,MURA_TT_1869.png,false
MURA_TT_1870,XR_ELBOW,MURA_TT_1870.png,MURA_TT_1870.png,false
MURA_TT_1871,XR_WRIST,MURA_TT_1871.png,MURA_TT_1871.png,false
MURA_TT_1872,XR_ELBOW,MURA_TT_1872.png,MURA_TT_1872.png,false
MURA_TT_1873,XR_SHOULDER,MURA_TT_1873.png,MURA_TT_1873.png,false
MURA_TT_1874,XR_HUMERUS,MURA_TT_1874.png,MURA_TT_1874.png,false
MURA_TT_1875,XR_FINGER,MURA_TT_1875.png,MURA_TT_1875.png,false
MURA_TT_1876,XR_FINGER,MURA_TT_1876.png,MURA_TT_1876.png,false
MURA_TT_1877,XR_ELBOW,MURA_TT_1877.png,MURA_TT_1877.png,false
MURA_TT_1878,XR_HAND,MURA_TT_1878.png,MURA_TT_1878.png,false
MURA_TT_1879,XR_ELBOW,MURA_TT_1879.png,MURA_TT_1879.png,false
MURA_TT_1880,XR_HAND,MURA_TT_1880.png,MURA_TT_1880.png,false
MURA_TT_1881,XR_HUMERUS,MURA_TT_1881.png,MURA_TT_1881.png,false
MURA_TT_1882,XR_HAND,MURA_TT_1882.png,MURA_TT_1882.png,false
MURA_TT_1883,XR_FINGER,MURA_TT_1883.png,MURA_TT_1883.png,false
MURA_TT_1884,XR_WRIST,MURA_TT_1884.png,MURA_TT_1884.png,false
MURA_TT_1885,XR_FOREARM,MURA_TT_1885.png,MURA_TT_1885.png,false
MURA_TT_1886,XR_WRIST,MURA_TT_1886.png,MURA_TT_1886.png,false
MURA_TT_1887,XR_FINGER,MURA_TT_1887.png,MURA_TT_1887.png,false
MURA_TT_1888,XR_WRIST,MURA_TT_1888.png,MURA_TT_1888.png,false
MURA_TT_1889,XR_HUMERUS,MURA_TT_1889.png,MURA_TT_1889.png,false
MURA_TT_1890,XR_SHOULDER,MURA_TT_1890.png,MURA_TT_1890.png,false
MURA_TT_1891,XR_WRIST,MURA_TT_1891.png,MURA_TT_1891.png,false
MURA_TT_1892,XR_SHOULDER,MURA_TT_1892.png,MURA_TT_1892.png,false
MURA_TT_1893,XR_FINGER,MURA_TT_1893.png,MURA_TT_1893.png,false
MURA_TT_1894,XR_WRIST,MURA_TT_1894.png,MURA_TT_1894.png,false
MURA_TT_1895,XR_HAND,MURA_TT_1895.png,MURA_TT_1895.png,false
MURA_TT_1896,XR_WRIST,MURA_TT_1896.png,MURA_TT_1896.png,false
MURA_TT_1897,XR_ELBOW,MURA_TT_1897.png,MURA_TT_1897.png,false
MURA_TT_1898,XR_HUMERUS,MURA_TT_1898.png,MURA_TT_1898.png,false
MURA_TT_1899,XR_ELBOW,MURA_TT_1899.png,MURA_TT_1899.png,false
MURA_TT_1900,XR_ELBOW,MURA_TT_1900.png,MURA_TT_1900.png,false
MURA_TT_1901,XR_SHOULDER,MURA_TT_1901.png,MURA_TT_1901.png,false
MURA_TT_1902,XR_FOREARM,MURA_TT_1902.png,MURA_TT_1902.png,false
MURA_TT_1903,XR_FINGER,MURA_TT_1903.png,MURA_TT_1903.png,false
MURA_TT_1904,XR_FOREARM,MURA_TT_1904.png,MURA_TT_1904.png,false
MURA_TT_1905,XR_SHOULDER,MURA_TT_1905.png,MURA_TT_1905.png,false
MURA_TT_1906,XR_WRIST,MURA_TT_1906.png,MURA_TT_1906.png,false
MURA_TT_1907,XR_WRIST,MURA_TT_1907.png,MURA_TT_1907.png,false
MURA_TT_1908,XR_HUMERUS,MURA_TT_1908.png,MURA_TT_1908.png,false
MURA_TT_1909,XR_FOREARM,MURA_TT_1909.png,MURA_TT_1909.png,false
MURA_TT_1910,XR_SHOULDER,MURA_TT_1910.png,MURA_TT_1910.png,false
MURA_TT_1911,XR_HUMERUS,MURA_TT_1911.png,MURA_TT_1911.png,false
MURA_TT_1912,XR_HUMERUS,MURA_TT_1912.png,MURA_TT_1912.png,false
MURA_TT_1913,XR_SHOULDER,MURA_TT_1913.png,MURA_TT_1913.png,false
MURA_TT_1914,XR_WRIST,MURA_TT_1914.png,MURA_TT_1914.png,false
MURA_TT_1915,XR_SHOULDER,MURA_TT_1915.png,MURA_TT_1915.png,false
MURA_TT_1916,XR_HUMERUS,MURA_TT_1916.png,MURA_TT_1916.png,false
MURA_TT_1917,XR_ELBOW,MURA_TT_1917.png,MURA_TT_1917.png,false
MURA_TT_1918,XR_ELBOW,MURA_TT_1918.png,MURA_TT_1918.png,false
MURA_TT_1919,XR_HAND,MURA_TT_1919.png,MURA_TT_1919.png,false
MURA_TT_1920,XR_FINGER,MURA_TT_1920.png,MURA_TT_1920.png,false
MURA_TT_1921,XR_SHOULDER,MURA_TT_1921.png,MURA_TT_1921.png,false
MURA_TT_1922,XR_SHOULDER,MURA_TT_1922.png,MURA_TT_1922.png,false
MURA_TT_1923,XR_WRIST,MURA_TT_1923.png,MURA_TT_1923.png,false
MURA_TT_1924,XR_SHOULDER,MURA_TT_1924.png,MURA_TT_1924.png,false
MURA_TT_1925,XR_ELBOW,MURA_TT_1925.png,MURA_TT_1925.png,false
MURA_TT_1926,XR_SHOULDER,MURA_TT_1926.png,MURA_TT_1926.png,false
MURA_TT_1927,XR_HAND,MURA_TT_1927.png,MURA_TT_1927.png,false
MURA_TT_1928,XR_FOREARM,MURA_TT_1928.png,MURA_TT_1928.png,false
MURA_TT_1929,XR_SHOULDER,MURA_TT_1929.png,MURA_TT_1929.png,false
MURA_TT_1930,XR_HAND,MURA_TT_1930.png,MURA_TT_1930.png,false
MURA_TT_1931,XR_ELBOW,MURA_TT_1931.png,MURA_TT_1931.png,false
MURA_TT_1932,XR_ELBOW,MURA_TT_1932.png,MURA_TT_1932.png,false
MURA_TT_1933,XR_FINGER,MURA_TT_1933.png,MURA_TT_1933.png,false
MURA_TT_1934,XR_FOREARM,MURA_TT_1934.png,MURA_TT_1934.png,false
MURA_TT_1935,XR_FINGER,MURA_TT_1935.png,MURA_TT_1935.png,false
MURA_TT_1936,XR_SHOULDER,MURA_TT_1936.png,MURA_TT_1936.png,false
MURA_TT_1937,XR_ELBOW,MURA_TT_1937.png,MURA_TT_1937.png,false
MURA_TT_1938,XR_HAND,MURA_TT_1938.png,MURA_TT_1938.png,false
MURA_TT_1939,XR_ELBOW,MURA_TT_1939.png,MURA_TT_1939.png,false
MURA_TT_1940,XR_FOREARM,MURA_TT_1940.png,MURA_TT_1940.png,false
MURA_TT_1941,XR_WRIST,MURA_TT_1941.png,MURA_TT_1941.png,false
MURA_TT_1942,XR_SHOULDER,MURA_TT_1942.png,MURA_TT_1942.png,false
MURA_TT_1943,XR_HUMERUS,MURA_TT_1943.png,MURA_TT_1943.png,false
MURA_TT_1944,XR_SHOULDER,MURA_TT_1944.png,MURA_TT_1944.png,false
MURA_TT_1945,XR_HAND,MURA_TT_1945.png,MURA_TT_1945.png,false
MURA_TT_1946,XR_SHOULDER,MURA_TT_1946.png,MURA_TT_1946.png,false
MURA_TT_1947,XR_WRIST,MURA_TT_1947.png,MURA_TT_1947.png,false
MURA_TT_1948,XR_WRIST,MURA_TT_1948.png,MURA_TT_1948.png,false
MURA_TT_1949,XR_FOREARM,MURA_TT_1949.png,MURA_TT_1949.png,false
MURA_TT_1950,XR_WRIST,MURA_TT_1950.png,MURA_TT_1950.png,false
MURA_TT_1951,XR_FOREARM,MURA_TT_1951.png,MURA_TT_1951.png,false
MURA_TT_1952,XR_HAND,MURA_TT_1952.png,MURA_TT_1952.png,false
MURA_TT_1953,XR_ELBOW,MURA_TT_1953.png,MURA_TT_1953.png,false
MURA_TT_1954,XR_WRIST,MURA_TT_1954.png,MURA_TT_1954.png,false
MURA_TT_1955,XR_HAND,MURA_TT_1955.png,MURA_TT_1955.png,false
MURA_TT_1956,XR_FOREARM,MURA_TT_1956.png,MURA_TT_1956.png,false
MURA_TT_1957,XR_SHOULDER,MURA_TT_1957.png,MURA_TT_1957.png,false
MURA_TT_1958,XR_WRIST,MURA_TT_1958.png,MURA_TT_1958.png,false
MURA_TT_1959,XR_FINGER,MURA_TT_1959.png,MURA_TT_1959.png,false
MURA_TT_1960,XR_HUMERUS,MURA_TT_1960.png,MURA_TT_1960.png,false
MURA_TT_1961,XR_FINGER,MURA_TT_1961.png,MURA_TT_1961.png,false
MURA_TT_1962,XR_SHOULDER,MURA_TT_1962.png,MURA_TT_1962.png,false
MURA_TT_1963,XR_HAND,MURA_TT_1963.png,MURA_TT_1963.png,false
MURA_TT_1964,XR_HAND,MURA_TT_1964.png,MURA_TT_1964.png,false
MURA_TT_1965,XR_ELBOW,MURA_TT_1965.png,MURA_TT_1965.png,false
MURA_TT_1966,XR_ELBOW,MURA_TT_1966.png,MURA_TT_1966.png,false
MURA_TT_1967,XR_SHOULDER,MURA_TT_1967.png,MURA_TT_1967.png,false
MURA_TT_1968,XR_FINGER,MURA_TT_1968.png,MURA_TT_1968.png,false
MURA_TT_1969,XR_SHOULDER,MURA_TT_1969.png,MURA_TT_1969.png,false
MURA_TT_1970,XR_ELBOW,MURA_TT_1970.png,MURA_TT_1970.png,false
MURA_TT_1971,XR_HAND,MURA_TT_1971.png,MURA_TT_1971.png,false
MURA_TT_1972,XR_SHOULDER,MURA_TT_1972.png,MURA_TT_1972.png,false
MURA_TT_1973,XR_FINGER,MURA_TT_1973.png,MURA_TT_1973.png,false
MURA_TT_1974,XR_HAND,MURA_TT_1974.png,MURA_TT_1974.png,false
MURA_TT_1975,XR_SHOULDER,MURA_TT_1975.png,MURA_TT_1975.png,false
MURA_TT_1976,XR_SHOULDER,MURA_TT_1976.png,MURA_TT_1976.png,false
MURA_TT_1977,XR_FINGER,MURA_TT_1977.png,MURA_TT_1977.png,false
MURA_TT_1978,XR_HAND,MURA_TT_1978.png,MURA_TT_1978.png,false
MURA_TT_1979,XR_SHOULDER,MURA_TT_1979.png,MURA_TT_1979.png,false
MURA_TT_1980,XR_WRIST,MURA_TT_1980.png,MURA_TT_1980.png,false
MURA_TT_1981,XR_ELBOW,MURA_TT_1981.png,MURA_TT_1981.png,false
MURA_TT_1982,XR_WRIST,MURA_TT_1982.png,MURA_TT_1982.png,false
MURA_TT_1983,XR_HAND,MURA_TT_1983.png,MURA_TT_1983.png,false
MURA_TT_1984,XR_HUMERUS,MURA_TT_1984.png,MURA_TT_1984.png,false
MURA_TT_1985,XR_SHOULDER,MURA_TT_1985.png,MURA_TT_1985.png,false
MURA_TT_1986,XR_ELBOW,MURA_TT_1986.png,MURA_TT_1986.png,false
MURA_TT_1987,XR_SHOULDER,MURA_TT_1987.png,MURA_TT_1987.png,false
MURA_TT_1988,XR_FINGER,MURA_TT_1988.png,MURA_TT_1988.png,false
MURA_TT_1989,XR_SHOULDER,MURA_TT_1989.png,MURA_TT_1989.png,false
MURA_TT_1990,XR_FINGER,MURA_TT_1990.png,MURA_TT_1990.png,false
MURA_TT_1991,XR_ELBOW,MURA_TT_1991.png,MURA_TT_1991.png,false
MURA_TT_1992,XR_WRIST,MURA_TT_1992.png,MURA_TT_1992.png,false
MURA_TT_1993,XR_HUMERUS,MURA_TT_1993.png,MURA_TT_1993.png,false
MURA_TT_1994,XR_WRIST,MURA_TT_1994.png,MURA_TT_1994.png,false
MURA_TT_1995,XR_HUMERUS,MURA_TT_1995.png,MURA_TT_1995.png,false
MURA_TT_1996,XR_HUMERUS,MURA_TT_1996.png,MURA_TT_1996.png,false
MURA_TT_1997,XR_SHOULDER,MURA_TT_1997.png,MURA_TT_1997.png,false
MURA_TT_1998,XR_HAND,MURA_TT_1998.png,MURA_TT_1998.png,false
MURA_TT_1999,XR_SHOULDER,MURA_TT_1999.png,MURA_TT_1999.png,false
MURA_TT_2000,XR_HUMERUS,MURA_TT_2000.png,MURA_TT_2000.png,false
