specialist_code,annotation_case_id,assignment_type,presentation_order,region,cluster,sampling_zone,study_id
SPECIALIST_01,MURA_TT_0948,EXCLUSIVE,1,XR_WRIST,6,central,train/XR_WRIST/patient06613/study1_positive
SPECIALIST_01,MURA_TT_0723,EXCLUSIVE,2,XR_FINGER,3,central,train/XR_FINGER/patient03267/study1_positive
SPECIALIST_01,MURA_TT_0265,EXCLUSIVE,3,XR_HUMERUS,1,intermediate,train/XR_HUMERUS/patient02704/study1_positive
SPECIALIST_01,MURA_TT_1716,EXCLUSIVE,4,XR_ELBOW,4,central,train/XR_ELBOW/patient05419/study1_positive
SPECIALIST_01,MURA_TT_1461,EXCLUSIVE,5,XR_SHOULDER,2,central,train/XR_SHOULDER/patient00302/study1_positive
SPECIALIST_01,MURA_TT_0672,EXCLUSIVE,6,XR_SHOULDER,5,intermediate,train/XR_SHOULDER/patient00777/study1_positive
SPECIALIST_01,MURA_TT_1645,EXCLUSIVE,7,XR_ELBOW,1,intermediate,train/XR_ELBOW/patient01839/study1_positive
SPECIALIST_01,MURA_TT_1491,EXCLUSIVE,8,XR_ELBOW,0,intermediate,train/XR_ELBOW/patient04990/study1_positive
SPECIALIST_01,MURA_TT_1814,EXCLUSIVE,9,XR_WRIST,3,central,train/XR_WRIST/patient07347/study1_positive
SPECIALIST_01,MURA_TT_1105,EXCLUSIVE,10,XR_HUMERUS,2,central,train/XR_HUMERUS/patient02830/study1_positive
SPECIALIST_01,MURA_TT_1326,EXCLUSIVE,11,XR_SHOULDER,4,intermediate,train/XR_SHOULDER/patient00328/study2_positive
SPECIALIST_01,MURA_TT_1146,EXCLUSIVE,12,XR_FOREARM,5,peripheral,train/XR_FOREARM/patient09147/study1_positive
SPECIALIST_01,MURA_TT_0788,EXCLUSIVE,13,XR_HAND,1,peripheral,train/XR_HAND/patient10091/study1_positive
SPECIALIST_01,MURA_TT_1574,EXCLUSIVE,14,XR_ELBOW,4,central,train/XR_ELBOW/patient05450/study1_positive
SPECIALIST_01,MURA_TT_0165,SHARED,15,XR_WRIST,8,central,train/XR_WRIST/patient07086/study1_positive
SPECIALIST_01,MURA_TT_0215,SHARED,16,XR_FOREARM,4,central,train/XR_FOREARM/patient09153/study1_positive
SPECIALIST_01,MURA_TT_1302,EXCLUSIVE,17,XR_SHOULDER,0,central,train/XR_SHOULDER/patient00745/study1_positive
SPECIALIST_01,MURA_TT_1116,EXCLUSIVE,18,XR_HAND,2,central,train/XR_HAND/patient10070/study1_positive
SPECIALIST_01,MURA_TT_1568,EXCLUSIVE,19,XR_ELBOW,4,central,train/XR_ELBOW/patient05265/study1_positive
SPECIALIST_01,MURA_TT_1289,EXCLUSIVE,20,XR_FOREARM,5,central,train/XR_FOREARM/patient09196/study1_positive
SPECIALIST_01,MURA_TT_1349,EXCLUSIVE,21,XR_ELBOW,5,intermediate,train/XR_ELBOW/patient04918/study1_positive
SPECIALIST_01,MURA_TT_0273,EXCLUSIVE,22,XR_FINGER,4,peripheral,train/XR_FINGER/patient03242/study1_positive
SPECIALIST_01,MURA_TT_0545,EXCLUSIVE,23,XR_SHOULDER,3,central,train/XR_SHOULDER/patient00356/study1_positive
SPECIALIST_01,MURA_TT_0281,EXCLUSIVE,24,XR_WRIST,8,central,train/XR_WRIST/patient06488/study1_positive
SPECIALIST_01,MURA_TT_0407,EXCLUSIVE,25,XR_WRIST,8,peripheral,train/XR_WRIST/patient06574/study1_positive
SPECIALIST_01,MURA_TT_0585,EXCLUSIVE,26,XR_HAND,5,central,train/XR_HAND/patient07365/study1_positive
SPECIALIST_01,MURA_TT_1889,EXCLUSIVE,27,XR_HUMERUS,0,intermediate,train/XR_HUMERUS/patient02823/study1_positive
SPECIALIST_01,MURA_TT_1327,EXCLUSIVE,28,XR_SHOULDER,3,peripheral,train/XR_SHOULDER/patient00598/study1_positive
SPECIALIST_01,MURA_TT_1257,SHARED,29,XR_WRIST,3,peripheral,train/XR_WRIST/patient05125/study1_positive
SPECIALIST_01,MURA_TT_0295,SHARED,30,XR_FOREARM,1,central,train/XR_FOREARM/patient09148/study1_positive
SPECIALIST_01,MURA_TT_0400,SHARED,31,XR_FINGER,5,intermediate,train/XR_FINGER/patient03595/study1_positive
SPECIALIST_01,MURA_TT_0087,EXCLUSIVE,32,XR_WRIST,5,central,train/XR_WRIST/patient01761/study1_positive
SPECIALIST_01,MURA_TT_1034,EXCLUSIVE,33,XR_FINGER,0,peripheral,train/XR_FINGER/patient03518/study1_positive
SPECIALIST_01,MURA_TT_0592,EXCLUSIVE,34,XR_FOREARM,4,peripheral,train/XR_FOREARM/patient09142/study1_positive
SPECIALIST_01,MURA_TT_0223,EXCLUSIVE,35,XR_FOREARM,0,peripheral,train/XR_FOREARM/patient09091/study1_positive
SPECIALIST_01,MURA_TT_0315,EXCLUSIVE,36,XR_HUMERUS,2,intermediate,train/XR_HUMERUS/patient02719/study1_positive
SPECIALIST_01,MURA_TT_1806,EXCLUSIVE,37,XR_WRIST,4,central,train/XR_WRIST/patient06465/study1_positive
SPECIALIST_01,MURA_TT_0278,EXCLUSIVE,38,XR_FINGER,3,central,train/XR_FINGER/patient03233/study1_positive
SPECIALIST_01,MURA_TT_0849,EXCLUSIVE,39,XR_SHOULDER,1,intermediate,train/XR_SHOULDER/patient00708/study1_positive
SPECIALIST_01,MURA_TT_1024,EXCLUSIVE,40,XR_HAND,4,central,train/XR_HAND/patient09769/study1_positive
SPECIALIST_01,MURA_TT_0881,EXCLUSIVE,41,XR_WRIST,3,central,train/XR_WRIST/patient07193/study1_positive
SPECIALIST_01,MURA_TT_0076,EXCLUSIVE,42,XR_FINGER,1,central,train/XR_FINGER/patient03685/study1_positive
SPECIALIST_01,MURA_TT_0671,EXCLUSIVE,43,XR_HAND,0,central,train/XR_HAND/patient09866/study1_positive
SPECIALIST_01,MURA_TT_1550,EXCLUSIVE,44,XR_FINGER,4,intermediate,train/XR_FINGER/patient03583/study1_positive
SPECIALIST_01,MURA_TT_0883,EXCLUSIVE,45,XR_WRIST,1,peripheral,train/XR_WRIST/patient06694/study1_positive
SPECIALIST_01,MURA_TT_1334,EXCLUSIVE,46,XR_FOREARM,0,central,train/XR_FOREARM/patient09114/study1_positive
SPECIALIST_01,MURA_TT_1913,EXCLUSIVE,47,XR_SHOULDER,3,intermediate,train/XR_SHOULDER/patient01320/study1_positive
SPECIALIST_01,MURA_TT_0209,EXCLUSIVE,48,XR_HUMERUS,2,central,train/XR_HUMERUS/patient02887/study1_positive
SPECIALIST_01,MURA_TT_1894,EXCLUSIVE,49,XR_WRIST,8,peripheral,train/XR_WRIST/patient07241/study1_positive
SPECIALIST_01,MURA_TT_1946,EXCLUSIVE,50,XR_SHOULDER,1,intermediate,train/XR_SHOULDER/patient00116/study1_positive
SPECIALIST_01,MURA_TT_1821,EXCLUSIVE,51,XR_HAND,1,central,train/XR_HAND/patient09801/study1_positive
SPECIALIST_01,MURA_TT_0206,EXCLUSIVE,52,XR_ELBOW,5,central,train/XR_ELBOW/patient05426/study1_positive
SPECIALIST_01,MURA_TT_0033,EXCLUSIVE,53,XR_FOREARM,0,intermediate,train/XR_FOREARM/patient09285/study1_positive
SPECIALIST_01,MURA_TT_1383,EXCLUSIVE,54,XR_HUMERUS,2,peripheral,train/XR_HUMERUS/patient02814/study1_positive
SPECIALIST_01,MURA_TT_1899,SHARED,55,XR_ELBOW,4,central,train/XR_ELBOW/patient05060/study1_positive
SPECIALIST_01,MURA_TT_0717,EXCLUSIVE,56,XR_SHOULDER,5,intermediate,train/XR_SHOULDER/patient00734/study1_positive
SPECIALIST_01,MURA_TT_0544,EXCLUSIVE,57,XR_HUMERUS,3,central,train/XR_HUMERUS/patient02822/study1_positive
SPECIALIST_01,MURA_TT_1136,SHARED,58,XR_WRIST,2,central,train/XR_WRIST/patient06968/study1_positive
SPECIALIST_01,MURA_TT_0289,EXCLUSIVE,59,XR_ELBOW,1,central,train/XR_ELBOW/patient05406/study1_positive
SPECIALIST_01,MURA_TT_1839,EXCLUSIVE,60,XR_WRIST,3,peripheral,train/XR_WRIST/patient07275/study2_positive
SPECIALIST_01,MURA_TT_1074,EXCLUSIVE,61,XR_WRIST,5,intermediate,train/XR_WRIST/patient06931/study1_positive
SPECIALIST_01,MURA_TT_1613,EXCLUSIVE,62,XR_HUMERUS,2,central,train/XR_HUMERUS/patient02780/study1_positive
SPECIALIST_01,MURA_TT_1291,EXCLUSIVE,63,XR_WRIST,8,central,train/XR_WRIST/patient07051/study1_positive
SPECIALIST_01,MURA_TT_0245,EXCLUSIVE,64,XR_SHOULDER,3,central,train/XR_SHOULDER/patient00551/study3_positive
SPECIALIST_01,MURA_TT_0442,EXCLUSIVE,65,XR_ELBOW,4,central,train/XR_ELBOW/patient05360/study1_positive
SPECIALIST_01,MURA_TT_0725,EXCLUSIVE,66,XR_SHOULDER,2,central,train/XR_SHOULDER/patient01324/study1_positive
SPECIALIST_01,MURA_TT_0242,EXCLUSIVE,67,XR_SHOULDER,5,central,train/XR_SHOULDER/patient00934/study1_positive
SPECIALIST_01,MURA_TT_1305,EXCLUSIVE,68,XR_SHOULDER,3,central,train/XR_SHOULDER/patient00223/study1_positive
SPECIALIST_01,MURA_TT_0426,SHARED,69,XR_WRIST,5,central,train/XR_WRIST/patient01856/study1_positive
SPECIALIST_01,MURA_TT_1111,EXCLUSIVE,70,XR_FINGER,0,central,train/XR_FINGER/patient03669/study1_positive
SPECIALIST_01,MURA_TT_1119,SHARED,71,XR_ELBOW,0,intermediate,train/XR_ELBOW/patient05443/study1_positive
SPECIALIST_01,MURA_TT_0897,EXCLUSIVE,72,XR_HAND,1,central,train/XR_HAND/patient08413/study1_positive
SPECIALIST_01,MURA_TT_1518,EXCLUSIVE,73,XR_ELBOW,0,peripheral,train/XR_ELBOW/patient05253/study1_positive
SPECIALIST_01,MURA_TT_1734,EXCLUSIVE,74,XR_ELBOW,0,central,train/XR_ELBOW/patient05268/study1_positive
SPECIALIST_01,MURA_TT_1408,EXCLUSIVE,75,XR_WRIST,4,central,train/XR_WRIST/patient07391/study1_positive
SPECIALIST_01,MURA_TT_0318,SHARED,76,XR_SHOULDER,5,intermediate,train/XR_SHOULDER/patient00889/study1_positive
SPECIALIST_01,MURA_TT_0877,EXCLUSIVE,77,XR_ELBOW,3,peripheral,train/XR_ELBOW/patient05277/study1_positive
SPECIALIST_01,MURA_TT_1382,EXCLUSIVE,78,XR_FINGER,3,central,train/XR_FINGER/patient03511/study1_positive
SPECIALIST_01,MURA_TT_0746,EXCLUSIVE,79,XR_FINGER,4,central,train/XR_FINGER/patient03733/study1_positive
SPECIALIST_01,MURA_TT_0238,EXCLUSIVE,80,XR_HAND,3,intermediate,train/XR_HAND/patient10083/study1_positive
SPECIALIST_01,MURA_TT_0395,EXCLUSIVE,81,XR_FINGER,5,intermediate,train/XR_FINGER/patient03612/study1_positive
SPECIALIST_01,MURA_TT_0346,EXCLUSIVE,82,XR_WRIST,0,peripheral,train/XR_WRIST/patient07402/study1_positive
SPECIALIST_01,MURA_TT_1933,EXCLUSIVE,83,XR_FINGER,0,peripheral,train/XR_FINGER/patient03709/study1_positive
SPECIALIST_01,MURA_TT_1683,EXCLUSIVE,84,XR_FINGER,5,peripheral,train/XR_FINGER/patient03554/study1_positive
SPECIALIST_01,MURA_TT_0611,EXCLUSIVE,85,XR_HUMERUS,2,central,train/XR_HUMERUS/patient02848/study1_positive
SPECIALIST_01,MURA_TT_0683,EXCLUSIVE,86,XR_FOREARM,4,central,train/XR_FOREARM/patient09153/study1_positive
SPECIALIST_01,MURA_TT_0348,EXCLUSIVE,87,XR_WRIST,8,central,train/XR_WRIST/patient01395/study1_positive
SPECIALIST_01,MURA_TT_1153,EXCLUSIVE,88,XR_HAND,4,central,train/XR_HAND/patient10094/study1_positive
SPECIALIST_01,MURA_TT_0634,EXCLUSIVE,89,XR_HUMERUS,3,central,train/XR_HUMERUS/patient02626/study1_positive
SPECIALIST_01,MURA_TT_1915,SHARED,90,XR_SHOULDER,5,peripheral,train/XR_SHOULDER/patient00248/study1_positive
SPECIALIST_01,MURA_TT_0040,SHARED,91,XR_ELBOW,5,central,train/XR_ELBOW/patient03844/study1_positive
SPECIALIST_01,MURA_TT_1377,EXCLUSIVE,92,XR_FOREARM,3,central,train/XR_FOREARM/patient09105/study1_positive
SPECIALIST_01,MURA_TT_1247,EXCLUSIVE,93,XR_FOREARM,5,peripheral,train/XR_FOREARM/patient09261/study1_positive
SPECIALIST_01,MURA_TT_0365,EXCLUSIVE,94,XR_FOREARM,2,peripheral,train/XR_FOREARM/patient09090/study1_positive
SPECIALIST_01,MURA_TT_0333,EXCLUSIVE,95,XR_SHOULDER,5,central,train/XR_SHOULDER/patient00072/study1_positive
SPECIALIST_01,MURA_TT_1217,EXCLUSIVE,96,XR_ELBOW,5,central,train/XR_ELBOW/patient05074/study1_positive
SPECIALIST_01,MURA_TT_0709,EXCLUSIVE,97,XR_ELBOW,4,peripheral,train/XR_ELBOW/patient04910/study1_positive
SPECIALIST_01,MURA_TT_0391,EXCLUSIVE,98,XR_WRIST,4,intermediate,train/XR_WRIST/patient06580/study1_positive
SPECIALIST_01,MURA_TT_0895,EXCLUSIVE,99,XR_FOREARM,2,intermediate,train/XR_FOREARM/patient09123/study1_positive
SPECIALIST_01,MURA_TT_0015,EXCLUSIVE,100,XR_FINGER,2,central,train/XR_FINGER/patient03356/study1_positive
SPECIALIST_01,MURA_TT_0092,SHARED,101,XR_WRIST,3,central,train/XR_WRIST/patient06451/study1_positive
SPECIALIST_01,MURA_TT_0424,EXCLUSIVE,102,XR_FOREARM,1,central,train/XR_FOREARM/patient09130/study1_positive
SPECIALIST_01,MURA_TT_0312,EXCLUSIVE,103,XR_WRIST,1,central,train/XR_WRIST/patient07095/study1_positive
SPECIALIST_01,MURA_TT_0665,SHARED,104,XR_HUMERUS,1,central,train/XR_HUMERUS/patient02871/study1_positive
SPECIALIST_01,MURA_TT_1809,SHARED,105,XR_FOREARM,0,central,train/XR_FOREARM/patient09102/study1_positive
SPECIALIST_01,MURA_TT_1266,EXCLUSIVE,106,XR_ELBOW,0,peripheral,train/XR_ELBOW/patient05123/study1_positive
SPECIALIST_01,MURA_TT_1096,EXCLUSIVE,107,XR_WRIST,2,central,train/XR_WRIST/patient07225/study1_positive
SPECIALIST_01,MURA_TT_0757,EXCLUSIVE,108,XR_HUMERUS,2,central,train/XR_HUMERUS/patient02815/study1_positive
SPECIALIST_01,MURA_TT_0573,SHARED,109,XR_SHOULDER,2,intermediate,train/XR_SHOULDER/patient01293/study1_positive
SPECIALIST_01,MURA_TT_1294,EXCLUSIVE,110,XR_SHOULDER,2,peripheral,train/XR_SHOULDER/patient01064/study1_positive
SPECIALIST_01,MURA_TT_1730,EXCLUSIVE,111,XR_HAND,2,intermediate,train/XR_HAND/patient09827/study1_positive
SPECIALIST_01,MURA_TT_1820,EXCLUSIVE,112,XR_FINGER,2,intermediate,train/XR_FINGER/patient03307/study1_positive
SPECIALIST_01,MURA_TT_1731,EXCLUSIVE,113,XR_WRIST,0,central,train/XR_WRIST/patient06382/study1_positive
SPECIALIST_01,MURA_TT_1727,EXCLUSIVE,114,XR_SHOULDER,3,peripheral,train/XR_SHOULDER/patient00784/study1_positive
SPECIALIST_01,MURA_TT_1631,EXCLUSIVE,115,XR_ELBOW,2,peripheral,train/XR_ELBOW/patient05262/study1_positive
SPECIALIST_01,MURA_TT_1225,EXCLUSIVE,116,XR_SHOULDER,1,peripheral,train/XR_SHOULDER/patient01141/study1_positive
SPECIALIST_01,MURA_TT_1507,EXCLUSIVE,117,XR_HUMERUS,2,intermediate,train/XR_HUMERUS/patient02862/study1_positive
SPECIALIST_01,MURA_TT_1025,EXCLUSIVE,118,XR_HUMERUS,3,central,train/XR_HUMERUS/patient02723/study1_positive
SPECIALIST_01,MURA_TT_1393,EXCLUSIVE,119,XR_ELBOW,1,central,train/XR_ELBOW/patient05229/study1_positive
SPECIALIST_01,MURA_TT_1043,EXCLUSIVE,120,XR_ELBOW,4,peripheral,train/XR_ELBOW/patient05156/study1_positive
SPECIALIST_01,MURA_TT_0570,EXCLUSIVE,121,XR_ELBOW,1,central,train/XR_ELBOW/patient05140/study1_positive
SPECIALIST_01,MURA_TT_1117,EXCLUSIVE,122,XR_SHOULDER,5,central,train/XR_SHOULDER/patient00023/study1_positive
SPECIALIST_01,MURA_TT_1614,EXCLUSIVE,123,XR_SHOULDER,3,central,train/XR_SHOULDER/patient00349/study1_positive
SPECIALIST_01,MURA_TT_1504,EXCLUSIVE,124,XR_WRIST,5,intermediate,train/XR_WRIST/patient06437/study1_positive
SPECIALIST_01,MURA_TT_1656,EXCLUSIVE,125,XR_WRIST,7,central,train/XR_WRIST/patient06530/study1_positive
SPECIALIST_01,MURA_TT_0174,EXCLUSIVE,126,XR_WRIST,5,peripheral,train/XR_WRIST/patient05095/study1_positive
SPECIALIST_01,MURA_TT_0989,SHARED,127,XR_HUMERUS,0,central,train/XR_HUMERUS/patient02870/study1_positive
SPECIALIST_01,MURA_TT_1900,EXCLUSIVE,128,XR_ELBOW,2,peripheral,train/XR_ELBOW/patient05410/study1_positive
SPECIALIST_01,MURA_TT_0361,SHARED,129,XR_FINGER,4,intermediate,train/XR_FINGER/patient03473/study1_positive
SPECIALIST_01,MURA_TT_0695,EXCLUSIVE,130,XR_SHOULDER,0,intermediate,train/XR_SHOULDER/patient01276/study1_positive
SPECIALIST_01,MURA_TT_1469,EXCLUSIVE,131,XR_FINGER,5,central,train/XR_FINGER/patient03762/study1_positive
SPECIALIST_01,MURA_TT_1665,EXCLUSIVE,132,XR_SHOULDER,2,intermediate,train/XR_SHOULDER/patient01003/study1_positive
SPECIALIST_01,MURA_TT_0804,EXCLUSIVE,133,XR_ELBOW,2,central,train/XR_ELBOW/patient01292/study1_positive
SPECIALIST_01,MURA_TT_1776,EXCLUSIVE,134,XR_SHOULDER,1,central,train/XR_SHOULDER/patient01344/study2_positive
SPECIALIST_01,MURA_TT_1290,EXCLUSIVE,135,XR_ELBOW,1,central,train/XR_ELBOW/patient05396/study1_positive
SPECIALIST_01,MURA_TT_1914,EXCLUSIVE,136,XR_WRIST,7,central,train/XR_WRIST/patient06853/study1_positive
SPECIALIST_01,MURA_TT_1085,SHARED,137,XR_WRIST,4,central,train/XR_WRIST/patient04568/study1_positive
SPECIALIST_01,MURA_TT_0510,EXCLUSIVE,138,XR_HUMERUS,3,peripheral,train/XR_HUMERUS/patient02777/study1_positive
SPECIALIST_01,MURA_TT_0198,EXCLUSIVE,139,XR_HAND,2,intermediate,train/XR_HAND/patient10047/study1_positive
SPECIALIST_01,MURA_TT_1830,EXCLUSIVE,140,XR_WRIST,7,central,train/XR_WRIST/patient06661/study1_positive
SPECIALIST_01,MURA_TT_1902,EXCLUSIVE,141,XR_FOREARM,5,intermediate,train/XR_FOREARM/patient09173/study1_positive
SPECIALIST_01,MURA_TT_1539,EXCLUSIVE,142,XR_HAND,4,central,train/XR_HAND/patient09854/study1_positive
SPECIALIST_01,MURA_TT_0575,EXCLUSIVE,143,XR_FINGER,4,central,train/XR_FINGER/patient00848/study1_positive
SPECIALIST_01,MURA_TT_1429,EXCLUSIVE,144,XR_FINGER,5,central,train/XR_FINGER/patient03801/study1_positive
SPECIALIST_01,MURA_TT_1006,EXCLUSIVE,145,XR_FOREARM,1,peripheral,train/XR_FOREARM/patient09180/study1_positive
SPECIALIST_01,MURA_TT_1958,EXCLUSIVE,146,XR_WRIST,3,central,train/XR_WRIST/patient07403/study1_positive
SPECIALIST_01,MURA_TT_0953,EXCLUSIVE,147,XR_SHOULDER,1,central,train/XR_SHOULDER/patient00293/study2_positive
SPECIALIST_01,MURA_TT_1874,EXCLUSIVE,148,XR_HUMERUS,2,central,train/XR_HUMERUS/patient02790/study1_positive
SPECIALIST_01,MURA_TT_1280,SHARED,149,XR_WRIST,7,central,train/XR_WRIST/patient06364/study1_positive
SPECIALIST_01,MURA_TT_1224,EXCLUSIVE,150,XR_FINGER,4,central,train/XR_FINGER/patient03287/study1_positive
SPECIALIST_01,MURA_TT_0017,EXCLUSIVE,151,XR_HAND,0,central,train/XR_HAND/patient09996/study1_positive
SPECIALIST_01,MURA_TT_1684,EXCLUSIVE,152,XR_WRIST,4,intermediate,train/XR_WRIST/patient07362/study1_positive
SPECIALIST_01,MURA_TT_1919,EXCLUSIVE,153,XR_HAND,0,peripheral,train/XR_HAND/patient10055/study1_positive
SPECIALIST_01,MURA_TT_1499,EXCLUSIVE,154,XR_ELBOW,0,central,train/XR_ELBOW/patient04942/study1_positive
SPECIALIST_01,MURA_TT_0690,SHARED,155,XR_WRIST,1,peripheral,train/XR_WRIST/patient06504/study1_positive
SPECIALIST_01,MURA_TT_0342,SHARED,156,XR_FINGER,0,central,train/XR_FINGER/patient03255/study1_positive
SPECIALIST_01,MURA_TT_0322,EXCLUSIVE,157,XR_WRIST,2,intermediate,train/XR_WRIST/patient07190/study2_positive
SPECIALIST_01,MURA_TT_0628,EXCLUSIVE,158,XR_HUMERUS,0,intermediate,train/XR_HUMERUS/patient02802/study1_positive
SPECIALIST_01,MURA_TT_1918,EXCLUSIVE,159,XR_ELBOW,0,central,train/XR_ELBOW/patient05087/study1_positive
SPECIALIST_01,MURA_TT_0822,SHARED,160,XR_FOREARM,5,central,train/XR_FOREARM/patient09269/study1_positive
SPECIALIST_01,MURA_TT_0074,EXCLUSIVE,161,XR_HUMERUS,2,central,train/XR_HUMERUS/patient02829/study1_positive
SPECIALIST_01,MURA_TT_0868,EXCLUSIVE,162,XR_WRIST,5,central,train/XR_WRIST/patient01497/study1_positive
SPECIALIST_01,MURA_TT_0272,EXCLUSIVE,163,XR_WRIST,8,intermediate,train/XR_WRIST/patient06832/study1_positive
SPECIALIST_01,MURA_TT_0454,EXCLUSIVE,164,XR_SHOULDER,0,intermediate,train/XR_SHOULDER/patient01406/study1_positive
SPECIALIST_01,MURA_TT_0373,EXCLUSIVE,165,XR_ELBOW,1,central,train/XR_ELBOW/patient05145/study1_positive
SPECIALIST_01,MURA_TT_0256,EXCLUSIVE,166,XR_HUMERUS,2,intermediate,train/XR_HUMERUS/patient02920/study1_positive
SPECIALIST_01,MURA_TT_0418,EXCLUSIVE,167,XR_ELBOW,0,peripheral,train/XR_ELBOW/patient04960/study1_positive
SPECIALIST_01,MURA_TT_1265,EXCLUSIVE,168,XR_SHOULDER,5,central,train/XR_SHOULDER/patient01262/study1_positive
SPECIALIST_01,MURA_TT_0106,SHARED,169,XR_HAND,3,central,train/XR_HAND/patient09847/study1_positive
SPECIALIST_01,MURA_TT_0736,EXCLUSIVE,170,XR_FOREARM,4,central,train/XR_FOREARM/patient09142/study1_positive
SPECIALIST_01,MURA_TT_0860,EXCLUSIVE,171,XR_WRIST,4,peripheral,train/XR_WRIST/patient06773/study1_positive
SPECIALIST_01,MURA_TT_1723,EXCLUSIVE,172,XR_WRIST,3,central,train/XR_WRIST/patient06847/study1_positive
SPECIALIST_01,MURA_TT_0985,EXCLUSIVE,173,XR_ELBOW,4,peripheral,train/XR_ELBOW/patient05069/study1_positive
SPECIALIST_01,MURA_TT_0715,SHARED,174,XR_HAND,1,central,train/XR_HAND/patient09869/study1_positive
SPECIALIST_01,MURA_TT_1166,EXCLUSIVE,175,XR_FOREARM,3,central,train/XR_FOREARM/patient09137/study1_positive
SPECIALIST_01,MURA_TT_1981,EXCLUSIVE,176,XR_ELBOW,2,central,train/XR_ELBOW/patient05427/study1_positive
SPECIALIST_01,MURA_TT_1811,EXCLUSIVE,177,XR_HAND,0,central,train/XR_HAND/patient09861/study1_positive
SPECIALIST_01,MURA_TT_1098,SHARED,178,XR_ELBOW,5,central,train/XR_ELBOW/patient05007/study1_positive
SPECIALIST_01,MURA_TT_0515,EXCLUSIVE,179,XR_WRIST,6,intermediate,train/XR_WRIST/patient07131/study1_positive
SPECIALIST_01,MURA_TT_0462,EXCLUSIVE,180,XR_FINGER,2,central,train/XR_FINGER/patient03480/study1_positive
SPECIALIST_01,MURA_TT_1448,EXCLUSIVE,181,XR_WRIST,8,central,train/XR_WRIST/patient02290/study1_positive
SPECIALIST_01,MURA_TT_1411,EXCLUSIVE,182,XR_HAND,2,central,train/XR_HAND/patient10071/study1_positive
SPECIALIST_01,MURA_TT_1710,EXCLUSIVE,183,XR_FINGER,0,central,train/XR_FINGER/patient03572/study1_positive
SPECIALIST_01,MURA_TT_0130,EXCLUSIVE,184,XR_FINGER,2,central,train/XR_FINGER/patient03611/study1_positive
SPECIALIST_01,MURA_TT_0626,EXCLUSIVE,185,XR_SHOULDER,5,intermediate,train/XR_SHOULDER/patient01412/study1_positive
SPECIALIST_01,MURA_TT_1048,EXCLUSIVE,186,XR_ELBOW,0,central,train/XR_ELBOW/patient05220/study1_positive
SPECIALIST_01,MURA_TT_0787,EXCLUSIVE,187,XR_FOREARM,2,central,train/XR_FOREARM/patient09203/study1_positive
SPECIALIST_01,MURA_TT_0063,EXCLUSIVE,188,XR_WRIST,1,central,train/XR_WRIST/patient06908/study1_positive
SPECIALIST_01,MURA_TT_0284,EXCLUSIVE,189,XR_SHOULDER,3,central,train/XR_SHOULDER/patient00221/study1_positive
SPECIALIST_01,MURA_TT_1397,EXCLUSIVE,190,XR_HAND,0,central,train/XR_HAND/patient10137/study1_positive
SPECIALIST_01,MURA_TT_1553,EXCLUSIVE,191,XR_HAND,2,intermediate,train/XR_HAND/patient10017/study1_positive
SPECIALIST_01,MURA_TT_1836,EXCLUSIVE,192,XR_FOREARM,3,intermediate,train/XR_FOREARM/patient06323/study1_positive
SPECIALIST_01,MURA_TT_0898,EXCLUSIVE,193,XR_SHOULDER,3,central,train/XR_SHOULDER/patient00672/study1_positive
SPECIALIST_01,MURA_TT_1974,EXCLUSIVE,194,XR_HAND,1,intermediate,train/XR_HAND/patient10096/study1_positive
SPECIALIST_01,MURA_TT_0616,EXCLUSIVE,195,XR_SHOULDER,5,peripheral,train/XR_SHOULDER/patient00436/study1_positive
SPECIALIST_01,MURA_TT_1254,EXCLUSIVE,196,XR_WRIST,1,intermediate,train/XR_WRIST/patient06467/study1_positive
SPECIALIST_01,MURA_TT_0769,EXCLUSIVE,197,XR_FOREARM,1,intermediate,train/XR_FOREARM/patient09088/study1_positive
SPECIALIST_01,MURA_TT_1551,EXCLUSIVE,198,XR_ELBOW,2,intermediate,train/XR_ELBOW/patient04997/study1_positive
SPECIALIST_01,MURA_TT_1509,EXCLUSIVE,199,XR_WRIST,5,central,train/XR_WRIST/patient06977/study1_positive
SPECIALIST_01,MURA_TT_0880,EXCLUSIVE,200,XR_SHOULDER,4,peripheral,train/XR_SHOULDER/patient00075/study1_positive
SPECIALIST_01,MURA_TT_1338,EXCLUSIVE,201,XR_HAND,5,central,train/XR_HAND/patient05219/study1_positive
SPECIALIST_01,MURA_TT_1160,EXCLUSIVE,202,XR_ELBOW,5,central,train/XR_ELBOW/patient05351/study1_positive
SPECIALIST_01,MURA_TT_1344,EXCLUSIVE,203,XR_WRIST,2,central,train/XR_WRIST/patient01264/study1_positive
SPECIALIST_01,MURA_TT_0893,EXCLUSIVE,204,XR_HAND,2,peripheral,train/XR_HAND/patient09917/study1_positive
SPECIALIST_01,MURA_TT_0564,SHARED,205,XR_HAND,0,central,train/XR_HAND/patient10009/study1_positive
SPECIALIST_01,MURA_TT_1368,EXCLUSIVE,206,XR_FOREARM,3,central,train/XR_FOREARM/patient09264/study1_positive
SPECIALIST_01,MURA_TT_1501,EXCLUSIVE,207,XR_WRIST,3,central,train/XR_WRIST/patient06678/study1_positive
SPECIALIST_01,MURA_TT_0833,EXCLUSIVE,208,XR_HAND,0,central,train/XR_HAND/patient01931/study1_positive
SPECIALIST_01,MURA_TT_0799,EXCLUSIVE,209,XR_SHOULDER,0,central,train/XR_SHOULDER/patient00316/study1_positive
SPECIALIST_01,MURA_TT_1834,EXCLUSIVE,210,XR_SHOULDER,5,peripheral,train/XR_SHOULDER/patient00384/study1_positive
SPECIALIST_01,MURA_TT_0068,EXCLUSIVE,211,XR_SHOULDER,5,central,train/XR_SHOULDER/patient01243/study1_positive
SPECIALIST_01,MURA_TT_0676,EXCLUSIVE,212,XR_FINGER,4,intermediate,train/XR_FINGER/patient03740/study1_positive
SPECIALIST_01,MURA_TT_0069,EXCLUSIVE,213,XR_ELBOW,1,intermediate,train/XR_ELBOW/patient05240/study1_positive
SPECIALIST_01,MURA_TT_0053,EXCLUSIVE,214,XR_SHOULDER,4,central,train/XR_SHOULDER/patient01033/study1_positive
SPECIALIST_01,MURA_TT_0894,EXCLUSIVE,215,XR_FINGER,3,central,train/XR_FINGER/patient03269/study1_positive
SPECIALIST_01,MURA_TT_0548,SHARED,216,XR_WRIST,4,central,train/XR_WRIST/patient06602/study1_positive
SPECIALIST_01,MURA_TT_1797,EXCLUSIVE,217,XR_FINGER,5,central,train/XR_FINGER/patient03254/study1_positive
SPECIALIST_01,MURA_TT_1740,SHARED,218,XR_WRIST,1,intermediate,train/XR_WRIST/patient06982/study1_positive
SPECIALIST_01,MURA_TT_0727,EXCLUSIVE,219,XR_ELBOW,0,central,train/XR_ELBOW/patient05030/study1_positive
SPECIALIST_01,MURA_TT_0249,EXCLUSIVE,220,XR_HAND,1,intermediate,train/XR_HAND/patient09860/study1_positive
SPECIALIST_01,MURA_TT_1746,EXCLUSIVE,221,XR_WRIST,5,central,train/XR_WRIST/patient02842/study1_positive
SPECIALIST_01,MURA_TT_1389,EXCLUSIVE,222,XR_WRIST,8,central,train/XR_WRIST/patient07324/study1_positive
SPECIALIST_01,MURA_TT_1989,EXCLUSIVE,223,XR_SHOULDER,1,central,train/XR_SHOULDER/patient00913/study1_positive
SPECIALIST_01,MURA_TT_1438,SHARED,224,XR_ELBOW,4,intermediate,train/XR_ELBOW/patient05012/study1_positive
SPECIALIST_01,MURA_TT_0386,EXCLUSIVE,225,XR_HAND,0,intermediate,train/XR_HAND/patient09781/study1_positive
SPECIALIST_01,MURA_TT_1581,EXCLUSIVE,226,XR_FINGER,5,central,train/XR_FINGER/patient03432/study1_positive
SPECIALIST_01,MURA_TT_1243,EXCLUSIVE,227,XR_SHOULDER,5,central,train/XR_SHOULDER/patient00848/study1_positive
SPECIALIST_01,MURA_TT_1714,EXCLUSIVE,228,XR_ELBOW,1,peripheral,train/XR_ELBOW/patient04995/study1_positive
SPECIALIST_01,MURA_TT_0512,EXCLUSIVE,229,XR_FINGER,0,central,train/XR_FINGER/patient03295/study1_positive
SPECIALIST_01,MURA_TT_1906,EXCLUSIVE,230,XR_WRIST,5,peripheral,train/XR_WRIST/patient06479/study1_positive
SPECIALIST_01,MURA_TT_0102,EXCLUSIVE,231,XR_HUMERUS,0,central,train/XR_HUMERUS/patient02792/study1_positive
SPECIALIST_01,MURA_TT_0530,EXCLUSIVE,232,XR_SHOULDER,1,central,train/XR_SHOULDER/patient00211/study1_positive
SPECIALIST_01,MURA_TT_1283,EXCLUSIVE,233,XR_SHOULDER,4,central,train/XR_SHOULDER/patient01175/study1_positive
SPECIALIST_01,MURA_TT_0846,EXCLUSIVE,234,XR_FOREARM,3,peripheral,train/XR_FOREARM/patient09217/study1_positive
SPECIALIST_01,MURA_TT_0105,EXCLUSIVE,235,XR_ELBOW,5,central,train/XR_ELBOW/patient01921/study1_positive
SPECIALIST_01,MURA_TT_1013,EXCLUSIVE,236,XR_SHOULDER,0,intermediate,train/XR_SHOULDER/patient00813/study1_positive
SPECIALIST_01,MURA_TT_1216,EXCLUSIVE,237,XR_FOREARM,4,intermediate,train/XR_FOREARM/patient04136/study1_positive
SPECIALIST_01,MURA_TT_0310,SHARED,238,XR_ELBOW,0,central,train/XR_ELBOW/patient05183/study1_positive
SPECIALIST_01,MURA_TT_1174,EXCLUSIVE,239,XR_FINGER,3,peripheral,train/XR_FINGER/patient03630/study1_positive
SPECIALIST_01,MURA_TT_0599,EXCLUSIVE,240,XR_HAND,4,intermediate,train/XR_HAND/patient09928/study1_positive
SPECIALIST_01,MURA_TT_0651,EXCLUSIVE,241,XR_WRIST,1,central,train/XR_WRIST/patient06392/study1_positive
SPECIALIST_01,MURA_TT_0294,EXCLUSIVE,242,XR_WRIST,1,central,train/XR_WRIST/patient06791/study1_positive
SPECIALIST_01,MURA_TT_0745,SHARED,243,XR_ELBOW,0,peripheral,train/XR_ELBOW/patient05434/study1_positive
SPECIALIST_01,MURA_TT_0522,EXCLUSIVE,244,XR_FINGER,2,central,train/XR_FINGER/patient03433/study1_positive
SPECIALIST_01,MURA_TT_1132,EXCLUSIVE,245,XR_ELBOW,1,central,train/XR_ELBOW/patient05309/study1_positive
SPECIALIST_01,MURA_TT_0811,EXCLUSIVE,246,XR_WRIST,2,central,train/XR_WRIST/patient06793/study1_positive
SPECIALIST_01,MURA_TT_1792,EXCLUSIVE,247,XR_FOREARM,0,intermediate,train/XR_FOREARM/patient09112/study1_positive
SPECIALIST_01,MURA_TT_0674,EXCLUSIVE,248,XR_HAND,3,central,train/XR_HAND/patient10078/study1_positive
SPECIALIST_01,MURA_TT_0093,EXCLUSIVE,249,XR_ELBOW,4,central,train/XR_ELBOW/patient05109/study1_positive
SPECIALIST_01,MURA_TT_0905,EXCLUSIVE,250,XR_ELBOW,0,intermediate,train/XR_ELBOW/patient05118/study1_positive
SPECIALIST_01,MURA_TT_0366,EXCLUSIVE,251,XR_FINGER,4,central,train/XR_FINGER/patient03321/study1_positive
SPECIALIST_01,MURA_TT_1190,EXCLUSIVE,252,XR_SHOULDER,2,central,train/XR_SHOULDER/patient00653/study1_positive
SPECIALIST_01,MURA_TT_0172,EXCLUSIVE,253,XR_FOREARM,3,intermediate,train/XR_FOREARM/patient09134/study1_positive
SPECIALIST_01,MURA_TT_0507,EXCLUSIVE,254,XR_SHOULDER,4,peripheral,train/XR_SHOULDER/patient00521/study1_positive
SPECIALIST_01,MURA_TT_0187,EXCLUSIVE,255,XR_WRIST,8,peripheral,train/XR_WRIST/patient06955/study1_positive
SPECIALIST_01,MURA_TT_0224,SHARED,256,XR_HUMERUS,3,central,train/XR_HUMERUS/patient01856/study1_positive
SPECIALIST_01,MURA_TT_0501,EXCLUSIVE,257,XR_WRIST,3,intermediate,train/XR_WRIST/patient07333/study1_positive
SPECIALIST_01,MURA_TT_0620,EXCLUSIVE,258,XR_HAND,4,central,train/XR_HAND/patient09908/study1_positive
SPECIALIST_01,MURA_TT_0981,SHARED,259,XR_FOREARM,0,central,train/XR_FOREARM/patient01212/study1_positive
SPECIALIST_01,MURA_TT_1662,EXCLUSIVE,260,XR_HUMERUS,2,central,train/XR_HUMERUS/patient02339/study1_positive
SPECIALIST_01,MURA_TT_1018,EXCLUSIVE,261,XR_SHOULDER,3,central,train/XR_SHOULDER/patient01306/study1_positive
SPECIALIST_01,MURA_TT_1955,EXCLUSIVE,262,XR_HAND,5,peripheral,train/XR_HAND/patient09906/study1_positive
SPECIALIST_01,MURA_TT_0030,EXCLUSIVE,263,XR_ELBOW,0,central,train/XR_ELBOW/patient05283/study1_positive
SPECIALIST_01,MURA_TT_0642,EXCLUSIVE,264,XR_ELBOW,1,central,train/XR_ELBOW/patient05270/study1_positive
SPECIALIST_01,MURA_TT_0321,EXCLUSIVE,265,XR_ELBOW,0,intermediate,train/XR_ELBOW/patient04987/study1_positive
SPECIALIST_01,MURA_TT_1234,EXCLUSIVE,266,XR_FINGER,5,intermediate,train/XR_FINGER/patient03470/study1_positive
SPECIALIST_01,MURA_TT_0095,EXCLUSIVE,267,XR_WRIST,6,peripheral,train/XR_WRIST/patient06666/study1_positive
SPECIALIST_01,MURA_TT_0120,EXCLUSIVE,268,XR_WRIST,1,central,train/XR_WRIST/patient06603/study1_positive
SPECIALIST_01,MURA_TT_1813,EXCLUSIVE,269,XR_WRIST,0,intermediate,train/XR_WRIST/patient06606/study1_positive
SPECIALIST_01,MURA_TT_1263,EXCLUSIVE,270,XR_SHOULDER,2,central,train/XR_SHOULDER/patient00692/study1_positive
SPECIALIST_01,MURA_TT_0147,EXCLUSIVE,271,XR_FOREARM,3,central,train/XR_FOREARM/patient09251/study1_positive
SPECIALIST_01,MURA_TT_1865,SHARED,272,XR_FOREARM,3,central,train/XR_FOREARM/patient09219/study1_positive
SPECIALIST_01,MURA_TT_0939,EXCLUSIVE,273,XR_FINGER,1,central,train/XR_FINGER/patient03450/study1_positive
SPECIALIST_01,MURA_TT_0041,SHARED,274,XR_ELBOW,1,peripheral,train/XR_ELBOW/patient05016/study1_positive
SPECIALIST_01,MURA_TT_0574,EXCLUSIVE,275,XR_SHOULDER,4,central,train/XR_SHOULDER/patient00972/study1_positive
SPECIALIST_01,MURA_TT_0535,EXCLUSIVE,276,XR_HAND,4,central,train/XR_HAND/patient09820/study2_positive
SPECIALIST_01,MURA_TT_0258,SHARED,277,XR_FOREARM,2,central,train/XR_FOREARM/patient09291/study1_positive
SPECIALIST_01,MURA_TT_1999,EXCLUSIVE,278,XR_SHOULDER,4,central,train/XR_SHOULDER/patient00057/study1_positive
SPECIALIST_01,MURA_TT_1800,EXCLUSIVE,279,XR_SHOULDER,0,central,train/XR_SHOULDER/patient00385/study1_positive
SPECIALIST_01,MURA_TT_1632,SHARED,280,XR_HAND,5,central,train/XR_HAND/patient09782/study1_positive
SPECIALIST_01,MURA_TT_0976,SHARED,281,XR_FINGER,5,peripheral,train/XR_FINGER/patient03374/study1_positive
SPECIALIST_01,MURA_TT_1818,EXCLUSIVE,282,XR_HUMERUS,2,central,train/XR_HUMERUS/patient02934/study1_positive
SPECIALIST_01,MURA_TT_1796,EXCLUSIVE,283,XR_SHOULDER,0,central,train/XR_SHOULDER/patient00320/study1_positive
SPECIALIST_01,MURA_TT_0773,SHARED,284,XR_HUMERUS,2,central,train/XR_HUMERUS/patient02825/study1_positive
SPECIALIST_01,MURA_TT_0982,EXCLUSIVE,285,XR_ELBOW,2,central,train/XR_ELBOW/patient05152/study1_positive
SPECIALIST_01,MURA_TT_1732,EXCLUSIVE,286,XR_ELBOW,4,intermediate,train/XR_ELBOW/patient00398/study1_positive
SPECIALIST_01,MURA_TT_0189,EXCLUSIVE,287,XR_SHOULDER,0,central,train/XR_SHOULDER/patient00326/study1_positive
SPECIALIST_01,MURA_TT_0924,EXCLUSIVE,288,XR_HAND,2,central,train/XR_HAND/patient09983/study1_positive
SPECIALIST_01,MURA_TT_1510,EXCLUSIVE,289,XR_FINGER,0,central,train/XR_FINGER/patient03691/study1_positive
SPECIALIST_01,MURA_TT_0086,EXCLUSIVE,290,XR_SHOULDER,4,intermediate,train/XR_SHOULDER/patient00439/study1_positive
SPECIALIST_01,MURA_TT_0909,EXCLUSIVE,291,XR_HUMERUS,0,central,train/XR_HUMERUS/patient02840/study1_positive
SPECIALIST_01,MURA_TT_0244,EXCLUSIVE,292,XR_HAND,4,central,train/XR_HAND/patient09815/study1_positive
SPECIALIST_01,MURA_TT_1885,EXCLUSIVE,293,XR_FOREARM,5,central,train/XR_FOREARM/patient09207/study1_positive
SPECIALIST_01,MURA_TT_1169,SHARED,294,XR_WRIST,8,peripheral,train/XR_WRIST/patient07309/study1_positive
SPECIALIST_01,MURA_TT_1708,EXCLUSIVE,295,XR_WRIST,1,intermediate,train/XR_WRIST/patient03402/study1_positive
SPECIALIST_01,MURA_TT_0996,EXCLUSIVE,296,XR_ELBOW,0,central,train/XR_ELBOW/patient05412/study1_positive
SPECIALIST_01,MURA_TT_0918,EXCLUSIVE,297,XR_SHOULDER,0,central,train/XR_SHOULDER/patient01361/study1_positive
SPECIALIST_01,MURA_TT_1530,EXCLUSIVE,298,XR_FINGER,0,peripheral,train/XR_FINGER/patient03434/study1_positive
SPECIALIST_01,MURA_TT_0990,EXCLUSIVE,299,XR_FINGER,2,peripheral,train/XR_FINGER/patient03236/study1_positive
SPECIALIST_01,MURA_TT_1337,EXCLUSIVE,300,XR_HAND,3,peripheral,train/XR_HAND/patient06451/study1_positive
SPECIALIST_01,MURA_TT_0910,SHARED,301,XR_HUMERUS,3,peripheral,train/XR_HUMERUS/patient02747/study1_positive
SPECIALIST_01,MURA_TT_1399,EXCLUSIVE,302,XR_SHOULDER,2,central,train/XR_SHOULDER/patient01350/study1_positive
SPECIALIST_01,MURA_TT_1653,EXCLUSIVE,303,XR_FINGER,2,peripheral,train/XR_FINGER/patient03747/study1_positive
SPECIALIST_01,MURA_TT_1988,EXCLUSIVE,304,XR_FINGER,1,central,train/XR_FINGER/patient03777/study1_positive
SPECIALIST_01,MURA_TT_0192,EXCLUSIVE,305,XR_ELBOW,5,peripheral,train/XR_ELBOW/patient02932/study1_positive
SPECIALIST_01,MURA_TT_1937,EXCLUSIVE,306,XR_ELBOW,3,central,train/XR_ELBOW/patient04911/study1_positive
SPECIALIST_01,MURA_TT_0320,SHARED,307,XR_SHOULDER,5,peripheral,train/XR_SHOULDER/patient01227/study1_positive
SPECIALIST_01,MURA_TT_0654,EXCLUSIVE,308,XR_HUMERUS,3,central,train/XR_HUMERUS/patient02710/study1_positive
SPECIALIST_01,MURA_TT_0867,SHARED,309,XR_FINGER,3,central,train/XR_FINGER/patient03697/study1_positive
SPECIALIST_01,MURA_TT_0613,EXCLUSIVE,310,XR_HAND,4,peripheral,train/XR_HAND/patient09911/study1_positive
SPECIALIST_01,MURA_TT_0012,EXCLUSIVE,311,XR_SHOULDER,2,central,train/XR_SHOULDER/patient00219/study1_positive
SPECIALIST_01,MURA_TT_1443,EXCLUSIVE,312,XR_WRIST,8,central,train/XR_WRIST/patient07280/study1_positive
SPECIALIST_01,MURA_TT_0758,EXCLUSIVE,313,XR_WRIST,4,central,train/XR_WRIST/patient03622/study1_positive
SPECIALIST_01,MURA_TT_0680,EXCLUSIVE,314,XR_WRIST,8,peripheral,train/XR_WRIST/patient06481/study1_positive
SPECIALIST_01,MURA_TT_0891,EXCLUSIVE,315,XR_SHOULDER,5,central,train/XR_SHOULDER/patient00583/study1_positive
SPECIALIST_01,MURA_TT_1287,EXCLUSIVE,316,XR_HUMERUS,3,intermediate,train/XR_HUMERUS/patient02913/study1_positive
SPECIALIST_01,MURA_TT_1589,EXCLUSIVE,317,XR_SHOULDER,5,central,train/XR_SHOULDER/patient01371/study1_positive
SPECIALIST_01,MURA_TT_0422,SHARED,318,XR_FINGER,1,central,train/XR_FINGER/patient03600/study1_positive
SPECIALIST_01,MURA_TT_1786,EXCLUSIVE,319,XR_HAND,1,central,train/XR_HAND/patient10121/study1_positive
SPECIALIST_01,MURA_TT_0965,SHARED,320,XR_SHOULDER,3,central,train/XR_SHOULDER/patient00846/study1_positive
SPECIALIST_01,MURA_TT_1622,EXCLUSIVE,321,XR_SHOULDER,0,intermediate,train/XR_SHOULDER/patient01336/study1_positive
SPECIALIST_01,MURA_TT_0808,SHARED,322,XR_WRIST,1,central,train/XR_WRIST/patient06659/study1_positive
SPECIALIST_01,MURA_TT_0387,EXCLUSIVE,323,XR_FINGER,5,central,train/XR_FINGER/patient03701/study1_positive
SPECIALIST_01,MURA_TT_0572,EXCLUSIVE,324,XR_SHOULDER,1,peripheral,train/XR_SHOULDER/patient01375/study1_positive
SPECIALIST_01,MURA_TT_0331,EXCLUSIVE,325,XR_FINGER,3,intermediate,train/XR_FINGER/patient03235/study1_positive
SPECIALIST_01,MURA_TT_1304,SHARED,326,XR_SHOULDER,0,intermediate,train/XR_SHOULDER/patient00044/study1_positive
SPECIALIST_01,MURA_TT_0814,SHARED,327,XR_ELBOW,2,central,train/XR_ELBOW/patient05174/study1_positive
SPECIALIST_01,MURA_TT_0508,EXCLUSIVE,328,XR_ELBOW,4,central,train/XR_ELBOW/patient04953/study1_positive
SPECIALIST_01,MURA_TT_1046,EXCLUSIVE,329,XR_SHOULDER,2,central,train/XR_SHOULDER/patient00919/study1_positive
SPECIALIST_01,MURA_TT_0933,EXCLUSIVE,330,XR_SHOULDER,2,central,train/XR_SHOULDER/patient01134/study1_positive
SPECIALIST_01,MURA_TT_1739,EXCLUSIVE,331,XR_WRIST,1,peripheral,train/XR_WRIST/patient05451/study1_positive
SPECIALIST_01,MURA_TT_1324,EXCLUSIVE,332,XR_WRIST,1,intermediate,train/XR_WRIST/patient07242/study1_positive
SPECIALIST_01,MURA_TT_0406,SHARED,333,XR_HUMERUS,2,intermediate,train/XR_HUMERUS/patient02854/study1_positive
SPECIALIST_01,MURA_TT_0843,EXCLUSIVE,334,XR_WRIST,6,central,train/XR_WRIST/patient06585/study1_positive
SPECIALIST_01,MURA_TT_0920,SHARED,335,XR_WRIST,7,central,train/XR_WRIST/patient06544/study1_positive
SPECIALIST_01,MURA_TT_0023,EXCLUSIVE,336,XR_WRIST,8,intermediate,train/XR_WRIST/patient06490/study1_positive
SPECIALIST_01,MURA_TT_0598,EXCLUSIVE,337,XR_WRIST,8,central,train/XR_WRIST/patient07253/study1_positive
SPECIALIST_01,MURA_TT_1745,EXCLUSIVE,338,XR_SHOULDER,2,central,train/XR_SHOULDER/patient00631/study1_positive
SPECIALIST_01,MURA_TT_1650,EXCLUSIVE,339,XR_HUMERUS,3,intermediate,train/XR_HUMERUS/patient02419/study1_positive
SPECIALIST_01,MURA_TT_0389,SHARED,340,XR_FOREARM,2,central,train/XR_FOREARM/patient09118/study1_positive
SPECIALIST_01,MURA_TT_0075,SHARED,341,XR_HAND,0,central,train/XR_HAND/patient08710/study1_positive
SPECIALIST_01,MURA_TT_0847,EXCLUSIVE,342,XR_ELBOW,4,intermediate,train/XR_ELBOW/patient05108/study1_positive
SPECIALIST_01,MURA_TT_0062,SHARED,343,XR_FOREARM,3,intermediate,train/XR_FOREARM/patient09221/study1_positive
SPECIALIST_01,MURA_TT_0852,EXCLUSIVE,344,XR_HUMERUS,0,central,train/XR_HUMERUS/patient02839/study1_positive
SPECIALIST_01,MURA_TT_1866,EXCLUSIVE,345,XR_HUMERUS,3,intermediate,train/XR_HUMERUS/patient02863/study1_positive
SPECIALIST_01,MURA_TT_0649,EXCLUSIVE,346,XR_HUMERUS,3,peripheral,train/XR_HUMERUS/patient02743/study1_positive
SPECIALIST_01,MURA_TT_1328,EXCLUSIVE,347,XR_WRIST,1,central,train/XR_WRIST/patient06611/study1_positive
SPECIALIST_01,MURA_TT_1924,EXCLUSIVE,348,XR_SHOULDER,3,central,train/XR_SHOULDER/patient01265/study1_positive
SPECIALIST_01,MURA_TT_0670,EXCLUSIVE,349,XR_ELBOW,0,central,train/XR_ELBOW/patient05327/study1_positive
SPECIALIST_01,MURA_TT_0113,EXCLUSIVE,350,XR_HUMERUS,2,central,train/XR_HUMERUS/patient02895/study1_positive
SPECIALIST_01,MURA_TT_1805,EXCLUSIVE,351,XR_FINGER,4,intermediate,train/XR_FINGER/patient02119/study1_positive
SPECIALIST_01,MURA_TT_1162,EXCLUSIVE,352,XR_ELBOW,5,intermediate,train/XR_ELBOW/patient05388/study1_positive
SPECIALIST_01,MURA_TT_0433,EXCLUSIVE,353,XR_SHOULDER,2,central,train/XR_SHOULDER/patient00613/study1_positive
SPECIALIST_01,MURA_TT_1274,EXCLUSIVE,354,XR_WRIST,4,central,train/XR_WRIST/patient07268/study1_positive
SPECIALIST_01,MURA_TT_0913,SHARED,355,XR_SHOULDER,2,peripheral,train/XR_SHOULDER/patient00625/study1_positive
SPECIALIST_01,MURA_TT_0986,EXCLUSIVE,356,XR_FOREARM,5,central,train/XR_FOREARM/patient09186/study1_positive
SPECIALIST_01,MURA_TT_0353,SHARED,357,XR_SHOULDER,3,intermediate,train/XR_SHOULDER/patient00124/study1_positive
SPECIALIST_01,MURA_TT_0351,EXCLUSIVE,358,XR_ELBOW,3,intermediate,train/XR_ELBOW/patient04923/study1_positive
SPECIALIST_01,MURA_TT_0915,EXCLUSIVE,359,XR_ELBOW,2,peripheral,train/XR_ELBOW/patient05096/study1_positive
SPECIALIST_01,MURA_TT_1571,EXCLUSIVE,360,XR_WRIST,8,central,train/XR_WRIST/patient07421/study1_positive
SPECIALIST_01,MURA_TT_0737,EXCLUSIVE,361,XR_SHOULDER,5,peripheral,train/XR_SHOULDER/patient00165/study1_positive
SPECIALIST_01,MURA_TT_0423,EXCLUSIVE,362,XR_SHOULDER,3,central,train/XR_SHOULDER/patient00880/study1_positive
SPECIALIST_01,MURA_TT_1513,EXCLUSIVE,363,XR_FINGER,0,intermediate,train/XR_FINGER/patient03240/study1_positive
SPECIALIST_01,MURA_TT_1180,EXCLUSIVE,364,XR_HUMERUS,3,central,train/XR_HUMERUS/patient02712/study1_positive
SPECIALIST_01,MURA_TT_1084,EXCLUSIVE,365,XR_ELBOW,0,peripheral,train/XR_ELBOW/patient05339/study1_positive
SPECIALIST_01,MURA_TT_1523,EXCLUSIVE,366,XR_HUMERUS,3,central,train/XR_HUMERUS/patient02893/study1_positive
SPECIALIST_01,MURA_TT_0650,EXCLUSIVE,367,XR_HUMERUS,3,central,train/XR_HUMERUS/patient02922/study1_positive
SPECIALIST_01,MURA_TT_1080,EXCLUSIVE,368,XR_ELBOW,0,central,train/XR_ELBOW/patient05431/study1_positive
SPECIALIST_01,MURA_TT_0211,EXCLUSIVE,369,XR_WRIST,4,central,train/XR_WRIST/patient06742/study1_positive
SPECIALIST_01,MURA_TT_0724,EXCLUSIVE,370,XR_SHOULDER,5,central,train/XR_SHOULDER/patient00884/study1_positive
SPECIALIST_01,MURA_TT_1763,EXCLUSIVE,371,XR_SHOULDER,3,peripheral,train/XR_SHOULDER/patient00694/study1_positive
SPECIALIST_01,MURA_TT_1569,EXCLUSIVE,372,XR_HUMERUS,3,central,train/XR_HUMERUS/patient01768/study1_positive
SPECIALIST_01,MURA_TT_1101,EXCLUSIVE,373,XR_FINGER,5,central,train/XR_FINGER/patient03357/study1_positive
SPECIALIST_01,MURA_TT_1954,EXCLUSIVE,374,XR_WRIST,5,central,train/XR_WRIST/patient03060/study1_positive
SPECIALIST_01,MURA_TT_0726,EXCLUSIVE,375,XR_FOREARM,3,central,train/XR_FOREARM/patient09120/study1_positive
SPECIALIST_01,MURA_TT_1262,EXCLUSIVE,376,XR_HAND,1,peripheral,train/XR_HAND/patient09979/study1_positive
SPECIALIST_01,MURA_TT_1388,EXCLUSIVE,377,XR_FINGER,3,central,train/XR_FINGER/patient03800/study1_positive
SPECIALIST_01,MURA_TT_0334,EXCLUSIVE,378,XR_FINGER,5,central,train/XR_FINGER/patient03618/study1_positive
SPECIALIST_01,MURA_TT_1311,SHARED,379,XR_SHOULDER,1,central,train/XR_SHOULDER/patient00381/study1_positive
SPECIALIST_01,MURA_TT_1353,EXCLUSIVE,380,XR_FINGER,2,intermediate,train/XR_FINGER/patient03589/study1_positive
SPECIALIST_01,MURA_TT_1543,EXCLUSIVE,381,XR_HUMERUS,2,central,train/XR_HUMERUS/patient02746/study1_positive
SPECIALIST_01,MURA_TT_1689,SHARED,382,XR_ELBOW,2,central,train/XR_ELBOW/patient04925/study1_positive
SPECIALIST_01,MURA_TT_0152,EXCLUSIVE,383,XR_HAND,5,central,train/XR_HAND/patient09829/study1_positive
SPECIALIST_01,MURA_TT_0405,EXCLUSIVE,384,XR_FINGER,3,central,train/XR_FINGER/patient01210/study1_positive
SPECIALIST_01,MURA_TT_0039,EXCLUSIVE,385,XR_HUMERUS,2,intermediate,train/XR_HUMERUS/patient02706/study1_positive
SPECIALIST_01,MURA_TT_0170,EXCLUSIVE,386,XR_WRIST,4,central,train/XR_WRIST/patient06563/study1_positive
SPECIALIST_01,MURA_TT_0327,EXCLUSIVE,387,XR_WRIST,8,central,train/XR_WRIST/patient05302/study1_positive
SPECIALIST_01,MURA_TT_1103,EXCLUSIVE,388,XR_FOREARM,1,intermediate,train/XR_FOREARM/patient03965/study1_positive
SPECIALIST_01,MURA_TT_1410,EXCLUSIVE,389,XR_FOREARM,3,peripheral,train/XR_FOREARM/patient09265/study1_positive
SPECIALIST_01,MURA_TT_0841,EXCLUSIVE,390,XR_HAND,2,central,train/XR_HAND/patient09806/study2_positive
SPECIALIST_01,MURA_TT_0700,EXCLUSIVE,391,XR_ELBOW,1,central,train/XR_ELBOW/patient05102/study1_positive
SPECIALIST_01,MURA_TT_0584,EXCLUSIVE,392,XR_FINGER,0,intermediate,train/XR_FINGER/patient03526/study1_positive
SPECIALIST_01,MURA_TT_1535,EXCLUSIVE,393,XR_WRIST,4,intermediate,train/XR_WRIST/patient07376/study1_positive
SPECIALIST_01,MURA_TT_1670,EXCLUSIVE,394,XR_WRIST,6,peripheral,train/XR_WRIST/patient07222/study1_positive
SPECIALIST_01,MURA_TT_0753,EXCLUSIVE,395,XR_WRIST,1,central,train/XR_WRIST/patient06474/study1_positive
SPECIALIST_01,MURA_TT_1525,EXCLUSIVE,396,XR_FINGER,4,central,train/XR_FINGER/patient03335/study1_positive
SPECIALIST_01,MURA_TT_0464,EXCLUSIVE,397,XR_HUMERUS,0,intermediate,train/XR_HUMERUS/patient02936/study1_positive
SPECIALIST_01,MURA_TT_0959,EXCLUSIVE,398,XR_ELBOW,0,central,train/XR_ELBOW/patient05389/study1_positive
SPECIALIST_01,MURA_TT_0393,EXCLUSIVE,399,XR_FINGER,4,central,train/XR_FINGER/patient03707/study1_positive
SPECIALIST_01,MURA_TT_1318,EXCLUSIVE,400,XR_FOREARM,1,central,train/XR_FOREARM/patient09213/study1_positive
SPECIALIST_01,MURA_TT_1859,EXCLUSIVE,401,XR_FINGER,2,central,train/XR_FINGER/patient00536/study1_positive
SPECIALIST_01,MURA_TT_1537,EXCLUSIVE,402,XR_WRIST,6,central,train/XR_WRIST/patient07134/study1_positive
SPECIALIST_01,MURA_TT_0042,EXCLUSIVE,403,XR_WRIST,8,central,train/XR_WRIST/patient06531/study1_positive
SPECIALIST_01,MURA_TT_1644,EXCLUSIVE,404,XR_WRIST,2,intermediate,train/XR_WRIST/patient06652/study1_positive
SPECIALIST_01,MURA_TT_0932,SHARED,405,XR_WRIST,0,central,train/XR_WRIST/patient07119/study1_positive
SPECIALIST_01,MURA_TT_0969,EXCLUSIVE,406,XR_ELBOW,5,central,train/XR_ELBOW/patient05334/study1_positive
SPECIALIST_01,MURA_TT_0425,EXCLUSIVE,407,XR_SHOULDER,3,central,train/XR_SHOULDER/patient01075/study1_positive
SPECIALIST_01,MURA_TT_0496,EXCLUSIVE,408,XR_HAND,0,intermediate,train/XR_HAND/patient09799/study1_positive
SPECIALIST_01,MURA_TT_1110,EXCLUSIVE,409,XR_FOREARM,3,central,train/XR_FOREARM/patient09293/study1_positive
SPECIALIST_01,MURA_TT_0901,SHARED,410,XR_HAND,4,intermediate,train/XR_HAND/patient02679/study1_positive
SPECIALIST_01,MURA_TT_1370,EXCLUSIVE,411,XR_SHOULDER,4,central,train/XR_SHOULDER/patient00269/study1_positive
SPECIALIST_01,MURA_TT_1316,EXCLUSIVE,412,XR_HUMERUS,2,peripheral,train/XR_HUMERUS/patient02751/study1_positive
SPECIALIST_01,MURA_TT_1219,SHARED,413,XR_FINGER,2,central,train/XR_FINGER/patient03781/study1_positive
SPECIALIST_01,MURA_TT_1702,EXCLUSIVE,414,XR_FOREARM,1,peripheral,train/XR_FOREARM/patient09129/study1_positive
SPECIALIST_01,MURA_TT_1766,EXCLUSIVE,415,XR_SHOULDER,3,central,train/XR_SHOULDER/patient00514/study1_positive
SPECIALIST_01,MURA_TT_1094,EXCLUSIVE,416,XR_SHOULDER,5,peripheral,train/XR_SHOULDER/patient00715/study1_positive
SPECIALIST_01,MURA_TT_1938,EXCLUSIVE,417,XR_HAND,2,central,train/XR_HAND/patient10123/study1_positive
SPECIALIST_01,MURA_TT_1971,EXCLUSIVE,418,XR_HAND,5,central,train/XR_HAND/patient09828/study1_positive
SPECIALIST_01,MURA_TT_0240,EXCLUSIVE,419,XR_FINGER,5,peripheral,train/XR_FINGER/patient03521/study1_positive
SPECIALIST_01,MURA_TT_1428,EXCLUSIVE,420,XR_WRIST,8,peripheral,train/XR_WRIST/patient06713/study1_positive
SPECIALIST_01,MURA_TT_1951,EXCLUSIVE,421,XR_FOREARM,3,intermediate,train/XR_FOREARM/patient09093/study1_positive
SPECIALIST_01,MURA_TT_0713,SHARED,422,XR_HUMERUS,0,central,train/XR_HUMERUS/patient02873/study1_positive
SPECIALIST_01,MURA_TT_1402,EXCLUSIVE,423,XR_FINGER,2,intermediate,train/XR_FINGER/patient03411/study1_positive
SPECIALIST_01,MURA_TT_1559,EXCLUSIVE,424,XR_WRIST,7,peripheral,train/XR_WRIST/patient03215/study1_positive
SPECIALIST_01,MURA_TT_0338,EXCLUSIVE,425,XR_ELBOW,4,central,train/XR_ELBOW/patient05224/study1_positive
SPECIALIST_01,MURA_TT_0018,EXCLUSIVE,426,XR_ELBOW,2,central,train/XR_ELBOW/patient05105/study1_positive
SPECIALIST_01,MURA_TT_0950,EXCLUSIVE,427,XR_WRIST,8,central,train/XR_WRIST/patient07252/study1_positive
SPECIALIST_01,MURA_TT_1156,EXCLUSIVE,428,XR_WRIST,1,central,train/XR_WRIST/patient05043/study1_positive
SPECIALIST_01,MURA_TT_0707,EXCLUSIVE,429,XR_FOREARM,2,peripheral,train/XR_FOREARM/patient04307/study1_positive
SPECIALIST_01,MURA_TT_1336,EXCLUSIVE,430,XR_SHOULDER,0,central,train/XR_SHOULDER/patient01162/study1_positive
SPECIALIST_01,MURA_TT_0884,EXCLUSIVE,431,XR_HUMERUS,0,peripheral,train/XR_HUMERUS/patient02835/study1_positive
SPECIALIST_01,MURA_TT_0432,EXCLUSIVE,432,XR_SHOULDER,5,intermediate,train/XR_SHOULDER/patient00341/study1_positive
SPECIALIST_01,MURA_TT_1612,EXCLUSIVE,433,XR_HAND,0,central,train/XR_HAND/patient09767/study1_positive
SPECIALIST_01,MURA_TT_1413,EXCLUSIVE,434,XR_HAND,4,central,train/XR_HAND/patient10127/study1_positive
SPECIALIST_01,MURA_TT_0457,SHARED,435,XR_FINGER,1,central,train/XR_FINGER/patient03773/study1_positive
SPECIALIST_01,MURA_TT_0964,EXCLUSIVE,436,XR_ELBOW,5,intermediate,train/XR_ELBOW/patient00427/study1_positive
SPECIALIST_01,MURA_TT_1609,EXCLUSIVE,437,XR_SHOULDER,3,central,train/XR_SHOULDER/patient00622/study1_positive
SPECIALIST_01,MURA_TT_1001,EXCLUSIVE,438,XR_FINGER,3,intermediate,train/XR_FINGER/patient03278/study1_positive
SPECIALIST_01,MURA_TT_1047,EXCLUSIVE,439,XR_ELBOW,1,central,train/XR_ELBOW/patient05182/study1_positive
SPECIALIST_01,MURA_TT_0436,EXCLUSIVE,440,XR_WRIST,8,intermediate,train/XR_WRIST/patient06610/study1_positive
SPECIALIST_01,MURA_TT_0831,EXCLUSIVE,441,XR_SHOULDER,2,intermediate,train/XR_SHOULDER/patient00067/study1_positive
SPECIALIST_01,MURA_TT_0264,EXCLUSIVE,442,XR_SHOULDER,5,central,train/XR_SHOULDER/patient00582/study1_positive
SPECIALIST_01,MURA_TT_0057,EXCLUSIVE,443,XR_SHOULDER,1,central,train/XR_SHOULDER/patient00671/study1_positive
SPECIALIST_01,MURA_TT_1977,EXCLUSIVE,444,XR_FINGER,1,central,train/XR_FINGER/patient03395/study1_positive
SPECIALIST_01,MURA_TT_1837,EXCLUSIVE,445,XR_ELBOW,1,intermediate,train/XR_ELBOW/patient01457/study1_positive
SPECIALIST_01,MURA_TT_1249,EXCLUSIVE,446,XR_HAND,5,intermediate,train/XR_HAND/patient10082/study1_positive
SPECIALIST_01,MURA_TT_0547,EXCLUSIVE,447,XR_FOREARM,5,central,train/XR_FOREARM/patient09208/study1_positive
SPECIALIST_01,MURA_TT_1447,EXCLUSIVE,448,XR_HUMERUS,2,peripheral,train/XR_HUMERUS/patient02767/study1_positive
SPECIALIST_01,MURA_TT_1449,EXCLUSIVE,449,XR_SHOULDER,2,central,train/XR_SHOULDER/patient00908/study1_positive
SPECIALIST_01,MURA_TT_1163,EXCLUSIVE,450,XR_SHOULDER,0,central,train/XR_SHOULDER/patient00192/study1_positive
SPECIALIST_01,MURA_TT_0571,EXCLUSIVE,451,XR_SHOULDER,2,central,train/XR_SHOULDER/patient00856/study1_positive
SPECIALIST_01,MURA_TT_0840,SHARED,452,XR_HUMERUS,2,peripheral,train/XR_HUMERUS/patient01344/study1_positive
SPECIALIST_01,MURA_TT_0887,EXCLUSIVE,453,XR_HUMERUS,0,central,train/XR_HUMERUS/patient02771/study1_positive
SPECIALIST_01,MURA_TT_1171,EXCLUSIVE,454,XR_ELBOW,0,central,train/XR_ELBOW/patient05400/study1_positive
SPECIALIST_01,MURA_TT_0943,EXCLUSIVE,455,XR_HAND,1,peripheral,train/XR_HAND/patient03475/study1_positive
SPECIALIST_01,MURA_TT_0988,EXCLUSIVE,456,XR_WRIST,3,central,train/XR_WRIST/patient06386/study1_positive
SPECIALIST_01,MURA_TT_0546,EXCLUSIVE,457,XR_HUMERUS,0,central,train/XR_HUMERUS/patient02894/study1_positive
SPECIALIST_01,MURA_TT_0975,EXCLUSIVE,458,XR_WRIST,5,peripheral,train/XR_WRIST/patient06784/study1_positive
SPECIALIST_01,MURA_TT_0993,EXCLUSIVE,459,XR_FINGER,0,central,train/XR_FINGER/patient03281/study1_positive
SPECIALIST_01,MURA_TT_1253,EXCLUSIVE,460,XR_SHOULDER,5,central,train/XR_SHOULDER/patient00198/study1_positive
SPECIALIST_01,MURA_TT_0940,EXCLUSIVE,461,XR_HUMERUS,3,peripheral,train/XR_HUMERUS/patient02851/study1_positive
SPECIALIST_01,MURA_TT_0581,EXCLUSIVE,462,XR_SHOULDER,4,intermediate,train/XR_SHOULDER/patient00595/study1_positive
SPECIALIST_01,MURA_TT_1694,EXCLUSIVE,463,XR_WRIST,6,intermediate,train/XR_WRIST/patient06969/study1_positive
SPECIALIST_01,MURA_TT_1835,SHARED,464,XR_FOREARM,5,central,train/XR_FOREARM/patient09141/study1_positive
SPECIALIST_01,MURA_TT_1733,EXCLUSIVE,465,XR_FOREARM,2,peripheral,train/XR_FOREARM/patient09252/study1_positive
SPECIALIST_01,MURA_TT_0607,EXCLUSIVE,466,XR_HUMERUS,3,peripheral,train/XR_HUMERUS/patient02930/study1_positive
SPECIALIST_01,MURA_TT_1484,EXCLUSIVE,467,XR_FOREARM,2,intermediate,train/XR_FOREARM/patient09200/study1_positive
SPECIALIST_01,MURA_TT_1511,EXCLUSIVE,468,XR_SHOULDER,3,central,train/XR_SHOULDER/patient00424/study1_positive
SPECIALIST_01,MURA_TT_0778,EXCLUSIVE,469,XR_SHOULDER,2,intermediate,train/XR_SHOULDER/patient00531/study1_positive
SPECIALIST_01,MURA_TT_0712,SHARED,470,XR_SHOULDER,0,peripheral,train/XR_SHOULDER/patient01260/study1_positive
SPECIALIST_01,MURA_TT_0108,EXCLUSIVE,471,XR_ELBOW,5,central,train/XR_ELBOW/patient05039/study1_positive
SPECIALIST_01,MURA_TT_1260,EXCLUSIVE,472,XR_ELBOW,1,central,train/XR_ELBOW/patient05369/study1_positive
SPECIALIST_01,MURA_TT_0931,SHARED,473,XR_SHOULDER,4,intermediate,train/XR_SHOULDER/patient00142/study1_positive
SPECIALIST_01,MURA_TT_0807,EXCLUSIVE,474,XR_FINGER,1,peripheral,train/XR_FINGER/patient03538/study1_positive
SPECIALIST_01,MURA_TT_0497,EXCLUSIVE,475,XR_SHOULDER,2,peripheral,train/XR_SHOULDER/patient01291/study1_positive
SPECIALIST_01,MURA_TT_1361,EXCLUSIVE,476,XR_SHOULDER,2,central,train/XR_SHOULDER/patient00048/study1_positive
SPECIALIST_01,MURA_TT_0184,EXCLUSIVE,477,XR_SHOULDER,0,central,train/XR_SHOULDER/patient00105/study1_positive
SPECIALIST_01,MURA_TT_0481,EXCLUSIVE,478,XR_WRIST,5,intermediate,train/XR_WRIST/patient07235/study1_positive
SPECIALIST_01,MURA_TT_0973,EXCLUSIVE,479,XR_ELBOW,2,central,train/XR_ELBOW/patient05286/study1_positive
SPECIALIST_01,MURA_TT_1996,EXCLUSIVE,480,XR_HUMERUS,3,central,train/XR_HUMERUS/patient02705/study1_positive
SPECIALIST_01,MURA_TT_0398,EXCLUSIVE,481,XR_WRIST,3,intermediate,train/XR_WRIST/patient06517/study1_positive
SPECIALIST_01,MURA_TT_1639,SHARED,482,XR_WRIST,6,central,train/XR_WRIST/patient06559/study1_positive
SPECIALIST_01,MURA_TT_0608,EXCLUSIVE,483,XR_SHOULDER,4,central,train/XR_SHOULDER/patient00056/study1_positive
SPECIALIST_01,MURA_TT_0892,SHARED,484,XR_SHOULDER,3,peripheral,train/XR_SHOULDER/patient00307/study1_positive
SPECIALIST_01,MURA_TT_0630,EXCLUSIVE,485,XR_SHOULDER,2,central,train/XR_SHOULDER/patient01186/study1_positive
SPECIALIST_01,MURA_TT_1135,EXCLUSIVE,486,XR_FINGER,5,intermediate,train/XR_FINGER/patient03230/study1_positive
SPECIALIST_01,MURA_TT_1423,EXCLUSIVE,487,XR_WRIST,3,peripheral,train/XR_WRIST/patient07422/study1_positive
SPECIALIST_01,MURA_TT_0355,EXCLUSIVE,488,XR_ELBOW,1,peripheral,train/XR_ELBOW/patient05264/study1_positive
SPECIALIST_01,MURA_TT_0656,EXCLUSIVE,489,XR_ELBOW,1,peripheral,train/XR_ELBOW/patient05218/study1_positive
SPECIALIST_01,MURA_TT_0045,EXCLUSIVE,490,XR_SHOULDER,5,intermediate,train/XR_SHOULDER/patient00470/study1_positive
SPECIALIST_01,MURA_TT_1231,EXCLUSIVE,491,XR_WRIST,6,central,train/XR_WRIST/patient06501/study1_positive
SPECIALIST_01,MURA_TT_1264,EXCLUSIVE,492,XR_FOREARM,3,central,train/XR_FOREARM/patient09150/study1_positive
SPECIALIST_01,MURA_TT_1882,EXCLUSIVE,493,XR_HAND,3,central,train/XR_HAND/patient00084/study1_positive
SPECIALIST_01,MURA_TT_0306,EXCLUSIVE,494,XR_WRIST,8,central,train/XR_WRIST/patient06868/study1_positive
SPECIALIST_01,MURA_TT_0143,EXCLUSIVE,495,XR_WRIST,2,central,train/XR_WRIST/patient07191/study1_positive
SPECIALIST_01,MURA_TT_0511,SHARED,496,XR_ELBOW,3,central,train/XR_ELBOW/patient05186/study1_positive
SPECIALIST_01,MURA_TT_1871,SHARED,497,XR_WRIST,5,intermediate,train/XR_WRIST/patient07295/study1_positive
SPECIALIST_01,MURA_TT_1785,EXCLUSIVE,498,XR_WRIST,5,peripheral,train/XR_WRIST/patient06729/study1_positive
SPECIALIST_01,MURA_TT_1068,EXCLUSIVE,499,XR_FOREARM,3,central,train/XR_FOREARM/patient09295/study1_positive
SPECIALIST_01,MURA_TT_1300,SHARED,500,XR_FINGER,4,peripheral,train/XR_FINGER/patient02094/study1_positive
SPECIALIST_01,MURA_TT_1352,EXCLUSIVE,501,XR_FINGER,3,intermediate,train/XR_FINGER/patient03698/study1_positive
SPECIALIST_01,MURA_TT_0118,EXCLUSIVE,502,XR_HAND,5,intermediate,train/XR_HAND/patient09963/study1_positive
SPECIALIST_01,MURA_TT_0304,EXCLUSIVE,503,XR_SHOULDER,3,intermediate,train/XR_SHOULDER/patient01082/study1_positive
SPECIALIST_01,MURA_TT_1737,EXCLUSIVE,504,XR_WRIST,8,central,train/XR_WRIST/patient07034/study1_positive
SPECIALIST_01,MURA_TT_1029,EXCLUSIVE,505,XR_SHOULDER,3,intermediate,train/XR_SHOULDER/patient01398/study1_positive
SPECIALIST_01,MURA_TT_1812,EXCLUSIVE,506,XR_HAND,2,peripheral,train/XR_HAND/patient10084/study1_positive
SPECIALIST_01,MURA_TT_1463,EXCLUSIVE,507,XR_SHOULDER,1,intermediate,train/XR_SHOULDER/patient01084/study1_positive
SPECIALIST_01,MURA_TT_0142,EXCLUSIVE,508,XR_FINGER,0,intermediate,train/XR_FINGER/patient03409/study1_positive
SPECIALIST_01,MURA_TT_0523,EXCLUSIVE,509,XR_WRIST,2,central,train/XR_WRIST/patient00077/study1_positive
SPECIALIST_01,MURA_TT_1602,EXCLUSIVE,510,XR_HAND,1,central,train/XR_HAND/patient10061/study1_positive
SPECIALIST_01,MURA_TT_0230,SHARED,511,XR_FINGER,2,intermediate,train/XR_FINGER/patient03566/study1_positive
SPECIALIST_01,MURA_TT_0861,EXCLUSIVE,512,XR_HAND,2,peripheral,train/XR_HAND/patient09878/study1_positive
SPECIALIST_01,MURA_TT_1422,EXCLUSIVE,513,XR_HAND,0,intermediate,train/XR_HAND/patient09785/study1_positive
SPECIALIST_01,MURA_TT_0526,EXCLUSIVE,514,XR_HAND,0,peripheral,train/XR_HAND/patient08897/study1_positive
SPECIALIST_01,MURA_TT_0445,SHARED,515,XR_SHOULDER,5,central,train/XR_SHOULDER/patient01355/study1_positive
SPECIALIST_01,MURA_TT_1554,SHARED,516,XR_SHOULDER,2,central,train/XR_SHOULDER/patient00091/study1_positive
SPECIALIST_01,MURA_TT_0551,EXCLUSIVE,517,XR_FOREARM,0,central,train/XR_FOREARM/patient04196/study1_positive
SPECIALIST_01,MURA_TT_1398,EXCLUSIVE,518,XR_FINGER,4,peripheral,train/XR_FINGER/patient03557/study1_positive
SPECIALIST_01,MURA_TT_1561,EXCLUSIVE,519,XR_ELBOW,2,central,train/XR_ELBOW/patient05273/study1_positive
SPECIALIST_01,MURA_TT_1455,EXCLUSIVE,520,XR_WRIST,3,central,train/XR_WRIST/patient07228/study1_positive
SPECIALIST_01,MURA_TT_1196,EXCLUSIVE,521,XR_SHOULDER,2,intermediate,train/XR_SHOULDER/patient01239/study1_positive
SPECIALIST_01,MURA_TT_0790,EXCLUSIVE,522,XR_HAND,5,central,train/XR_HAND/patient03959/study1_positive
SPECIALIST_01,MURA_TT_0420,EXCLUSIVE,523,XR_WRIST,4,peripheral,train/XR_WRIST/patient04738/study1_positive
SPECIALIST_01,MURA_TT_0875,EXCLUSIVE,524,XR_FINGER,3,peripheral,train/XR_FINGER/patient03325/study1_positive
SPECIALIST_01,MURA_TT_0871,EXCLUSIVE,525,XR_FOREARM,3,central,train/XR_FOREARM/patient09294/study1_positive
SPECIALIST_01,MURA_TT_0914,EXCLUSIVE,526,XR_SHOULDER,5,central,train/XR_SHOULDER/patient00185/study1_positive
SPECIALIST_01,MURA_TT_1157,EXCLUSIVE,527,XR_HAND,0,central,train/XR_HAND/patient09777/study1_positive
SPECIALIST_01,MURA_TT_0141,EXCLUSIVE,528,XR_SHOULDER,2,central,train/XR_SHOULDER/patient00010/study1_positive
SPECIALIST_01,MURA_TT_0448,EXCLUSIVE,529,XR_SHOULDER,3,peripheral,train/XR_SHOULDER/patient00190/study1_positive
SPECIALIST_01,MURA_TT_1845,EXCLUSIVE,530,XR_HAND,4,intermediate,train/XR_HAND/patient09822/study1_positive
SPECIALIST_01,MURA_TT_0540,EXCLUSIVE,531,XR_WRIST,8,intermediate,train/XR_WRIST/patient07364/study1_positive
SPECIALIST_01,MURA_TT_0006,EXCLUSIVE,532,XR_SHOULDER,1,peripheral,train/XR_SHOULDER/patient01408/study1_positive
SPECIALIST_01,MURA_TT_1256,EXCLUSIVE,533,XR_WRIST,2,peripheral,train/XR_WRIST/patient00805/study1_positive
SPECIALIST_01,MURA_TT_0058,SHARED,534,XR_WRIST,2,peripheral,train/XR_WRIST/patient00189/study1_positive
SPECIALIST_01,MURA_TT_0806,SHARED,535,XR_HAND,2,central,train/XR_HAND/patient10027/study1_positive
SPECIALIST_01,MURA_TT_0214,EXCLUSIVE,536,XR_ELBOW,4,central,train/XR_ELBOW/patient05338/study1_positive
SPECIALIST_01,MURA_TT_1922,EXCLUSIVE,537,XR_SHOULDER,4,peripheral,train/XR_SHOULDER/patient01270/study1_positive
SPECIALIST_01,MURA_TT_0890,EXCLUSIVE,538,XR_ELBOW,2,central,train/XR_ELBOW/patient05344/study1_positive
SPECIALIST_01,MURA_TT_0352,EXCLUSIVE,539,XR_FINGER,4,central,train/XR_FINGER/patient03514/study1_positive
SPECIALIST_01,MURA_TT_0967,EXCLUSIVE,540,XR_HAND,4,central,train/XR_HAND/patient09951/study1_positive
SPECIALIST_01,MURA_TT_0048,EXCLUSIVE,541,XR_HAND,3,peripheral,train/XR_HAND/patient10014/study1_positive
SPECIALIST_01,MURA_TT_1753,EXCLUSIVE,542,XR_WRIST,1,central,train/XR_WRIST/patient07010/study1_positive
SPECIALIST_01,MURA_TT_0708,EXCLUSIVE,543,XR_FOREARM,3,central,train/XR_FOREARM/patient08872/study1_positive
SPECIALIST_01,MURA_TT_1465,EXCLUSIVE,544,XR_FOREARM,0,central,train/XR_FOREARM/patient09234/study1_positive
SPECIALIST_01,MURA_TT_0179,EXCLUSIVE,545,XR_HAND,3,central,train/XR_HAND/patient09952/study1_positive
SPECIALIST_01,MURA_TT_1258,EXCLUSIVE,546,XR_SHOULDER,0,peripheral,train/XR_SHOULDER/patient01325/study1_positive
SPECIALIST_01,MURA_TT_0682,EXCLUSIVE,547,XR_HUMERUS,3,intermediate,train/XR_HUMERUS/patient02916/study1_positive
SPECIALIST_01,MURA_TT_0343,EXCLUSIVE,548,XR_WRIST,7,intermediate,train/XR_WRIST/patient06873/study1_positive
SPECIALIST_01,MURA_TT_0766,EXCLUSIVE,549,XR_HUMERUS,2,central,train/XR_HUMERUS/patient02889/study1_positive
SPECIALIST_01,MURA_TT_0612,SHARED,550,XR_FOREARM,1,central,train/XR_FOREARM/patient09266/study1_positive
SPECIALIST_01,MURA_TT_1780,EXCLUSIVE,551,XR_WRIST,2,central,train/XR_WRIST/patient07388/study1_positive
SPECIALIST_01,MURA_TT_0655,EXCLUSIVE,552,XR_WRIST,0,central,train/XR_WRIST/patient07274/study1_positive
SPECIALIST_01,MURA_TT_1596,EXCLUSIVE,553,XR_HUMERUS,0,peripheral,train/XR_HUMERUS/patient02844/study1_positive
SPECIALIST_01,MURA_TT_0869,EXCLUSIVE,554,XR_FINGER,4,central,train/XR_FINGER/patient03377/study1_positive
SPECIALIST_01,MURA_TT_0119,EXCLUSIVE,555,XR_FINGER,1,intermediate,train/XR_FINGER/patient03326/study1_positive
SPECIALIST_01,MURA_TT_1200,EXCLUSIVE,556,XR_HAND,2,central,train/XR_HAND/patient10134/study1_positive
SPECIALIST_01,MURA_TT_0500,EXCLUSIVE,557,XR_FOREARM,3,peripheral,train/XR_FOREARM/patient05730/study1_positive
SPECIALIST_01,MURA_TT_1749,EXCLUSIVE,558,XR_HUMERUS,3,central,train/XR_HUMERUS/patient02785/study1_positive
SPECIALIST_01,MURA_TT_1040,EXCLUSIVE,559,XR_FOREARM,2,central,train/XR_FOREARM/patient09151/study1_positive
SPECIALIST_01,MURA_TT_0747,EXCLUSIVE,560,XR_ELBOW,2,intermediate,train/XR_ELBOW/patient05290/study1_positive
SPECIALIST_01,MURA_TT_1083,EXCLUSIVE,561,XR_FINGER,1,central,train/XR_FINGER/patient03426/study1_positive
SPECIALIST_01,MURA_TT_1313,EXCLUSIVE,562,XR_HAND,4,central,train/XR_HAND/patient10115/study1_positive
SPECIALIST_01,MURA_TT_1576,EXCLUSIVE,563,XR_FINGER,4,peripheral,train/XR_FINGER/patient03597/study1_positive
SPECIALIST_01,MURA_TT_0443,EXCLUSIVE,564,XR_SHOULDER,4,central,train/XR_SHOULDER/patient00148/study1_positive
SPECIALIST_01,MURA_TT_0604,EXCLUSIVE,565,XR_SHOULDER,0,peripheral,train/XR_SHOULDER/patient01201/study1_positive
SPECIALIST_01,MURA_TT_1077,EXCLUSIVE,566,XR_FINGER,0,central,train/XR_FINGER/patient03769/study1_positive
SPECIALIST_01,MURA_TT_0286,EXCLUSIVE,567,XR_ELBOW,1,central,train/XR_ELBOW/patient05294/study1_positive
SPECIALIST_01,MURA_TT_0557,EXCLUSIVE,568,XR_WRIST,3,central,train/XR_WRIST/patient06939/study1_positive
SPECIALIST_01,MURA_TT_0402,EXCLUSIVE,569,XR_ELBOW,5,central,train/XR_ELBOW/patient05101/study1_positive
SPECIALIST_01,MURA_TT_1642,EXCLUSIVE,570,XR_HUMERUS,3,central,train/XR_HUMERUS/patient02185/study1_positive
SPECIALIST_01,MURA_TT_0228,SHARED,571,XR_ELBOW,1,intermediate,train/XR_ELBOW/patient05446/study1_positive
SPECIALIST_01,MURA_TT_0297,EXCLUSIVE,572,XR_ELBOW,0,intermediate,train/XR_ELBOW/patient05067/study1_positive
SPECIALIST_01,MURA_TT_1778,EXCLUSIVE,573,XR_SHOULDER,3,central,train/XR_SHOULDER/patient00409/study1_positive
SPECIALIST_01,MURA_TT_1976,EXCLUSIVE,574,XR_SHOULDER,5,central,train/XR_SHOULDER/patient01404/study1_positive
SPECIALIST_01,MURA_TT_1524,SHARED,575,XR_SHOULDER,0,central,train/XR_SHOULDER/patient00611/study1_positive
SPECIALIST_01,MURA_TT_0305,EXCLUSIVE,576,XR_HAND,1,central,train/XR_HAND/patient09424/study2_positive
SPECIALIST_01,MURA_TT_0637,EXCLUSIVE,577,XR_WRIST,6,central,train/XR_WRIST/patient07237/study1_positive
SPECIALIST_01,MURA_TT_1437,EXCLUSIVE,578,XR_FINGER,4,central,train/XR_FINGER/patient03539/study1_positive
SPECIALIST_01,MURA_TT_1941,SHARED,579,XR_WRIST,5,peripheral,train/XR_WRIST/patient06616/study1_positive
SPECIALIST_01,MURA_TT_1301,EXCLUSIVE,580,XR_FINGER,1,central,train/XR_FINGER/patient03322/study1_positive
SPECIALIST_01,MURA_TT_1925,EXCLUSIVE,581,XR_ELBOW,1,central,train/XR_ELBOW/patient00238/study1_positive
SPECIALIST_01,MURA_TT_1031,SHARED,582,XR_WRIST,8,intermediate,train/XR_WRIST/patient06381/study1_positive
SPECIALIST_01,MURA_TT_1379,EXCLUSIVE,583,XR_WRIST,5,central,train/XR_WRIST/patient07039/study1_positive
SPECIALIST_01,MURA_TT_0621,EXCLUSIVE,584,XR_WRIST,2,central,train/XR_WRIST/patient06783/study2_positive
SPECIALIST_01,MURA_TT_0633,EXCLUSIVE,585,XR_FINGER,1,peripheral,train/XR_FINGER/patient03791/study1_positive
SPECIALIST_01,MURA_TT_0865,EXCLUSIVE,586,XR_SHOULDER,5,central,train/XR_SHOULDER/patient00318/study1_positive
SPECIALIST_01,MURA_TT_1175,EXCLUSIVE,587,XR_FOREARM,5,central,train/XR_FOREARM/patient01419/study2_positive
SPECIALIST_01,MURA_TT_1877,EXCLUSIVE,588,XR_ELBOW,4,central,train/XR_ELBOW/patient00196/study1_positive
SPECIALIST_01,MURA_TT_0287,EXCLUSIVE,589,XR_FINGER,0,central,train/XR_FINGER/patient03495/study1_positive
SPECIALIST_01,MURA_TT_0872,EXCLUSIVE,590,XR_SHOULDER,3,intermediate,train/XR_SHOULDER/patient00170/study1_positive
SPECIALIST_01,MURA_TT_0593,EXCLUSIVE,591,XR_WRIST,8,central,train/XR_WRIST/patient07187/study1_positive
SPECIALIST_01,MURA_TT_1962,EXCLUSIVE,592,XR_SHOULDER,5,peripheral,train/XR_SHOULDER/patient00078/study1_positive
SPECIALIST_01,MURA_TT_0978,EXCLUSIVE,593,XR_SHOULDER,5,central,train/XR_SHOULDER/patient00325/study1_positive
SPECIALIST_01,MURA_TT_1566,EXCLUSIVE,594,XR_HAND,5,peripheral,train/XR_HAND/patient10110/study1_positive
SPECIALIST_01,MURA_TT_0336,EXCLUSIVE,595,XR_WRIST,3,intermediate,train/XR_WRIST/patient07129/study1_positive
SPECIALIST_01,MURA_TT_1827,EXCLUSIVE,596,XR_HUMERUS,1,central,train/XR_HUMERUS/patient02718/study1_positive
SPECIALIST_01,MURA_TT_0719,SHARED,597,XR_FINGER,3,central,train/XR_FINGER/patient03443/study1_positive
SPECIALIST_01,MURA_TT_1396,EXCLUSIVE,598,XR_WRIST,8,central,train/XR_WRIST/patient06851/study1_positive
SPECIALIST_01,MURA_TT_1675,EXCLUSIVE,599,XR_WRIST,1,intermediate,train/XR_WRIST/patient07281/study1_positive
SPECIALIST_01,MURA_TT_0961,EXCLUSIVE,600,XR_ELBOW,3,central,train/XR_ELBOW/patient05278/study1_positive
SPECIALIST_01,MURA_TT_1468,SHARED,601,XR_HAND,1,central,train/XR_HAND/patient00008/study1_positive
SPECIALIST_01,MURA_TT_0324,EXCLUSIVE,602,XR_FINGER,0,central,train/XR_FINGER/patient03405/study1_positive
SPECIALIST_01,MURA_TT_0269,EXCLUSIVE,603,XR_ELBOW,4,central,train/XR_ELBOW/patient04236/study1_positive
SPECIALIST_01,MURA_TT_1936,EXCLUSIVE,604,XR_SHOULDER,2,central,train/XR_SHOULDER/patient01311/study1_positive
SPECIALIST_01,MURA_TT_0949,SHARED,605,XR_HAND,4,central,train/XR_HAND/patient09789/study1_positive
SPECIALIST_01,MURA_TT_1436,EXCLUSIVE,606,XR_FINGER,3,central,train/XR_FINGER/patient03635/study1_positive
SPECIALIST_01,MURA_TT_1950,EXCLUSIVE,607,XR_WRIST,8,central,train/XR_WRIST/patient07256/study1_positive
SPECIALIST_01,MURA_TT_0827,EXCLUSIVE,608,XR_WRIST,2,peripheral,train/XR_WRIST/patient02100/study1_positive
SPECIALIST_01,MURA_TT_1241,EXCLUSIVE,609,XR_FINGER,2,central,train/XR_FINGER/patient03759/study1_positive
SPECIALIST_01,MURA_TT_0588,EXCLUSIVE,610,XR_WRIST,1,peripheral,train/XR_WRIST/patient06416/study1_positive
SPECIALIST_01,MURA_TT_1891,EXCLUSIVE,611,XR_WRIST,3,peripheral,train/XR_WRIST/patient07330/study1_positive
SPECIALIST_01,MURA_TT_0301,EXCLUSIVE,612,XR_FOREARM,0,peripheral,train/XR_FOREARM/patient09270/study1_positive
SPECIALIST_01,MURA_TT_0470,EXCLUSIVE,613,XR_HAND,4,peripheral,train/XR_HAND/patient07033/study1_positive
SPECIALIST_01,MURA_TT_0600,EXCLUSIVE,614,XR_HAND,5,central,train/XR_HAND/patient01870/study1_positive
SPECIALIST_01,MURA_TT_1452,EXCLUSIVE,615,XR_HUMERUS,0,central,train/XR_HUMERUS/patient02695/study1_positive
SPECIALIST_01,MURA_TT_0553,EXCLUSIVE,616,XR_ELBOW,5,peripheral,train/XR_ELBOW/patient05091/study1_positive
SPECIALIST_01,MURA_TT_0099,EXCLUSIVE,617,XR_SHOULDER,5,central,train/XR_SHOULDER/patient00003/study1_positive
SPECIALIST_01,MURA_TT_1490,SHARED,618,XR_HAND,2,peripheral,train/XR_HAND/patient09897/study1_positive
SPECIALIST_01,MURA_TT_1168,EXCLUSIVE,619,XR_SHOULDER,4,central,train/XR_SHOULDER/patient00397/study1_positive
SPECIALIST_01,MURA_TT_1460,EXCLUSIVE,620,XR_SHOULDER,0,intermediate,train/XR_SHOULDER/patient01345/study1_positive
SPECIALIST_01,MURA_TT_1846,EXCLUSIVE,621,XR_HAND,1,central,train/XR_HAND/patient10026/study1_positive
SPECIALIST_01,MURA_TT_1562,EXCLUSIVE,622,XR_SHOULDER,2,peripheral,train/XR_SHOULDER/patient01389/study1_positive
SPECIALIST_01,MURA_TT_0669,EXCLUSIVE,623,XR_FINGER,1,central,train/XR_FINGER/patient01179/study1_positive
SPECIALIST_01,MURA_TT_1032,EXCLUSIVE,624,XR_FOREARM,3,central,train/XR_FOREARM/patient09289/study1_positive
SPECIALIST_01,MURA_TT_1565,EXCLUSIVE,625,XR_HAND,4,intermediate,train/XR_HAND/patient09991/study1_positive
SPECIALIST_01,MURA_TT_1986,SHARED,626,XR_ELBOW,1,central,train/XR_ELBOW/patient05352/study1_positive
SPECIALIST_01,MURA_TT_0640,EXCLUSIVE,627,XR_SHOULDER,3,central,train/XR_SHOULDER/patient00298/study1_positive
SPECIALIST_01,MURA_TT_0555,EXCLUSIVE,628,XR_ELBOW,1,intermediate,train/XR_ELBOW/patient05287/study1_positive
SPECIALIST_01,MURA_TT_0483,EXCLUSIVE,629,XR_ELBOW,5,central,train/XR_ELBOW/patient04968/study1_positive
SPECIALIST_01,MURA_TT_0415,EXCLUSIVE,630,XR_ELBOW,1,central,train/XR_ELBOW/patient05263/study1_positive
SPECIALIST_01,MURA_TT_0451,EXCLUSIVE,631,XR_ELBOW,2,central,train/XR_ELBOW/patient00310/study1_positive
SPECIALIST_01,MURA_TT_0169,EXCLUSIVE,632,XR_ELBOW,4,intermediate,train/XR_ELBOW/patient05097/study1_positive
SPECIALIST_01,MURA_TT_0440,EXCLUSIVE,633,XR_SHOULDER,5,central,train/XR_SHOULDER/patient00438/study1_positive
SPECIALIST_01,MURA_TT_0341,EXCLUSIVE,634,XR_SHOULDER,3,peripheral,train/XR_SHOULDER/patient01328/study1_positive
SPECIALIST_01,MURA_TT_0357,EXCLUSIVE,635,XR_WRIST,5,central,train/XR_WRIST/patient06571/study1_positive
SPECIALIST_01,MURA_TT_0482,SHARED,636,XR_SHOULDER,4,central,train/XR_SHOULDER/patient00217/study1_positive
SPECIALIST_01,MURA_TT_1112,EXCLUSIVE,637,XR_HUMERUS,3,central,train/XR_HUMERUS/patient02816/study1_positive
SPECIALIST_01,MURA_TT_0132,EXCLUSIVE,638,XR_WRIST,6,intermediate,train/XR_WRIST/patient07091/study1_positive
SPECIALIST_01,MURA_TT_0862,EXCLUSIVE,639,XR_FINGER,2,peripheral,train/XR_FINGER/patient03561/study1_positive
SPECIALIST_01,MURA_TT_1010,EXCLUSIVE,640,XR_HAND,2,central,train/XR_HAND/patient10103/study1_positive
SPECIALIST_01,MURA_TT_1591,SHARED,641,XR_WRIST,8,intermediate,train/XR_WRIST/patient03005/study1_positive
SPECIALIST_01,MURA_TT_0196,SHARED,642,XR_FINGER,4,central,train/XR_FINGER/patient03604/study1_positive
SPECIALIST_01,MURA_TT_1245,EXCLUSIVE,643,XR_HAND,5,intermediate,train/XR_HAND/patient09126/study1_positive
SPECIALIST_01,MURA_TT_0816,EXCLUSIVE,644,XR_SHOULDER,2,intermediate,train/XR_SHOULDER/patient01245/study1_positive
SPECIALIST_01,MURA_TT_1717,EXCLUSIVE,645,XR_SHOULDER,4,central,train/XR_SHOULDER/patient00834/study1_positive
SPECIALIST_01,MURA_TT_0484,EXCLUSIVE,646,XR_FINGER,3,central,train/XR_FINGER/patient01822/study1_positive
SPECIALIST_01,MURA_TT_0372,EXCLUSIVE,647,XR_WRIST,5,central,train/XR_WRIST/patient06972/study1_positive
SPECIALIST_01,MURA_TT_1790,EXCLUSIVE,648,XR_FOREARM,0,central,train/XR_FOREARM/patient09205/study1_positive
SPECIALIST_01,MURA_TT_1296,EXCLUSIVE,649,XR_HUMERUS,2,peripheral,train/XR_HUMERUS/patient02769/study1_positive
SPECIALIST_01,MURA_TT_0276,EXCLUSIVE,650,XR_WRIST,8,central,train/XR_WRIST/patient07192/study1_positive
SPECIALIST_01,MURA_TT_1604,SHARED,651,XR_ELBOW,4,peripheral,train/XR_ELBOW/patient01057/study1_positive
SPECIALIST_01,MURA_TT_0032,EXCLUSIVE,652,XR_HAND,5,central,train/XR_HAND/patient09862/study1_positive
SPECIALIST_01,MURA_TT_1831,EXCLUSIVE,653,XR_FOREARM,2,central,train/XR_FOREARM/patient07903/study1_positive
SPECIALIST_01,MURA_TT_1255,EXCLUSIVE,654,XR_SHOULDER,1,central,train/XR_SHOULDER/patient01087/study1_positive
SPECIALIST_01,MURA_TT_1275,EXCLUSIVE,655,XR_FINGER,1,intermediate,train/XR_FINGER/patient03478/study1_positive
SPECIALIST_01,MURA_TT_1069,EXCLUSIVE,656,XR_FINGER,2,central,train/XR_FINGER/patient03274/study1_positive
SPECIALIST_01,MURA_TT_1440,EXCLUSIVE,657,XR_SHOULDER,0,peripheral,train/XR_SHOULDER/patient00724/study1_positive
SPECIALIST_01,MURA_TT_0550,EXCLUSIVE,658,XR_WRIST,5,central,train/XR_WRIST/patient07055/study1_positive
SPECIALIST_01,MURA_TT_1027,EXCLUSIVE,659,XR_WRIST,6,central,train/XR_WRIST/patient07074/study1_positive
SPECIALIST_01,MURA_TT_1372,EXCLUSIVE,660,XR_SHOULDER,5,peripheral,train/XR_SHOULDER/patient00757/study1_positive
SPECIALIST_01,MURA_TT_0980,EXCLUSIVE,661,XR_SHOULDER,0,central,train/XR_SHOULDER/patient00496/study1_positive
SPECIALIST_01,MURA_TT_1668,SHARED,662,XR_HAND,3,central,train/XR_HAND/patient09821/study1_positive
SPECIALIST_01,MURA_TT_1578,EXCLUSIVE,663,XR_WRIST,3,central,train/XR_WRIST/patient07175/study1_positive
SPECIALIST_01,MURA_TT_0979,EXCLUSIVE,664,XR_WRIST,5,central,train/XR_WRIST/patient06521/study1_positive
SPECIALIST_01,MURA_TT_0886,EXCLUSIVE,665,XR_WRIST,5,central,train/XR_WRIST/patient06950/study1_positive
SPECIALIST_01,MURA_TT_0710,EXCLUSIVE,666,XR_ELBOW,1,peripheral,train/XR_ELBOW/patient05054/study1_positive
SPECIALIST_01,MURA_TT_1457,EXCLUSIVE,667,XR_HAND,1,central,train/XR_HAND/patient09851/study1_positive
SPECIALIST_01,MURA_TT_1235,EXCLUSIVE,668,XR_SHOULDER,0,central,train/XR_SHOULDER/patient00218/study1_positive
SPECIALIST_01,MURA_TT_1923,EXCLUSIVE,669,XR_WRIST,8,intermediate,train/XR_WRIST/patient06673/study1_positive
SPECIALIST_01,MURA_TT_0094,SHARED,670,XR_FINGER,0,central,train/XR_FINGER/patient03277/study1_positive
SPECIALIST_01,MURA_TT_1693,EXCLUSIVE,671,XR_HAND,5,central,train/XR_HAND/patient07501/study1_positive
SPECIALIST_01,MURA_TT_1892,SHARED,672,XR_SHOULDER,4,peripheral,train/XR_SHOULDER/patient00149/study1_positive
SPECIALIST_01,MURA_TT_0267,EXCLUSIVE,673,XR_FINGER,1,intermediate,train/XR_FINGER/patient03459/study1_positive
SPECIALIST_01,MURA_TT_1467,EXCLUSIVE,674,XR_HUMERUS,3,central,train/XR_HUMERUS/patient02923/study1_positive
SPECIALIST_01,MURA_TT_1351,EXCLUSIVE,675,XR_WRIST,2,central,train/XR_WRIST/patient06440/study1_positive
SPECIALIST_01,MURA_TT_1345,EXCLUSIVE,676,XR_HAND,2,central,train/XR_HAND/patient10100/study1_positive
SPECIALIST_01,MURA_TT_0740,EXCLUSIVE,677,XR_FOREARM,2,central,train/XR_FOREARM/patient09121/study1_positive
SPECIALIST_01,MURA_TT_1690,EXCLUSIVE,678,XR_WRIST,3,central,train/XR_WRIST/patient07113/study1_positive
SPECIALIST_01,MURA_TT_1472,EXCLUSIVE,679,XR_WRIST,4,peripheral,train/XR_WRIST/patient06471/study1_positive
SPECIALIST_01,MURA_TT_1295,EXCLUSIVE,680,XR_WRIST,7,central,train/XR_WRIST/patient06418/study1_positive
SPECIALIST_01,MURA_TT_1215,EXCLUSIVE,681,XR_FINGER,3,peripheral,train/XR_FINGER/patient03736/study1_positive
SPECIALIST_01,MURA_TT_1115,EXCLUSIVE,682,XR_SHOULDER,0,central,train/XR_SHOULDER/patient01006/study1_positive
SPECIALIST_01,MURA_TT_0044,EXCLUSIVE,683,XR_FOREARM,1,central,train/XR_FOREARM/patient09149/study1_positive
SPECIALIST_01,MURA_TT_0591,EXCLUSIVE,684,XR_WRIST,6,central,train/XR_WRIST/patient07030/study1_positive
SPECIALIST_01,MURA_TT_0157,EXCLUSIVE,685,XR_FOREARM,0,central,train/XR_FOREARM/patient04693/study1_positive
SPECIALIST_01,MURA_TT_1004,EXCLUSIVE,686,XR_HUMERUS,0,central,train/XR_HUMERUS/patient02888/study1_positive
SPECIALIST_01,MURA_TT_1959,EXCLUSIVE,687,XR_FINGER,5,central,train/XR_FINGER/patient03585/study1_positive
SPECIALIST_01,MURA_TT_0340,EXCLUSIVE,688,XR_WRIST,4,central,train/XR_WRIST/patient06743/study1_positive
SPECIALIST_01,MURA_TT_0158,EXCLUSIVE,689,XR_WRIST,2,central,train/XR_WRIST/patient07061/study1_positive
SPECIALIST_01,MURA_TT_0385,EXCLUSIVE,690,XR_SHOULDER,4,central,train/XR_SHOULDER/patient00799/study1_positive
SPECIALIST_01,MURA_TT_0056,SHARED,691,XR_WRIST,3,intermediate,train/XR_WRIST/patient06480/study1_positive
SPECIALIST_01,MURA_TT_1897,EXCLUSIVE,692,XR_ELBOW,5,peripheral,train/XR_ELBOW/patient05302/study1_positive
SPECIALIST_01,MURA_TT_1654,EXCLUSIVE,693,XR_WRIST,8,central,train/XR_WRIST/patient07208/study1_positive
SPECIALIST_01,MURA_TT_0525,EXCLUSIVE,694,XR_FOREARM,5,intermediate,train/XR_FOREARM/patient09132/study1_positive
SPECIALIST_01,MURA_TT_1236,SHARED,695,XR_FOREARM,3,peripheral,train/XR_FOREARM/patient03956/study1_positive
SPECIALIST_01,MURA_TT_1928,EXCLUSIVE,696,XR_FOREARM,0,central,train/XR_FOREARM/patient09260/study1_positive
SPECIALIST_01,MURA_TT_0556,EXCLUSIVE,697,XR_SHOULDER,0,peripheral,train/XR_SHOULDER/patient00250/study1_positive
SPECIALIST_01,MURA_TT_1425,EXCLUSIVE,698,XR_SHOULDER,1,central,train/XR_SHOULDER/patient00917/study1_positive
SPECIALIST_01,MURA_TT_1705,EXCLUSIVE,699,XR_SHOULDER,5,central,train/XR_SHOULDER/patient00619/study1_positive
SPECIALIST_01,MURA_TT_0263,EXCLUSIVE,700,XR_ELBOW,0,central,train/XR_ELBOW/patient02626/study1_positive
SPECIALIST_01,MURA_TT_0239,EXCLUSIVE,701,XR_SHOULDER,2,peripheral,train/XR_SHOULDER/patient00490/study1_positive
SPECIALIST_01,MURA_TT_1240,EXCLUSIVE,702,XR_HUMERUS,1,central,train/XR_HUMERUS/patient02871/study1_positive
SPECIALIST_01,MURA_TT_0622,EXCLUSIVE,703,XR_SHOULDER,0,central,train/XR_SHOULDER/patient00854/study1_positive
SPECIALIST_01,MURA_TT_1876,EXCLUSIVE,704,XR_FINGER,2,central,train/XR_FINGER/patient03724/study1_positive
SPECIALIST_01,MURA_TT_1706,EXCLUSIVE,705,XR_HAND,5,peripheral,train/XR_HAND/patient09939/study1_positive
SPECIALIST_01,MURA_TT_0490,EXCLUSIVE,706,XR_FINGER,2,central,train/XR_FINGER/patient03238/study1_positive
SPECIALIST_01,MURA_TT_0771,EXCLUSIVE,707,XR_ELBOW,5,central,train/XR_ELBOW/patient05321/study1_positive
SPECIALIST_01,MURA_TT_1365,EXCLUSIVE,708,XR_FINGER,0,central,train/XR_FINGER/patient03787/study1_positive
SPECIALIST_01,MURA_TT_1062,SHARED,709,XR_WRIST,6,central,train/XR_WRIST/patient06830/study1_positive
SPECIALIST_01,MURA_TT_0706,EXCLUSIVE,710,XR_SHOULDER,5,central,train/XR_SHOULDER/patient00529/study1_positive
SPECIALIST_01,MURA_TT_0657,SHARED,711,XR_SHOULDER,1,central,train/XR_SHOULDER/patient00530/study2_positive
SPECIALIST_01,MURA_TT_1314,EXCLUSIVE,712,XR_FINGER,4,intermediate,train/XR_FINGER/patient03455/study1_positive
SPECIALIST_01,MURA_TT_0468,EXCLUSIVE,713,XR_HAND,4,peripheral,train/XR_HAND/patient09792/study1_positive
SPECIALIST_01,MURA_TT_1474,SHARED,714,XR_HUMERUS,3,intermediate,train/XR_HUMERUS/patient02808/study1_positive
SPECIALIST_01,MURA_TT_1864,EXCLUSIVE,715,XR_SHOULDER,5,central,train/XR_SHOULDER/patient01142/study2_positive
SPECIALIST_01,MURA_TT_1555,EXCLUSIVE,716,XR_FOREARM,2,central,train/XR_FOREARM/patient09107/study1_positive
SPECIALIST_01,MURA_TT_1512,EXCLUSIVE,717,XR_SHOULDER,5,intermediate,train/XR_SHOULDER/patient01144/study1_positive
SPECIALIST_01,MURA_TT_0077,EXCLUSIVE,718,XR_WRIST,1,central,train/XR_WRIST/patient05677/study1_positive
SPECIALIST_01,MURA_TT_0185,EXCLUSIVE,719,XR_HAND,1,intermediate,train/XR_HAND/patient10046/study1_positive
SPECIALIST_01,MURA_TT_0720,EXCLUSIVE,720,XR_SHOULDER,2,peripheral,train/XR_SHOULDER/patient00860/study1_positive
SPECIALIST_01,MURA_TT_0836,EXCLUSIVE,721,XR_HAND,2,intermediate,train/XR_HAND/patient03060/study1_positive
SPECIALIST_01,MURA_TT_0679,SHARED,722,XR_HAND,5,central,train/XR_HAND/patient09859/study1_positive
SPECIALIST_01,MURA_TT_0411,EXCLUSIVE,723,XR_FOREARM,1,central,train/XR_FOREARM/patient09287/study1_positive
SPECIALIST_01,MURA_TT_1557,EXCLUSIVE,724,XR_SHOULDER,5,intermediate,train/XR_SHOULDER/patient00996/study1_positive
SPECIALIST_01,MURA_TT_0363,EXCLUSIVE,725,XR_HAND,1,central,train/XR_HAND/patient09809/study1_positive
SPECIALIST_01,MURA_TT_0416,EXCLUSIVE,726,XR_SHOULDER,3,intermediate,train/XR_SHOULDER/patient00104/study1_positive
SPECIALIST_01,MURA_TT_0316,EXCLUSIVE,727,XR_FINGER,5,central,train/XR_FINGER/patient03258/study1_positive
SPECIALIST_01,MURA_TT_0625,EXCLUSIVE,728,XR_WRIST,8,peripheral,train/XR_WRIST/patient03777/study1_positive
SPECIALIST_01,MURA_TT_1969,EXCLUSIVE,729,XR_SHOULDER,0,central,train/XR_SHOULDER/patient00224/study1_positive
SPECIALIST_01,MURA_TT_0153,EXCLUSIVE,730,XR_FOREARM,2,central,train/XR_FOREARM/patient09176/study1_positive
SPECIALIST_01,MURA_TT_0855,EXCLUSIVE,731,XR_FINGER,5,central,train/XR_FINGER/patient03297/study1_positive
SPECIALIST_01,MURA_TT_1279,EXCLUSIVE,732,XR_HAND,2,central,train/XR_HAND/patient02512/study1_positive
SPECIALIST_01,MURA_TT_1697,EXCLUSIVE,733,XR_FINGER,4,central,train/XR_FINGER/patient03665/study1_positive
SPECIALIST_01,MURA_TT_1635,EXCLUSIVE,734,XR_WRIST,2,intermediate,train/XR_WRIST/patient06096/study1_positive
SPECIALIST_02,MURA_TT_0955,EXCLUSIVE,1,XR_WRIST,2,intermediate,train/XR_WRIST/patient02355/study1_positive
SPECIALIST_02,MURA_TT_0963,EXCLUSIVE,2,XR_HUMERUS,2,central,train/XR_HUMERUS/patient02634/study1_positive
SPECIALIST_02,MURA_TT_0703,EXCLUSIVE,3,XR_FINGER,4,central,train/XR_FINGER/patient03430/study1_positive
SPECIALIST_02,MURA_TT_1475,EXCLUSIVE,4,XR_HAND,1,central,train/XR_HAND/patient09784/study1_positive
SPECIALIST_02,MURA_TT_0809,EXCLUSIVE,5,XR_FOREARM,3,intermediate,train/XR_FOREARM/patient09237/study1_positive
SPECIALIST_02,MURA_TT_0839,EXCLUSIVE,6,XR_FINGER,1,central,train/XR_FINGER/patient03686/study1_positive
SPECIALIST_02,MURA_TT_0751,EXCLUSIVE,7,XR_SHOULDER,3,central,train/XR_SHOULDER/patient01142/study1_positive
SPECIALIST_02,MURA_TT_0606,EXCLUSIVE,8,XR_SHOULDER,2,peripheral,train/XR_SHOULDER/patient01379/study1_positive
SPECIALIST_02,MURA_TT_0079,EXCLUSIVE,9,XR_FINGER,2,central,train/XR_FINGER/patient01529/study2_positive
SPECIALIST_02,MURA_TT_0923,EXCLUSIVE,10,XR_HAND,1,central,train/XR_HAND/patient09905/study1_positive
SPECIALIST_02,MURA_TT_0207,EXCLUSIVE,11,XR_SHOULDER,4,intermediate,train/XR_SHOULDER/patient00726/study1_positive
SPECIALIST_02,MURA_TT_0247,EXCLUSIVE,12,XR_HAND,2,central,train/XR_HAND/patient09988/study1_positive
SPECIALIST_02,MURA_TT_1648,EXCLUSIVE,13,XR_FOREARM,1,central,train/XR_FOREARM/patient09125/study1_positive
SPECIALIST_02,MURA_TT_1471,EXCLUSIVE,14,XR_WRIST,8,central,train/XR_WRIST/patient07250/study1_positive
SPECIALIST_02,MURA_TT_1756,EXCLUSIVE,15,XR_FOREARM,3,central,train/XR_FOREARM/patient09143/study1_positive
SPECIALIST_02,MURA_TT_0864,EXCLUSIVE,16,XR_HUMERUS,0,central,train/XR_HUMERUS/patient02729/study1_positive
SPECIALIST_02,MURA_TT_0763,EXCLUSIVE,17,XR_FINGER,1,central,train/XR_FINGER/patient03319/study1_positive
SPECIALIST_02,MURA_TT_0260,EXCLUSIVE,18,XR_SHOULDER,1,intermediate,train/XR_SHOULDER/patient00261/study1_positive
SPECIALIST_02,MURA_TT_0083,EXCLUSIVE,19,XR_SHOULDER,4,peripheral,train/XR_SHOULDER/patient00113/study1_positive
SPECIALIST_02,MURA_TT_0749,EXCLUSIVE,20,XR_SHOULDER,1,central,train/XR_SHOULDER/patient00629/study1_positive
SPECIALIST_02,MURA_TT_0949,SHARED,21,XR_HAND,4,central,train/XR_HAND/patient09789/study1_positive
SPECIALIST_02,MURA_TT_0629,EXCLUSIVE,22,XR_FINGER,4,intermediate,train/XR_FINGER/patient03335/study2_positive
SPECIALIST_02,MURA_TT_0271,EXCLUSIVE,23,XR_SHOULDER,3,central,train/XR_SHOULDER/patient00132/study1_positive
SPECIALIST_02,MURA_TT_1307,EXCLUSIVE,24,XR_HAND,5,central,train/XR_HAND/patient09912/study1_positive
SPECIALIST_02,MURA_TT_0456,EXCLUSIVE,25,XR_WRIST,1,central,train/XR_WRIST/patient06432/study1_positive
SPECIALIST_02,MURA_TT_0231,EXCLUSIVE,26,XR_WRIST,8,central,train/XR_WRIST/patient06524/study1_positive
SPECIALIST_02,MURA_TT_0052,EXCLUSIVE,27,XR_ELBOW,5,central,train/XR_ELBOW/patient05260/study1_positive
SPECIALIST_02,MURA_TT_0007,EXCLUSIVE,28,XR_HAND,4,peripheral,train/XR_HAND/patient09753/study1_positive
SPECIALIST_02,MURA_TT_0408,EXCLUSIVE,29,XR_FINGER,2,central,train/XR_FINGER/patient03429/study1_positive
SPECIALIST_02,MURA_TT_0392,EXCLUSIVE,30,XR_WRIST,2,central,train/XR_WRIST/patient07293/study1_positive
SPECIALIST_02,MURA_TT_0901,SHARED,31,XR_HAND,4,intermediate,train/XR_HAND/patient02679/study1_positive
SPECIALIST_02,MURA_TT_0704,EXCLUSIVE,32,XR_WRIST,5,intermediate,train/XR_WRIST/patient06937/study1_positive
SPECIALIST_02,MURA_TT_1033,EXCLUSIVE,33,XR_SHOULDER,0,intermediate,train/XR_SHOULDER/patient01104/study1_positive
SPECIALIST_02,MURA_TT_1191,EXCLUSIVE,34,XR_SHOULDER,5,peripheral,train/XR_SHOULDER/patient01058/study1_positive
SPECIALIST_02,MURA_TT_1872,EXCLUSIVE,35,XR_ELBOW,0,central,train/XR_ELBOW/patient05062/study1_positive
SPECIALIST_02,MURA_TT_0531,EXCLUSIVE,36,XR_HUMERUS,2,central,train/XR_HUMERUS/patient02864/study1_positive
SPECIALIST_02,MURA_TT_0094,SHARED,37,XR_FINGER,0,central,train/XR_FINGER/patient03277/study1_positive
SPECIALIST_02,MURA_TT_0657,SHARED,38,XR_SHOULDER,1,central,train/XR_SHOULDER/patient00530/study2_positive
SPECIALIST_02,MURA_TT_0694,EXCLUSIVE,39,XR_HUMERUS,2,intermediate,train/XR_HUMERUS/patient02843/study1_positive
SPECIALIST_02,MURA_TT_0542,EXCLUSIVE,40,XR_SHOULDER,0,central,train/XR_SHOULDER/patient00440/study1_positive
SPECIALIST_02,MURA_TT_1516,EXCLUSIVE,41,XR_SHOULDER,0,intermediate,train/XR_SHOULDER/patient00370/study1_positive
SPECIALIST_02,MURA_TT_0461,EXCLUSIVE,42,XR_ELBOW,5,intermediate,train/XR_ELBOW/patient05058/study1_positive
SPECIALIST_02,MURA_TT_0639,EXCLUSIVE,43,XR_ELBOW,4,central,train/XR_ELBOW/patient05141/study1_positive
SPECIALIST_02,MURA_TT_1119,SHARED,44,XR_ELBOW,0,intermediate,train/XR_ELBOW/patient05443/study1_positive
SPECIALIST_02,MURA_TT_0110,EXCLUSIVE,45,XR_FINGER,5,peripheral,train/XR_FINGER/patient03671/study1_positive
SPECIALIST_02,MURA_TT_1724,EXCLUSIVE,46,XR_WRIST,6,intermediate,train/XR_WRIST/patient07278/study1_positive
SPECIALIST_02,MURA_TT_0641,EXCLUSIVE,47,XR_SHOULDER,5,intermediate,train/XR_SHOULDER/patient00769/study1_positive
SPECIALIST_02,MURA_TT_0317,EXCLUSIVE,48,XR_SHOULDER,5,intermediate,train/XR_SHOULDER/patient01200/study1_positive
SPECIALIST_02,MURA_TT_0285,EXCLUSIVE,49,XR_SHOULDER,2,central,train/XR_SHOULDER/patient00317/study1_positive
SPECIALIST_02,MURA_TT_1843,EXCLUSIVE,50,XR_HUMERUS,2,central,train/XR_HUMERUS/patient02939/study1_positive
SPECIALIST_02,MURA_TT_1506,EXCLUSIVE,51,XR_HUMERUS,0,central,train/XR_HUMERUS/patient02804/study1_positive
SPECIALIST_02,MURA_TT_1521,EXCLUSIVE,52,XR_HAND,2,central,train/XR_HAND/patient09773/study1_positive
SPECIALIST_02,MURA_TT_1136,SHARED,53,XR_WRIST,2,central,train/XR_WRIST/patient06968/study1_positive
SPECIALIST_02,MURA_TT_0564,SHARED,54,XR_HAND,0,central,train/XR_HAND/patient10009/study1_positive
SPECIALIST_02,MURA_TT_0295,SHARED,55,XR_FOREARM,1,central,train/XR_FOREARM/patient09148/study1_positive
SPECIALIST_02,MURA_TT_0293,EXCLUSIVE,56,XR_SHOULDER,3,peripheral,train/XR_SHOULDER/patient00008/study1_positive
SPECIALIST_02,MURA_TT_0686,EXCLUSIVE,57,XR_WRIST,1,central,train/XR_WRIST/patient00512/study1_positive
SPECIALIST_02,MURA_TT_1208,EXCLUSIVE,58,XR_SHOULDER,3,peripheral,train/XR_SHOULDER/patient00981/study1_positive
SPECIALIST_02,MURA_TT_1744,EXCLUSIVE,59,XR_SHOULDER,5,central,train/XR_SHOULDER/patient00232/study1_positive
SPECIALIST_02,MURA_TT_0090,EXCLUSIVE,60,XR_WRIST,1,peripheral,train/XR_WRIST/patient06476/study1_positive
SPECIALIST_02,MURA_TT_1808,EXCLUSIVE,61,XR_HUMERUS,0,peripheral,train/XR_HUMERUS/patient02717/study1_positive
SPECIALIST_02,MURA_TT_0659,EXCLUSIVE,62,XR_FINGER,5,central,train/XR_FINGER/patient03719/study1_positive
SPECIALIST_02,MURA_TT_0299,EXCLUSIVE,63,XR_WRIST,5,intermediate,train/XR_WRIST/patient01158/study1_positive
SPECIALIST_02,MURA_TT_1222,EXCLUSIVE,64,XR_WRIST,3,central,train/XR_WRIST/patient06772/study1_positive
SPECIALIST_02,MURA_TT_0111,EXCLUSIVE,65,XR_HAND,0,peripheral,train/XR_HAND/patient04923/study1_positive
SPECIALIST_02,MURA_TT_0342,SHARED,66,XR_FINGER,0,central,train/XR_FINGER/patient03255/study1_positive
SPECIALIST_02,MURA_TT_0913,SHARED,67,XR_SHOULDER,2,peripheral,train/XR_SHOULDER/patient00625/study1_positive
SPECIALIST_02,MURA_TT_0167,EXCLUSIVE,68,XR_WRIST,3,central,train/XR_WRIST/patient07105/study1_positive
SPECIALIST_02,MURA_TT_0716,EXCLUSIVE,69,XR_FOREARM,1,central,train/XR_FOREARM/patient09220/study1_positive
SPECIALIST_02,MURA_TT_0580,EXCLUSIVE,70,XR_WRIST,8,peripheral,train/XR_WRIST/patient06581/study1_positive
SPECIALIST_02,MURA_TT_1558,EXCLUSIVE,71,XR_FOREARM,0,central,train/XR_FOREARM/patient09288/study1_positive
SPECIALIST_02,MURA_TT_0082,EXCLUSIVE,72,XR_HAND,2,intermediate,train/XR_HAND/patient09850/study1_positive
SPECIALIST_02,MURA_TT_1709,EXCLUSIVE,73,XR_HAND,3,central,train/XR_HAND/patient07928/study1_positive
SPECIALIST_02,MURA_TT_0780,EXCLUSIVE,74,XR_FINGER,3,central,train/XR_FINGER/patient03510/study1_positive
SPECIALIST_02,MURA_TT_0354,EXCLUSIVE,75,XR_WRIST,1,central,train/XR_WRIST/patient06758/study1_positive
SPECIALIST_02,MURA_TT_0842,EXCLUSIVE,76,XR_HAND,5,central,train/XR_HAND/patient09937/study1_positive
SPECIALIST_02,MURA_TT_0944,EXCLUSIVE,77,XR_HUMERUS,3,central,train/XR_HUMERUS/patient02917/study1_positive
SPECIALIST_02,MURA_TT_1595,EXCLUSIVE,78,XR_WRIST,1,central,train/XR_WRIST/patient06860/study1_positive
SPECIALIST_02,MURA_TT_1940,EXCLUSIVE,79,XR_FOREARM,3,central,train/XR_FOREARM/patient09158/study1_positive
SPECIALIST_02,MURA_TT_1451,EXCLUSIVE,80,XR_WRIST,5,intermediate,train/XR_WRIST/patient07265/study1_positive
SPECIALIST_02,MURA_TT_0404,EXCLUSIVE,81,XR_FOREARM,3,peripheral,train/XR_FOREARM/patient09231/study1_positive
SPECIALIST_02,MURA_TT_1669,EXCLUSIVE,82,XR_WRIST,0,central,train/XR_WRIST/patient06870/study1_positive
SPECIALIST_02,MURA_TT_1444,EXCLUSIVE,83,XR_ELBOW,1,central,train/XR_ELBOW/patient05281/study1_positive
SPECIALIST_02,MURA_TT_1986,SHARED,84,XR_ELBOW,1,central,train/XR_ELBOW/patient05352/study1_positive
SPECIALIST_02,MURA_TT_0834,EXCLUSIVE,85,XR_FOREARM,2,central,train/XR_FOREARM/patient09166/study1_positive
SPECIALIST_02,MURA_TT_0382,EXCLUSIVE,86,XR_HAND,3,intermediate,train/XR_HAND/patient09907/study1_positive
SPECIALIST_02,MURA_TT_1401,EXCLUSIVE,87,XR_ELBOW,0,central,train/XR_ELBOW/patient04971/study1_positive
SPECIALIST_02,MURA_TT_1698,EXCLUSIVE,88,XR_SHOULDER,2,peripheral,train/XR_SHOULDER/patient00327/study1_positive
SPECIALIST_02,MURA_TT_1524,SHARED,89,XR_SHOULDER,0,central,train/XR_SHOULDER/patient00611/study1_positive
SPECIALIST_02,MURA_TT_1416,EXCLUSIVE,90,XR_FINGER,1,central,train/XR_FINGER/patient03384/study1_positive
SPECIALIST_02,MURA_TT_1098,SHARED,91,XR_ELBOW,5,central,train/XR_ELBOW/patient05007/study1_positive
SPECIALIST_02,MURA_TT_1860,EXCLUSIVE,92,XR_FOREARM,1,central,train/XR_FOREARM/patient09165/study1_positive
SPECIALIST_02,MURA_TT_1015,EXCLUSIVE,93,XR_FINGER,0,peripheral,train/XR_FINGER/patient03260/study1_positive
SPECIALIST_02,MURA_TT_0349,EXCLUSIVE,94,XR_SHOULDER,5,central,train/XR_SHOULDER/patient00879/study1_positive
SPECIALIST_02,MURA_TT_1035,EXCLUSIVE,95,XR_FOREARM,3,peripheral,train/XR_FOREARM/patient09243/study1_positive
SPECIALIST_02,MURA_TT_1880,EXCLUSIVE,96,XR_HAND,1,central,train/XR_HAND/patient10016/study1_positive
SPECIALIST_02,MURA_TT_1575,EXCLUSIVE,97,XR_FINGER,0,central,train/XR_FINGER/patient03251/study2_positive
SPECIALIST_02,MURA_TT_1740,SHARED,98,XR_WRIST,1,intermediate,train/XR_WRIST/patient06982/study1_positive
SPECIALIST_02,MURA_TT_1480,EXCLUSIVE,99,XR_HAND,2,central,train/XR_HAND/patient09985/study1_positive
SPECIALIST_02,MURA_TT_1431,EXCLUSIVE,100,XR_FINGER,1,peripheral,train/XR_FINGER/patient03329/study1_positive
SPECIALIST_02,MURA_TT_0820,EXCLUSIVE,101,XR_SHOULDER,3,central,train/XR_SHOULDER/patient00432/study1_positive
SPECIALIST_02,MURA_TT_1474,SHARED,102,XR_HUMERUS,3,intermediate,train/XR_HUMERUS/patient02808/study1_positive
SPECIALIST_02,MURA_TT_1514,EXCLUSIVE,103,XR_ELBOW,2,central,train/XR_ELBOW/patient05042/study1_positive
SPECIALIST_02,MURA_TT_0503,EXCLUSIVE,104,XR_HAND,4,peripheral,train/XR_HAND/patient09846/study1_positive
SPECIALIST_02,MURA_TT_1841,EXCLUSIVE,105,XR_FINGER,2,peripheral,train/XR_FINGER/patient03660/study1_positive
SPECIALIST_02,MURA_TT_1335,EXCLUSIVE,106,XR_SHOULDER,0,central,train/XR_SHOULDER/patient01385/study1_positive
SPECIALIST_02,MURA_TT_0632,EXCLUSIVE,107,XR_WRIST,5,peripheral,train/XR_WRIST/patient04416/study1_positive
SPECIALIST_02,MURA_TT_1097,EXCLUSIVE,108,XR_FINGER,5,central,train/XR_FINGER/patient03259/study1_positive
SPECIALIST_02,MURA_TT_0002,EXCLUSIVE,109,XR_FINGER,1,intermediate,train/XR_FINGER/patient03613/study1_positive
SPECIALIST_02,MURA_TT_1315,EXCLUSIVE,110,XR_HAND,5,central,train/XR_HAND/patient09890/study1_positive
SPECIALIST_02,MURA_TT_0029,EXCLUSIVE,111,XR_HAND,1,central,train/XR_HAND/patient10036/study1_positive
SPECIALIST_02,MURA_TT_0459,EXCLUSIVE,112,XR_SHOULDER,5,central,train/XR_SHOULDER/patient00566/study1_positive
SPECIALIST_02,MURA_TT_1325,EXCLUSIVE,113,XR_HUMERUS,3,peripheral,train/XR_HUMERUS/patient02886/study1_positive
SPECIALIST_02,MURA_TT_1230,EXCLUSIVE,114,XR_FOREARM,5,peripheral,train/XR_FOREARM/patient01443/study1_positive
SPECIALIST_02,MURA_TT_0330,EXCLUSIVE,115,XR_HAND,0,central,train/XR_HAND/patient08143/study1_positive
SPECIALIST_02,MURA_TT_1699,EXCLUSIVE,116,XR_ELBOW,4,central,train/XR_ELBOW/patient05037/study1_positive
SPECIALIST_02,MURA_TT_1741,EXCLUSIVE,117,XR_WRIST,6,peripheral,train/XR_WRIST/patient06759/study1_positive
SPECIALIST_02,MURA_TT_1310,EXCLUSIVE,118,XR_SHOULDER,0,central,train/XR_SHOULDER/patient00697/study1_positive
SPECIALIST_02,MURA_TT_0028,EXCLUSIVE,119,XR_HAND,5,central,train/XR_HAND/patient09900/study1_positive
SPECIALIST_02,MURA_TT_0830,EXCLUSIVE,120,XR_HAND,1,intermediate,train/XR_HAND/patient10130/study1_positive
SPECIALIST_02,MURA_TT_1206,EXCLUSIVE,121,XR_HUMERUS,2,peripheral,train/XR_HUMERUS/patient02882/study1_positive
SPECIALIST_02,MURA_TT_1479,EXCLUSIVE,122,XR_HUMERUS,2,intermediate,train/XR_HUMERUS/patient02811/study1_positive
SPECIALIST_02,MURA_TT_1406,EXCLUSIVE,123,XR_WRIST,3,peripheral,train/XR_WRIST/patient06630/study1_positive
SPECIALIST_02,MURA_TT_0163,EXCLUSIVE,124,XR_ELBOW,1,intermediate,train/XR_ELBOW/patient01321/study1_positive
SPECIALIST_02,MURA_TT_1454,EXCLUSIVE,125,XR_HUMERUS,2,peripheral,train/XR_HUMERUS/patient02787/study1_positive
SPECIALIST_02,MURA_TT_1378,EXCLUSIVE,126,XR_HAND,0,central,train/XR_HAND/patient10111/study1_positive
SPECIALIST_02,MURA_TT_0010,EXCLUSIVE,127,XR_SHOULDER,2,central,train/XR_SHOULDER/patient00921/study1_positive
SPECIALIST_02,MURA_TT_0008,EXCLUSIVE,128,XR_WRIST,3,intermediate,train/XR_WRIST/patient07148/study1_positive
SPECIALIST_02,MURA_TT_0552,EXCLUSIVE,129,XR_ELBOW,0,intermediate,train/XR_ELBOW/patient02260/study1_positive
SPECIALIST_02,MURA_TT_0302,EXCLUSIVE,130,XR_ELBOW,1,central,train/XR_ELBOW/patient04949/study1_positive
SPECIALIST_02,MURA_TT_1536,EXCLUSIVE,131,XR_HAND,2,central,train/XR_HAND/patient09966/study1_positive
SPECIALIST_02,MURA_TT_1994,EXCLUSIVE,132,XR_WRIST,3,central,train/XR_WRIST/patient07427/study1_positive
SPECIALIST_02,MURA_TT_0280,EXCLUSIVE,133,XR_ELBOW,4,intermediate,train/XR_ELBOW/patient04961/study1_positive
SPECIALIST_02,MURA_TT_1438,SHARED,134,XR_ELBOW,4,intermediate,train/XR_ELBOW/patient05012/study1_positive
SPECIALIST_02,MURA_TT_1621,EXCLUSIVE,135,XR_WRIST,3,central,train/XR_WRIST/patient02378/study1_positive
SPECIALIST_02,MURA_TT_0274,EXCLUSIVE,136,XR_WRIST,1,central,train/XR_WRIST/patient06782/study1_positive
SPECIALIST_02,MURA_TT_0569,EXCLUSIVE,137,XR_HUMERUS,1,peripheral,train/XR_HUMERUS/patient02718/study1_positive
SPECIALIST_02,MURA_TT_0927,EXCLUSIVE,138,XR_FOREARM,0,central,train/XR_FOREARM/patient05783/study1_positive
SPECIALIST_02,MURA_TT_0230,SHARED,139,XR_FINGER,2,intermediate,train/XR_FINGER/patient03566/study1_positive
SPECIALIST_02,MURA_TT_0647,EXCLUSIVE,140,XR_FINGER,2,central,train/XR_FINGER/patient03468/study1_positive
SPECIALIST_02,MURA_TT_0471,EXCLUSIVE,141,XR_FINGER,3,peripheral,train/XR_FINGER/patient03623/study1_positive
SPECIALIST_02,MURA_TT_1238,EXCLUSIVE,142,XR_SHOULDER,3,central,train/XR_SHOULDER/patient00877/study1_positive
SPECIALIST_02,MURA_TT_0219,EXCLUSIVE,143,XR_FINGER,3,central,train/XR_FINGER/patient03636/study1_positive
SPECIALIST_02,MURA_TT_1760,EXCLUSIVE,144,XR_WRIST,3,central,train/XR_WRIST/patient06548/study1_positive
SPECIALIST_02,MURA_TT_1502,EXCLUSIVE,145,XR_ELBOW,5,intermediate,train/XR_ELBOW/patient01856/study2_positive
SPECIALIST_02,MURA_TT_0195,EXCLUSIVE,146,XR_ELBOW,0,peripheral,train/XR_ELBOW/patient04906/study1_positive
SPECIALIST_02,MURA_TT_1728,EXCLUSIVE,147,XR_FINGER,2,central,train/XR_FINGER/patient03683/study1_positive
SPECIALIST_02,MURA_TT_0149,EXCLUSIVE,148,XR_ELBOW,5,central,train/XR_ELBOW/patient05305/study1_positive
SPECIALIST_02,MURA_TT_1284,EXCLUSIVE,149,XR_SHOULDER,5,peripheral,train/XR_SHOULDER/patient00771/study1_positive
SPECIALIST_02,MURA_TT_0684,EXCLUSIVE,150,XR_WRIST,3,central,train/XR_WRIST/patient07300/study1_positive
SPECIALIST_02,MURA_TT_1468,SHARED,151,XR_HAND,1,central,train/XR_HAND/patient00008/study1_positive
SPECIALIST_02,MURA_TT_1980,EXCLUSIVE,152,XR_WRIST,2,intermediate,train/XR_WRIST/patient07288/study1_positive
SPECIALIST_02,MURA_TT_1915,SHARED,153,XR_SHOULDER,5,peripheral,train/XR_SHOULDER/patient00248/study1_positive
SPECIALIST_02,MURA_TT_0715,SHARED,154,XR_HAND,1,central,train/XR_HAND/patient09869/study1_positive
SPECIALIST_02,MURA_TT_0722,EXCLUSIVE,155,XR_SHOULDER,5,peripheral,train/XR_SHOULDER/patient00085/study1_positive
SPECIALIST_02,MURA_TT_0419,EXCLUSIVE,156,XR_ELBOW,4,central,train/XR_ELBOW/patient05121/study1_positive
SPECIALIST_02,MURA_TT_1803,EXCLUSIVE,157,XR_WRIST,6,central,train/XR_WRIST/patient07158/study1_positive
SPECIALIST_02,MURA_TT_0783,EXCLUSIVE,158,XR_FOREARM,0,central,train/XR_FOREARM/patient09119/study1_positive
SPECIALIST_02,MURA_TT_0037,EXCLUSIVE,159,XR_WRIST,1,central,train/XR_WRIST/patient02538/study1_positive
SPECIALIST_02,MURA_TT_1427,EXCLUSIVE,160,XR_SHOULDER,4,intermediate,train/XR_SHOULDER/patient01378/study1_positive
SPECIALIST_02,MURA_TT_0714,EXCLUSIVE,161,XR_ELBOW,3,intermediate,train/XR_ELBOW/patient04903/study1_positive
SPECIALIST_02,MURA_TT_1970,EXCLUSIVE,162,XR_ELBOW,5,peripheral,train/XR_ELBOW/patient05219/study1_positive
SPECIALIST_02,MURA_TT_1223,EXCLUSIVE,163,XR_SHOULDER,0,peripheral,train/XR_SHOULDER/patient00004/study1_positive
SPECIALIST_02,MURA_TT_0619,EXCLUSIVE,164,XR_HAND,1,intermediate,train/XR_HAND/patient09735/study1_positive
SPECIALIST_02,MURA_TT_1482,EXCLUSIVE,165,XR_FOREARM,3,central,train/XR_FOREARM/patient09085/study1_positive
SPECIALIST_02,MURA_TT_0049,EXCLUSIVE,166,XR_ELBOW,1,central,train/XR_ELBOW/patient04984/study1_positive
SPECIALIST_02,MURA_TT_0220,EXCLUSIVE,167,XR_SHOULDER,1,central,train/XR_SHOULDER/patient00859/study1_positive
SPECIALIST_02,MURA_TT_1152,EXCLUSIVE,168,XR_SHOULDER,0,peripheral,train/XR_SHOULDER/patient00567/study1_positive
SPECIALIST_02,MURA_TT_0438,EXCLUSIVE,169,XR_HUMERUS,0,central,train/XR_HUMERUS/patient02720/study1_positive
SPECIALIST_02,MURA_TT_0129,EXCLUSIVE,170,XR_SHOULDER,0,central,train/XR_SHOULDER/patient00038/study2_positive
SPECIALIST_02,MURA_TT_0689,EXCLUSIVE,171,XR_SHOULDER,3,intermediate,train/XR_SHOULDER/patient00355/study1_positive
SPECIALIST_02,MURA_TT_0744,EXCLUSIVE,172,XR_ELBOW,1,central,train/XR_ELBOW/patient05440/study1_positive
SPECIALIST_02,MURA_TT_0350,EXCLUSIVE,173,XR_HAND,5,peripheral,train/XR_HAND/patient10067/study1_positive
SPECIALIST_02,MURA_TT_1165,EXCLUSIVE,174,XR_WRIST,1,central,train/XR_WRIST/patient07404/study1_positive
SPECIALIST_02,MURA_TT_0492,EXCLUSIVE,175,XR_FINGER,3,central,train/XR_FINGER/patient03680/study1_positive
SPECIALIST_02,MURA_TT_1908,EXCLUSIVE,176,XR_HUMERUS,3,central,train/XR_HUMERUS/patient02784/study1_positive
SPECIALIST_02,MURA_TT_0020,EXCLUSIVE,177,XR_WRIST,6,central,train/XR_WRIST/patient06997/study1_positive
SPECIALIST_02,MURA_TT_0617,EXCLUSIVE,178,XR_HUMERUS,2,central,train/XR_HUMERUS/patient02722/study1_positive
SPECIALIST_02,MURA_TT_1895,EXCLUSIVE,179,XR_HAND,1,peripheral,train/XR_HAND/patient09793/study1_positive
SPECIALIST_02,MURA_TT_0472,EXCLUSIVE,180,XR_FOREARM,1,central,train/XR_FOREARM/patient09162/study1_positive
SPECIALIST_02,MURA_TT_1833,EXCLUSIVE,181,XR_HAND,5,central,train/XR_HAND/patient09976/study1_positive
SPECIALIST_02,MURA_TT_0155,EXCLUSIVE,182,XR_FINGER,0,intermediate,train/XR_FINGER/patient03775/study1_positive
SPECIALIST_02,MURA_TT_0850,EXCLUSIVE,183,XR_ELBOW,2,peripheral,train/XR_ELBOW/patient05413/study1_positive
SPECIALIST_02,MURA_TT_0121,EXCLUSIVE,184,XR_WRIST,5,intermediate,train/XR_WRIST/patient00214/study1_positive
SPECIALIST_02,MURA_TT_1317,EXCLUSIVE,185,XR_HUMERUS,1,central,train/XR_HUMERUS/patient02724/study1_positive
SPECIALIST_02,MURA_TT_0203,EXCLUSIVE,186,XR_ELBOW,3,central,train/XR_ELBOW/patient05193/study1_positive
SPECIALIST_02,MURA_TT_0054,EXCLUSIVE,187,XR_ELBOW,4,intermediate,train/XR_ELBOW/patient05227/study1_positive
SPECIALIST_02,MURA_TT_0498,EXCLUSIVE,188,XR_FINGER,2,peripheral,train/XR_FINGER/patient03776/study1_positive
SPECIALIST_02,MURA_TT_0739,EXCLUSIVE,189,XR_FINGER,1,central,train/XR_FINGER/patient03753/study1_positive
SPECIALIST_02,MURA_TT_1273,EXCLUSIVE,190,XR_FINGER,4,peripheral,train/XR_FINGER/patient03706/study1_positive
SPECIALIST_02,MURA_TT_1528,EXCLUSIVE,191,XR_FINGER,2,intermediate,train/XR_FINGER/patient03679/study1_positive
SPECIALIST_02,MURA_TT_0084,EXCLUSIVE,192,XR_SHOULDER,5,intermediate,train/XR_SHOULDER/patient00282/study1_positive
SPECIALIST_02,MURA_TT_1941,SHARED,193,XR_WRIST,5,peripheral,train/XR_WRIST/patient06616/study1_positive
SPECIALIST_02,MURA_TT_1221,EXCLUSIVE,194,XR_HAND,4,intermediate,train/XR_HAND/patient05421/study1_positive
SPECIALIST_02,MURA_TT_2000,EXCLUSIVE,195,XR_HUMERUS,3,central,train/XR_HUMERUS/patient02833/study1_positive
SPECIALIST_02,MURA_TT_1107,EXCLUSIVE,196,XR_ELBOW,1,central,train/XR_ELBOW/patient05100/study1_positive
SPECIALIST_02,MURA_TT_1374,EXCLUSIVE,197,XR_ELBOW,4,central,train/XR_ELBOW/patient05029/study1_positive
SPECIALIST_02,MURA_TT_1089,EXCLUSIVE,198,XR_ELBOW,5,central,train/XR_ELBOW/patient05063/study1_positive
SPECIALIST_02,MURA_TT_0075,SHARED,199,XR_HAND,0,central,train/XR_HAND/patient08710/study1_positive
SPECIALIST_02,MURA_TT_1978,EXCLUSIVE,200,XR_HAND,0,intermediate,train/XR_HAND/patient10116/study1_positive
SPECIALIST_02,MURA_TT_0092,SHARED,201,XR_WRIST,3,central,train/XR_WRIST/patient06451/study1_positive
SPECIALIST_02,MURA_TT_1678,EXCLUSIVE,202,XR_ELBOW,2,intermediate,train/XR_ELBOW/patient05383/study1_positive
SPECIALIST_02,MURA_TT_1300,SHARED,203,XR_FINGER,4,peripheral,train/XR_FINGER/patient02094/study1_positive
SPECIALIST_02,MURA_TT_1331,EXCLUSIVE,204,XR_HUMERUS,2,central,train/XR_HUMERUS/patient02906/study1_positive
SPECIALIST_02,MURA_TT_1832,EXCLUSIVE,205,XR_WRIST,4,central,train/XR_WRIST/patient06660/study1_positive
SPECIALIST_02,MURA_TT_0308,EXCLUSIVE,206,XR_SHOULDER,2,central,train/XR_SHOULDER/patient00267/study2_positive
SPECIALIST_02,MURA_TT_1573,EXCLUSIVE,207,XR_FOREARM,1,peripheral,train/XR_FOREARM/patient09094/study1_positive
SPECIALIST_02,MURA_TT_1320,EXCLUSIVE,208,XR_FOREARM,3,central,train/XR_FOREARM/patient09224/study1_positive
SPECIALIST_02,MURA_TT_0733,EXCLUSIVE,209,XR_FINGER,1,central,train/XR_FINGER/patient03350/study1_positive
SPECIALIST_02,MURA_TT_1182,EXCLUSIVE,210,XR_SHOULDER,0,peripheral,train/XR_SHOULDER/patient00804/study1_positive
SPECIALIST_02,MURA_TT_1947,EXCLUSIVE,211,XR_WRIST,0,central,train/XR_WRIST/patient06606/study1_positive
SPECIALIST_02,MURA_TT_1998,EXCLUSIVE,212,XR_HAND,2,intermediate,train/XR_HAND/patient10097/study1_positive
SPECIALIST_02,MURA_TT_0712,SHARED,213,XR_SHOULDER,0,peripheral,train/XR_SHOULDER/patient01260/study1_positive
SPECIALIST_02,MURA_TT_1211,EXCLUSIVE,214,XR_SHOULDER,5,central,train/XR_SHOULDER/patient00297/study3_positive
SPECIALIST_02,MURA_TT_0777,EXCLUSIVE,215,XR_WRIST,7,central,train/XR_WRIST/patient07026/study1_positive
SPECIALIST_02,MURA_TT_1445,EXCLUSIVE,216,XR_HUMERUS,0,intermediate,train/XR_HUMERUS/patient02800/study1_positive
SPECIALIST_02,MURA_TT_0427,EXCLUSIVE,217,XR_SHOULDER,2,central,train/XR_SHOULDER/patient00451/study1_positive
SPECIALIST_02,MURA_TT_1529,EXCLUSIVE,218,XR_FINGER,5,central,train/XR_FINGER/patient03605/study1_positive
SPECIALIST_02,MURA_TT_1323,EXCLUSIVE,219,XR_WRIST,8,peripheral,train/XR_WRIST/patient06912/study1_positive
SPECIALIST_02,MURA_TT_1861,EXCLUSIVE,220,XR_SHOULDER,5,central,train/XR_SHOULDER/patient00201/study1_positive
SPECIALIST_02,MURA_TT_0595,EXCLUSIVE,221,XR_WRIST,4,peripheral,train/XR_WRIST/patient07356/study1_positive
SPECIALIST_02,MURA_TT_1676,EXCLUSIVE,222,XR_SHOULDER,2,central,train/XR_SHOULDER/patient00833/study1_positive
SPECIALIST_02,MURA_TT_1278,EXCLUSIVE,223,XR_HAND,4,central,train/XR_HAND/patient09875/study1_positive
SPECIALIST_02,MURA_TT_0088,EXCLUSIVE,224,XR_FINGER,4,central,train/XR_FINGER/patient03742/study1_positive
SPECIALIST_02,MURA_TT_1139,EXCLUSIVE,225,XR_ELBOW,5,central,train/XR_ELBOW/patient05258/study1_positive
SPECIALIST_02,MURA_TT_0361,SHARED,226,XR_FINGER,4,intermediate,train/XR_FINGER/patient03473/study1_positive
SPECIALIST_02,MURA_TT_0837,EXCLUSIVE,227,XR_ELBOW,2,central,train/XR_ELBOW/patient04955/study1_positive
SPECIALIST_02,MURA_TT_0478,EXCLUSIVE,228,XR_FINGER,3,central,train/XR_FINGER/patient03465/study1_positive
SPECIALIST_02,MURA_TT_0624,EXCLUSIVE,229,XR_FOREARM,2,central,train/XR_FOREARM/patient09292/study1_positive
SPECIALIST_02,MURA_TT_0217,EXCLUSIVE,230,XR_HUMERUS,3,central,train/XR_HUMERUS/patient02878/study1_positive
SPECIALIST_02,MURA_TT_1299,EXCLUSIVE,231,XR_WRIST,8,central,train/XR_WRIST/patient05651/study1_positive
SPECIALIST_02,MURA_TT_1054,EXCLUSIVE,232,XR_WRIST,2,central,train/XR_WRIST/patient07262/study1_positive
SPECIALIST_02,MURA_TT_0912,EXCLUSIVE,233,XR_WRIST,6,central,train/XR_WRIST/patient06483/study1_positive
SPECIALIST_02,MURA_TT_0138,EXCLUSIVE,234,XR_WRIST,7,intermediate,train/XR_WRIST/patient07188/study1_positive
SPECIALIST_02,MURA_TT_1272,EXCLUSIVE,235,XR_SHOULDER,0,intermediate,train/XR_SHOULDER/patient00971/study1_positive
SPECIALIST_02,MURA_TT_0844,EXCLUSIVE,236,XR_HAND,2,peripheral,train/XR_HAND/patient10102/study1_positive
SPECIALIST_02,MURA_TT_0208,EXCLUSIVE,237,XR_SHOULDER,2,intermediate,train/XR_SHOULDER/patient01217/study1_positive
SPECIALIST_02,MURA_TT_0021,EXCLUSIVE,238,XR_FOREARM,3,central,train/XR_FOREARM/patient06132/study1_positive
SPECIALIST_02,MURA_TT_1975,EXCLUSIVE,239,XR_SHOULDER,4,central,train/XR_SHOULDER/patient01174/study1_positive
SPECIALIST_02,MURA_TT_1041,EXCLUSIVE,240,XR_SHOULDER,0,central,train/XR_SHOULDER/patient00587/study1_positive
SPECIALIST_02,MURA_TT_0173,EXCLUSIVE,241,XR_WRIST,8,central,train/XR_WRIST/patient02766/study1_positive
SPECIALIST_02,MURA_TT_0031,EXCLUSIVE,242,XR_FOREARM,2,central,train/XR_FOREARM/patient09133/study1_positive
SPECIALIST_02,MURA_TT_0760,EXCLUSIVE,243,XR_SHOULDER,2,central,train/XR_SHOULDER/patient00662/study1_positive
SPECIALIST_02,MURA_TT_0494,EXCLUSIVE,244,XR_FINGER,5,central,train/XR_FINGER/patient03446/study1_positive
SPECIALIST_02,MURA_TT_0414,EXCLUSIVE,245,XR_HAND,5,central,train/XR_HAND/patient09931/study1_positive
SPECIALIST_02,MURA_TT_1853,EXCLUSIVE,246,XR_SHOULDER,5,central,train/XR_SHOULDER/patient00488/study1_positive
SPECIALIST_02,MURA_TT_0104,EXCLUSIVE,247,XR_SHOULDER,3,central,train/XR_SHOULDER/patient00928/study1_positive
SPECIALIST_02,MURA_TT_0243,EXCLUSIVE,248,XR_FINGER,5,intermediate,train/XR_FINGER/patient03727/study1_positive
SPECIALIST_02,MURA_TT_1921,EXCLUSIVE,249,XR_SHOULDER,4,central,train/XR_SHOULDER/patient00088/study1_positive
SPECIALIST_02,MURA_TT_0165,SHARED,250,XR_WRIST,8,central,train/XR_WRIST/patient07086/study1_positive
SPECIALIST_02,MURA_TT_0936,EXCLUSIVE,251,XR_FINGER,4,central,train/XR_FINGER/patient03280/study1_positive
SPECIALIST_02,MURA_TT_1639,SHARED,252,XR_WRIST,6,central,train/XR_WRIST/patient06559/study1_positive
SPECIALIST_02,MURA_TT_1674,EXCLUSIVE,253,XR_ELBOW,5,intermediate,train/XR_ELBOW/patient05117/study1_positive
SPECIALIST_02,MURA_TT_0133,EXCLUSIVE,254,XR_HAND,0,central,train/XR_HAND/patient09764/study1_positive
SPECIALIST_02,MURA_TT_0858,EXCLUSIVE,255,XR_FOREARM,1,central,train/XR_FOREARM/patient09276/study1_positive
SPECIALIST_02,MURA_TT_0449,EXCLUSIVE,256,XR_FOREARM,4,central,train/XR_FOREARM/patient09153/study1_positive
SPECIALIST_02,MURA_TT_0298,EXCLUSIVE,257,XR_WRIST,3,central,train/XR_WRIST/patient00604/study1_positive
SPECIALIST_02,MURA_TT_1743,EXCLUSIVE,258,XR_SHOULDER,3,intermediate,train/XR_SHOULDER/patient01193/study1_positive
SPECIALIST_02,MURA_TT_0353,SHARED,259,XR_SHOULDER,3,intermediate,train/XR_SHOULDER/patient00124/study1_positive
SPECIALIST_02,MURA_TT_1170,EXCLUSIVE,260,XR_ELBOW,1,central,train/XR_ELBOW/patient05234/study1_positive
SPECIALIST_02,MURA_TT_0374,EXCLUSIVE,261,XR_WRIST,3,intermediate,train/XR_WRIST/patient01456/study1_positive
SPECIALIST_02,MURA_TT_1020,EXCLUSIVE,262,XR_ELBOW,4,peripheral,train/XR_ELBOW/patient05345/study1_positive
SPECIALIST_02,MURA_TT_1478,EXCLUSIVE,263,XR_WRIST,2,intermediate,train/XR_WRIST/patient02273/study1_positive
SPECIALIST_02,MURA_TT_1961,EXCLUSIVE,264,XR_FINGER,4,central,train/XR_FINGER/patient03575/study1_positive
SPECIALIST_02,MURA_TT_1214,EXCLUSIVE,265,XR_ELBOW,0,central,train/XR_ELBOW/patient05256/study1_positive
SPECIALIST_02,MURA_TT_1854,EXCLUSIVE,266,XR_WRIST,5,central,train/XR_WRIST/patient06770/study1_positive
SPECIALIST_02,MURA_TT_1063,EXCLUSIVE,267,XR_HUMERUS,1,central,train/XR_HUMERUS/patient02718/study1_positive
SPECIALIST_02,MURA_TT_0218,EXCLUSIVE,268,XR_FINGER,1,intermediate,train/XR_FINGER/patient03265/study1_positive
SPECIALIST_02,MURA_TT_0752,EXCLUSIVE,269,XR_SHOULDER,0,central,train/XR_SHOULDER/patient00172/study1_positive
SPECIALIST_02,MURA_TT_0673,EXCLUSIVE,270,XR_HAND,4,central,train/XR_HAND/patient10051/study1_positive
SPECIALIST_02,MURA_TT_1169,SHARED,271,XR_WRIST,8,peripheral,train/XR_WRIST/patient07309/study1_positive
SPECIALIST_02,MURA_TT_1638,EXCLUSIVE,272,XR_ELBOW,2,intermediate,train/XR_ELBOW/patient05093/study1_positive
SPECIALIST_02,MURA_TT_0191,EXCLUSIVE,273,XR_FOREARM,1,intermediate,train/XR_FOREARM/patient09253/study1_positive
SPECIALIST_02,MURA_TT_0250,EXCLUSIVE,274,XR_SHOULDER,2,central,train/XR_SHOULDER/patient01210/study1_positive
SPECIALIST_02,MURA_TT_0756,EXCLUSIVE,275,XR_ELBOW,3,peripheral,train/XR_ELBOW/patient05306/study1_positive
SPECIALIST_02,MURA_TT_1121,EXCLUSIVE,276,XR_ELBOW,4,central,train/XR_ELBOW/patient00511/study1_positive
SPECIALIST_02,MURA_TT_1637,EXCLUSIVE,277,XR_HAND,4,central,train/XR_HAND/patient09560/study1_positive
SPECIALIST_02,MURA_TT_0825,EXCLUSIVE,278,XR_HAND,2,intermediate,train/XR_HAND/patient00218/study1_positive
SPECIALIST_02,MURA_TT_1304,SHARED,279,XR_SHOULDER,0,intermediate,train/XR_SHOULDER/patient00044/study1_positive
SPECIALIST_02,MURA_TT_0840,SHARED,280,XR_HUMERUS,2,peripheral,train/XR_HUMERUS/patient01344/study1_positive
SPECIALIST_02,MURA_TT_1419,EXCLUSIVE,281,XR_FINGER,5,central,train/XR_FINGER/patient03363/study1_positive
SPECIALIST_02,MURA_TT_0548,SHARED,282,XR_WRIST,4,central,train/XR_WRIST/patient06602/study1_positive
SPECIALIST_02,MURA_TT_0380,EXCLUSIVE,283,XR_SHOULDER,4,central,train/XR_SHOULDER/patient01102/study1_positive
SPECIALIST_02,MURA_TT_1817,EXCLUSIVE,284,XR_SHOULDER,5,peripheral,train/XR_SHOULDER/patient00620/study1_positive
SPECIALIST_02,MURA_TT_1218,EXCLUSIVE,285,XR_HAND,3,central,train/XR_HAND/patient09779/study1_positive
SPECIALIST_02,MURA_TT_0477,EXCLUSIVE,286,XR_FOREARM,3,intermediate,train/XR_FOREARM/patient02976/study1_positive
SPECIALIST_02,MURA_TT_0665,SHARED,287,XR_HUMERUS,1,central,train/XR_HUMERUS/patient02871/study1_positive
SPECIALIST_02,MURA_TT_1828,EXCLUSIVE,288,XR_WRIST,5,central,train/XR_WRIST/patient06737/study1_positive
SPECIALIST_02,MURA_TT_1415,EXCLUSIVE,289,XR_ELBOW,5,central,train/XR_ELBOW/patient05374/study1_positive
SPECIALIST_02,MURA_TT_1036,EXCLUSIVE,290,XR_SHOULDER,5,central,train/XR_SHOULDER/patient01078/study1_positive
SPECIALIST_02,MURA_TT_0495,EXCLUSIVE,291,XR_HAND,0,central,train/XR_HAND/patient10048/study1_positive
SPECIALIST_02,MURA_TT_1375,EXCLUSIVE,292,XR_HAND,4,central,train/XR_HAND/patient10135/study1_positive
SPECIALIST_02,MURA_TT_1481,EXCLUSIVE,293,XR_ELBOW,1,peripheral,train/XR_ELBOW/patient02611/study1_positive
SPECIALIST_02,MURA_TT_0178,EXCLUSIVE,294,XR_SHOULDER,2,peripheral,train/XR_SHOULDER/patient00988/study1_positive
SPECIALIST_02,MURA_TT_0518,EXCLUSIVE,295,XR_ELBOW,5,peripheral,train/XR_ELBOW/patient00466/study1_positive
SPECIALIST_02,MURA_TT_1125,EXCLUSIVE,296,XR_WRIST,3,intermediate,train/XR_WRIST/patient07101/study1_positive
SPECIALIST_02,MURA_TT_1598,EXCLUSIVE,297,XR_SHOULDER,5,central,train/XR_SHOULDER/patient00346/study1_positive
SPECIALIST_02,MURA_TT_1462,EXCLUSIVE,298,XR_WRIST,2,central,train/XR_WRIST/patient06775/study1_positive
SPECIALIST_02,MURA_TT_1689,SHARED,299,XR_ELBOW,2,central,train/XR_ELBOW/patient04925/study1_positive
SPECIALIST_02,MURA_TT_0974,EXCLUSIVE,300,XR_HAND,4,central,train/XR_HAND/patient10063/study1_positive
SPECIALIST_02,MURA_TT_0750,EXCLUSIVE,301,XR_SHOULDER,0,central,train/XR_SHOULDER/patient01176/study1_positive
SPECIALIST_02,MURA_TT_0679,SHARED,302,XR_HAND,5,central,train/XR_HAND/patient09859/study1_positive
SPECIALIST_02,MURA_TT_1446,EXCLUSIVE,303,XR_HUMERUS,2,central,train/XR_HUMERUS/patient02799/study1_positive
SPECIALIST_02,MURA_TT_0106,SHARED,304,XR_HAND,3,central,train/XR_HAND/patient09847/study1_positive
SPECIALIST_02,MURA_TT_1560,EXCLUSIVE,305,XR_ELBOW,0,central,train/XR_ELBOW/patient04947/study1_positive
SPECIALIST_02,MURA_TT_0062,SHARED,306,XR_FOREARM,3,intermediate,train/XR_FOREARM/patient09221/study1_positive
SPECIALIST_02,MURA_TT_0254,EXCLUSIVE,307,XR_FINGER,4,central,train/XR_FINGER/patient03454/study1_positive
SPECIALIST_02,MURA_TT_0441,EXCLUSIVE,308,XR_FINGER,3,central,train/XR_FINGER/patient03301/study1_positive
SPECIALIST_02,MURA_TT_0502,EXCLUSIVE,309,XR_FINGER,5,peripheral,train/XR_FINGER/patient03551/study1_positive
SPECIALIST_02,MURA_TT_0857,EXCLUSIVE,310,XR_WRIST,3,peripheral,train/XR_WRIST/patient06915/study1_positive
SPECIALIST_02,MURA_TT_0814,SHARED,311,XR_ELBOW,2,central,train/XR_ELBOW/patient05174/study1_positive
SPECIALIST_02,MURA_TT_0282,EXCLUSIVE,312,XR_SHOULDER,4,central,train/XR_SHOULDER/patient00151/study1_positive
SPECIALIST_02,MURA_TT_0668,EXCLUSIVE,313,XR_WRIST,2,central,train/XR_WRIST/patient06461/study1_positive
SPECIALIST_02,MURA_TT_0517,EXCLUSIVE,314,XR_HAND,2,central,train/XR_HAND/patient09924/study1_positive
SPECIALIST_02,MURA_TT_1545,EXCLUSIVE,315,XR_ELBOW,5,central,train/XR_ELBOW/patient05125/study1_positive
SPECIALIST_02,MURA_TT_0446,EXCLUSIVE,316,XR_FOREARM,0,intermediate,train/XR_FOREARM/patient09111/study1_positive
SPECIALIST_02,MURA_TT_0261,EXCLUSIVE,317,XR_ELBOW,1,central,train/XR_ELBOW/patient01112/study1_positive
SPECIALIST_02,MURA_TT_0981,SHARED,318,XR_FOREARM,0,central,train/XR_FOREARM/patient01212/study1_positive
SPECIALIST_02,MURA_TT_0718,EXCLUSIVE,319,XR_ELBOW,0,central,train/XR_ELBOW/patient05402/study1_positive
SPECIALIST_02,MURA_TT_1088,EXCLUSIVE,320,XR_HUMERUS,2,intermediate,train/XR_HUMERUS/patient02779/study1_positive
SPECIALIST_02,MURA_TT_0059,EXCLUSIVE,321,XR_SHOULDER,0,central,train/XR_SHOULDER/patient01228/study1_positive
SPECIALIST_02,MURA_TT_1477,EXCLUSIVE,322,XR_HAND,0,central,train/XR_HAND/patient10038/study1_positive
SPECIALIST_02,MURA_TT_1145,EXCLUSIVE,323,XR_WRIST,8,intermediate,train/XR_WRIST/patient07179/study1_positive
SPECIALIST_02,MURA_TT_0873,EXCLUSIVE,324,XR_WRIST,6,central,train/XR_WRIST/patient06431/study1_positive
SPECIALIST_02,MURA_TT_1713,EXCLUSIVE,325,XR_FINGER,2,intermediate,train/XR_FINGER/patient03670/study1_positive
SPECIALIST_02,MURA_TT_1907,EXCLUSIVE,326,XR_WRIST,5,central,train/XR_WRIST/patient06389/study1_positive
SPECIALIST_02,MURA_TT_0190,EXCLUSIVE,327,XR_SHOULDER,0,peripheral,train/XR_SHOULDER/patient00953/study1_positive
SPECIALIST_02,MURA_TT_1748,EXCLUSIVE,328,XR_SHOULDER,5,central,train/XR_SHOULDER/patient00152/study1_positive
SPECIALIST_02,MURA_TT_1926,EXCLUSIVE,329,XR_SHOULDER,3,central,train/XR_SHOULDER/patient01362/study1_positive
SPECIALIST_02,MURA_TT_1322,EXCLUSIVE,330,XR_FOREARM,5,intermediate,train/XR_FOREARM/patient06444/study1_positive
SPECIALIST_02,MURA_TT_0318,SHARED,331,XR_SHOULDER,5,intermediate,train/XR_SHOULDER/patient00889/study1_positive
SPECIALIST_02,MURA_TT_0482,SHARED,332,XR_SHOULDER,4,central,train/XR_SHOULDER/patient00217/study1_positive
SPECIALIST_02,MURA_TT_1556,EXCLUSIVE,333,XR_FOREARM,3,intermediate,train/XR_FOREARM/patient09277/study1_positive
SPECIALIST_02,MURA_TT_1668,SHARED,334,XR_HAND,3,central,train/XR_HAND/patient09821/study1_positive
SPECIALIST_02,MURA_TT_0381,EXCLUSIVE,335,XR_SHOULDER,4,central,train/XR_SHOULDER/patient00411/study1_positive
SPECIALIST_02,MURA_TT_1747,EXCLUSIVE,336,XR_FINGER,3,intermediate,train/XR_FINGER/patient01992/study1_positive
SPECIALIST_02,MURA_TT_1520,EXCLUSIVE,337,XR_FOREARM,5,central,train/XR_FOREARM/patient09274/study1_positive
SPECIALIST_02,MURA_TT_1935,EXCLUSIVE,338,XR_FINGER,2,central,train/XR_FINGER/patient03661/study1_positive
SPECIALIST_02,MURA_TT_0907,EXCLUSIVE,339,XR_WRIST,8,central,train/XR_WRIST/patient06928/study1_positive
SPECIALIST_02,MURA_TT_0489,EXCLUSIVE,340,XR_HAND,4,intermediate,train/XR_HAND/patient09734/study1_positive
SPECIALIST_02,MURA_TT_1768,EXCLUSIVE,341,XR_HAND,5,intermediate,train/XR_HAND/patient09788/study1_positive
SPECIALIST_02,MURA_TT_0126,EXCLUSIVE,342,XR_SHOULDER,5,central,train/XR_SHOULDER/patient00643/study1_positive
SPECIALIST_02,MURA_TT_0406,SHARED,343,XR_HUMERUS,2,intermediate,train/XR_HUMERUS/patient02854/study1_positive
SPECIALIST_02,MURA_TT_1114,EXCLUSIVE,344,XR_HUMERUS,3,central,train/XR_HUMERUS/patient02755/study1_positive
SPECIALIST_02,MURA_TT_0166,EXCLUSIVE,345,XR_SHOULDER,4,central,train/XR_SHOULDER/patient01196/study1_positive
SPECIALIST_02,MURA_TT_1082,EXCLUSIVE,346,XR_HUMERUS,2,central,train/XR_HUMERUS/patient02702/study1_positive
SPECIALIST_02,MURA_TT_1795,EXCLUSIVE,347,XR_WRIST,3,central,train/XR_WRIST/patient06460/study1_positive
SPECIALIST_02,MURA_TT_0920,SHARED,348,XR_WRIST,7,central,train/XR_WRIST/patient06544/study1_positive
SPECIALIST_02,MURA_TT_1023,EXCLUSIVE,349,XR_ELBOW,5,central,train/XR_ELBOW/patient05394/study1_positive
SPECIALIST_02,MURA_TT_0970,EXCLUSIVE,350,XR_HAND,2,central,train/XR_HAND/patient09940/study1_positive
SPECIALIST_02,MURA_TT_1188,EXCLUSIVE,351,XR_HAND,0,intermediate,train/XR_HAND/patient09813/study1_positive
SPECIALIST_02,MURA_TT_1366,EXCLUSIVE,352,XR_ELBOW,0,intermediate,train/XR_ELBOW/patient05226/study1_positive
SPECIALIST_02,MURA_TT_0480,EXCLUSIVE,353,XR_SHOULDER,4,intermediate,train/XR_SHOULDER/patient00967/study1_positive
SPECIALIST_02,MURA_TT_1842,EXCLUSIVE,354,XR_FINGER,4,peripheral,train/XR_FINGER/patient03745/study1_positive
SPECIALIST_02,MURA_TT_1154,EXCLUSIVE,355,XR_WRIST,3,central,train/XR_WRIST/patient06880/study1_positive
SPECIALIST_02,MURA_TT_0435,EXCLUSIVE,356,XR_WRIST,8,central,train/XR_WRIST/patient06503/study1_positive
SPECIALIST_02,MURA_TT_0711,EXCLUSIVE,357,XR_HAND,5,peripheral,train/XR_HAND/patient10005/study1_positive
SPECIALIST_02,MURA_TT_0690,SHARED,358,XR_WRIST,1,peripheral,train/XR_WRIST/patient06504/study1_positive
SPECIALIST_02,MURA_TT_0681,EXCLUSIVE,359,XR_SHOULDER,3,central,train/XR_SHOULDER/patient00441/study1_positive
SPECIALIST_02,MURA_TT_0900,EXCLUSIVE,360,XR_FINGER,0,central,train/XR_FINGER/patient02667/study1_positive
SPECIALIST_02,MURA_TT_0026,EXCLUSIVE,361,XR_ELBOW,1,intermediate,train/XR_ELBOW/patient05245/study1_positive
SPECIALIST_02,MURA_TT_1126,EXCLUSIVE,362,XR_SHOULDER,5,central,train/XR_SHOULDER/patient00205/study1_positive
SPECIALIST_02,MURA_TT_0453,EXCLUSIVE,363,XR_ELBOW,0,central,train/XR_ELBOW/patient00990/study1_positive
SPECIALIST_02,MURA_TT_0097,EXCLUSIVE,364,XR_FOREARM,3,central,train/XR_FOREARM/patient09168/study1_positive
SPECIALIST_02,MURA_TT_1008,EXCLUSIVE,365,XR_HUMERUS,3,peripheral,train/XR_HUMERUS/patient02741/study1_positive
SPECIALIST_02,MURA_TT_0866,EXCLUSIVE,366,XR_ELBOW,2,intermediate,train/XR_ELBOW/patient04975/study1_positive
SPECIALIST_02,MURA_TT_1131,EXCLUSIVE,367,XR_ELBOW,2,central,train/XR_ELBOW/patient05133/study1_positive
SPECIALIST_02,MURA_TT_1073,EXCLUSIVE,368,XR_FINGER,5,central,train/XR_FINGER/patient03625/study1_positive
SPECIALIST_02,MURA_TT_1666,EXCLUSIVE,369,XR_HAND,4,central,train/XR_HAND/patient09776/study1_positive
SPECIALIST_02,MURA_TT_0828,EXCLUSIVE,370,XR_SHOULDER,3,peripheral,train/XR_SHOULDER/patient00112/study1_positive
SPECIALIST_02,MURA_TT_0439,EXCLUSIVE,371,XR_FINGER,2,intermediate,train/XR_FINGER/patient03760/study1_positive
SPECIALIST_02,MURA_TT_0410,EXCLUSIVE,372,XR_SHOULDER,1,central,train/XR_SHOULDER/patient00422/study1_positive
SPECIALIST_02,MURA_TT_0013,EXCLUSIVE,373,XR_HUMERUS,3,central,train/XR_HUMERUS/patient02841/study1_positive
SPECIALIST_02,MURA_TT_0229,EXCLUSIVE,374,XR_WRIST,2,central,train/XR_WRIST/patient06670/study1_positive
SPECIALIST_02,MURA_TT_1466,EXCLUSIVE,375,XR_HUMERUS,3,intermediate,train/XR_HUMERUS/patient02708/study1_positive
SPECIALIST_02,MURA_TT_0237,EXCLUSIVE,376,XR_HUMERUS,1,central,train/XR_HUMERUS/patient02724/study1_positive
SPECIALIST_02,MURA_TT_1927,EXCLUSIVE,377,XR_HAND,4,central,train/XR_HAND/patient10012/study1_positive
SPECIALIST_02,MURA_TT_1343,EXCLUSIVE,378,XR_HAND,3,central,train/XR_HAND/patient10020/study1_positive
SPECIALIST_02,MURA_TT_0160,EXCLUSIVE,379,XR_WRIST,1,intermediate,train/XR_WRIST/patient07015/study1_positive
SPECIALIST_02,MURA_TT_1404,EXCLUSIVE,380,XR_HUMERUS,2,central,train/XR_HUMERUS/patient02738/study1_positive
SPECIALIST_02,MURA_TT_0397,EXCLUSIVE,381,XR_SHOULDER,2,central,train/XR_SHOULDER/patient01050/study1_positive
SPECIALIST_02,MURA_TT_1022,EXCLUSIVE,382,XR_FINGER,5,intermediate,train/XR_FINGER/patient03327/study1_positive
SPECIALIST_02,MURA_TT_0848,EXCLUSIVE,383,XR_WRIST,4,intermediate,train/XR_WRIST/patient06890/study1_positive
SPECIALIST_02,MURA_TT_1329,EXCLUSIVE,384,XR_HAND,4,peripheral,train/XR_HAND/patient10033/study1_positive
SPECIALIST_02,MURA_TT_0479,EXCLUSIVE,385,XR_ELBOW,5,peripheral,train/XR_ELBOW/patient05251/study1_positive
SPECIALIST_02,MURA_TT_0922,EXCLUSIVE,386,XR_SHOULDER,3,central,train/XR_SHOULDER/patient01194/study1_positive
SPECIALIST_02,MURA_TT_0514,EXCLUSIVE,387,XR_SHOULDER,4,central,train/XR_SHOULDER/patient00188/study1_positive
SPECIALIST_02,MURA_TT_0303,EXCLUSIVE,388,XR_WRIST,8,central,train/XR_WRIST/patient06425/study1_positive
SPECIALIST_02,MURA_TT_0748,EXCLUSIVE,389,XR_HAND,0,peripheral,train/XR_HAND/patient10002/study1_positive
SPECIALIST_02,MURA_TT_1059,EXCLUSIVE,390,XR_HUMERUS,3,intermediate,train/XR_HUMERUS/patient02726/study1_positive
SPECIALIST_02,MURA_TT_0345,EXCLUSIVE,391,XR_FINGER,5,intermediate,train/XR_FINGER/patient03758/study1_positive
SPECIALIST_02,MURA_TT_1680,EXCLUSIVE,392,XR_FOREARM,2,peripheral,train/XR_FOREARM/patient04174/study1_positive
SPECIALIST_02,MURA_TT_1703,EXCLUSIVE,393,XR_ELBOW,2,central,train/XR_ELBOW/patient00034/study1_positive
SPECIALIST_02,MURA_TT_0772,EXCLUSIVE,394,XR_SHOULDER,2,intermediate,train/XR_SHOULDER/patient01332/study1_positive
SPECIALIST_02,MURA_TT_0401,EXCLUSIVE,395,XR_HAND,5,intermediate,train/XR_HAND/patient09819/study1_positive
SPECIALIST_02,MURA_TT_0457,SHARED,396,XR_FINGER,1,central,train/XR_FINGER/patient03773/study1_positive
SPECIALIST_02,MURA_TT_0966,EXCLUSIVE,397,XR_SHOULDER,5,intermediate,train/XR_SHOULDER/patient00335/study1_positive
SPECIALIST_02,MURA_TT_1801,EXCLUSIVE,398,XR_WRIST,2,central,train/XR_WRIST/patient03050/study1_positive
SPECIALIST_02,MURA_TT_1058,EXCLUSIVE,399,XR_SHOULDER,5,peripheral,train/XR_SHOULDER/patient00090/study1_positive
SPECIALIST_02,MURA_TT_1929,EXCLUSIVE,400,XR_SHOULDER,3,central,train/XR_SHOULDER/patient00666/study2_positive
SPECIALIST_02,MURA_TT_1367,EXCLUSIVE,401,XR_WRIST,8,intermediate,train/XR_WRIST/patient06690/study1_positive
SPECIALIST_02,MURA_TT_1849,EXCLUSIVE,402,XR_HUMERUS,2,central,train/XR_HUMERUS/patient02754/study1_positive
SPECIALIST_02,MURA_TT_0653,EXCLUSIVE,403,XR_HUMERUS,3,intermediate,train/XR_HUMERUS/patient02911/study1_positive
SPECIALIST_02,MURA_TT_0782,EXCLUSIVE,404,XR_FINGER,2,central,train/XR_FINGER/patient03311/study1_positive
SPECIALIST_02,MURA_TT_1715,EXCLUSIVE,405,XR_SHOULDER,0,central,train/XR_SHOULDER/patient00333/study1_positive
SPECIALIST_02,MURA_TT_1687,EXCLUSIVE,406,XR_WRIST,5,central,train/XR_WRIST/patient07284/study1_positive
SPECIALIST_02,MURA_TT_0870,EXCLUSIVE,407,XR_WRIST,6,central,train/XR_WRIST/patient06535/study1_positive
SPECIALIST_02,MURA_TT_1871,SHARED,408,XR_WRIST,5,intermediate,train/XR_WRIST/patient07295/study1_positive
SPECIALIST_02,MURA_TT_1062,SHARED,409,XR_WRIST,6,central,train/XR_WRIST/patient06830/study1_positive
SPECIALIST_02,MURA_TT_0692,EXCLUSIVE,410,XR_FINGER,3,intermediate,train/XR_FINGER/patient03389/study1_positive
SPECIALIST_02,MURA_TT_1623,EXCLUSIVE,411,XR_HUMERUS,3,peripheral,train/XR_HUMERUS/patient02868/study1_positive
SPECIALIST_02,MURA_TT_0124,EXCLUSIVE,412,XR_FINGER,4,intermediate,train/XR_FINGER/patient01138/study1_positive
SPECIALIST_02,MURA_TT_0644,EXCLUSIVE,413,XR_WRIST,8,central,train/XR_WRIST/patient06920/study1_positive
SPECIALIST_02,MURA_TT_1226,EXCLUSIVE,414,XR_WRIST,4,central,train/XR_WRIST/patient07069/study1_positive
SPECIALIST_02,MURA_TT_0745,SHARED,415,XR_ELBOW,0,peripheral,train/XR_ELBOW/patient05434/study1_positive
SPECIALIST_02,MURA_TT_0103,EXCLUSIVE,416,XR_FINGER,3,central,train/XR_FINGER/patient03722/study1_positive
SPECIALIST_02,MURA_TT_1267,EXCLUSIVE,417,XR_ELBOW,2,central,train/XR_ELBOW/patient04965/study1_positive
SPECIALIST_02,MURA_TT_1503,EXCLUSIVE,418,XR_SHOULDER,5,peripheral,train/XR_SHOULDER/patient01120/study1_positive
SPECIALIST_02,MURA_TT_1829,EXCLUSIVE,419,XR_FOREARM,2,peripheral,train/XR_FOREARM/patient09159/study1_positive
SPECIALIST_02,MURA_TT_1357,EXCLUSIVE,420,XR_SHOULDER,3,central,train/XR_SHOULDER/patient00280/study1_positive
SPECIALIST_02,MURA_TT_0279,EXCLUSIVE,421,XR_SHOULDER,5,central,train/XR_SHOULDER/patient00786/study1_positive
SPECIALIST_02,MURA_TT_1604,SHARED,422,XR_ELBOW,4,peripheral,train/XR_ELBOW/patient01057/study1_positive
SPECIALIST_02,MURA_TT_0516,EXCLUSIVE,423,XR_WRIST,1,peripheral,train/XR_WRIST/patient07063/study1_positive
SPECIALIST_02,MURA_TT_1870,EXCLUSIVE,424,XR_ELBOW,1,central,train/XR_ELBOW/patient05328/study1_positive
SPECIALIST_02,MURA_TT_1777,EXCLUSIVE,425,XR_SHOULDER,5,central,train/XR_SHOULDER/patient00024/study1_positive
SPECIALIST_02,MURA_TT_0056,SHARED,426,XR_WRIST,3,intermediate,train/XR_WRIST/patient06480/study1_positive
SPECIALIST_02,MURA_TT_1754,EXCLUSIVE,427,XR_WRIST,2,peripheral,train/XR_WRIST/patient07201/study1_positive
SPECIALIST_02,MURA_TT_1651,EXCLUSIVE,428,XR_ELBOW,0,peripheral,train/XR_ELBOW/patient05017/study1_positive
SPECIALIST_02,MURA_TT_1177,EXCLUSIVE,429,XR_SHOULDER,5,central,train/XR_SHOULDER/patient00893/study1_positive
SPECIALIST_02,MURA_TT_0596,EXCLUSIVE,430,XR_ELBOW,2,central,train/XR_ELBOW/patient05033/study1_positive
SPECIALIST_02,MURA_TT_1407,EXCLUSIVE,431,XR_FOREARM,3,peripheral,train/XR_FOREARM/patient09258/study1_positive
SPECIALIST_02,MURA_TT_0882,EXCLUSIVE,432,XR_SHOULDER,2,central,train/XR_SHOULDER/patient00256/study1_positive
SPECIALIST_02,MURA_TT_0509,EXCLUSIVE,433,XR_WRIST,8,central,train/XR_WRIST/patient06865/study1_positive
SPECIALIST_02,MURA_TT_0663,EXCLUSIVE,434,XR_HUMERUS,0,peripheral,train/XR_HUMERUS/patient02885/study1_positive
SPECIALIST_02,MURA_TT_0058,SHARED,435,XR_WRIST,2,peripheral,train/XR_WRIST/patient00189/study1_positive
SPECIALIST_02,MURA_TT_0902,EXCLUSIVE,436,XR_SHOULDER,1,peripheral,train/XR_SHOULDER/patient00285/study1_positive
SPECIALIST_02,MURA_TT_1016,EXCLUSIVE,437,XR_ELBOW,0,central,train/XR_ELBOW/patient05190/study1_positive
SPECIALIST_02,MURA_TT_0666,EXCLUSIVE,438,XR_WRIST,2,intermediate,train/XR_WRIST/patient00990/study1_positive
SPECIALIST_02,MURA_TT_0822,SHARED,439,XR_FOREARM,5,central,train/XR_FOREARM/patient09269/study1_positive
SPECIALIST_02,MURA_TT_1306,EXCLUSIVE,440,XR_WRIST,5,central,train/XR_WRIST/patient07367/study1_positive
SPECIALIST_02,MURA_TT_0422,SHARED,441,XR_FINGER,1,central,train/XR_FINGER/patient03600/study1_positive
SPECIALIST_02,MURA_TT_0579,EXCLUSIVE,442,XR_WRIST,6,central,train/XR_WRIST/patient07342/study1_positive
SPECIALIST_02,MURA_TT_0383,EXCLUSIVE,443,XR_FINGER,3,central,train/XR_FINGER/patient03378/study1_positive
SPECIALIST_02,MURA_TT_0721,EXCLUSIVE,444,XR_FINGER,0,central,train/XR_FINGER/patient03387/study1_positive
SPECIALIST_02,MURA_TT_1630,EXCLUSIVE,445,XR_WRIST,1,central,train/XR_WRIST/patient07419/study1_positive
SPECIALIST_02,MURA_TT_1381,EXCLUSIVE,446,XR_FOREARM,5,intermediate,train/XR_FOREARM/patient09218/study1_positive
SPECIALIST_02,MURA_TT_0177,EXCLUSIVE,447,XR_HAND,1,central,train/XR_HAND/patient02112/study1_positive
SPECIALIST_02,MURA_TT_1948,EXCLUSIVE,448,XR_WRIST,7,central,train/XR_WRIST/patient06822/study1_positive
SPECIALIST_02,MURA_TT_1350,EXCLUSIVE,449,XR_ELBOW,1,central,train/XR_ELBOW/patient05403/study1_positive
SPECIALIST_02,MURA_TT_0968,EXCLUSIVE,450,XR_FOREARM,3,central,train/XR_FOREARM/patient09192/study1_positive
SPECIALIST_02,MURA_TT_0215,SHARED,451,XR_FOREARM,4,central,train/XR_FOREARM/patient09153/study1_positive
SPECIALIST_02,MURA_TT_1333,EXCLUSIVE,452,XR_SHOULDER,5,central,train/XR_SHOULDER/patient01225/study1_positive
SPECIALIST_02,MURA_TT_0060,EXCLUSIVE,453,XR_FINGER,1,peripheral,train/XR_FINGER/patient03634/study1_positive
SPECIALIST_02,MURA_TT_0728,EXCLUSIVE,454,XR_HAND,5,central,train/XR_HAND/patient07937/study1_positive
SPECIALIST_02,MURA_TT_0603,EXCLUSIVE,455,XR_FOREARM,0,central,train/XR_FOREARM/patient00729/study1_positive
SPECIALIST_02,MURA_TT_0802,EXCLUSIVE,456,XR_HUMERUS,3,central,train/XR_HUMERUS/patient02788/study1_positive
SPECIALIST_02,MURA_TT_0605,EXCLUSIVE,457,XR_SHOULDER,3,central,train/XR_SHOULDER/patient01299/study1_positive
SPECIALIST_02,MURA_TT_1039,EXCLUSIVE,458,XR_WRIST,8,central,train/XR_WRIST/patient01693/study1_positive
SPECIALIST_02,MURA_TT_1869,EXCLUSIVE,459,XR_WRIST,6,central,train/XR_WRIST/patient06649/study1_positive
SPECIALIST_02,MURA_TT_0180,EXCLUSIVE,460,XR_WRIST,1,peripheral,train/XR_WRIST/patient03226/study1_positive
SPECIALIST_02,MURA_TT_0447,EXCLUSIVE,461,XR_HUMERUS,0,central,train/XR_HUMERUS/patient02736/study1_positive
SPECIALIST_02,MURA_TT_1490,SHARED,462,XR_HAND,2,peripheral,train/XR_HAND/patient09897/study1_positive
SPECIALIST_02,MURA_TT_1346,EXCLUSIVE,463,XR_FOREARM,5,peripheral,train/XR_FOREARM/patient09183/study1_positive
SPECIALIST_02,MURA_TT_0958,EXCLUSIVE,464,XR_ELBOW,3,central,train/XR_ELBOW/patient05116/study1_positive
SPECIALIST_02,MURA_TT_0691,EXCLUSIVE,465,XR_FINGER,1,central,train/XR_FINGER/patient03749/study1_positive
SPECIALIST_02,MURA_TT_0081,EXCLUSIVE,466,XR_ELBOW,1,central,train/XR_ELBOW/patient05009/study1_positive
SPECIALIST_02,MURA_TT_0325,EXCLUSIVE,467,XR_HUMERUS,0,central,train/XR_HUMERUS/patient02727/study1_positive
SPECIALIST_02,MURA_TT_0896,EXCLUSIVE,468,XR_SHOULDER,3,intermediate,train/XR_SHOULDER/patient00079/study1_positive
SPECIALIST_02,MURA_TT_1056,EXCLUSIVE,469,XR_WRIST,5,central,train/XR_WRIST/patient06765/study1_positive
SPECIALIST_02,MURA_TT_1616,EXCLUSIVE,470,XR_WRIST,2,peripheral,train/XR_WRIST/patient06365/study1_positive
SPECIALIST_02,MURA_TT_0426,SHARED,471,XR_WRIST,5,central,train/XR_WRIST/patient01856/study1_positive
SPECIALIST_02,MURA_TT_0458,EXCLUSIVE,472,XR_WRIST,4,central,train/XR_WRIST/patient02812/study1_positive
SPECIALIST_02,MURA_TT_0874,EXCLUSIVE,473,XR_SHOULDER,2,central,train/XR_SHOULDER/patient01377/study1_positive
SPECIALIST_02,MURA_TT_0024,EXCLUSIVE,474,XR_HUMERUS,2,intermediate,train/XR_HUMERUS/patient02907/study1_positive
SPECIALIST_02,MURA_TT_1280,SHARED,475,XR_WRIST,7,central,train/XR_WRIST/patient06364/study1_positive
SPECIALIST_02,MURA_TT_0770,EXCLUSIVE,476,XR_SHOULDER,2,central,train/XR_SHOULDER/patient01400/study1_positive
SPECIALIST_02,MURA_TT_1061,EXCLUSIVE,477,XR_WRIST,1,central,train/XR_WRIST/patient06453/study1_positive
SPECIALIST_02,MURA_TT_0931,SHARED,478,XR_SHOULDER,4,intermediate,train/XR_SHOULDER/patient00142/study1_positive
SPECIALIST_02,MURA_TT_1788,EXCLUSIVE,479,XR_HUMERUS,0,intermediate,train/XR_HUMERUS/patient02937/study1_positive
SPECIALIST_02,MURA_TT_0320,SHARED,480,XR_SHOULDER,5,peripheral,train/XR_SHOULDER/patient01227/study1_positive
SPECIALIST_02,MURA_TT_0867,SHARED,481,XR_FINGER,3,central,train/XR_FINGER/patient03697/study1_positive
SPECIALIST_02,MURA_TT_1824,EXCLUSIVE,482,XR_HAND,0,intermediate,train/XR_HAND/patient09987/study1_positive
SPECIALIST_02,MURA_TT_1742,EXCLUSIVE,483,XR_SHOULDER,3,intermediate,train/XR_SHOULDER/patient00944/study1_positive
SPECIALIST_02,MURA_TT_0917,EXCLUSIVE,484,XR_FINGER,0,central,train/XR_FINGER/patient03264/study1_positive
SPECIALIST_02,MURA_TT_0268,EXCLUSIVE,485,XR_ELBOW,2,peripheral,train/XR_ELBOW/patient05445/study1_positive
SPECIALIST_02,MURA_TT_1124,EXCLUSIVE,486,XR_ELBOW,1,central,train/XR_ELBOW/patient05170/study1_positive
SPECIALIST_02,MURA_TT_0196,SHARED,487,XR_FINGER,4,central,train/XR_FINGER/patient03604/study1_positive
SPECIALIST_02,MURA_TT_1632,SHARED,488,XR_HAND,5,central,train/XR_HAND/patient09782/study1_positive
SPECIALIST_02,MURA_TT_0567,EXCLUSIVE,489,XR_WRIST,8,central,train/XR_WRIST/patient01038/study1_positive
SPECIALIST_02,MURA_TT_1424,EXCLUSIVE,490,XR_HAND,0,central,train/XR_HAND/patient00126/study1_positive
SPECIALIST_02,MURA_TT_0577,EXCLUSIVE,491,XR_FINGER,5,central,train/XR_FINGER/patient03400/study1_positive
SPECIALIST_02,MURA_TT_0754,EXCLUSIVE,492,XR_FINGER,4,peripheral,train/XR_FINGER/patient03713/study1_positive
SPECIALIST_02,MURA_TT_1173,EXCLUSIVE,493,XR_WRIST,2,central,train/XR_WRIST/patient07416/study1_positive
SPECIALIST_02,MURA_TT_1167,EXCLUSIVE,494,XR_ELBOW,5,central,train/XR_ELBOW/patient04976/study1_positive
SPECIALIST_02,MURA_TT_0719,SHARED,495,XR_FINGER,3,central,train/XR_FINGER/patient03443/study1_positive
SPECIALIST_02,MURA_TT_1012,EXCLUSIVE,496,XR_SHOULDER,2,central,train/XR_SHOULDER/patient00974/study1_positive
SPECIALIST_02,MURA_TT_1548,EXCLUSIVE,497,XR_HAND,1,central,train/XR_HAND/patient03867/study1_positive
SPECIALIST_02,MURA_TT_0910,SHARED,498,XR_HUMERUS,3,peripheral,train/XR_HUMERUS/patient02747/study1_positive
SPECIALIST_02,MURA_TT_0399,EXCLUSIVE,499,XR_ELBOW,5,intermediate,train/XR_ELBOW/patient05111/study1_positive
SPECIALIST_02,MURA_TT_1362,EXCLUSIVE,500,XR_HAND,2,peripheral,train/XR_HAND/patient09848/study1_positive
SPECIALIST_02,MURA_TT_1782,EXCLUSIVE,501,XR_WRIST,8,central,train/XR_WRIST/patient07142/study1_positive
SPECIALIST_02,MURA_TT_1014,EXCLUSIVE,502,XR_FINGER,4,central,train/XR_FINGER/patient02626/study1_positive
SPECIALIST_02,MURA_TT_0972,EXCLUSIVE,503,XR_WRIST,5,central,train/XR_WRIST/patient06487/study1_positive
SPECIALIST_02,MURA_TT_1236,SHARED,504,XR_FOREARM,3,peripheral,train/XR_FOREARM/patient03956/study1_positive
SPECIALIST_02,MURA_TT_1815,EXCLUSIVE,505,XR_SHOULDER,4,peripheral,train/XR_SHOULDER/patient00701/study1_positive
SPECIALIST_02,MURA_TT_0379,EXCLUSIVE,506,XR_WRIST,8,central,train/XR_WRIST/patient07267/study1_positive
SPECIALIST_02,MURA_TT_1624,EXCLUSIVE,507,XR_SHOULDER,3,intermediate,train/XR_SHOULDER/patient01070/study1_positive
SPECIALIST_02,MURA_TT_0400,SHARED,508,XR_FINGER,5,intermediate,train/XR_FINGER/patient03595/study1_positive
SPECIALIST_02,MURA_TT_0776,EXCLUSIVE,509,XR_FINGER,3,central,train/XR_FINGER/patient03621/study1_positive
SPECIALIST_02,MURA_TT_0228,SHARED,510,XR_ELBOW,1,intermediate,train/XR_ELBOW/patient05446/study1_positive
SPECIALIST_02,MURA_TT_1042,EXCLUSIVE,511,XR_HUMERUS,2,central,train/XR_HUMERUS/patient02853/study1_positive
SPECIALIST_02,MURA_TT_0429,EXCLUSIVE,512,XR_HUMERUS,0,central,train/XR_HUMERUS/patient02805/study1_positive
SPECIALIST_02,MURA_TT_0879,EXCLUSIVE,513,XR_FOREARM,0,peripheral,train/XR_FOREARM/patient09084/study1_positive
SPECIALIST_02,MURA_TT_0182,EXCLUSIVE,514,XR_HAND,1,central,train/XR_HAND/patient10043/study1_positive
SPECIALIST_02,MURA_TT_1896,EXCLUSIVE,515,XR_WRIST,6,peripheral,train/XR_WRIST/patient07207/study1_positive
SPECIALIST_02,MURA_TT_1991,EXCLUSIVE,516,XR_ELBOW,1,peripheral,train/XR_ELBOW/patient05418/study1_positive
SPECIALIST_02,MURA_TT_1759,EXCLUSIVE,517,XR_WRIST,4,central,train/XR_WRIST/patient01131/study1_positive
SPECIALIST_02,MURA_TT_1028,EXCLUSIVE,518,XR_HAND,2,central,train/XR_HAND/patient07575/study1_positive
SPECIALIST_02,MURA_TT_1044,EXCLUSIVE,519,XR_HUMERUS,3,central,train/XR_HUMERUS/patient02760/study1_positive
SPECIALIST_02,MURA_TT_0319,EXCLUSIVE,520,XR_WRIST,5,central,train/XR_WRIST/patient06054/study1_positive
SPECIALIST_02,MURA_TT_0612,SHARED,521,XR_FOREARM,1,central,train/XR_FOREARM/patient09266/study1_positive
SPECIALIST_02,MURA_TT_1964,EXCLUSIVE,522,XR_HAND,0,central,train/XR_HAND/patient05903/study1_positive
SPECIALIST_02,MURA_TT_1492,EXCLUSIVE,523,XR_SHOULDER,3,central,train/XR_SHOULDER/patient00538/study1_positive
SPECIALIST_02,MURA_TT_1570,EXCLUSIVE,524,XR_HUMERUS,0,central,train/XR_HUMERUS/patient02739/study1_positive
SPECIALIST_02,MURA_TT_1183,EXCLUSIVE,525,XR_ELBOW,1,central,train/XR_ELBOW/patient05293/study1_positive
SPECIALIST_02,MURA_TT_1276,EXCLUSIVE,526,XR_FINGER,2,central,train/XR_FINGER/patient03537/study1_positive
SPECIALIST_02,MURA_TT_1844,EXCLUSIVE,527,XR_HUMERUS,2,central,train/XR_HUMERUS/patient02743/study2_positive
SPECIALIST_02,MURA_TT_0601,EXCLUSIVE,528,XR_HAND,2,central,train/XR_HAND/patient09803/study1_positive
SPECIALIST_02,MURA_TT_1617,EXCLUSIVE,529,XR_WRIST,8,intermediate,train/XR_WRIST/patient06778/study2_positive
SPECIALIST_02,MURA_TT_1384,EXCLUSIVE,530,XR_HAND,2,central,train/XR_HAND/patient10089/study1_positive
SPECIALIST_02,MURA_TT_1547,EXCLUSIVE,531,XR_HUMERUS,3,central,train/XR_HUMERUS/patient02838/study1_positive
SPECIALIST_02,MURA_TT_0128,EXCLUSIVE,532,XR_HAND,3,intermediate,train/XR_HAND/patient03501/study2_positive
SPECIALIST_02,MURA_TT_0200,EXCLUSIVE,533,XR_SHOULDER,5,intermediate,train/XR_SHOULDER/patient00035/study1_positive
SPECIALIST_02,MURA_TT_1721,EXCLUSIVE,534,XR_WRIST,4,central,train/XR_WRIST/patient07009/study1_positive
SPECIALIST_02,MURA_TT_1487,EXCLUSIVE,535,XR_FOREARM,3,central,train/XR_FOREARM/patient03735/study1_positive
SPECIALIST_02,MURA_TT_0835,EXCLUSIVE,536,XR_HAND,5,central,train/XR_HAND/patient09805/study1_positive
SPECIALIST_02,MURA_TT_0473,EXCLUSIVE,537,XR_HAND,1,peripheral,train/XR_HAND/patient09757/study1_positive
SPECIALIST_02,MURA_TT_0314,EXCLUSIVE,538,XR_HAND,5,intermediate,train/XR_HAND/patient09873/study1_positive
SPECIALIST_02,MURA_TT_1765,EXCLUSIVE,539,XR_FOREARM,4,peripheral,train/XR_FOREARM/patient04136/study1_positive
SPECIALIST_02,MURA_TT_1949,EXCLUSIVE,540,XR_FOREARM,0,central,train/XR_FOREARM/patient09296/study1_positive
SPECIALIST_02,MURA_TT_0885,EXCLUSIVE,541,XR_HAND,1,peripheral,train/XR_HAND/patient10011/study1_positive
SPECIALIST_02,MURA_TT_1892,SHARED,542,XR_SHOULDER,4,peripheral,train/XR_SHOULDER/patient00149/study1_positive
SPECIALIST_02,MURA_TT_0859,EXCLUSIVE,543,XR_ELBOW,4,central,train/XR_ELBOW/patient05362/study1_positive
SPECIALIST_02,MURA_TT_0224,SHARED,544,XR_HUMERUS,3,central,train/XR_HUMERUS/patient01856/study1_positive
SPECIALIST_02,MURA_TT_0989,SHARED,545,XR_HUMERUS,0,central,train/XR_HUMERUS/patient02870/study1_positive
SPECIALIST_02,MURA_TT_1053,EXCLUSIVE,546,XR_ELBOW,1,central,train/XR_ELBOW/patient01422/study1_positive
SPECIALIST_02,MURA_TT_0474,EXCLUSIVE,547,XR_SHOULDER,1,peripheral,train/XR_SHOULDER/patient00388/study1_positive
SPECIALIST_02,MURA_TT_0444,EXCLUSIVE,548,XR_FOREARM,2,central,train/XR_FOREARM/patient06841/study1_positive
SPECIALIST_02,MURA_TT_0011,EXCLUSIVE,549,XR_ELBOW,0,peripheral,train/XR_ELBOW/patient01374/study1_positive
SPECIALIST_02,MURA_TT_0658,EXCLUSIVE,550,XR_WRIST,8,peripheral,train/XR_WRIST/patient06826/study1_positive
SPECIALIST_02,MURA_TT_1931,EXCLUSIVE,551,XR_ELBOW,5,central,train/XR_ELBOW/patient04963/study1_positive
SPECIALIST_02,MURA_TT_1498,EXCLUSIVE,552,XR_WRIST,8,peripheral,train/XR_WRIST/patient06644/study1_positive
SPECIALIST_02,MURA_TT_1607,EXCLUSIVE,553,XR_FINGER,3,intermediate,train/XR_FINGER/patient03790/study1_positive
SPECIALIST_02,MURA_TT_0568,EXCLUSIVE,554,XR_HAND,1,intermediate,train/XR_HAND/patient07687/study1_positive
SPECIALIST_02,MURA_TT_0911,EXCLUSIVE,555,XR_HUMERUS,2,peripheral,train/XR_HUMERUS/patient02803/study1_positive
SPECIALIST_02,MURA_TT_1722,EXCLUSIVE,556,XR_WRIST,7,central,train/XR_WRIST/patient02150/study1_positive
SPECIALIST_02,MURA_TT_1641,EXCLUSIVE,557,XR_FINGER,5,central,train/XR_FINGER/patient03687/study1_positive
SPECIALIST_02,MURA_TT_0528,EXCLUSIVE,558,XR_FINGER,1,central,train/XR_FINGER/patient03544/study1_positive
SPECIALIST_02,MURA_TT_1593,EXCLUSIVE,559,XR_SHOULDER,5,central,train/XR_SHOULDER/patient00458/study1_positive
SPECIALIST_02,MURA_TT_0826,EXCLUSIVE,560,XR_ELBOW,0,central,train/XR_ELBOW/patient05158/study1_positive
SPECIALIST_02,MURA_TT_0903,EXCLUSIVE,561,XR_WRIST,7,intermediate,train/XR_WRIST/patient07190/study1_positive
SPECIALIST_02,MURA_TT_1887,EXCLUSIVE,562,XR_FINGER,0,central,train/XR_FINGER/patient00687/study1_positive
SPECIALIST_02,MURA_TT_1118,EXCLUSIVE,563,XR_ELBOW,1,intermediate,train/XR_ELBOW/patient05421/study1_positive
SPECIALIST_02,MURA_TT_0991,EXCLUSIVE,564,XR_FINGER,1,central,train/XR_FINGER/patient01529/study1_positive
SPECIALIST_02,MURA_TT_0643,EXCLUSIVE,565,XR_FOREARM,2,intermediate,train/XR_FOREARM/patient09161/study1_positive
SPECIALIST_02,MURA_TT_1031,SHARED,566,XR_WRIST,8,intermediate,train/XR_WRIST/patient06381/study1_positive
SPECIALIST_02,MURA_TT_1794,EXCLUSIVE,567,XR_SHOULDER,1,intermediate,train/XR_SHOULDER/patient00533/study1_positive
SPECIALIST_02,MURA_TT_0072,EXCLUSIVE,568,XR_FINGER,2,central,train/XR_FINGER/patient03767/study1_positive
SPECIALIST_02,MURA_TT_1099,EXCLUSIVE,569,XR_FOREARM,3,central,train/XR_FOREARM/patient03359/study1_positive
SPECIALIST_02,MURA_TT_1464,EXCLUSIVE,570,XR_FINGER,4,intermediate,train/XR_FINGER/patient03492/study1_positive
SPECIALIST_02,MURA_TT_1893,EXCLUSIVE,571,XR_FINGER,4,central,train/XR_FINGER/patient03716/study1_positive
SPECIALIST_02,MURA_TT_0358,EXCLUSIVE,572,XR_WRIST,3,peripheral,train/XR_WRIST/patient06621/study1_positive
SPECIALIST_02,MURA_TT_0602,EXCLUSIVE,573,XR_FOREARM,0,intermediate,train/XR_FOREARM/patient09177/study1_positive
SPECIALIST_02,MURA_TT_1219,SHARED,574,XR_FINGER,2,central,train/XR_FINGER/patient03781/study1_positive
SPECIALIST_02,MURA_TT_1430,EXCLUSIVE,575,XR_ELBOW,0,central,train/XR_ELBOW/patient05432/study1_positive
SPECIALIST_02,MURA_TT_1385,EXCLUSIVE,576,XR_WRIST,1,intermediate,train/XR_WRIST/patient07049/study1_positive
SPECIALIST_02,MURA_TT_1311,SHARED,577,XR_SHOULDER,1,central,train/XR_SHOULDER/patient00381/study1_positive
SPECIALIST_02,MURA_TT_0511,SHARED,578,XR_ELBOW,3,central,train/XR_ELBOW/patient05186/study1_positive
SPECIALIST_02,MURA_TT_0034,EXCLUSIVE,579,XR_HAND,4,central,train/XR_HAND/patient09844/study1_positive
SPECIALIST_02,MURA_TT_0976,SHARED,580,XR_FINGER,5,peripheral,train/XR_FINGER/patient03374/study1_positive
SPECIALIST_02,MURA_TT_0210,EXCLUSIVE,581,XR_ELBOW,0,central,train/XR_ELBOW/patient04956/study1_positive
SPECIALIST_02,MURA_TT_0664,EXCLUSIVE,582,XR_FINGER,2,central,train/XR_FINGER/patient03323/study1_positive
SPECIALIST_02,MURA_TT_0823,EXCLUSIVE,583,XR_WRIST,5,central,train/XR_WRIST/patient07223/study1_positive
SPECIALIST_02,MURA_TT_0505,EXCLUSIVE,584,XR_WRIST,1,central,train/XR_WRIST/patient07032/study1_positive
SPECIALIST_02,MURA_TT_0430,EXCLUSIVE,585,XR_SHOULDER,2,intermediate,train/XR_SHOULDER/patient00020/study1_positive
SPECIALIST_02,MURA_TT_1409,EXCLUSIVE,586,XR_WRIST,6,intermediate,train/XR_WRIST/patient06447/study1_positive
SPECIALIST_02,MURA_TT_0107,EXCLUSIVE,587,XR_FOREARM,2,central,train/XR_FOREARM/patient01419/study1_positive
SPECIALIST_02,MURA_TT_0202,EXCLUSIVE,588,XR_FINGER,5,central,train/XR_FINGER/patient03251/study1_positive
SPECIALIST_02,MURA_TT_1092,EXCLUSIVE,589,XR_HUMERUS,3,central,train/XR_HUMERUS/patient02752/study1_positive
SPECIALIST_02,MURA_TT_0808,SHARED,590,XR_WRIST,1,central,train/XR_WRIST/patient06659/study1_positive
SPECIALIST_02,MURA_TT_0798,EXCLUSIVE,591,XR_SHOULDER,2,central,train/XR_SHOULDER/patient00404/study1_positive
SPECIALIST_02,MURA_TT_0066,EXCLUSIVE,592,XR_WRIST,5,peripheral,train/XR_WRIST/patient07310/study1_positive
SPECIALIST_02,MURA_TT_0532,EXCLUSIVE,593,XR_WRIST,8,central,train/XR_WRIST/patient07259/study1_positive
SPECIALIST_02,MURA_TT_0812,EXCLUSIVE,594,XR_ELBOW,4,central,train/XR_ELBOW/patient05368/study1_positive
SPECIALIST_02,MURA_TT_1761,EXCLUSIVE,595,XR_FINGER,0,peripheral,train/XR_FINGER/patient03794/study1_positive
SPECIALIST_02,MURA_TT_1591,SHARED,596,XR_WRIST,8,intermediate,train/XR_WRIST/patient03005/study1_positive
SPECIALIST_02,MURA_TT_1133,EXCLUSIVE,597,XR_WRIST,8,peripheral,train/XR_WRIST/patient07125/study2_positive
SPECIALIST_02,MURA_TT_0234,EXCLUSIVE,598,XR_SHOULDER,5,central,train/XR_SHOULDER/patient01368/study1_positive
SPECIALIST_02,MURA_TT_1473,EXCLUSIVE,599,XR_SHOULDER,5,central,train/XR_SHOULDER/patient00492/study1_positive
SPECIALIST_02,MURA_TT_0838,EXCLUSIVE,600,XR_SHOULDER,0,central,train/XR_SHOULDER/patient00756/study1_positive
SPECIALIST_02,MURA_TT_0296,EXCLUSIVE,601,XR_FINGER,0,peripheral,train/XR_FINGER/patient02363/study1_positive
SPECIALIST_02,MURA_TT_0145,EXCLUSIVE,602,XR_SHOULDER,5,intermediate,train/XR_SHOULDER/patient00783/study1_positive
SPECIALIST_02,MURA_TT_1400,EXCLUSIVE,603,XR_SHOULDER,2,intermediate,train/XR_SHOULDER/patient00183/study1_positive
SPECIALIST_02,MURA_TT_1865,SHARED,604,XR_FOREARM,3,central,train/XR_FOREARM/patient09219/study1_positive
SPECIALIST_02,MURA_TT_0277,EXCLUSIVE,605,XR_FOREARM,2,central,train/XR_FOREARM/patient09283/study1_positive
SPECIALIST_02,MURA_TT_0310,SHARED,606,XR_ELBOW,0,central,train/XR_ELBOW/patient05183/study1_positive
SPECIALIST_02,MURA_TT_0389,SHARED,607,XR_FOREARM,2,central,train/XR_FOREARM/patient09118/study1_positive
SPECIALIST_02,MURA_TT_0519,EXCLUSIVE,608,XR_SHOULDER,5,intermediate,train/XR_SHOULDER/patient01308/study1_positive
SPECIALIST_02,MURA_TT_0003,EXCLUSIVE,609,XR_SHOULDER,2,intermediate,train/XR_SHOULDER/patient01298/study1_positive
SPECIALIST_02,MURA_TT_1426,EXCLUSIVE,610,XR_SHOULDER,0,central,train/XR_SHOULDER/patient00130/study1_positive
SPECIALIST_02,MURA_TT_0488,EXCLUSIVE,611,XR_FINGER,0,intermediate,train/XR_FINGER/patient03678/study1_positive
SPECIALIST_02,MURA_TT_1692,EXCLUSIVE,612,XR_FINGER,2,peripheral,train/XR_FINGER/patient03403/study1_positive
SPECIALIST_02,MURA_TT_1798,EXCLUSIVE,613,XR_HUMERUS,2,central,train/XR_HUMERUS/patient02763/study1_positive
SPECIALIST_02,MURA_TT_1441,EXCLUSIVE,614,XR_WRIST,0,intermediate,train/XR_WRIST/patient06837/study1_positive
SPECIALIST_02,MURA_TT_1661,EXCLUSIVE,615,XR_WRIST,7,peripheral,train/XR_WRIST/patient06395/study1_positive
SPECIALIST_02,MURA_TT_1851,EXCLUSIVE,616,XR_HUMERUS,0,peripheral,train/XR_HUMERUS/patient02700/study1_positive
SPECIALIST_02,MURA_TT_0114,EXCLUSIVE,617,XR_WRIST,4,peripheral,train/XR_WRIST/patient07368/study1_positive
SPECIALIST_02,MURA_TT_1816,EXCLUSIVE,618,XR_HAND,3,peripheral,train/XR_HAND/patient09746/study1_positive
SPECIALIST_02,MURA_TT_0928,EXCLUSIVE,619,XR_HAND,4,central,train/XR_HAND/patient10080/study1_positive
SPECIALIST_02,MURA_TT_1450,EXCLUSIVE,620,XR_FOREARM,3,peripheral,train/XR_FOREARM/patient02242/study1_positive
SPECIALIST_02,MURA_TT_0566,EXCLUSIVE,621,XR_HUMERUS,3,central,train/XR_HUMERUS/patient02910/study1_positive
SPECIALIST_02,MURA_TT_1476,EXCLUSIVE,622,XR_ELBOW,1,peripheral,train/XR_ELBOW/patient05165/study1_positive
SPECIALIST_02,MURA_TT_1086,EXCLUSIVE,623,XR_ELBOW,1,intermediate,train/XR_ELBOW/patient05138/study1_positive
SPECIALIST_02,MURA_TT_0797,EXCLUSIVE,624,XR_FINGER,4,central,train/XR_FINGER/patient03620/study1_positive
SPECIALIST_02,MURA_TT_0935,EXCLUSIVE,625,XR_ELBOW,2,central,train/XR_ELBOW/patient04023/study1_positive
SPECIALIST_02,MURA_TT_0085,EXCLUSIVE,626,XR_WRIST,2,peripheral,train/XR_WRIST/patient06774/study1_positive
SPECIALIST_02,MURA_TT_0150,EXCLUSIVE,627,XR_ELBOW,1,peripheral,train/XR_ELBOW/patient05035/study1_positive
SPECIALIST_02,MURA_TT_0204,EXCLUSIVE,628,XR_FOREARM,5,central,train/XR_FOREARM/patient09167/study1_positive
SPECIALIST_02,MURA_TT_0815,EXCLUSIVE,629,XR_WRIST,8,intermediate,train/XR_WRIST/patient05623/study1_positive
SPECIALIST_02,MURA_TT_1890,EXCLUSIVE,630,XR_SHOULDER,1,peripheral,train/XR_SHOULDER/patient00577/study1_positive
SPECIALIST_02,MURA_TT_0328,EXCLUSIVE,631,XR_FOREARM,1,peripheral,train/XR_FOREARM/patient01789/study1_positive
SPECIALIST_02,MURA_TT_0041,SHARED,632,XR_ELBOW,1,peripheral,train/XR_ELBOW/patient05016/study1_positive
SPECIALIST_02,MURA_TT_0962,EXCLUSIVE,633,XR_FOREARM,3,central,train/XR_FOREARM/patient09163/study1_positive
SPECIALIST_02,MURA_TT_1442,EXCLUSIVE,634,XR_HUMERUS,0,intermediate,train/XR_HUMERUS/patient02730/study1_positive
SPECIALIST_02,MURA_TT_0573,SHARED,635,XR_SHOULDER,2,intermediate,train/XR_SHOULDER/patient01293/study1_positive
SPECIALIST_02,MURA_TT_1640,EXCLUSIVE,636,XR_WRIST,4,intermediate,train/XR_WRIST/patient05870/study1_positive
SPECIALIST_02,MURA_TT_0197,EXCLUSIVE,637,XR_HUMERUS,3,central,train/XR_HUMERUS/patient02713/study1_positive
SPECIALIST_02,MURA_TT_1726,EXCLUSIVE,638,XR_WRIST,2,central,train/XR_WRIST/patient07041/study1_positive
SPECIALIST_02,MURA_TT_1172,EXCLUSIVE,639,XR_SHOULDER,4,central,train/XR_SHOULDER/patient00632/study1_positive
SPECIALIST_02,MURA_TT_1643,EXCLUSIVE,640,XR_SHOULDER,1,central,train/XR_SHOULDER/patient00173/study1_positive
SPECIALIST_02,MURA_TT_0524,EXCLUSIVE,641,XR_FOREARM,5,central,train/XR_FOREARM/patient09154/study1_positive
SPECIALIST_02,MURA_TT_1627,EXCLUSIVE,642,XR_SHOULDER,2,central,train/XR_SHOULDER/patient00383/study1_positive
SPECIALIST_02,MURA_TT_0347,EXCLUSIVE,643,XR_FINGER,1,intermediate,train/XR_FINGER/patient03381/study1_positive
SPECIALIST_02,MURA_TT_1204,EXCLUSIVE,644,XR_ELBOW,4,peripheral,train/XR_ELBOW/patient05167/study1_positive
SPECIALIST_02,MURA_TT_0367,EXCLUSIVE,645,XR_WRIST,3,central,train/XR_WRIST/patient07227/study1_positive
SPECIALIST_02,MURA_TT_0360,EXCLUSIVE,646,XR_SHOULDER,0,central,train/XR_SHOULDER/patient00471/study1_positive
SPECIALIST_02,MURA_TT_1720,EXCLUSIVE,647,XR_SHOULDER,4,central,train/XR_SHOULDER/patient00993/study1_positive
SPECIALIST_02,MURA_TT_1159,EXCLUSIVE,648,XR_FINGER,2,central,train/XR_FINGER/patient03545/study1_positive
SPECIALIST_02,MURA_TT_0562,EXCLUSIVE,649,XR_WRIST,8,intermediate,train/XR_WRIST/patient07093/study1_positive
SPECIALIST_02,MURA_TT_0675,EXCLUSIVE,650,XR_FINGER,3,peripheral,train/XR_FINGER/patient03644/study1_positive
SPECIALIST_02,MURA_TT_0323,EXCLUSIVE,651,XR_ELBOW,3,central,train/XR_ELBOW/patient05080/study1_positive
SPECIALIST_02,MURA_TT_1554,SHARED,652,XR_SHOULDER,2,central,train/XR_SHOULDER/patient00091/study1_positive
SPECIALIST_02,MURA_TT_0729,EXCLUSIVE,653,XR_FOREARM,5,central,train/XR_FOREARM/patient09138/study1_positive
SPECIALIST_02,MURA_TT_1161,EXCLUSIVE,654,XR_SHOULDER,5,central,train/XR_SHOULDER/patient00875/study1_positive
SPECIALIST_02,MURA_TT_1090,EXCLUSIVE,655,XR_ELBOW,4,intermediate,train/XR_ELBOW/patient04940/study1_positive
SPECIALIST_02,MURA_TT_1495,EXCLUSIVE,656,XR_HAND,3,central,train/XR_HAND/patient10044/study1_positive
SPECIALIST_02,MURA_TT_1181,EXCLUSIVE,657,XR_HUMERUS,3,central,train/XR_HUMERUS/patient02929/study1_positive
SPECIALIST_02,MURA_TT_0832,EXCLUSIVE,658,XR_FINGER,0,central,train/XR_FINGER/patient01645/study1_positive
SPECIALIST_02,MURA_TT_1677,EXCLUSIVE,659,XR_SHOULDER,4,central,train/XR_SHOULDER/patient01384/study1_positive
SPECIALIST_02,MURA_TT_1764,EXCLUSIVE,660,XR_SHOULDER,4,peripheral,train/XR_SHOULDER/patient00338/study1_positive
SPECIALIST_02,MURA_TT_0539,EXCLUSIVE,661,XR_FINGER,4,central,train/XR_FINGER/patient03570/study1_positive
SPECIALIST_02,MURA_TT_1060,EXCLUSIVE,662,XR_FINGER,1,peripheral,train/XR_FINGER/patient01380/study1_positive
SPECIALIST_02,MURA_TT_0801,EXCLUSIVE,663,XR_HAND,1,central,train/XR_HAND/patient09903/study1_positive
SPECIALIST_02,MURA_TT_1995,EXCLUSIVE,664,XR_HUMERUS,2,peripheral,train/XR_HUMERUS/patient00180/study1_positive
SPECIALIST_02,MURA_TT_1884,EXCLUSIVE,665,XR_WRIST,4,central,train/XR_WRIST/patient06728/study1_positive
SPECIALIST_02,MURA_TT_0450,EXCLUSIVE,666,XR_SHOULDER,1,central,train/XR_SHOULDER/patient00076/study1_positive
SPECIALIST_02,MURA_TT_1835,SHARED,667,XR_FOREARM,5,central,train/XR_FOREARM/patient09141/study1_positive
SPECIALIST_02,MURA_TT_0159,EXCLUSIVE,668,XR_FOREARM,0,peripheral,train/XR_FOREARM/patient09244/study1_positive
SPECIALIST_02,MURA_TT_1600,EXCLUSIVE,669,XR_WRIST,6,peripheral,train/XR_WRIST/patient00233/study1_positive
SPECIALIST_02,MURA_TT_1078,EXCLUSIVE,670,XR_FOREARM,5,central,train/XR_FOREARM/patient09210/study1_positive
SPECIALIST_02,MURA_TT_0040,SHARED,671,XR_ELBOW,5,central,train/XR_ELBOW/patient03844/study1_positive
SPECIALIST_02,MURA_TT_1601,EXCLUSIVE,672,XR_FINGER,0,central,train/XR_FINGER/patient03305/study1_positive
SPECIALIST_02,MURA_TT_0005,EXCLUSIVE,673,XR_SHOULDER,2,central,train/XR_SHOULDER/patient00215/study1_positive
SPECIALIST_02,MURA_TT_0765,EXCLUSIVE,674,XR_WRIST,8,central,train/XR_WRIST/patient06555/study1_positive
SPECIALIST_02,MURA_TT_1983,EXCLUSIVE,675,XR_HAND,2,peripheral,train/XR_HAND/patient09959/study1_positive
SPECIALIST_02,MURA_TT_1899,SHARED,676,XR_ELBOW,4,central,train/XR_ELBOW/patient05060/study1_positive
SPECIALIST_02,MURA_TT_1707,EXCLUSIVE,677,XR_ELBOW,4,central,train/XR_ELBOW/patient05255/study1_positive
SPECIALIST_02,MURA_TT_1392,EXCLUSIVE,678,XR_WRIST,8,central,train/XR_WRIST/patient07414/study1_positive
SPECIALIST_02,MURA_TT_1582,EXCLUSIVE,679,XR_WRIST,8,peripheral,train/XR_WRIST/patient07322/study1_positive
SPECIALIST_02,MURA_TT_0889,EXCLUSIVE,680,XR_FOREARM,3,central,train/XR_FOREARM/patient09202/study1_positive
SPECIALIST_02,MURA_TT_0164,EXCLUSIVE,681,XR_HUMERUS,3,peripheral,train/XR_HUMERUS/patient01754/study1_positive
SPECIALIST_02,MURA_TT_0181,EXCLUSIVE,682,XR_SHOULDER,2,central,train/XR_SHOULDER/patient01369/study1_positive
SPECIALIST_02,MURA_TT_1459,EXCLUSIVE,683,XR_FOREARM,4,central,train/XR_FOREARM/patient09153/study1_positive
SPECIALIST_02,MURA_TT_1257,SHARED,684,XR_WRIST,3,peripheral,train/XR_WRIST/patient05125/study1_positive
SPECIALIST_02,MURA_TT_0892,SHARED,685,XR_SHOULDER,3,peripheral,train/XR_SHOULDER/patient00307/study1_positive
SPECIALIST_02,MURA_TT_1395,EXCLUSIVE,686,XR_SHOULDER,5,central,train/XR_SHOULDER/patient00162/study1_positive
SPECIALIST_02,MURA_TT_0965,SHARED,687,XR_SHOULDER,3,central,train/XR_SHOULDER/patient00846/study1_positive
SPECIALIST_02,MURA_TT_1237,EXCLUSIVE,688,XR_SHOULDER,3,central,train/XR_SHOULDER/patient00423/study1_positive
SPECIALIST_02,MURA_TT_0713,SHARED,689,XR_HUMERUS,0,central,train/XR_HUMERUS/patient02873/study1_positive
SPECIALIST_02,MURA_TT_1085,SHARED,690,XR_WRIST,4,central,train/XR_WRIST/patient04568/study1_positive
SPECIALIST_02,MURA_TT_0854,EXCLUSIVE,691,XR_FOREARM,2,intermediate,train/XR_FOREARM/patient09263/study1_positive
SPECIALIST_02,MURA_TT_0906,EXCLUSIVE,692,XR_WRIST,5,central,train/XR_WRIST/patient06707/study1_positive
SPECIALIST_02,MURA_TT_1405,EXCLUSIVE,693,XR_SHOULDER,0,central,train/XR_SHOULDER/patient00115/study1_positive
SPECIALIST_02,MURA_TT_0259,EXCLUSIVE,694,XR_WRIST,7,central,train/XR_WRIST/patient07124/study1_positive
SPECIALIST_02,MURA_TT_1189,EXCLUSIVE,695,XR_WRIST,8,central,train/XR_WRIST/patient06509/study1_positive
SPECIALIST_02,MURA_TT_1288,EXCLUSIVE,696,XR_ELBOW,0,intermediate,train/XR_ELBOW/patient04999/study1_positive
SPECIALIST_02,MURA_TT_1804,EXCLUSIVE,697,XR_SHOULDER,3,peripheral,train/XR_SHOULDER/patient01105/study1_positive
SPECIALIST_02,MURA_TT_0252,EXCLUSIVE,698,XR_FINGER,0,intermediate,train/XR_FINGER/patient03515/study1_positive
SPECIALIST_02,MURA_TT_0452,EXCLUSIVE,699,XR_SHOULDER,2,peripheral,train/XR_SHOULDER/patient00888/study1_positive
SPECIALIST_02,MURA_TT_0536,EXCLUSIVE,700,XR_WRIST,8,intermediate,train/XR_WRIST/patient06549/study1_positive
SPECIALIST_02,MURA_TT_0233,EXCLUSIVE,701,XR_WRIST,2,central,train/XR_WRIST/patient07209/study1_positive
SPECIALIST_02,MURA_TT_0520,EXCLUSIVE,702,XR_HUMERUS,1,intermediate,train/XR_HUMERUS/patient02721/study1_positive
SPECIALIST_02,MURA_TT_1685,EXCLUSIVE,703,XR_HAND,4,intermediate,train/XR_HAND/patient09780/study1_positive
SPECIALIST_02,MURA_TT_0806,SHARED,704,XR_HAND,2,central,train/XR_HAND/patient10027/study1_positive
SPECIALIST_02,MURA_TT_1775,EXCLUSIVE,705,XR_WRIST,8,central,train/XR_WRIST/patient06561/study1_positive
SPECIALIST_02,MURA_TT_1515,EXCLUSIVE,706,XR_HUMERUS,3,intermediate,train/XR_HUMERUS/patient02796/study1_positive
SPECIALIST_02,MURA_TT_0932,SHARED,707,XR_WRIST,0,central,train/XR_WRIST/patient07119/study1_positive
SPECIALIST_02,MURA_TT_1985,EXCLUSIVE,708,XR_SHOULDER,3,central,train/XR_SHOULDER/patient00077/study1_positive
SPECIALIST_02,MURA_TT_0388,EXCLUSIVE,709,XR_SHOULDER,3,peripheral,train/XR_SHOULDER/patient00681/study1_positive
SPECIALIST_02,MURA_TT_0934,EXCLUSIVE,710,XR_WRIST,5,peripheral,train/XR_WRIST/patient07140/study1_positive
SPECIALIST_02,MURA_TT_1610,EXCLUSIVE,711,XR_ELBOW,4,peripheral,train/XR_ELBOW/patient05049/study1_positive
SPECIALIST_02,MURA_TT_0541,EXCLUSIVE,712,XR_ELBOW,4,central,train/XR_ELBOW/patient03799/study1_positive
SPECIALIST_02,MURA_TT_1990,EXCLUSIVE,713,XR_FINGER,4,central,train/XR_FINGER/patient03766/study1_positive
SPECIALIST_02,MURA_TT_1340,EXCLUSIVE,714,XR_SHOULDER,2,peripheral,train/XR_SHOULDER/patient00287/study1_positive
SPECIALIST_02,MURA_TT_1019,EXCLUSIVE,715,XR_FINGER,5,peripheral,train/XR_FINGER/patient03453/study1_positive
SPECIALIST_02,MURA_TT_1712,EXCLUSIVE,716,XR_WRIST,5,central,train/XR_WRIST/patient06405/study1_positive
SPECIALIST_02,MURA_TT_1417,EXCLUSIVE,717,XR_WRIST,6,intermediate,train/XR_WRIST/patient06669/study1_positive
SPECIALIST_02,MURA_TT_1809,SHARED,718,XR_FOREARM,0,central,train/XR_FOREARM/patient09102/study1_positive
SPECIALIST_02,MURA_TT_1587,EXCLUSIVE,719,XR_SHOULDER,0,central,train/XR_SHOULDER/patient00805/study1_positive
SPECIALIST_02,MURA_TT_0258,SHARED,720,XR_FOREARM,2,central,train/XR_FOREARM/patient09291/study1_positive
SPECIALIST_02,MURA_TT_0359,EXCLUSIVE,721,XR_SHOULDER,3,central,train/XR_SHOULDER/patient00031/study1_positive
SPECIALIST_02,MURA_TT_1508,EXCLUSIVE,722,XR_HAND,2,central,train/XR_HAND/patient10066/study1_positive
SPECIALIST_02,MURA_TT_0696,EXCLUSIVE,723,XR_WRIST,1,intermediate,train/XR_WRIST/patient07418/study1_positive
SPECIALIST_02,MURA_TT_1178,EXCLUSIVE,724,XR_ELBOW,0,central,train/XR_ELBOW/patient05232/study1_positive
SPECIALIST_02,MURA_TT_0445,SHARED,725,XR_SHOULDER,5,central,train/XR_SHOULDER/patient01355/study1_positive
SPECIALIST_02,MURA_TT_1953,EXCLUSIVE,726,XR_ELBOW,4,central,train/XR_ELBOW/patient05086/study1_positive
SPECIALIST_02,MURA_TT_0730,EXCLUSIVE,727,XR_HUMERUS,0,central,train/XR_HUMERUS/patient01048/study1_positive
SPECIALIST_02,MURA_TT_1147,EXCLUSIVE,728,XR_SHOULDER,1,central,train/XR_SHOULDER/patient00576/study1_positive
SPECIALIST_02,MURA_TT_1649,EXCLUSIVE,729,XR_WRIST,4,central,train/XR_WRIST/patient07299/study1_positive
SPECIALIST_02,MURA_TT_0773,SHARED,730,XR_HUMERUS,2,central,train/XR_HUMERUS/patient02825/study1_positive
SPECIALIST_02,MURA_TT_0795,EXCLUSIVE,731,XR_FINGER,0,central,train/XR_FINGER/patient03548/study1_positive
SPECIALIST_02,MURA_TT_1497,EXCLUSIVE,732,XR_SHOULDER,0,intermediate,train/XR_SHOULDER/patient00883/study1_positive
SPECIALIST_02,MURA_TT_1586,EXCLUSIVE,733,XR_SHOULDER,1,central,train/XR_SHOULDER/patient00873/study1_positive
SPECIALIST_03,MURA_TT_1453,EXCLUSIVE,1,XR_ELBOW,2,intermediate,train/XR_ELBOW/patient05068/study1_positive
SPECIALIST_03,MURA_TT_0931,SHARED,2,XR_SHOULDER,4,intermediate,train/XR_SHOULDER/patient00142/study1_positive
SPECIALIST_03,MURA_TT_1268,EXCLUSIVE,3,XR_HUMERUS,3,intermediate,train/XR_HUMERUS/patient02867/study1_positive
SPECIALIST_03,MURA_TT_0919,EXCLUSIVE,4,XR_SHOULDER,5,peripheral,train/XR_SHOULDER/patient01288/study1_positive
SPECIALIST_03,MURA_TT_0805,EXCLUSIVE,5,XR_WRIST,8,peripheral,train/XR_WRIST/patient06824/study1_positive
SPECIALIST_03,MURA_TT_1930,EXCLUSIVE,6,XR_HAND,0,peripheral,train/XR_HAND/patient03898/study1_positive
SPECIALIST_03,MURA_TT_1619,EXCLUSIVE,7,XR_WRIST,5,peripheral,train/XR_WRIST/patient04645/study1_positive
SPECIALIST_03,MURA_TT_0951,EXCLUSIVE,8,XR_HUMERUS,3,central,train/XR_HUMERUS/patient02766/study1_positive
SPECIALIST_03,MURA_TT_0396,EXCLUSIVE,9,XR_HAND,5,central,train/XR_HAND/patient09820/study1_positive
SPECIALIST_03,MURA_TT_1364,EXCLUSIVE,10,XR_WRIST,6,intermediate,train/XR_WRIST/patient07022/study1_positive
SPECIALIST_03,MURA_TT_0775,EXCLUSIVE,11,XR_FINGER,0,intermediate,train/XR_FINGER/patient03413/study1_positive
SPECIALIST_03,MURA_TT_1825,EXCLUSIVE,12,XR_WRIST,5,peripheral,train/XR_WRIST/patient04748/study1_positive
SPECIALIST_03,MURA_TT_1524,SHARED,13,XR_SHOULDER,0,central,train/XR_SHOULDER/patient00611/study1_positive
SPECIALIST_03,MURA_TT_0320,SHARED,14,XR_SHOULDER,5,peripheral,train/XR_SHOULDER/patient01227/study1_positive
SPECIALIST_03,MURA_TT_0648,EXCLUSIVE,15,XR_FINGER,5,central,train/XR_FINGER/patient03579/study1_positive
SPECIALIST_03,MURA_TT_0058,SHARED,16,XR_WRIST,2,peripheral,train/XR_WRIST/patient00189/study1_positive
SPECIALIST_03,MURA_TT_1390,EXCLUSIVE,17,XR_HAND,5,intermediate,train/XR_HAND/patient09852/study1_positive
SPECIALIST_03,MURA_TT_0781,EXCLUSIVE,18,XR_FOREARM,3,central,train/XR_FOREARM/patient09175/study1_positive
SPECIALIST_03,MURA_TT_0100,EXCLUSIVE,19,XR_WRIST,8,central,train/XR_WRIST/patient06529/study1_positive
SPECIALIST_03,MURA_TT_0609,EXCLUSIVE,20,XR_FINGER,0,central,train/XR_FINGER/patient03550/study1_positive
SPECIALIST_03,MURA_TT_0019,EXCLUSIVE,21,XR_WRIST,1,peripheral,train/XR_WRIST/patient05219/study1_positive
SPECIALIST_03,MURA_TT_0487,EXCLUSIVE,22,XR_FOREARM,5,central,train/XR_FOREARM/patient09106/study1_positive
SPECIALIST_03,MURA_TT_0521,EXCLUSIVE,23,XR_WRIST,3,peripheral,train/XR_WRIST/patient06960/study1_positive
SPECIALIST_03,MURA_TT_1489,EXCLUSIVE,24,XR_HAND,1,peripheral,train/XR_HAND/patient09763/study1_positive
SPECIALIST_03,MURA_TT_1719,EXCLUSIVE,25,XR_ELBOW,5,central,train/XR_ELBOW/patient01474/study1_positive
SPECIALIST_03,MURA_TT_1633,EXCLUSIVE,26,XR_SHOULDER,0,central,train/XR_SHOULDER/patient00999/study1_positive
SPECIALIST_03,MURA_TT_0353,SHARED,27,XR_SHOULDER,3,intermediate,train/XR_SHOULDER/patient00124/study1_positive
SPECIALIST_03,MURA_TT_1781,EXCLUSIVE,28,XR_SHOULDER,2,peripheral,train/XR_SHOULDER/patient00178/study1_positive
SPECIALIST_03,MURA_TT_1348,EXCLUSIVE,29,XR_FINGER,4,central,train/XR_FINGER/patient00042/study1_positive
SPECIALIST_03,MURA_TT_0080,EXCLUSIVE,30,XR_WRIST,5,central,train/XR_WRIST/patient06857/study1_positive
SPECIALIST_03,MURA_TT_1474,SHARED,31,XR_HUMERUS,3,intermediate,train/XR_HUMERUS/patient02808/study1_positive
SPECIALIST_03,MURA_TT_0318,SHARED,32,XR_SHOULDER,5,intermediate,train/XR_SHOULDER/patient00889/study1_positive
SPECIALIST_03,MURA_TT_0981,SHARED,33,XR_FOREARM,0,central,train/XR_FOREARM/patient01212/study1_positive
SPECIALIST_03,MURA_TT_1751,EXCLUSIVE,34,XR_SHOULDER,1,central,train/XR_SHOULDER/patient00141/study1_positive
SPECIALIST_03,MURA_TT_0270,EXCLUSIVE,35,XR_HUMERUS,2,central,train/XR_HUMERUS/patient02892/study1_positive
SPECIALIST_03,MURA_TT_1657,EXCLUSIVE,36,XR_HUMERUS,3,central,train/XR_HUMERUS/patient02861/study1_positive
SPECIALIST_03,MURA_TT_0926,EXCLUSIVE,37,XR_WRIST,8,central,train/XR_WRIST/patient02127/study1_positive
SPECIALIST_03,MURA_TT_1259,EXCLUSIVE,38,XR_HAND,3,intermediate,train/XR_HAND/patient09895/study1_positive
SPECIALIST_03,MURA_TT_1076,EXCLUSIVE,39,XR_FOREARM,2,peripheral,train/XR_FOREARM/patient09206/study1_positive
SPECIALIST_03,MURA_TT_0101,EXCLUSIVE,40,XR_HAND,4,central,train/XR_HAND/patient07048/study1_positive
SPECIALIST_03,MURA_TT_1809,SHARED,41,XR_FOREARM,0,central,train/XR_FOREARM/patient09102/study1_positive
SPECIALIST_03,MURA_TT_1332,EXCLUSIVE,42,XR_ELBOW,1,intermediate,train/XR_ELBOW/patient05414/study1_positive
SPECIALIST_03,MURA_TT_1341,EXCLUSIVE,43,XR_WRIST,4,intermediate,train/XR_WRIST/patient06866/study1_positive
SPECIALIST_03,MURA_TT_1791,EXCLUSIVE,44,XR_FOREARM,3,intermediate,train/XR_FOREARM/patient09103/study1_positive
SPECIALIST_03,MURA_TT_0824,EXCLUSIVE,45,XR_HAND,3,peripheral,train/XR_HAND/patient10117/study1_positive
SPECIALIST_03,MURA_TT_0300,EXCLUSIVE,46,XR_FINGER,3,central,train/XR_FINGER/patient03799/study1_positive
SPECIALIST_03,MURA_TT_0930,EXCLUSIVE,47,XR_WRIST,8,central,train/XR_WRIST/patient07382/study1_positive
SPECIALIST_03,MURA_TT_0073,EXCLUSIVE,48,XR_SHOULDER,3,central,train/XR_SHOULDER/patient00504/study1_positive
SPECIALIST_03,MURA_TT_1387,EXCLUSIVE,49,XR_ELBOW,1,peripheral,train/XR_ELBOW/patient04912/study1_positive
SPECIALIST_03,MURA_TT_1017,EXCLUSIVE,50,XR_ELBOW,4,peripheral,train/XR_ELBOW/patient04986/study1_positive
SPECIALIST_03,MURA_TT_0665,SHARED,51,XR_HUMERUS,1,central,train/XR_HUMERUS/patient02871/study1_positive
SPECIALIST_03,MURA_TT_1049,EXCLUSIVE,52,XR_ELBOW,2,central,train/XR_ELBOW/patient05065/study1_positive
SPECIALIST_03,MURA_TT_0309,EXCLUSIVE,53,XR_HAND,4,peripheral,train/XR_HAND/patient05677/study1_positive
SPECIALIST_03,MURA_TT_1898,EXCLUSIVE,54,XR_HUMERUS,0,central,train/XR_HUMERUS/patient02869/study1_positive
SPECIALIST_03,MURA_TT_1618,EXCLUSIVE,55,XR_FOREARM,3,intermediate,train/XR_FOREARM/patient01077/study1_positive
SPECIALIST_03,MURA_TT_0548,SHARED,56,XR_WRIST,4,central,train/XR_WRIST/patient06602/study1_positive
SPECIALIST_03,MURA_TT_0987,EXCLUSIVE,57,XR_HAND,1,central,train/XR_HAND/patient10107/study1_positive
SPECIALIST_03,MURA_TT_0047,EXCLUSIVE,58,XR_FINGER,5,central,train/XR_FINGER/patient03696/study1_positive
SPECIALIST_03,MURA_TT_1435,EXCLUSIVE,59,XR_FINGER,1,central,train/XR_FINGER/patient03493/study1_positive
SPECIALIST_03,MURA_TT_0794,EXCLUSIVE,60,XR_HUMERUS,2,central,train/XR_HUMERUS/patient02753/study1_positive
SPECIALIST_03,MURA_TT_0253,EXCLUSIVE,61,XR_HUMERUS,3,central,train/XR_HUMERUS/patient02703/study1_positive
SPECIALIST_03,MURA_TT_1113,EXCLUSIVE,62,XR_FINGER,1,peripheral,train/XR_FINGER/patient03507/study1_positive
SPECIALIST_03,MURA_TT_0998,EXCLUSIVE,63,XR_FOREARM,5,central,train/XR_FOREARM/patient03778/study1_positive
SPECIALIST_03,MURA_TT_0235,EXCLUSIVE,64,XR_WRIST,4,peripheral,train/XR_WRIST/patient07285/study1_positive
SPECIALIST_03,MURA_TT_0937,EXCLUSIVE,65,XR_FINGER,2,central,train/XR_FINGER/patient03594/study1_positive
SPECIALIST_03,MURA_TT_0134,EXCLUSIVE,66,XR_FINGER,5,central,train/XR_FINGER/patient03681/study1_positive
SPECIALIST_03,MURA_TT_0645,EXCLUSIVE,67,XR_WRIST,6,central,train/XR_WRIST/patient06941/study1_positive
SPECIALIST_03,MURA_TT_0796,EXCLUSIVE,68,XR_HAND,5,intermediate,train/XR_HAND/patient05277/study1_positive
SPECIALIST_03,MURA_TT_1239,EXCLUSIVE,69,XR_HUMERUS,3,intermediate,train/XR_HUMERUS/patient02798/study1_positive
SPECIALIST_03,MURA_TT_0295,SHARED,70,XR_FOREARM,1,central,train/XR_FOREARM/patient09148/study1_positive
SPECIALIST_03,MURA_TT_0001,EXCLUSIVE,71,XR_WRIST,6,central,train/XR_WRIST/patient07219/study1_positive
SPECIALIST_03,MURA_TT_0623,EXCLUSIVE,72,XR_HAND,0,intermediate,train/XR_HAND/patient10104/study1_positive
SPECIALIST_03,MURA_TT_1911,EXCLUSIVE,73,XR_HUMERUS,0,peripheral,train/XR_HUMERUS/patient02817/study1_positive
SPECIALIST_03,MURA_TT_0527,EXCLUSIVE,74,XR_FINGER,5,central,train/XR_FINGER/patient03298/study1_positive
SPECIALIST_03,MURA_TT_1421,EXCLUSIVE,75,XR_HUMERUS,0,intermediate,train/XR_HUMERUS/patient02731/study1_positive
SPECIALIST_03,MURA_TT_1580,EXCLUSIVE,76,XR_WRIST,8,peripheral,train/XR_WRIST/patient06538/study1_positive
SPECIALIST_03,MURA_TT_1679,EXCLUSIVE,77,XR_FINGER,4,central,train/XR_FINGER/patient03448/study1_positive
SPECIALIST_03,MURA_TT_1149,EXCLUSIVE,78,XR_FINGER,3,central,train/XR_FINGER/patient03440/study1_positive
SPECIALIST_03,MURA_TT_1527,EXCLUSIVE,79,XR_FOREARM,3,central,train/XR_FOREARM/patient06355/study1_positive
SPECIALIST_03,MURA_TT_1164,EXCLUSIVE,80,XR_ELBOW,1,peripheral,train/XR_ELBOW/patient05330/study1_positive
SPECIALIST_03,MURA_TT_0390,EXCLUSIVE,81,XR_SHOULDER,5,central,train/XR_SHOULDER/patient00412/study1_positive
SPECIALIST_03,MURA_TT_1541,EXCLUSIVE,82,XR_HAND,0,central,train/XR_HAND/patient10042/study1_positive
SPECIALIST_03,MURA_TT_1359,EXCLUSIVE,83,XR_FOREARM,1,central,train/XR_FOREARM/patient09232/study1_positive
SPECIALIST_03,MURA_TT_0954,EXCLUSIVE,84,XR_FINGER,0,peripheral,train/XR_FINGER/patient03461/study1_positive
SPECIALIST_03,MURA_TT_0938,EXCLUSIVE,85,XR_SHOULDER,2,peripheral,train/XR_SHOULDER/patient00414/study1_positive
SPECIALIST_03,MURA_TT_0564,SHARED,86,XR_HAND,0,central,train/XR_HAND/patient10009/study1_positive
SPECIALIST_03,MURA_TT_0803,EXCLUSIVE,87,XR_ELBOW,1,intermediate,train/XR_ELBOW/patient05048/study1_positive
SPECIALIST_03,MURA_TT_0925,EXCLUSIVE,88,XR_FINGER,1,intermediate,train/XR_FINGER/patient01034/study1_positive
SPECIALIST_03,MURA_TT_0137,EXCLUSIVE,89,XR_WRIST,8,intermediate,train/XR_WRIST/patient06702/study1_positive
SPECIALIST_03,MURA_TT_1108,EXCLUSIVE,90,XR_SHOULDER,1,intermediate,train/XR_SHOULDER/patient00566/study2_positive
SPECIALIST_03,MURA_TT_0699,EXCLUSIVE,91,XR_FOREARM,4,central,train/XR_FOREARM/patient09153/study1_positive
SPECIALIST_03,MURA_TT_0693,EXCLUSIVE,92,XR_HAND,0,peripheral,train/XR_HAND/patient04952/study1_positive
SPECIALIST_03,MURA_TT_0657,SHARED,93,XR_SHOULDER,1,central,train/XR_SHOULDER/patient00530/study2_positive
SPECIALIST_03,MURA_TT_0589,EXCLUSIVE,94,XR_FINGER,0,intermediate,train/XR_FINGER/patient03638/study1_positive
SPECIALIST_03,MURA_TT_0369,EXCLUSIVE,95,XR_SHOULDER,0,central,train/XR_SHOULDER/patient01209/study1_positive
SPECIALIST_03,MURA_TT_0759,EXCLUSIVE,96,XR_HAND,5,central,train/XR_HAND/patient10034/study1_positive
SPECIALIST_03,MURA_TT_1875,EXCLUSIVE,97,XR_FINGER,4,intermediate,train/XR_FINGER/patient03785/study1_positive
SPECIALIST_03,MURA_TT_0576,EXCLUSIVE,98,XR_HUMERUS,2,central,train/XR_HUMERUS/patient02927/study1_positive
SPECIALIST_03,MURA_TT_1932,EXCLUSIVE,99,XR_ELBOW,0,central,train/XR_ELBOW/patient04748/study1_positive
SPECIALIST_03,MURA_TT_0761,EXCLUSIVE,100,XR_WRIST,1,central,train/XR_WRIST/patient06609/study1_positive
SPECIALIST_03,MURA_TT_1858,EXCLUSIVE,101,XR_WRIST,2,peripheral,train/XR_WRIST/patient06927/study1_positive
SPECIALIST_03,MURA_TT_1342,EXCLUSIVE,102,XR_SHOULDER,4,central,train/XR_SHOULDER/patient01284/study1_positive
SPECIALIST_03,MURA_TT_0092,SHARED,103,XR_WRIST,3,central,train/XR_WRIST/patient06451/study1_positive
SPECIALIST_03,MURA_TT_1736,EXCLUSIVE,104,XR_FOREARM,3,peripheral,train/XR_FOREARM/patient04838/study1_positive
SPECIALIST_03,MURA_TT_0136,EXCLUSIVE,105,XR_SHOULDER,0,peripheral,train/XR_SHOULDER/patient00553/study1_positive
SPECIALIST_03,MURA_TT_0992,EXCLUSIVE,106,XR_WRIST,4,central,train/XR_WRIST/patient07081/study1_positive
SPECIALIST_03,MURA_TT_1590,EXCLUSIVE,107,XR_HUMERUS,2,central,train/XR_HUMERUS/patient02793/study1_positive
SPECIALIST_03,MURA_TT_0945,EXCLUSIVE,108,XR_HUMERUS,0,central,train/XR_HUMERUS/patient02856/study1_positive
SPECIALIST_03,MURA_TT_1992,EXCLUSIVE,109,XR_WRIST,1,intermediate,train/XR_WRIST/patient07033/study1_positive
SPECIALIST_03,MURA_TT_1888,EXCLUSIVE,110,XR_WRIST,3,central,train/XR_WRIST/patient07017/study1_positive
SPECIALIST_03,MURA_TT_1920,EXCLUSIVE,111,XR_FINGER,5,central,train/XR_FINGER/patient03751/study1_positive
SPECIALIST_03,MURA_TT_0561,EXCLUSIVE,112,XR_FINGER,4,peripheral,train/XR_FINGER/patient03805/study1_positive
SPECIALIST_03,MURA_TT_1309,EXCLUSIVE,113,XR_SHOULDER,3,intermediate,train/XR_SHOULDER/patient01326/study1_positive
SPECIALIST_03,MURA_TT_0356,EXCLUSIVE,114,XR_FOREARM,1,intermediate,train/XR_FOREARM/patient09160/study1_positive
SPECIALIST_03,MURA_TT_0043,EXCLUSIVE,115,XR_ELBOW,5,central,train/XR_ELBOW/patient04972/study1_positive
SPECIALIST_03,MURA_TT_1128,EXCLUSIVE,116,XR_ELBOW,2,central,train/XR_ELBOW/patient05428/study1_positive
SPECIALIST_03,MURA_TT_0583,EXCLUSIVE,117,XR_SHOULDER,4,central,train/XR_SHOULDER/patient00121/study1_positive
SPECIALIST_03,MURA_TT_1250,EXCLUSIVE,118,XR_SHOULDER,5,central,train/XR_SHOULDER/patient00268/study1_positive
SPECIALIST_03,MURA_TT_0463,EXCLUSIVE,119,XR_HAND,0,central,train/XR_HAND/patient09745/study1_positive
SPECIALIST_03,MURA_TT_0403,EXCLUSIVE,120,XR_HAND,1,peripheral,train/XR_HAND/patient04822/study1_positive
SPECIALIST_03,MURA_TT_0332,EXCLUSIVE,121,XR_FOREARM,0,peripheral,train/XR_FOREARM/patient04363/study1_positive
SPECIALIST_03,MURA_TT_1626,EXCLUSIVE,122,XR_WRIST,2,central,train/XR_WRIST/patient06406/study1_positive
SPECIALIST_03,MURA_TT_1519,EXCLUSIVE,123,XR_SHOULDER,5,intermediate,train/XR_SHOULDER/patient00444/study1_positive
SPECIALIST_03,MURA_TT_0344,EXCLUSIVE,124,XR_HAND,2,central,train/XR_HAND/patient09867/study1_positive
SPECIALIST_03,MURA_TT_0582,EXCLUSIVE,125,XR_WRIST,6,central,train/XR_WRIST/patient06731/study1_positive
SPECIALIST_03,MURA_TT_0394,EXCLUSIVE,126,XR_FOREARM,5,intermediate,train/XR_FOREARM/patient09256/study1_positive
SPECIALIST_03,MURA_TT_0957,EXCLUSIVE,127,XR_WRIST,3,intermediate,train/XR_WRIST/patient06981/study1_positive
SPECIALIST_03,MURA_TT_1979,EXCLUSIVE,128,XR_SHOULDER,2,intermediate,train/XR_SHOULDER/patient00032/study1_positive
SPECIALIST_03,MURA_TT_1075,EXCLUSIVE,129,XR_ELBOW,0,peripheral,train/XR_ELBOW/patient05456/study1_positive
SPECIALIST_03,MURA_TT_1055,EXCLUSIVE,130,XR_WRIST,1,peripheral,train/XR_WRIST/patient06835/study1_positive
SPECIALIST_03,MURA_TT_1704,EXCLUSIVE,131,XR_HAND,0,central,train/XR_HAND/patient09839/study1_positive
SPECIALIST_03,MURA_TT_0311,EXCLUSIVE,132,XR_HUMERUS,2,peripheral,train/XR_HUMERUS/patient02850/study1_positive
SPECIALIST_03,MURA_TT_0565,EXCLUSIVE,133,XR_FOREARM,2,central,train/XR_FOREARM/patient09273/study1_positive
SPECIALIST_03,MURA_TT_0829,EXCLUSIVE,134,XR_FINGER,0,central,train/XR_FINGER/patient03542/study1_positive
SPECIALIST_03,MURA_TT_0056,SHARED,135,XR_WRIST,3,intermediate,train/XR_WRIST/patient06480/study1_positive
SPECIALIST_03,MURA_TT_1546,EXCLUSIVE,136,XR_SHOULDER,3,intermediate,train/XR_SHOULDER/patient00909/study1_positive
SPECIALIST_03,MURA_TT_1505,EXCLUSIVE,137,XR_FINGER,3,intermediate,train/XR_FINGER/patient03263/study1_positive
SPECIALIST_03,MURA_TT_1420,EXCLUSIVE,138,XR_SHOULDER,2,peripheral,train/XR_SHOULDER/patient00117/study1_positive
SPECIALIST_03,MURA_TT_0067,EXCLUSIVE,139,XR_HUMERUS,0,central,train/XR_HUMERUS/patient02797/study1_positive
SPECIALIST_03,MURA_TT_0061,EXCLUSIVE,140,XR_SHOULDER,4,intermediate,train/XR_SHOULDER/patient00074/study1_positive
SPECIALIST_03,MURA_TT_0615,EXCLUSIVE,141,XR_WRIST,1,intermediate,train/XR_WRIST/patient06513/study1_positive
SPECIALIST_03,MURA_TT_1629,EXCLUSIVE,142,XR_HAND,1,central,train/XR_HAND/patient10059/study1_positive
SPECIALIST_03,MURA_TT_0196,SHARED,143,XR_FINGER,4,central,train/XR_FINGER/patient03604/study1_positive
SPECIALIST_03,MURA_TT_1943,EXCLUSIVE,144,XR_HUMERUS,3,peripheral,train/XR_HUMERUS/patient02836/study1_positive
SPECIALIST_03,MURA_TT_1120,EXCLUSIVE,145,XR_ELBOW,2,central,train/XR_ELBOW/patient05370/study1_positive
SPECIALIST_03,MURA_TT_1534,EXCLUSIVE,146,XR_HAND,4,central,train/XR_HAND/patient09800/study1_positive
SPECIALIST_03,MURA_TT_0910,SHARED,147,XR_HUMERUS,3,peripheral,train/XR_HUMERUS/patient02747/study1_positive
SPECIALIST_03,MURA_TT_0038,EXCLUSIVE,148,XR_SHOULDER,2,central,train/XR_SHOULDER/patient00527/study1_positive
SPECIALIST_03,MURA_TT_0475,EXCLUSIVE,149,XR_WRIST,2,central,train/XR_WRIST/patient01946/study1_positive
SPECIALIST_03,MURA_TT_0840,SHARED,150,XR_HUMERUS,2,peripheral,train/XR_HUMERUS/patient01344/study1_positive
SPECIALIST_03,MURA_TT_1972,EXCLUSIVE,151,XR_SHOULDER,0,intermediate,train/XR_SHOULDER/patient00275/study1_positive
SPECIALIST_03,MURA_TT_0821,EXCLUSIVE,152,XR_WRIST,5,central,train/XR_WRIST/patient01869/study1_positive
SPECIALIST_03,MURA_TT_0225,EXCLUSIVE,153,XR_WRIST,5,central,train/XR_WRIST/patient06886/study1_positive
SPECIALIST_03,MURA_TT_0089,EXCLUSIVE,154,XR_FINGER,0,central,train/XR_FINGER/patient03398/study1_positive
SPECIALIST_03,MURA_TT_1140,EXCLUSIVE,155,XR_FINGER,3,peripheral,train/XR_FINGER/patient03428/study1_positive
SPECIALIST_03,MURA_TT_1857,EXCLUSIVE,156,XR_FINGER,3,central,train/XR_FINGER/patient03565/study1_positive
SPECIALIST_03,MURA_TT_1532,EXCLUSIVE,157,XR_FOREARM,3,intermediate,train/XR_FOREARM/patient09126/study1_positive
SPECIALIST_03,MURA_TT_1563,EXCLUSIVE,158,XR_SHOULDER,2,central,train/XR_SHOULDER/patient01181/study1_positive
SPECIALIST_03,MURA_TT_0586,EXCLUSIVE,159,XR_FINGER,2,peripheral,train/XR_FINGER/patient03339/study1_positive
SPECIALIST_03,MURA_TT_1689,SHARED,160,XR_ELBOW,2,central,train/XR_ELBOW/patient04925/study1_positive
SPECIALIST_03,MURA_TT_0283,EXCLUSIVE,161,XR_FOREARM,2,intermediate,train/XR_FOREARM/patient08953/study1_positive
SPECIALIST_03,MURA_TT_0046,EXCLUSIVE,162,XR_HAND,2,central,train/XR_HAND/patient09835/study1_positive
SPECIALIST_03,MURA_TT_1688,EXCLUSIVE,163,XR_SHOULDER,0,central,train/XR_SHOULDER/patient01148/study1_positive
SPECIALIST_03,MURA_TT_1886,EXCLUSIVE,164,XR_WRIST,3,peripheral,train/XR_WRIST/patient06568/study1_positive
SPECIALIST_03,MURA_TT_0612,SHARED,165,XR_FOREARM,1,central,train/XR_FOREARM/patient09266/study1_positive
SPECIALIST_03,MURA_TT_1087,EXCLUSIVE,166,XR_FINGER,1,intermediate,train/XR_FINGER/patient02946/study1_positive
SPECIALIST_03,MURA_TT_1057,EXCLUSIVE,167,XR_WRIST,5,central,train/XR_WRIST/patient07178/study1_positive
SPECIALIST_03,MURA_TT_0688,EXCLUSIVE,168,XR_SHOULDER,5,central,train/XR_SHOULDER/patient00306/study1_positive
SPECIALIST_03,MURA_TT_0529,EXCLUSIVE,169,XR_HAND,2,central,train/XR_HAND/patient09857/study1_positive
SPECIALIST_03,MURA_TT_1883,EXCLUSIVE,170,XR_FINGER,1,central,train/XR_FINGER/patient03360/study1_positive
SPECIALIST_03,MURA_TT_0148,EXCLUSIVE,171,XR_SHOULDER,1,central,train/XR_SHOULDER/patient01094/study1_positive
SPECIALIST_03,MURA_TT_0216,EXCLUSIVE,172,XR_WRIST,5,central,train/XR_WRIST/patient07360/study1_positive
SPECIALIST_03,MURA_TT_1070,EXCLUSIVE,173,XR_ELBOW,1,central,train/XR_ELBOW/patient05107/study1_positive
SPECIALIST_03,MURA_TT_1848,EXCLUSIVE,174,XR_ELBOW,2,central,train/XR_ELBOW/patient05072/study1_positive
SPECIALIST_03,MURA_TT_1667,EXCLUSIVE,175,XR_WRIST,3,intermediate,train/XR_WRIST/patient07064/study1_positive
SPECIALIST_03,MURA_TT_1319,EXCLUSIVE,176,XR_HAND,0,central,train/XR_HAND/patient05474/study1_positive
SPECIALIST_03,MURA_TT_0662,EXCLUSIVE,177,XR_HAND,4,central,train/XR_HAND/patient09810/study1_positive
SPECIALIST_03,MURA_TT_0116,EXCLUSIVE,178,XR_FINGER,2,central,train/XR_FINGER/patient03655/study1_positive
SPECIALIST_03,MURA_TT_1330,EXCLUSIVE,179,XR_SHOULDER,0,intermediate,train/XR_SHOULDER/patient00155/study1_positive
SPECIALIST_03,MURA_TT_1549,EXCLUSIVE,180,XR_WRIST,3,peripheral,train/XR_WRIST/patient06359/study1_positive
SPECIALIST_03,MURA_TT_1205,EXCLUSIVE,181,XR_ELBOW,2,central,train/XR_ELBOW/patient04939/study1_positive
SPECIALIST_03,MURA_TT_1945,EXCLUSIVE,182,XR_HAND,2,central,train/XR_HAND/patient02570/study1_positive
SPECIALIST_03,MURA_TT_1248,EXCLUSIVE,183,XR_HUMERUS,1,intermediate,train/XR_HUMERUS/patient02718/study1_positive
SPECIALIST_03,MURA_TT_0409,EXCLUSIVE,184,XR_HUMERUS,0,peripheral,train/XR_HUMERUS/patient02737/study1_positive
SPECIALIST_03,MURA_TT_1386,EXCLUSIVE,185,XR_FOREARM,2,central,train/XR_FOREARM/patient09146/study1_positive
SPECIALIST_03,MURA_TT_0266,EXCLUSIVE,186,XR_SHOULDER,5,intermediate,train/XR_SHOULDER/patient00377/study1_positive
SPECIALIST_03,MURA_TT_0702,EXCLUSIVE,187,XR_WRIST,8,central,train/XR_WRIST/patient06799/study1_positive
SPECIALIST_03,MURA_TT_0176,EXCLUSIVE,188,XR_SHOULDER,2,central,train/XR_SHOULDER/patient01203/study1_positive
SPECIALIST_03,MURA_TT_1308,EXCLUSIVE,189,XR_ELBOW,3,central,train/XR_ELBOW/patient04954/study1_positive
SPECIALIST_03,MURA_TT_0678,EXCLUSIVE,190,XR_FINGER,0,central,train/XR_FINGER/patient03725/study1_positive
SPECIALIST_03,MURA_TT_0215,SHARED,191,XR_FOREARM,4,central,train/XR_FOREARM/patient09153/study1_positive
SPECIALIST_03,MURA_TT_1321,EXCLUSIVE,192,XR_ELBOW,5,central,train/XR_ELBOW/patient05004/study1_positive
SPECIALIST_03,MURA_TT_1772,EXCLUSIVE,193,XR_SHOULDER,3,central,train/XR_SHOULDER/patient00125/study1_positive
SPECIALIST_03,MURA_TT_1711,EXCLUSIVE,194,XR_FINGER,0,central,train/XR_FINGER/patient03308/study1_positive
SPECIALIST_03,MURA_TT_1655,EXCLUSIVE,195,XR_ELBOW,4,central,train/XR_ELBOW/patient05356/study1_positive
SPECIALIST_03,MURA_TT_0222,EXCLUSIVE,196,XR_ELBOW,4,central,train/XR_ELBOW/patient04991/study1_positive
SPECIALIST_03,MURA_TT_0096,EXCLUSIVE,197,XR_WRIST,5,intermediate,train/XR_WRIST/patient07043/study1_positive
SPECIALIST_03,MURA_TT_0762,EXCLUSIVE,198,XR_FINGER,5,central,train/XR_FINGER/patient03533/study1_positive
SPECIALIST_03,MURA_TT_0117,EXCLUSIVE,199,XR_HUMERUS,3,central,train/XR_HUMERUS/patient02846/study1_positive
SPECIALIST_03,MURA_TT_1588,EXCLUSIVE,200,XR_ELBOW,0,central,train/XR_ELBOW/patient05332/study1_positive
SPECIALIST_03,MURA_TT_0162,EXCLUSIVE,201,XR_HAND,2,central,train/XR_HAND/patient09904/study1_positive
SPECIALIST_03,MURA_TT_1664,EXCLUSIVE,202,XR_ELBOW,5,central,train/XR_ELBOW/patient04950/study1_positive
SPECIALIST_03,MURA_TT_0135,EXCLUSIVE,203,XR_HAND,1,central,train/XR_HAND/patient09901/study1_positive
SPECIALIST_03,MURA_TT_0457,SHARED,204,XR_FINGER,1,central,train/XR_FINGER/patient03773/study1_positive
SPECIALIST_03,MURA_TT_1774,EXCLUSIVE,205,XR_SHOULDER,1,central,train/XR_SHOULDER/patient00106/study1_positive
SPECIALIST_03,MURA_TT_0251,EXCLUSIVE,206,XR_HUMERUS,0,central,train/XR_HUMERUS/patient02772/study1_positive
SPECIALIST_03,MURA_TT_1369,EXCLUSIVE,207,XR_WRIST,8,central,train/XR_WRIST/patient07066/study1_positive
SPECIALIST_03,MURA_TT_0888,EXCLUSIVE,208,XR_SHOULDER,2,intermediate,train/XR_SHOULDER/patient00344/study1_positive
SPECIALIST_03,MURA_TT_0377,EXCLUSIVE,209,XR_FINGER,4,central,train/XR_FINGER/patient03244/study1_positive
SPECIALIST_03,MURA_TT_0368,EXCLUSIVE,210,XR_FINGER,0,peripheral,train/XR_FINGER/patient03472/study1_positive
SPECIALIST_03,MURA_TT_0538,EXCLUSIVE,211,XR_HAND,4,central,train/XR_HAND/patient09994/study1_positive
SPECIALIST_03,MURA_TT_1439,EXCLUSIVE,212,XR_HAND,4,central,train/XR_HAND/patient06302/study1_positive
SPECIALIST_03,MURA_TT_0764,EXCLUSIVE,213,XR_SHOULDER,3,central,train/XR_SHOULDER/patient00499/study1_positive
SPECIALIST_03,MURA_TT_1312,EXCLUSIVE,214,XR_WRIST,1,central,train/XR_WRIST/patient06543/study1_positive
SPECIALIST_03,MURA_TT_1659,EXCLUSIVE,215,XR_ELBOW,0,central,train/XR_ELBOW/patient05094/study1_positive
SPECIALIST_03,MURA_TT_1271,EXCLUSIVE,216,XR_HAND,2,central,train/XR_HAND/patient10076/study1_positive
SPECIALIST_03,MURA_TT_0098,EXCLUSIVE,217,XR_SHOULDER,0,peripheral,train/XR_SHOULDER/patient00398/study1_positive
SPECIALIST_03,MURA_TT_1526,EXCLUSIVE,218,XR_HAND,5,intermediate,train/XR_HAND/patient05913/study1_positive
SPECIALIST_03,MURA_TT_1522,EXCLUSIVE,219,XR_SHOULDER,3,central,train/XR_SHOULDER/patient00157/study1_positive
SPECIALIST_03,MURA_TT_1952,EXCLUSIVE,220,XR_HAND,5,central,train/XR_HAND/patient04271/study1_positive
SPECIALIST_03,MURA_TT_1770,EXCLUSIVE,221,XR_FOREARM,2,intermediate,train/XR_FOREARM/patient09116/study1_positive
SPECIALIST_03,MURA_TT_1783,EXCLUSIVE,222,XR_WRIST,7,central,train/XR_WRIST/patient06477/study1_positive
SPECIALIST_03,MURA_TT_1867,EXCLUSIVE,223,XR_SHOULDER,3,central,train/XR_SHOULDER/patient00874/study1_positive
SPECIALIST_03,MURA_TT_0335,EXCLUSIVE,224,XR_FINGER,1,central,train/XR_FINGER/patient03253/study1_positive
SPECIALIST_03,MURA_TT_1963,EXCLUSIVE,225,XR_HAND,2,intermediate,train/XR_HAND/patient10054/study1_positive
SPECIALIST_03,MURA_TT_0774,EXCLUSIVE,226,XR_SHOULDER,4,intermediate,train/XR_SHOULDER/patient01224/study1_positive
SPECIALIST_03,MURA_TT_0156,EXCLUSIVE,227,XR_ELBOW,2,central,train/XR_ELBOW/patient05178/study1_positive
SPECIALIST_03,MURA_TT_0375,EXCLUSIVE,228,XR_WRIST,0,central,train/XR_WRIST/patient07402/study1_positive
SPECIALIST_03,MURA_TT_1184,EXCLUSIVE,229,XR_SHOULDER,2,central,train/XR_SHOULDER/patient00291/study1_positive
SPECIALIST_03,MURA_TT_0417,EXCLUSIVE,230,XR_ELBOW,5,intermediate,train/XR_ELBOW/patient05056/study1_positive
SPECIALIST_03,MURA_TT_0014,EXCLUSIVE,231,XR_FOREARM,1,central,train/XR_FOREARM/patient09212/study1_positive
SPECIALIST_03,MURA_TT_1577,EXCLUSIVE,232,XR_WRIST,3,central,train/XR_WRIST/patient06623/study1_positive
SPECIALIST_03,MURA_TT_0618,EXCLUSIVE,233,XR_SHOULDER,0,peripheral,train/XR_SHOULDER/patient00748/study1_positive
SPECIALIST_03,MURA_TT_0578,EXCLUSIVE,234,XR_SHOULDER,1,central,train/XR_SHOULDER/patient00810/study1_positive
SPECIALIST_03,MURA_TT_0646,EXCLUSIVE,235,XR_WRIST,5,central,train/XR_WRIST/patient06634/study1_positive
SPECIALIST_03,MURA_TT_0337,EXCLUSIVE,236,XR_FINGER,2,central,train/XR_FINGER/patient03467/study1_positive
SPECIALIST_03,MURA_TT_1904,EXCLUSIVE,237,XR_FOREARM,4,central,train/XR_FOREARM/patient09153/study1_positive
SPECIALIST_03,MURA_TT_1109,EXCLUSIVE,238,XR_ELBOW,1,central,train/XR_ELBOW/patient04669/study1_positive
SPECIALIST_03,MURA_TT_0199,EXCLUSIVE,239,XR_FOREARM,3,peripheral,train/XR_FOREARM/patient00501/study1_positive
SPECIALIST_03,MURA_TT_1718,EXCLUSIVE,240,XR_HAND,2,central,train/XR_HAND/patient09790/study1_positive
SPECIALIST_03,MURA_TT_0371,EXCLUSIVE,241,XR_SHOULDER,5,central,train/XR_SHOULDER/patient00841/study1_positive
SPECIALIST_03,MURA_TT_0685,EXCLUSIVE,242,XR_WRIST,3,central,train/XR_WRIST/patient07027/study1_positive
SPECIALIST_03,MURA_TT_1085,SHARED,243,XR_WRIST,4,central,train/XR_WRIST/patient04568/study1_positive
SPECIALIST_03,MURA_TT_0845,EXCLUSIVE,244,XR_HAND,4,intermediate,train/XR_HAND/patient09918/study1_positive
SPECIALIST_03,MURA_TT_0364,EXCLUSIVE,245,XR_ELBOW,4,central,train/XR_ELBOW/patient05238/study1_positive
SPECIALIST_03,MURA_TT_1193,EXCLUSIVE,246,XR_FINGER,2,peripheral,train/XR_FINGER/patient03743/study1_positive
SPECIALIST_03,MURA_TT_0437,EXCLUSIVE,247,XR_HUMERUS,3,central,train/XR_HUMERUS/patient02837/study1_positive
SPECIALIST_03,MURA_TT_1067,EXCLUSIVE,248,XR_WRIST,3,central,train/XR_WRIST/patient07346/study1_positive
SPECIALIST_03,MURA_TT_0232,EXCLUSIVE,249,XR_ELBOW,4,intermediate,train/XR_ELBOW/patient05127/study1_positive
SPECIALIST_03,MURA_TT_0587,EXCLUSIVE,250,XR_SHOULDER,2,intermediate,train/XR_SHOULDER/patient00979/study1_positive
SPECIALIST_03,MURA_TT_1228,EXCLUSIVE,251,XR_HAND,5,central,train/XR_HAND/patient09787/study1_positive
SPECIALIST_03,MURA_TT_1603,EXCLUSIVE,252,XR_WRIST,1,central,train/XR_WRIST/patient01440/study1_positive
SPECIALIST_03,MURA_TT_0995,EXCLUSIVE,253,XR_WRIST,8,central,train/XR_WRIST/patient06700/study1_positive
SPECIALIST_03,MURA_TT_1681,EXCLUSIVE,254,XR_WRIST,8,peripheral,train/XR_WRIST/patient07258/study1_positive
SPECIALIST_03,MURA_TT_1298,EXCLUSIVE,255,XR_WRIST,4,intermediate,train/XR_WRIST/patient06372/study1_positive
SPECIALIST_03,MURA_TT_1005,EXCLUSIVE,256,XR_FINGER,4,peripheral,train/XR_FINGER/patient03290/study1_positive
SPECIALIST_03,MURA_TT_0051,EXCLUSIVE,257,XR_SHOULDER,5,central,train/XR_SHOULDER/patient01405/study1_positive
SPECIALIST_03,MURA_TT_0636,EXCLUSIVE,258,XR_FINGER,5,peripheral,train/XR_FINGER/patient03275/study1_positive
SPECIALIST_03,MURA_TT_0690,SHARED,259,XR_WRIST,1,peripheral,train/XR_WRIST/patient06504/study1_positive
SPECIALIST_03,MURA_TT_0213,EXCLUSIVE,260,XR_FINGER,0,central,train/XR_FINGER/patient02434/study1_positive
SPECIALIST_03,MURA_TT_0920,SHARED,261,XR_WRIST,7,central,train/XR_WRIST/patient06544/study1_positive
SPECIALIST_03,MURA_TT_1432,EXCLUSIVE,262,XR_SHOULDER,2,central,train/XR_SHOULDER/patient01172/study1_positive
SPECIALIST_03,MURA_TT_0241,EXCLUSIVE,263,XR_HAND,0,central,train/XR_HAND/patient02722/study1_positive
SPECIALIST_03,MURA_TT_1151,EXCLUSIVE,264,XR_WRIST,5,central,train/XR_WRIST/patient07165/study1_positive
SPECIALIST_03,MURA_TT_1380,EXCLUSIVE,265,XR_WRIST,1,central,train/XR_WRIST/patient06801/study1_positive
SPECIALIST_03,MURA_TT_1155,EXCLUSIVE,266,XR_WRIST,2,central,train/XR_WRIST/patient06496/study1_positive
SPECIALIST_03,MURA_TT_1129,EXCLUSIVE,267,XR_HAND,4,central,train/XR_HAND/patient09935/study1_positive
SPECIALIST_03,MURA_TT_1608,EXCLUSIVE,268,XR_WRIST,8,central,train/XR_WRIST/patient06400/study1_positive
SPECIALIST_03,MURA_TT_1567,EXCLUSIVE,269,XR_WRIST,8,intermediate,train/XR_WRIST/patient06647/study1_positive
SPECIALIST_03,MURA_TT_1141,EXCLUSIVE,270,XR_SHOULDER,5,central,train/XR_SHOULDER/patient01219/study1_positive
SPECIALIST_03,MURA_TT_1201,EXCLUSIVE,271,XR_ELBOW,1,central,train/XR_ELBOW/patient04935/study1_positive
SPECIALIST_03,MURA_TT_1544,EXCLUSIVE,272,XR_SHOULDER,0,central,train/XR_SHOULDER/patient00476/study1_positive
SPECIALIST_03,MURA_TT_0188,EXCLUSIVE,273,XR_WRIST,2,central,train/XR_WRIST/patient06478/study1_positive
SPECIALIST_03,MURA_TT_0806,SHARED,274,XR_HAND,2,central,train/XR_HAND/patient10027/study1_positive
SPECIALIST_03,MURA_TT_1686,EXCLUSIVE,275,XR_FINGER,4,intermediate,train/XR_FINGER/patient03602/study1_positive
SPECIALIST_03,MURA_TT_0785,EXCLUSIVE,276,XR_ELBOW,4,central,train/XR_ELBOW/patient05380/study1_positive
SPECIALIST_03,MURA_TT_0786,EXCLUSIVE,277,XR_SHOULDER,3,central,train/XR_SHOULDER/patient00222/study1_positive
SPECIALIST_03,MURA_TT_0878,EXCLUSIVE,278,XR_FINGER,2,central,train/XR_FINGER/patient03547/study1_positive
SPECIALIST_03,MURA_TT_1993,EXCLUSIVE,279,XR_HUMERUS,2,central,train/XR_HUMERUS/patient02778/study1_positive
SPECIALIST_03,MURA_TT_0863,EXCLUSIVE,280,XR_ELBOW,1,central,train/XR_ELBOW/patient05289/study1_positive
SPECIALIST_03,MURA_TT_1434,EXCLUSIVE,281,XR_WRIST,2,intermediate,train/XR_WRIST/patient07171/study1_positive
SPECIALIST_03,MURA_TT_0932,SHARED,282,XR_WRIST,0,central,train/XR_WRIST/patient07119/study1_positive
SPECIALIST_03,MURA_TT_0677,EXCLUSIVE,283,XR_SHOULDER,4,peripheral,train/XR_SHOULDER/patient00026/study1_positive
SPECIALIST_03,MURA_TT_0652,EXCLUSIVE,284,XR_SHOULDER,0,intermediate,train/XR_SHOULDER/patient01179/study1_positive
SPECIALIST_03,MURA_TT_0075,SHARED,285,XR_HAND,0,central,train/XR_HAND/patient08710/study1_positive
SPECIALIST_03,MURA_TT_0946,EXCLUSIVE,286,XR_WRIST,6,central,train/XR_WRIST/patient06781/study1_positive
SPECIALIST_03,MURA_TT_1213,EXCLUSIVE,287,XR_SHOULDER,1,peripheral,train/XR_SHOULDER/patient00705/study1_positive
SPECIALIST_03,MURA_TT_0146,EXCLUSIVE,288,XR_FINGER,5,central,train/XR_FINGER/patient03474/study1_positive
SPECIALIST_03,MURA_TT_0127,EXCLUSIVE,289,XR_FINGER,4,central,train/XR_FINGER/patient02723/study1_positive
SPECIALIST_03,MURA_TT_1277,EXCLUSIVE,290,XR_HUMERUS,0,peripheral,train/XR_HUMERUS/patient02728/study1_positive
SPECIALIST_03,MURA_TT_1793,EXCLUSIVE,291,XR_HUMERUS,3,central,train/XR_HUMERUS/patient02725/study1_positive
SPECIALIST_03,MURA_TT_1081,EXCLUSIVE,292,XR_HAND,1,central,train/XR_HAND/patient09749/study1_positive
SPECIALIST_03,MURA_TT_0984,EXCLUSIVE,293,XR_FINGER,5,central,train/XR_FINGER/patient03626/study1_positive
SPECIALIST_03,MURA_TT_0307,EXCLUSIVE,294,XR_SHOULDER,0,central,train/XR_SHOULDER/patient00950/study1_positive
SPECIALIST_03,MURA_TT_1062,SHARED,295,XR_WRIST,6,central,train/XR_WRIST/patient06830/study1_positive
SPECIALIST_03,MURA_TT_1784,EXCLUSIVE,296,XR_WRIST,1,peripheral,train/XR_WRIST/patient06823/study1_positive
SPECIALIST_03,MURA_TT_0506,EXCLUSIVE,297,XR_WRIST,8,central,train/XR_WRIST/patient06363/study1_positive
SPECIALIST_03,MURA_TT_1071,EXCLUSIVE,298,XR_ELBOW,0,central,train/XR_ELBOW/patient04943/study1_positive
SPECIALIST_03,MURA_TT_0123,EXCLUSIVE,299,XR_HUMERUS,3,central,train/XR_HUMERUS/patient02876/study1_positive
SPECIALIST_03,MURA_TT_1881,EXCLUSIVE,300,XR_HUMERUS,2,intermediate,train/XR_HUMERUS/patient02699/study1_positive
SPECIALIST_03,MURA_TT_0773,SHARED,301,XR_HUMERUS,2,central,train/XR_HUMERUS/patient02825/study1_positive
SPECIALIST_03,MURA_TT_1169,SHARED,302,XR_WRIST,8,peripheral,train/XR_WRIST/patient07309/study1_positive
SPECIALIST_03,MURA_TT_1038,EXCLUSIVE,303,XR_FOREARM,1,central,train/XR_FOREARM/patient09156/study1_positive
SPECIALIST_03,MURA_TT_1903,EXCLUSIVE,304,XR_FINGER,2,intermediate,train/XR_FINGER/patient03228/study1_positive
SPECIALIST_03,MURA_TT_0422,SHARED,305,XR_FINGER,1,central,train/XR_FINGER/patient03600/study1_positive
SPECIALIST_03,MURA_TT_1583,EXCLUSIVE,306,XR_HUMERUS,2,central,train/XR_HUMERUS/patient02770/study1_positive
SPECIALIST_03,MURA_TT_1729,EXCLUSIVE,307,XR_WRIST,4,central,train/XR_WRIST/patient07103/study1_positive
SPECIALIST_03,MURA_TT_0755,EXCLUSIVE,308,XR_WRIST,4,central,train/XR_WRIST/patient06414/study1_positive
SPECIALIST_03,MURA_TT_1347,EXCLUSIVE,309,XR_FOREARM,5,central,train/XR_FOREARM/patient09297/study1_positive
SPECIALIST_03,MURA_TT_1725,EXCLUSIVE,310,XR_HUMERUS,3,peripheral,train/XR_HUMERUS/patient02112/study1_positive
SPECIALIST_03,MURA_TT_1572,EXCLUSIVE,311,XR_WRIST,2,central,train/XR_WRIST/patient07251/study1_positive
SPECIALIST_03,MURA_TT_0856,EXCLUSIVE,312,XR_SHOULDER,3,peripheral,train/XR_SHOULDER/patient00588/study1_positive
SPECIALIST_03,MURA_TT_0942,EXCLUSIVE,313,XR_SHOULDER,4,central,train/XR_SHOULDER/patient01025/study1_positive
SPECIALIST_03,MURA_TT_0342,SHARED,314,XR_FINGER,0,central,train/XR_FINGER/patient03255/study1_positive
SPECIALIST_03,MURA_TT_1468,SHARED,315,XR_HAND,1,central,train/XR_HAND/patient00008/study1_positive
SPECIALIST_03,MURA_TT_0921,EXCLUSIVE,316,XR_WRIST,1,intermediate,train/XR_WRIST/patient07307/study1_positive
SPECIALIST_03,MURA_TT_0362,EXCLUSIVE,317,XR_FINGER,1,central,train/XR_FINGER/patient03601/study1_positive
SPECIALIST_03,MURA_TT_0009,EXCLUSIVE,318,XR_ELBOW,1,central,train/XR_ELBOW/patient01896/study1_positive
SPECIALIST_03,MURA_TT_1826,EXCLUSIVE,319,XR_SHOULDER,1,central,train/XR_SHOULDER/patient00800/study1_positive
SPECIALIST_03,MURA_TT_1050,EXCLUSIVE,320,XR_FINGER,5,intermediate,train/XR_FINGER/patient03487/study1_positive
SPECIALIST_03,MURA_TT_0035,EXCLUSIVE,321,XR_HUMERUS,2,intermediate,train/XR_HUMERUS/patient02764/study1_positive
SPECIALIST_03,MURA_TT_0248,EXCLUSIVE,322,XR_WRIST,8,central,train/XR_WRIST/patient06428/study1_positive
SPECIALIST_03,MURA_TT_0635,EXCLUSIVE,323,XR_ELBOW,5,central,train/XR_ELBOW/patient05409/study1_positive
SPECIALIST_03,MURA_TT_1597,EXCLUSIVE,324,XR_WRIST,2,central,train/XR_WRIST/patient06903/study1_positive
SPECIALIST_03,MURA_TT_1311,SHARED,325,XR_SHOULDER,1,central,train/XR_SHOULDER/patient00381/study1_positive
SPECIALIST_03,MURA_TT_1339,EXCLUSIVE,326,XR_HUMERUS,2,central,train/XR_HUMERUS/patient02806/study1_positive
SPECIALIST_03,MURA_TT_0025,EXCLUSIVE,327,XR_WRIST,8,central,train/XR_WRIST/patient06821/study1_positive
SPECIALIST_03,MURA_TT_1554,SHARED,328,XR_SHOULDER,2,central,train/XR_SHOULDER/patient00091/study1_positive
SPECIALIST_03,MURA_TT_0768,EXCLUSIVE,329,XR_SHOULDER,4,central,train/XR_SHOULDER/patient01213/study1_positive
SPECIALIST_03,MURA_TT_1592,EXCLUSIVE,330,XR_FINGER,5,peripheral,train/XR_FINGER/patient03341/study1_positive
SPECIALIST_03,MURA_TT_0952,EXCLUSIVE,331,XR_FINGER,1,central,train/XR_FINGER/patient03540/study1_positive
SPECIALIST_03,MURA_TT_1355,EXCLUSIVE,332,XR_HUMERUS,2,central,train/XR_HUMERUS/patient02928/study1_positive
SPECIALIST_03,MURA_TT_0168,EXCLUSIVE,333,XR_SHOULDER,1,central,train/XR_SHOULDER/patient00181/study1_positive
SPECIALIST_03,MURA_TT_0499,EXCLUSIVE,334,XR_WRIST,1,central,train/XR_WRIST/patient07266/study1_positive
SPECIALIST_03,MURA_TT_1106,EXCLUSIVE,335,XR_SHOULDER,2,central,train/XR_SHOULDER/patient00549/study1_positive
SPECIALIST_03,MURA_TT_1093,EXCLUSIVE,336,XR_HAND,1,central,train/XR_HAND/patient08998/study1_positive
SPECIALIST_03,MURA_TT_0743,EXCLUSIVE,337,XR_FINGER,1,peripheral,train/XR_FINGER/patient01875/study1_positive
SPECIALIST_03,MURA_TT_1123,EXCLUSIVE,338,XR_FINGER,5,peripheral,train/XR_FINGER/patient00905/study1_positive
SPECIALIST_03,MURA_TT_0125,EXCLUSIVE,339,XR_FINGER,2,intermediate,train/XR_FINGER/patient03272/study1_positive
SPECIALIST_03,MURA_TT_0687,EXCLUSIVE,340,XR_WRIST,0,peripheral,train/XR_WRIST/patient06606/study1_positive
SPECIALIST_03,MURA_TT_0258,SHARED,341,XR_FOREARM,2,central,train/XR_FOREARM/patient09291/study1_positive
SPECIALIST_03,MURA_TT_0697,EXCLUSIVE,342,XR_ELBOW,3,peripheral,train/XR_ELBOW/patient05106/study1_positive
SPECIALIST_03,MURA_TT_1486,EXCLUSIVE,343,XR_ELBOW,5,intermediate,train/XR_ELBOW/patient04921/study1_positive
SPECIALIST_03,MURA_TT_1009,EXCLUSIVE,344,XR_WRIST,4,peripheral,train/XR_WRIST/patient07304/study1_positive
SPECIALIST_03,MURA_TT_1740,SHARED,345,XR_WRIST,1,intermediate,train/XR_WRIST/patient06982/study1_positive
SPECIALIST_03,MURA_TT_1360,EXCLUSIVE,346,XR_ELBOW,1,central,train/XR_ELBOW/patient04978/study1_positive
SPECIALIST_03,MURA_TT_1910,EXCLUSIVE,347,XR_SHOULDER,3,intermediate,train/XR_SHOULDER/patient00634/study1_positive
SPECIALIST_03,MURA_TT_1542,EXCLUSIVE,348,XR_WRIST,7,intermediate,train/XR_WRIST/patient03676/study1_positive
SPECIALIST_03,MURA_TT_1066,EXCLUSIVE,349,XR_SHOULDER,2,peripheral,train/XR_SHOULDER/patient01153/study1_positive
SPECIALIST_03,MURA_TT_1136,SHARED,350,XR_WRIST,2,central,train/XR_WRIST/patient06968/study1_positive
SPECIALIST_03,MURA_TT_1611,EXCLUSIVE,351,XR_ELBOW,0,intermediate,train/XR_ELBOW/patient04952/study1_positive
SPECIALIST_03,MURA_TT_1620,EXCLUSIVE,352,XR_FOREARM,2,peripheral,train/XR_FOREARM/patient09098/study1_positive
SPECIALIST_03,MURA_TT_1965,EXCLUSIVE,353,XR_ELBOW,5,central,train/XR_ELBOW/patient04951/study1_positive
SPECIALIST_03,MURA_TT_0491,EXCLUSIVE,354,XR_SHOULDER,5,intermediate,train/XR_SHOULDER/patient00935/study1_positive
SPECIALIST_03,MURA_TT_0997,EXCLUSIVE,355,XR_WRIST,6,central,train/XR_WRIST/patient06944/study1_positive
SPECIALIST_03,MURA_TT_1660,EXCLUSIVE,356,XR_HUMERUS,0,intermediate,train/XR_HUMERUS/patient02847/study1_positive
SPECIALIST_03,MURA_TT_1769,EXCLUSIVE,357,XR_FOREARM,2,central,train/XR_FOREARM/patient09246/study1_positive
SPECIALIST_03,MURA_TT_0226,EXCLUSIVE,358,XR_WRIST,8,central,train/XR_WRIST/patient01521/study1_positive
SPECIALIST_03,MURA_TT_1281,EXCLUSIVE,359,XR_FINGER,4,central,train/XR_FINGER/patient03534/study1_positive
SPECIALIST_03,MURA_TT_1232,EXCLUSIVE,360,XR_HAND,2,peripheral,train/XR_HAND/patient09405/study1_positive
SPECIALIST_03,MURA_TT_0221,EXCLUSIVE,361,XR_HAND,4,intermediate,train/XR_HAND/patient09758/study1_positive
SPECIALIST_03,MURA_TT_0091,EXCLUSIVE,362,XR_SHOULDER,5,intermediate,train/XR_SHOULDER/patient00498/study1_positive
SPECIALIST_03,MURA_TT_0614,EXCLUSIVE,363,XR_SHOULDER,4,central,train/XR_SHOULDER/patient00528/study1_positive
SPECIALIST_03,MURA_TT_1210,EXCLUSIVE,364,XR_WRIST,5,intermediate,train/XR_WRIST/patient03323/study1_positive
SPECIALIST_03,MURA_TT_1371,EXCLUSIVE,365,XR_HAND,5,peripheral,train/XR_HAND/patient07826/study1_positive
SPECIALIST_03,MURA_TT_1195,EXCLUSIVE,366,XR_SHOULDER,2,central,train/XR_SHOULDER/patient01282/study1_positive
SPECIALIST_03,MURA_TT_1244,EXCLUSIVE,367,XR_FINGER,1,peripheral,train/XR_FINGER/patient03292/study1_positive
SPECIALIST_03,MURA_TT_0698,EXCLUSIVE,368,XR_SHOULDER,2,central,train/XR_SHOULDER/patient00313/study1_positive
SPECIALIST_03,MURA_TT_0949,SHARED,369,XR_HAND,4,central,train/XR_HAND/patient09789/study1_positive
SPECIALIST_03,MURA_TT_1663,EXCLUSIVE,370,XR_FINGER,3,peripheral,train/XR_FINGER/patient03009/study1_positive
SPECIALIST_03,MURA_TT_1533,EXCLUSIVE,371,XR_ELBOW,0,intermediate,train/XR_ELBOW/patient05120/study1_positive
SPECIALIST_03,MURA_TT_0384,EXCLUSIVE,372,XR_WRIST,2,central,train/XR_WRIST/patient07313/study1_positive
SPECIALIST_03,MURA_TT_1433,EXCLUSIVE,373,XR_SHOULDER,2,central,train/XR_SHOULDER/patient01401/study1_positive
SPECIALIST_03,MURA_TT_1270,EXCLUSIVE,374,XR_WRIST,2,intermediate,train/XR_WRIST/patient06893/study1_positive
SPECIALIST_03,MURA_TT_1246,EXCLUSIVE,375,XR_HAND,1,central,train/XR_HAND/patient10124/study1_positive
SPECIALIST_03,MURA_TT_0455,EXCLUSIVE,376,XR_WRIST,6,central,train/XR_WRIST/patient07116/study1_positive
SPECIALIST_03,MURA_TT_0428,EXCLUSIVE,377,XR_HUMERUS,3,central,train/XR_HUMERUS/patient02852/study1_positive
SPECIALIST_03,MURA_TT_1052,EXCLUSIVE,378,XR_SHOULDER,4,intermediate,train/XR_SHOULDER/patient00532/study1_positive
SPECIALIST_03,MURA_TT_1967,EXCLUSIVE,379,XR_SHOULDER,2,intermediate,train/XR_SHOULDER/patient00970/study1_positive
SPECIALIST_03,MURA_TT_0559,EXCLUSIVE,380,XR_ELBOW,1,intermediate,train/XR_ELBOW/patient05221/study1_positive
SPECIALIST_03,MURA_TT_1021,EXCLUSIVE,381,XR_ELBOW,0,intermediate,train/XR_ELBOW/patient05202/study1_positive
SPECIALIST_03,MURA_TT_0151,EXCLUSIVE,382,XR_WRIST,2,peripheral,train/XR_WRIST/patient06573/study1_positive
SPECIALIST_03,MURA_TT_0224,SHARED,383,XR_HUMERUS,3,central,train/XR_HUMERUS/patient01856/study1_positive
SPECIALIST_03,MURA_TT_1984,EXCLUSIVE,384,XR_HUMERUS,3,central,train/XR_HUMERUS/patient02758/study1_positive
SPECIALIST_03,MURA_TT_0792,EXCLUSIVE,385,XR_WRIST,5,peripheral,train/XR_WRIST/patient07199/study1_positive
SPECIALIST_03,MURA_TT_1591,SHARED,386,XR_WRIST,8,intermediate,train/XR_WRIST/patient03005/study1_positive
SPECIALIST_03,MURA_TT_0262,EXCLUSIVE,387,XR_WRIST,8,central,train/XR_WRIST/patient06541/study1_positive
SPECIALIST_03,MURA_TT_0326,EXCLUSIVE,388,XR_FOREARM,0,central,train/XR_FOREARM/patient09171/study1_positive
SPECIALIST_03,MURA_TT_0154,EXCLUSIVE,389,XR_SHOULDER,0,central,train/XR_SHOULDER/patient00658/study1_positive
SPECIALIST_03,MURA_TT_0590,EXCLUSIVE,390,XR_ELBOW,4,peripheral,train/XR_ELBOW/patient01219/study1_positive
SPECIALIST_03,MURA_TT_1615,EXCLUSIVE,391,XR_FINGER,4,central,train/XR_FINGER/patient03359/study1_positive
SPECIALIST_03,MURA_TT_1354,EXCLUSIVE,392,XR_ELBOW,3,intermediate,train/XR_ELBOW/patient05336/study1_positive
SPECIALIST_03,MURA_TT_1303,EXCLUSIVE,393,XR_ELBOW,0,central,train/XR_ELBOW/patient05003/study1_positive
SPECIALIST_03,MURA_TT_0406,SHARED,394,XR_HUMERUS,2,intermediate,train/XR_HUMERUS/patient02854/study1_positive
SPECIALIST_03,MURA_TT_0376,EXCLUSIVE,395,XR_SHOULDER,5,intermediate,train/XR_SHOULDER/patient00552/study1_positive
SPECIALIST_03,MURA_TT_1198,EXCLUSIVE,396,XR_FOREARM,3,intermediate,train/XR_FOREARM/patient09198/study1_positive
SPECIALIST_03,MURA_TT_1986,SHARED,397,XR_ELBOW,1,central,train/XR_ELBOW/patient05352/study1_positive
SPECIALIST_03,MURA_TT_1137,EXCLUSIVE,398,XR_HUMERUS,0,central,train/XR_HUMERUS/patient02865/study1_positive
SPECIALIST_03,MURA_TT_1987,EXCLUSIVE,399,XR_SHOULDER,4,peripheral,train/XR_SHOULDER/patient00948/study1_positive
SPECIALIST_03,MURA_TT_1091,EXCLUSIVE,400,XR_WRIST,4,intermediate,train/XR_WRIST/patient07028/study1_positive
SPECIALIST_03,MURA_TT_1606,EXCLUSIVE,401,XR_WRIST,4,central,train/XR_WRIST/patient07279/study1_positive
SPECIALIST_03,MURA_TT_0732,EXCLUSIVE,402,XR_HAND,1,intermediate,train/XR_HAND/patient09751/study1_positive
SPECIALIST_03,MURA_TT_0983,EXCLUSIVE,403,XR_WRIST,3,intermediate,train/XR_WRIST/patient04553/study1_positive
SPECIALIST_03,MURA_TT_1122,EXCLUSIVE,404,XR_ELBOW,0,peripheral,train/XR_ELBOW/patient05437/study1_positive
SPECIALIST_03,MURA_TT_1807,EXCLUSIVE,405,XR_ELBOW,1,central,train/XR_ELBOW/patient05301/study1_positive
SPECIALIST_03,MURA_TT_0486,EXCLUSIVE,406,XR_SHOULDER,2,central,train/XR_SHOULDER/patient00945/study1_positive
SPECIALIST_03,MURA_TT_0960,EXCLUSIVE,407,XR_WRIST,8,central,train/XR_WRIST/patient06831/study1_positive
SPECIALIST_03,MURA_TT_0122,EXCLUSIVE,408,XR_HUMERUS,1,peripheral,train/XR_HUMERUS/patient02704/study1_positive
SPECIALIST_03,MURA_TT_0106,SHARED,409,XR_HAND,3,central,train/XR_HAND/patient09847/study1_positive
SPECIALIST_03,MURA_TT_0513,EXCLUSIVE,410,XR_FOREARM,0,central,train/XR_FOREARM/patient09169/study1_positive
SPECIALIST_03,MURA_TT_1810,EXCLUSIVE,411,XR_SHOULDER,1,intermediate,train/XR_SHOULDER/patient00509/study1_positive
SPECIALIST_03,MURA_TT_0413,EXCLUSIVE,412,XR_WRIST,4,central,train/XR_WRIST/patient06953/study1_positive
SPECIALIST_03,MURA_TT_0533,EXCLUSIVE,413,XR_ELBOW,0,central,train/XR_ELBOW/patient05455/study1_positive
SPECIALIST_03,MURA_TT_1285,EXCLUSIVE,414,XR_FOREARM,3,central,train/XR_FOREARM/patient09279/study1_positive
SPECIALIST_03,MURA_TT_1011,EXCLUSIVE,415,XR_ELBOW,0,central,train/XR_ELBOW/patient05364/study1_positive
SPECIALIST_03,MURA_TT_0735,EXCLUSIVE,416,XR_HUMERUS,3,central,train/XR_HUMERUS/patient02750/study1_positive
SPECIALIST_03,MURA_TT_1127,EXCLUSIVE,417,XR_ELBOW,4,central,train/XR_ELBOW/patient04941/study1_positive
SPECIALIST_03,MURA_TT_1668,SHARED,418,XR_HAND,3,central,train/XR_HAND/patient09821/study1_positive
SPECIALIST_03,MURA_TT_0040,SHARED,419,XR_ELBOW,5,central,train/XR_ELBOW/patient03844/study1_positive
SPECIALIST_03,MURA_TT_0421,EXCLUSIVE,420,XR_FOREARM,3,central,train/XR_FOREARM/patient09199/study1_positive
SPECIALIST_03,MURA_TT_0537,EXCLUSIVE,421,XR_SHOULDER,5,peripheral,train/XR_SHOULDER/patient00793/study1_positive
SPECIALIST_03,MURA_TT_1878,EXCLUSIVE,422,XR_HAND,0,intermediate,train/XR_HAND/patient10022/study1_positive
SPECIALIST_03,MURA_TT_0183,EXCLUSIVE,423,XR_WRIST,5,central,train/XR_WRIST/patient03991/study1_positive
SPECIALIST_03,MURA_TT_0791,EXCLUSIVE,424,XR_SHOULDER,3,peripheral,train/XR_SHOULDER/patient00051/study1_positive
SPECIALIST_03,MURA_TT_0290,EXCLUSIVE,425,XR_ELBOW,2,peripheral,train/XR_ELBOW/patient05391/study1_positive
SPECIALIST_03,MURA_TT_1300,SHARED,426,XR_FINGER,4,peripheral,train/XR_FINGER/patient02094/study1_positive
SPECIALIST_03,MURA_TT_0638,EXCLUSIVE,427,XR_WRIST,5,central,train/XR_WRIST/patient06435/study1_positive
SPECIALIST_03,MURA_TT_1414,EXCLUSIVE,428,XR_SHOULDER,5,peripheral,train/XR_SHOULDER/patient00486/study1_positive
SPECIALIST_03,MURA_TT_1199,EXCLUSIVE,429,XR_SHOULDER,2,central,train/XR_SHOULDER/patient00139/study1_positive
SPECIALIST_03,MURA_TT_1031,SHARED,430,XR_WRIST,8,intermediate,train/XR_WRIST/patient06381/study1_positive
SPECIALIST_03,MURA_TT_1917,EXCLUSIVE,431,XR_ELBOW,4,central,train/XR_ELBOW/patient05386/study1_positive
SPECIALIST_03,MURA_TT_1957,EXCLUSIVE,432,XR_SHOULDER,5,central,train/XR_SHOULDER/patient01155/study1_positive
SPECIALIST_03,MURA_TT_1767,EXCLUSIVE,433,XR_SHOULDER,2,central,train/XR_SHOULDER/patient00977/study1_positive
SPECIALIST_03,MURA_TT_1960,EXCLUSIVE,434,XR_HUMERUS,2,intermediate,train/XR_HUMERUS/patient02931/study1_positive
SPECIALIST_03,MURA_TT_1856,EXCLUSIVE,435,XR_FINGER,0,central,train/XR_FINGER/patient03283/study1_positive
SPECIALIST_03,MURA_TT_1647,EXCLUSIVE,436,XR_SHOULDER,4,central,train/XR_SHOULDER/patient00654/study1_positive
SPECIALIST_03,MURA_TT_1418,EXCLUSIVE,437,XR_HUMERUS,2,central,train/XR_HUMERUS/patient02742/study1_positive
SPECIALIST_03,MURA_TT_1202,EXCLUSIVE,438,XR_HAND,2,central,train/XR_HAND/patient09946/study1_positive
SPECIALIST_03,MURA_TT_1944,EXCLUSIVE,439,XR_SHOULDER,5,central,train/XR_SHOULDER/patient00467/study1_positive
SPECIALIST_03,MURA_TT_1233,EXCLUSIVE,440,XR_FOREARM,5,intermediate,train/XR_FOREARM/patient09089/study1_positive
SPECIALIST_03,MURA_TT_0236,EXCLUSIVE,441,XR_FINGER,1,central,train/XR_FINGER/patient03607/study1_positive
SPECIALIST_03,MURA_TT_1304,SHARED,442,XR_SHOULDER,0,intermediate,train/XR_SHOULDER/patient00044/study1_positive
SPECIALIST_03,MURA_TT_0400,SHARED,443,XR_FINGER,5,intermediate,train/XR_FINGER/patient03595/study1_positive
SPECIALIST_03,MURA_TT_1373,EXCLUSIVE,444,XR_FOREARM,5,peripheral,train/XR_FOREARM/patient04221/study1_positive
SPECIALIST_03,MURA_TT_1257,SHARED,445,XR_WRIST,3,peripheral,train/XR_WRIST/patient05125/study1_positive
SPECIALIST_03,MURA_TT_0171,EXCLUSIVE,446,XR_HUMERUS,3,central,train/XR_HUMERUS/patient02745/study1_positive
SPECIALIST_03,MURA_TT_0466,EXCLUSIVE,447,XR_ELBOW,5,peripheral,train/XR_ELBOW/patient05349/study1_positive
SPECIALIST_03,MURA_TT_1458,EXCLUSIVE,448,XR_FOREARM,0,peripheral,train/XR_FOREARM/patient09113/study1_positive
SPECIALIST_03,MURA_TT_1485,EXCLUSIVE,449,XR_FINGER,2,central,train/XR_FINGER/patient03657/study1_positive
SPECIALIST_03,MURA_TT_1456,EXCLUSIVE,450,XR_WRIST,8,peripheral,train/XR_WRIST/patient06575/study1_positive
SPECIALIST_03,MURA_TT_0291,EXCLUSIVE,451,XR_SHOULDER,1,peripheral,train/XR_SHOULDER/patient00609/study1_positive
SPECIALIST_03,MURA_TT_1242,EXCLUSIVE,452,XR_FOREARM,3,central,train/XR_FOREARM/patient01528/study1_positive
SPECIALIST_03,MURA_TT_1030,EXCLUSIVE,453,XR_WRIST,2,central,train/XR_WRIST/patient07395/study1_positive
SPECIALIST_03,MURA_TT_0999,EXCLUSIVE,454,XR_HUMERUS,0,intermediate,train/XR_HUMERUS/patient02756/study1_positive
SPECIALIST_03,MURA_TT_1628,EXCLUSIVE,455,XR_WRIST,5,central,train/XR_WRIST/patient06512/study1_positive
SPECIALIST_03,MURA_TT_1531,EXCLUSIVE,456,XR_ELBOW,0,central,train/XR_ELBOW/patient05052/study1_positive
SPECIALIST_03,MURA_TT_1292,EXCLUSIVE,457,XR_SHOULDER,0,central,train/XR_SHOULDER/patient01275/study1_positive
SPECIALIST_03,MURA_TT_0131,EXCLUSIVE,458,XR_WRIST,7,central,train/XR_WRIST/patient07046/study1_positive
SPECIALIST_03,MURA_TT_1579,EXCLUSIVE,459,XR_WRIST,6,peripheral,train/XR_WRIST/patient06995/study1_positive
SPECIALIST_03,MURA_TT_0563,EXCLUSIVE,460,XR_HAND,3,central,train/XR_HAND/patient09770/study1_positive
SPECIALIST_03,MURA_TT_1394,EXCLUSIVE,461,XR_HAND,2,central,train/XR_HAND/patient10113/study1_positive
SPECIALIST_03,MURA_TT_1862,EXCLUSIVE,462,XR_HUMERUS,3,peripheral,train/XR_HUMERUS/patient02698/study1_positive
SPECIALIST_03,MURA_TT_0078,EXCLUSIVE,463,XR_HAND,1,central,train/XR_HAND/patient05141/study1_positive
SPECIALIST_03,MURA_TT_0070,EXCLUSIVE,464,XR_SHOULDER,5,central,train/XR_SHOULDER/patient00828/study1_positive
SPECIALIST_03,MURA_TT_1363,EXCLUSIVE,465,XR_SHOULDER,5,central,train/XR_SHOULDER/patient00015/study1_positive
SPECIALIST_03,MURA_TT_0161,EXCLUSIVE,466,XR_FOREARM,3,central,train/XR_FOREARM/patient09109/study1_positive
SPECIALIST_03,MURA_TT_1789,EXCLUSIVE,467,XR_WRIST,5,peripheral,train/XR_WRIST/patient06943/study1_positive
SPECIALIST_03,MURA_TT_1696,EXCLUSIVE,468,XR_SHOULDER,3,central,train/XR_SHOULDER/patient00604/study2_positive
SPECIALIST_03,MURA_TT_0817,EXCLUSIVE,469,XR_WRIST,5,central,train/XR_WRIST/patient07153/study1_positive
SPECIALIST_03,MURA_TT_1358,EXCLUSIVE,470,XR_SHOULDER,3,central,train/XR_SHOULDER/patient00053/study1_positive
SPECIALIST_03,MURA_TT_1564,EXCLUSIVE,471,XR_WRIST,8,intermediate,train/XR_WRIST/patient07202/study1_positive
SPECIALIST_03,MURA_TT_1673,EXCLUSIVE,472,XR_WRIST,3,central,train/XR_WRIST/patient07150/study1_positive
SPECIALIST_03,MURA_TT_1236,SHARED,473,XR_FOREARM,3,peripheral,train/XR_FOREARM/patient03956/study1_positive
SPECIALIST_03,MURA_TT_1646,EXCLUSIVE,474,XR_SHOULDER,4,central,train/XR_SHOULDER/patient01168/study1_positive
SPECIALIST_03,MURA_TT_1966,EXCLUSIVE,475,XR_ELBOW,0,central,train/XR_ELBOW/patient05148/study1_positive
SPECIALIST_03,MURA_TT_0876,EXCLUSIVE,476,XR_FOREARM,0,central,train/XR_FOREARM/patient09254/study1_positive
SPECIALIST_03,MURA_TT_0175,EXCLUSIVE,477,XR_FINGER,2,peripheral,train/XR_FINGER/patient03342/study1_positive
SPECIALIST_03,MURA_TT_0661,EXCLUSIVE,478,XR_ELBOW,1,central,train/XR_ELBOW/patient05458/study1_positive
SPECIALIST_03,MURA_TT_0713,SHARED,479,XR_HUMERUS,0,central,train/XR_HUMERUS/patient02873/study1_positive
SPECIALIST_03,MURA_TT_0901,SHARED,480,XR_HAND,4,intermediate,train/XR_HAND/patient02679/study1_positive
SPECIALIST_03,MURA_TT_1855,EXCLUSIVE,481,XR_FINGER,2,central,train/XR_FINGER/patient03652/study1_positive
SPECIALIST_03,MURA_TT_1652,EXCLUSIVE,482,XR_ELBOW,2,intermediate,train/XR_ELBOW/patient04904/study1_positive
SPECIALIST_03,MURA_TT_0867,SHARED,483,XR_FINGER,3,central,train/XR_FINGER/patient03697/study1_positive
SPECIALIST_03,MURA_TT_1835,SHARED,484,XR_FOREARM,5,central,train/XR_FOREARM/patient09141/study1_positive
SPECIALIST_03,MURA_TT_0800,EXCLUSIVE,485,XR_FINGER,2,central,train/XR_FINGER/patient03780/study1_positive
SPECIALIST_03,MURA_TT_0929,EXCLUSIVE,486,XR_HAND,5,peripheral,train/XR_HAND/patient05006/study1_positive
SPECIALIST_03,MURA_TT_0431,EXCLUSIVE,487,XR_FINGER,3,central,train/XR_FINGER/patient03802/study1_positive
SPECIALIST_03,MURA_TT_0165,SHARED,488,XR_WRIST,8,central,train/XR_WRIST/patient07086/study1_positive
SPECIALIST_03,MURA_TT_0734,EXCLUSIVE,489,XR_FOREARM,0,central,train/XR_FOREARM/patient00297/study1_positive
SPECIALIST_03,MURA_TT_1194,EXCLUSIVE,490,XR_WRIST,3,central,train/XR_WRIST/patient06632/study1_positive
SPECIALIST_03,MURA_TT_0482,SHARED,491,XR_SHOULDER,4,central,train/XR_SHOULDER/patient00217/study1_positive
SPECIALIST_03,MURA_TT_1100,EXCLUSIVE,492,XR_SHOULDER,5,central,train/XR_SHOULDER/patient01356/study1_positive
SPECIALIST_03,MURA_TT_1802,EXCLUSIVE,493,XR_HAND,0,central,train/XR_HAND/patient03507/study1_positive
SPECIALIST_03,MURA_TT_1134,EXCLUSIVE,494,XR_SHOULDER,5,central,train/XR_SHOULDER/patient01394/study1_positive
SPECIALIST_03,MURA_TT_0205,EXCLUSIVE,495,XR_FINGER,3,central,train/XR_FINGER/patient03390/study1_positive
SPECIALIST_03,MURA_TT_0275,EXCLUSIVE,496,XR_WRIST,8,intermediate,train/XR_WRIST/patient06954/study1_positive
SPECIALIST_03,MURA_TT_1079,EXCLUSIVE,497,XR_FOREARM,2,central,train/XR_FOREARM/patient09248/study1_positive
SPECIALIST_03,MURA_TT_1179,EXCLUSIVE,498,XR_SHOULDER,3,central,train/XR_SHOULDER/patient01346/study1_positive
SPECIALIST_03,MURA_TT_1892,SHARED,499,XR_SHOULDER,4,peripheral,train/XR_SHOULDER/patient00149/study1_positive
SPECIALIST_03,MURA_TT_1691,EXCLUSIVE,500,XR_WRIST,8,central,train/XR_WRIST/patient06769/study1_positive
SPECIALIST_03,MURA_TT_1209,EXCLUSIVE,501,XR_HUMERUS,3,intermediate,train/XR_HUMERUS/patient02748/study1_positive
SPECIALIST_03,MURA_TT_0055,EXCLUSIVE,502,XR_HAND,4,central,train/XR_HAND/patient09882/study1_positive
SPECIALIST_03,MURA_TT_1915,SHARED,503,XR_SHOULDER,5,peripheral,train/XR_SHOULDER/patient00248/study1_positive
SPECIALIST_03,MURA_TT_0904,EXCLUSIVE,504,XR_ELBOW,1,central,train/XR_ELBOW/patient02383/study1_positive
SPECIALIST_03,MURA_TT_1192,EXCLUSIVE,505,XR_SHOULDER,5,central,train/XR_SHOULDER/patient01027/study1_positive
SPECIALIST_03,MURA_TT_0313,EXCLUSIVE,506,XR_SHOULDER,0,peripheral,train/XR_SHOULDER/patient01411/study1_positive
SPECIALIST_03,MURA_TT_0558,EXCLUSIVE,507,XR_WRIST,5,intermediate,train/XR_WRIST/patient06730/study1_positive
SPECIALIST_03,MURA_TT_1130,EXCLUSIVE,508,XR_HAND,1,central,train/XR_HAND/patient09772/study1_positive
SPECIALIST_03,MURA_TT_0064,EXCLUSIVE,509,XR_HUMERUS,2,peripheral,train/XR_HUMERUS/patient02849/study1_positive
SPECIALIST_03,MURA_TT_0212,EXCLUSIVE,510,XR_ELBOW,1,central,train/XR_ELBOW/patient04924/study1_positive
SPECIALIST_03,MURA_TT_1584,EXCLUSIVE,511,XR_FINGER,4,central,train/XR_FINGER/patient03294/study1_positive
SPECIALIST_03,MURA_TT_1197,EXCLUSIVE,512,XR_ELBOW,1,intermediate,train/XR_ELBOW/patient05099/study1_positive
SPECIALIST_03,MURA_TT_1773,EXCLUSIVE,513,XR_SHOULDER,3,intermediate,train/XR_SHOULDER/patient00136/study1_positive
SPECIALIST_03,MURA_TT_1045,EXCLUSIVE,514,XR_SHOULDER,2,intermediate,train/XR_SHOULDER/patient00649/study1_positive
SPECIALIST_03,MURA_TT_0913,SHARED,515,XR_SHOULDER,2,peripheral,train/XR_SHOULDER/patient00625/study1_positive
SPECIALIST_03,MURA_TT_0989,SHARED,516,XR_HUMERUS,0,central,train/XR_HUMERUS/patient02870/study1_positive
SPECIALIST_03,MURA_TT_1599,EXCLUSIVE,517,XR_HAND,5,central,train/XR_HAND/patient10049/study1_positive
SPECIALIST_03,MURA_TT_0793,EXCLUSIVE,518,XR_HAND,4,intermediate,train/XR_HAND/patient09950/study1_positive
SPECIALIST_03,MURA_TT_1003,EXCLUSIVE,519,XR_HAND,5,central,train/XR_HAND/patient07148/study1_positive
SPECIALIST_03,MURA_TT_0560,EXCLUSIVE,520,XR_WRIST,1,central,train/XR_WRIST/patient06385/study1_positive
SPECIALIST_03,MURA_TT_0036,EXCLUSIVE,521,XR_FINGER,3,peripheral,train/XR_FINGER/patient00440/study1_positive
SPECIALIST_03,MURA_TT_0193,EXCLUSIVE,522,XR_SHOULDER,3,central,train/XR_SHOULDER/patient00002/study1_positive
SPECIALIST_03,MURA_TT_1840,EXCLUSIVE,523,XR_WRIST,0,intermediate,train/XR_WRIST/patient07402/study1_positive
SPECIALIST_03,MURA_TT_1252,EXCLUSIVE,524,XR_SHOULDER,5,central,train/XR_SHOULDER/patient00258/study1_positive
SPECIALIST_03,MURA_TT_1227,EXCLUSIVE,525,XR_SHOULDER,0,central,train/XR_SHOULDER/patient01301/study1_positive
SPECIALIST_03,MURA_TT_1280,SHARED,526,XR_WRIST,7,central,train/XR_WRIST/patient06364/study1_positive
SPECIALIST_03,MURA_TT_0738,EXCLUSIVE,527,XR_SHOULDER,0,central,train/XR_SHOULDER/patient01136/study1_positive
SPECIALIST_03,MURA_TT_1098,SHARED,528,XR_ELBOW,5,central,train/XR_ELBOW/patient05007/study1_positive
SPECIALIST_03,MURA_TT_1496,EXCLUSIVE,529,XR_HAND,0,peripheral,train/XR_HAND/patient10081/study1_positive
SPECIALIST_03,MURA_TT_1391,EXCLUSIVE,530,XR_FOREARM,1,peripheral,train/XR_FOREARM/patient09214/study1_positive
SPECIALIST_03,MURA_TT_0426,SHARED,531,XR_WRIST,5,central,train/XR_WRIST/patient01856/study1_positive
SPECIALIST_03,MURA_TT_1187,EXCLUSIVE,532,XR_HUMERUS,2,central,train/XR_HUMERUS/patient00363/study1_positive
SPECIALIST_03,MURA_TT_0899,EXCLUSIVE,533,XR_FOREARM,2,central,train/XR_FOREARM/patient01890/study1_positive
SPECIALIST_03,MURA_TT_1968,EXCLUSIVE,534,XR_FINGER,4,central,train/XR_FINGER/patient01604/study1_positive
SPECIALIST_03,MURA_TT_1065,EXCLUSIVE,535,XR_SHOULDER,2,central,train/XR_SHOULDER/patient00128/study1_positive
SPECIALIST_03,MURA_TT_1671,EXCLUSIVE,536,XR_FOREARM,2,central,train/XR_FOREARM/patient09191/study1_positive
SPECIALIST_03,MURA_TT_1873,EXCLUSIVE,537,XR_SHOULDER,0,central,train/XR_SHOULDER/patient00675/study1_positive
SPECIALIST_03,MURA_TT_0784,EXCLUSIVE,538,XR_HAND,5,peripheral,train/XR_HAND/patient08675/study1_positive
SPECIALIST_03,MURA_TT_1695,EXCLUSIVE,539,XR_FOREARM,3,central,train/XR_FOREARM/patient09249/study1_positive
SPECIALIST_03,MURA_TT_1762,EXCLUSIVE,540,XR_FOREARM,3,central,train/XR_FOREARM/patient09110/study1_positive
SPECIALIST_03,MURA_TT_1002,EXCLUSIVE,541,XR_FOREARM,0,intermediate,train/XR_FOREARM/patient09145/study1_positive
SPECIALIST_03,MURA_TT_0554,EXCLUSIVE,542,XR_HUMERUS,2,peripheral,train/XR_HUMERUS/patient00577/study1_positive
SPECIALIST_03,MURA_TT_0810,EXCLUSIVE,543,XR_HAND,1,intermediate,train/XR_HAND/patient06561/study1_positive
SPECIALIST_03,MURA_TT_0227,EXCLUSIVE,544,XR_FINGER,3,central,train/XR_FINGER/patient03486/study1_positive
SPECIALIST_03,MURA_TT_0631,EXCLUSIVE,545,XR_ELBOW,5,peripheral,train/XR_ELBOW/patient05071/study1_positive
SPECIALIST_03,MURA_TT_1905,EXCLUSIVE,546,XR_SHOULDER,5,central,train/XR_SHOULDER/patient00434/study1_positive
SPECIALIST_03,MURA_TT_0228,SHARED,547,XR_ELBOW,1,intermediate,train/XR_ELBOW/patient05446/study1_positive
SPECIALIST_03,MURA_TT_1755,EXCLUSIVE,548,XR_SHOULDER,3,central,train/XR_SHOULDER/patient00296/study1_positive
SPECIALIST_03,MURA_TT_0062,SHARED,549,XR_FOREARM,3,intermediate,train/XR_FOREARM/patient09221/study1_positive
SPECIALIST_03,MURA_TT_1119,SHARED,550,XR_ELBOW,0,intermediate,train/XR_ELBOW/patient05443/study1_positive
SPECIALIST_03,MURA_TT_1176,EXCLUSIVE,551,XR_WRIST,5,central,train/XR_WRIST/patient07325/study1_positive
SPECIALIST_03,MURA_TT_0071,EXCLUSIVE,552,XR_SHOULDER,4,central,train/XR_SHOULDER/patient00719/study1_positive
SPECIALIST_03,MURA_TT_1102,EXCLUSIVE,553,XR_WRIST,8,central,train/XR_WRIST/patient06798/study1_positive
SPECIALIST_03,MURA_TT_1148,EXCLUSIVE,554,XR_ELBOW,1,intermediate,train/XR_ELBOW/patient05171/study1_positive
SPECIALIST_03,MURA_TT_0712,SHARED,555,XR_SHOULDER,0,peripheral,train/XR_SHOULDER/patient01260/study1_positive
SPECIALIST_03,MURA_TT_0534,EXCLUSIVE,556,XR_FOREARM,4,intermediate,train/XR_FOREARM/patient04136/study1_positive
SPECIALIST_03,MURA_TT_0667,EXCLUSIVE,557,XR_ELBOW,1,central,train/XR_ELBOW/patient04936/study1_positive
SPECIALIST_03,MURA_TT_0549,EXCLUSIVE,558,XR_WRIST,7,peripheral,train/XR_WRIST/patient06426/study1_positive
SPECIALIST_03,MURA_TT_0789,EXCLUSIVE,559,XR_SHOULDER,0,central,train/XR_SHOULDER/patient01015/study1_positive
SPECIALIST_03,MURA_TT_1293,EXCLUSIVE,560,XR_HAND,3,central,train/XR_HAND/patient05853/study1_positive
SPECIALIST_03,MURA_TT_0460,EXCLUSIVE,561,XR_FINGER,4,central,train/XR_FINGER/patient01516/study1_positive
SPECIALIST_03,MURA_TT_1438,SHARED,562,XR_ELBOW,4,intermediate,train/XR_ELBOW/patient05012/study1_positive
SPECIALIST_03,MURA_TT_1585,EXCLUSIVE,563,XR_ELBOW,2,intermediate,train/XR_ELBOW/patient05019/study1_positive
SPECIALIST_03,MURA_TT_1934,EXCLUSIVE,564,XR_FOREARM,1,intermediate,train/XR_FOREARM/patient09240/study1_positive
SPECIALIST_03,MURA_TT_1973,EXCLUSIVE,565,XR_FINGER,2,central,train/XR_FINGER/patient03442/study1_positive
SPECIALIST_03,MURA_TT_0977,EXCLUSIVE,566,XR_FINGER,0,peripheral,train/XR_FINGER/patient03358/study1_positive
SPECIALIST_03,MURA_TT_1865,SHARED,567,XR_FOREARM,3,central,train/XR_FOREARM/patient09219/study1_positive
SPECIALIST_03,MURA_TT_0310,SHARED,568,XR_ELBOW,0,central,train/XR_ELBOW/patient05183/study1_positive
SPECIALIST_03,MURA_TT_0627,EXCLUSIVE,569,XR_SHOULDER,3,peripheral,train/XR_SHOULDER/patient00574/study1_positive
SPECIALIST_03,MURA_TT_0370,EXCLUSIVE,570,XR_ELBOW,5,intermediate,train/XR_ELBOW/patient05436/study1_positive
SPECIALIST_03,MURA_TT_1500,EXCLUSIVE,571,XR_HUMERUS,0,central,train/XR_HUMERUS/patient02813/study1_positive
SPECIALIST_03,MURA_TT_0465,EXCLUSIVE,572,XR_FINGER,3,intermediate,train/XR_FINGER/patient03399/study1_positive
SPECIALIST_03,MURA_TT_1757,EXCLUSIVE,573,XR_WRIST,5,intermediate,train/XR_WRIST/patient06924/study1_positive
SPECIALIST_03,MURA_TT_1639,SHARED,574,XR_WRIST,6,central,train/XR_WRIST/patient06559/study1_positive
SPECIALIST_03,MURA_TT_0814,SHARED,575,XR_ELBOW,2,central,train/XR_ELBOW/patient05174/study1_positive
SPECIALIST_03,MURA_TT_0288,EXCLUSIVE,576,XR_WRIST,3,central,train/XR_WRIST/patient06514/study1_positive
SPECIALIST_03,MURA_TT_0201,EXCLUSIVE,577,XR_WRIST,6,central,train/XR_WRIST/patient01740/study1_positive
SPECIALIST_03,MURA_TT_1064,EXCLUSIVE,578,XR_HUMERUS,1,central,train/XR_HUMERUS/patient02724/study1_positive
SPECIALIST_03,MURA_TT_1251,EXCLUSIVE,579,XR_SHOULDER,4,peripheral,train/XR_SHOULDER/patient01147/study1_positive
SPECIALIST_03,MURA_TT_1847,EXCLUSIVE,580,XR_ELBOW,4,central,train/XR_ELBOW/patient04357/study1_positive
SPECIALIST_03,MURA_TT_1212,EXCLUSIVE,581,XR_WRIST,1,central,train/XR_WRIST/patient06792/study1_positive
SPECIALIST_03,MURA_TT_1850,EXCLUSIVE,582,XR_ELBOW,0,intermediate,train/XR_ELBOW/patient05392/study1_positive
SPECIALIST_03,MURA_TT_0504,EXCLUSIVE,583,XR_SHOULDER,3,central,train/XR_SHOULDER/patient00186/study1_positive
SPECIALIST_03,MURA_TT_0916,EXCLUSIVE,584,XR_FOREARM,5,central,train/XR_FOREARM/patient09185/study1_positive
SPECIALIST_03,MURA_TT_0908,EXCLUSIVE,585,XR_ELBOW,2,central,train/XR_ELBOW/patient05131/study1_positive
SPECIALIST_03,MURA_TT_0779,EXCLUSIVE,586,XR_FINGER,0,intermediate,train/XR_FINGER/patient03304/study1_positive
SPECIALIST_03,MURA_TT_0573,SHARED,587,XR_SHOULDER,2,intermediate,train/XR_SHOULDER/patient01293/study1_positive
SPECIALIST_03,MURA_TT_1771,EXCLUSIVE,588,XR_SHOULDER,2,central,train/XR_SHOULDER/patient01367/study1_positive
SPECIALIST_03,MURA_TT_1051,EXCLUSIVE,589,XR_HAND,1,intermediate,train/XR_HAND/patient09786/study1_positive
SPECIALIST_03,MURA_TT_1493,EXCLUSIVE,590,XR_WRIST,3,central,train/XR_WRIST/patient06399/study1_positive
SPECIALIST_03,MURA_TT_1150,EXCLUSIVE,591,XR_ELBOW,1,central,train/XR_ELBOW/patient05055/study1_positive
SPECIALIST_03,MURA_TT_0361,SHARED,592,XR_FINGER,4,intermediate,train/XR_FINGER/patient03473/study1_positive
SPECIALIST_03,MURA_TT_1207,EXCLUSIVE,593,XR_FINGER,2,central,train/XR_FINGER/patient03366/study1_positive
SPECIALIST_03,MURA_TT_1982,EXCLUSIVE,594,XR_WRIST,2,intermediate,train/XR_WRIST/patient04171/study1_positive
SPECIALIST_03,MURA_TT_0719,SHARED,595,XR_FINGER,3,central,train/XR_FINGER/patient03443/study1_positive
SPECIALIST_03,MURA_TT_0094,SHARED,596,XR_FINGER,0,central,train/XR_FINGER/patient03277/study1_positive
SPECIALIST_03,MURA_TT_1752,EXCLUSIVE,597,XR_WRIST,6,central,train/XR_WRIST/patient04974/study1_positive
SPECIALIST_03,MURA_TT_0851,EXCLUSIVE,598,XR_HUMERUS,2,central,train/XR_HUMERUS/patient02768/study1_positive
SPECIALIST_03,MURA_TT_1758,EXCLUSIVE,599,XR_SHOULDER,1,central,train/XR_SHOULDER/patient00096/study1_positive
SPECIALIST_03,MURA_TT_1007,EXCLUSIVE,600,XR_WRIST,3,central,train/XR_WRIST/patient00563/study1_positive
SPECIALIST_03,MURA_TT_0941,EXCLUSIVE,601,XR_WRIST,4,central,train/XR_WRIST/patient07154/study1_positive
SPECIALIST_03,MURA_TT_1095,EXCLUSIVE,602,XR_SHOULDER,5,peripheral,train/XR_SHOULDER/patient01309/study1_positive
SPECIALIST_03,MURA_TT_0745,SHARED,603,XR_ELBOW,0,peripheral,train/XR_ELBOW/patient05434/study1_positive
SPECIALIST_03,MURA_TT_1143,EXCLUSIVE,604,XR_SHOULDER,0,intermediate,train/XR_SHOULDER/patient00560/study1_positive
SPECIALIST_03,MURA_TT_1916,EXCLUSIVE,605,XR_HUMERUS,3,central,train/XR_HUMERUS/patient01499/study1_positive
SPECIALIST_03,MURA_TT_0469,EXCLUSIVE,606,XR_ELBOW,5,central,train/XR_ELBOW/patient05043/study1_positive
SPECIALIST_03,MURA_TT_1026,EXCLUSIVE,607,XR_SHOULDER,4,central,train/XR_SHOULDER/patient00460/study2_positive
SPECIALIST_03,MURA_TT_1203,EXCLUSIVE,608,XR_SHOULDER,2,peripheral,train/XR_SHOULDER/patient00872/study1_positive
SPECIALIST_03,MURA_TT_0016,EXCLUSIVE,609,XR_ELBOW,5,peripheral,train/XR_ELBOW/patient04945/study1_positive
SPECIALIST_03,MURA_TT_1538,EXCLUSIVE,610,XR_FINGER,2,peripheral,train/XR_FINGER/patient03362/study1_positive
SPECIALIST_03,MURA_TT_1682,EXCLUSIVE,611,XR_WRIST,6,peripheral,train/XR_WRIST/patient06551/study1_positive
SPECIALIST_03,MURA_TT_0956,EXCLUSIVE,612,XR_SHOULDER,3,central,train/XR_SHOULDER/patient00947/study1_positive
SPECIALIST_03,MURA_TT_0140,EXCLUSIVE,613,XR_SHOULDER,5,central,train/XR_SHOULDER/patient01248/study1_positive
SPECIALIST_03,MURA_TT_0822,SHARED,614,XR_FOREARM,5,central,train/XR_FOREARM/patient09269/study1_positive
SPECIALIST_03,MURA_TT_1605,EXCLUSIVE,615,XR_ELBOW,0,central,train/XR_ELBOW/patient01979/study1_positive
SPECIALIST_03,MURA_TT_1488,EXCLUSIVE,616,XR_HAND,4,peripheral,train/XR_HAND/patient10079/study1_positive
SPECIALIST_03,MURA_TT_1634,EXCLUSIVE,617,XR_HAND,1,peripheral,train/XR_HAND/patient10013/study1_positive
SPECIALIST_03,MURA_TT_0445,SHARED,618,XR_SHOULDER,5,central,train/XR_SHOULDER/patient01355/study1_positive
SPECIALIST_03,MURA_TT_1956,EXCLUSIVE,619,XR_FOREARM,3,peripheral,train/XR_FOREARM/patient09097/study1_positive
SPECIALIST_03,MURA_TT_1863,EXCLUSIVE,620,XR_HUMERUS,2,intermediate,train/XR_HUMERUS/patient02776/study1_positive
SPECIALIST_03,MURA_TT_0139,EXCLUSIVE,621,XR_WRIST,2,peripheral,train/XR_WRIST/patient07080/study1_positive
SPECIALIST_03,MURA_TT_0892,SHARED,622,XR_SHOULDER,3,peripheral,train/XR_SHOULDER/patient00307/study1_positive
SPECIALIST_03,MURA_TT_0818,EXCLUSIVE,623,XR_SHOULDER,5,peripheral,train/XR_SHOULDER/patient00126/study1_positive
SPECIALIST_03,MURA_TT_1738,EXCLUSIVE,624,XR_HAND,5,central,train/XR_HAND/patient10088/study1_positive
SPECIALIST_03,MURA_TT_1823,EXCLUSIVE,625,XR_FINGER,2,intermediate,train/XR_FINGER/patient03499/study1_positive
SPECIALIST_03,MURA_TT_1403,EXCLUSIVE,626,XR_FINGER,0,central,train/XR_FINGER/patient03553/study1_positive
SPECIALIST_03,MURA_TT_1483,EXCLUSIVE,627,XR_WRIST,7,peripheral,train/XR_WRIST/patient04606/study1_positive
SPECIALIST_03,MURA_TT_1735,EXCLUSIVE,628,XR_ELBOW,1,peripheral,train/XR_ELBOW/patient00401/study1_positive
SPECIALIST_03,MURA_TT_0109,EXCLUSIVE,629,XR_FOREARM,2,central,train/XR_FOREARM/patient09087/study1_positive
SPECIALIST_03,MURA_TT_0808,SHARED,630,XR_WRIST,1,central,train/XR_WRIST/patient06659/study1_positive
SPECIALIST_03,MURA_TT_0329,EXCLUSIVE,631,XR_WRIST,1,central,train/XR_WRIST/patient07417/study1_positive
SPECIALIST_03,MURA_TT_1138,EXCLUSIVE,632,XR_ELBOW,2,peripheral,train/XR_ELBOW/patient05051/study1_positive
SPECIALIST_03,MURA_TT_0610,EXCLUSIVE,633,XR_WRIST,1,central,train/XR_WRIST/patient07297/study1_positive
SPECIALIST_03,MURA_TT_1700,EXCLUSIVE,634,XR_HUMERUS,3,intermediate,train/XR_HUMERUS/patient02709/study1_positive
SPECIALIST_03,MURA_TT_1412,EXCLUSIVE,635,XR_ELBOW,2,peripheral,train/XR_ELBOW/patient05249/study1_positive
SPECIALIST_03,MURA_TT_0144,EXCLUSIVE,636,XR_HAND,2,intermediate,train/XR_HAND/patient09920/study1_positive
SPECIALIST_03,MURA_TT_0731,EXCLUSIVE,637,XR_ELBOW,4,intermediate,train/XR_ELBOW/patient05154/study1_positive
SPECIALIST_03,MURA_TT_0660,EXCLUSIVE,638,XR_FINGER,5,central,train/XR_FINGER/patient03385/study1_positive
SPECIALIST_03,MURA_TT_1604,SHARED,639,XR_ELBOW,4,peripheral,train/XR_ELBOW/patient01057/study1_positive
SPECIALIST_03,MURA_TT_0050,EXCLUSIVE,640,XR_WRIST,1,central,train/XR_WRIST/patient03129/study1_positive
SPECIALIST_03,MURA_TT_1494,EXCLUSIVE,641,XR_HUMERUS,0,central,train/XR_HUMERUS/patient02914/study1_positive
SPECIALIST_03,MURA_TT_1072,EXCLUSIVE,642,XR_SHOULDER,4,central,train/XR_SHOULDER/patient01214/study1_positive
SPECIALIST_03,MURA_TT_0853,EXCLUSIVE,643,XR_HAND,2,central,train/XR_HAND/patient07140/study1_positive
SPECIALIST_03,MURA_TT_1220,EXCLUSIVE,644,XR_HAND,4,central,train/XR_HAND/patient10050/study1_positive
SPECIALIST_03,MURA_TT_1594,EXCLUSIVE,645,XR_FOREARM,3,central,train/XR_FOREARM/patient09136/study1_positive
SPECIALIST_03,MURA_TT_0041,SHARED,646,XR_ELBOW,1,peripheral,train/XR_ELBOW/patient05016/study1_positive
SPECIALIST_03,MURA_TT_1219,SHARED,647,XR_FINGER,2,central,train/XR_FINGER/patient03781/study1_positive
SPECIALIST_03,MURA_TT_0742,EXCLUSIVE,648,XR_SHOULDER,2,central,train/XR_SHOULDER/patient00927/study1_positive
SPECIALIST_03,MURA_TT_1852,EXCLUSIVE,649,XR_ELBOW,4,peripheral,train/XR_ELBOW/patient05367/study1_positive
SPECIALIST_03,MURA_TT_0543,EXCLUSIVE,650,XR_HUMERUS,2,central,train/XR_HUMERUS/patient02810/study1_positive
SPECIALIST_03,MURA_TT_0027,EXCLUSIVE,651,XR_SHOULDER,0,central,train/XR_SHOULDER/patient00502/study1_positive
SPECIALIST_03,MURA_TT_0378,EXCLUSIVE,652,XR_WRIST,4,central,train/XR_WRIST/patient04439/study1_positive
SPECIALIST_03,MURA_TT_0004,EXCLUSIVE,653,XR_HAND,4,central,train/XR_HAND/patient09775/study1_positive
SPECIALIST_03,MURA_TT_1868,EXCLUSIVE,654,XR_FINGER,5,central,train/XR_FINGER/patient03276/study1_positive
SPECIALIST_03,MURA_TT_1822,EXCLUSIVE,655,XR_HAND,2,peripheral,train/XR_HAND/patient09802/study1_positive
SPECIALIST_03,MURA_TT_1912,EXCLUSIVE,656,XR_HUMERUS,1,central,train/XR_HUMERUS/patient02871/study1_positive
SPECIALIST_03,MURA_TT_1787,EXCLUSIVE,657,XR_FOREARM,3,central,train/XR_FOREARM/patient09104/study1_positive
SPECIALIST_03,MURA_TT_0257,EXCLUSIVE,658,XR_FOREARM,0,central,train/XR_FOREARM/patient09236/study1_positive
SPECIALIST_03,MURA_TT_1286,EXCLUSIVE,659,XR_ELBOW,3,central,train/XR_ELBOW/patient05088/study1_positive
SPECIALIST_03,MURA_TT_1750,EXCLUSIVE,660,XR_WRIST,3,central,train/XR_WRIST/patient07013/study1_positive
SPECIALIST_03,MURA_TT_1997,EXCLUSIVE,661,XR_SHOULDER,2,central,train/XR_SHOULDER/patient01068/study1_positive
SPECIALIST_03,MURA_TT_1376,EXCLUSIVE,662,XR_FINGER,4,central,train/XR_FINGER/patient03439/study1_positive
SPECIALIST_03,MURA_TT_0741,EXCLUSIVE,663,XR_ELBOW,2,central,train/XR_ELBOW/patient05390/study1_positive
SPECIALIST_03,MURA_TT_1939,EXCLUSIVE,664,XR_ELBOW,0,central,train/XR_ELBOW/patient04110/study1_positive
SPECIALIST_03,MURA_TT_1185,EXCLUSIVE,665,XR_FOREARM,3,central,train/XR_FOREARM/patient09179/study1_positive
SPECIALIST_03,MURA_TT_1779,EXCLUSIVE,666,XR_SHOULDER,5,central,train/XR_SHOULDER/patient00156/study1_positive
SPECIALIST_03,MURA_TT_0819,EXCLUSIVE,667,XR_SHOULDER,0,central,train/XR_SHOULDER/patient00153/study1_positive
SPECIALIST_03,MURA_TT_1158,EXCLUSIVE,668,XR_HUMERUS,0,central,train/XR_HUMERUS/patient02899/study1_positive
SPECIALIST_03,MURA_TT_0485,EXCLUSIVE,669,XR_SHOULDER,3,central,train/XR_SHOULDER/patient01088/study1_positive
SPECIALIST_03,MURA_TT_0186,EXCLUSIVE,670,XR_FOREARM,5,central,train/XR_FOREARM/patient09245/study1_positive
SPECIALIST_03,MURA_TT_1142,EXCLUSIVE,671,XR_HAND,2,intermediate,train/XR_HAND/patient09899/study1_positive
SPECIALIST_03,MURA_TT_0965,SHARED,672,XR_SHOULDER,3,central,train/XR_SHOULDER/patient00846/study1_positive
SPECIALIST_03,MURA_TT_1701,EXCLUSIVE,673,XR_SHOULDER,0,peripheral,train/XR_SHOULDER/patient00956/study1_positive
SPECIALIST_03,MURA_TT_1470,EXCLUSIVE,674,XR_FOREARM,2,intermediate,train/XR_FOREARM/patient09215/study1_positive
SPECIALIST_03,MURA_TT_1356,EXCLUSIVE,675,XR_WRIST,3,intermediate,train/XR_WRIST/patient06633/study1_positive
SPECIALIST_03,MURA_TT_0511,SHARED,676,XR_ELBOW,3,central,train/XR_ELBOW/patient05186/study1_positive
SPECIALIST_03,MURA_TT_1186,EXCLUSIVE,677,XR_WRIST,8,central,train/XR_WRIST/patient06629/study1_positive
SPECIALIST_03,MURA_TT_0476,EXCLUSIVE,678,XR_FINGER,4,intermediate,train/XR_FINGER/patient02055/study1_positive
SPECIALIST_03,MURA_TT_0246,EXCLUSIVE,679,XR_ELBOW,1,peripheral,train/XR_ELBOW/patient05143/study1_positive
SPECIALIST_03,MURA_TT_1909,EXCLUSIVE,680,XR_FOREARM,0,central,train/XR_FOREARM/patient05744/study1_positive
SPECIALIST_03,MURA_TT_1000,EXCLUSIVE,681,XR_ELBOW,4,central,train/XR_ELBOW/patient05073/study1_positive
SPECIALIST_03,MURA_TT_0194,EXCLUSIVE,682,XR_ELBOW,5,central,train/XR_ELBOW/patient05341/study1_positive
SPECIALIST_03,MURA_TT_1942,EXCLUSIVE,683,XR_SHOULDER,5,central,train/XR_SHOULDER/patient01353/study1_positive
SPECIALIST_03,MURA_TT_1269,EXCLUSIVE,684,XR_HAND,4,peripheral,train/XR_HAND/patient09915/study1_positive
SPECIALIST_03,MURA_TT_1799,EXCLUSIVE,685,XR_FINGER,5,intermediate,train/XR_FINGER/patient00817/study1_positive
SPECIALIST_03,MURA_TT_1636,EXCLUSIVE,686,XR_HAND,3,central,train/XR_HAND/patient08483/study1_positive
SPECIALIST_03,MURA_TT_1540,EXCLUSIVE,687,XR_FINGER,5,intermediate,train/XR_FINGER/patient03464/study1_positive
SPECIALIST_03,MURA_TT_1297,EXCLUSIVE,688,XR_HUMERUS,3,peripheral,train/XR_HUMERUS/patient02901/study1_positive
SPECIALIST_03,MURA_TT_1941,SHARED,689,XR_WRIST,5,peripheral,train/XR_WRIST/patient06616/study1_positive
SPECIALIST_03,MURA_TT_0292,EXCLUSIVE,690,XR_WRIST,0,central,train/XR_WRIST/patient07317/study1_positive
SPECIALIST_03,MURA_TT_1490,SHARED,691,XR_HAND,2,peripheral,train/XR_HAND/patient09897/study1_positive
SPECIALIST_03,MURA_TT_1632,SHARED,692,XR_HAND,5,central,train/XR_HAND/patient09782/study1_positive
SPECIALIST_03,MURA_TT_1282,EXCLUSIVE,693,XR_SHOULDER,4,intermediate,train/XR_SHOULDER/patient01130/study1_positive
SPECIALIST_03,MURA_TT_0065,EXCLUSIVE,694,XR_WRIST,8,peripheral,train/XR_WRIST/patient05551/study1_positive
SPECIALIST_03,MURA_TT_0597,EXCLUSIVE,695,XR_SHOULDER,5,intermediate,train/XR_SHOULDER/patient00830/study1_positive
SPECIALIST_03,MURA_TT_1879,EXCLUSIVE,696,XR_ELBOW,4,intermediate,train/XR_ELBOW/patient01972/study1_positive
SPECIALIST_03,MURA_TT_0594,EXCLUSIVE,697,XR_SHOULDER,3,central,train/XR_SHOULDER/patient01302/study1_positive
SPECIALIST_03,MURA_TT_0705,EXCLUSIVE,698,XR_ELBOW,0,peripheral,train/XR_ELBOW/patient04992/study1_positive
SPECIALIST_03,MURA_TT_0389,SHARED,699,XR_FOREARM,2,central,train/XR_FOREARM/patient09118/study1_positive
SPECIALIST_03,MURA_TT_1261,EXCLUSIVE,700,XR_SHOULDER,0,central,train/XR_SHOULDER/patient01266/study1_positive
SPECIALIST_03,MURA_TT_1672,EXCLUSIVE,701,XR_FINGER,1,central,train/XR_FINGER/patient03658/study1_positive
SPECIALIST_03,MURA_TT_1144,EXCLUSIVE,702,XR_ELBOW,1,central,train/XR_ELBOW/patient03409/study1_positive
SPECIALIST_03,MURA_TT_1517,EXCLUSIVE,703,XR_FOREARM,0,intermediate,train/XR_FOREARM/patient00687/study1_positive
SPECIALIST_03,MURA_TT_0230,SHARED,704,XR_FINGER,2,intermediate,train/XR_FINGER/patient03566/study1_positive
SPECIALIST_03,MURA_TT_1104,EXCLUSIVE,705,XR_SHOULDER,2,intermediate,train/XR_SHOULDER/patient00895/study1_positive
SPECIALIST_03,MURA_TT_0971,EXCLUSIVE,706,XR_HAND,2,peripheral,train/XR_HAND/patient04160/study1_positive
SPECIALIST_03,MURA_TT_0994,EXCLUSIVE,707,XR_SHOULDER,1,intermediate,train/XR_SHOULDER/patient00806/study1_positive
SPECIALIST_03,MURA_TT_0022,EXCLUSIVE,708,XR_WRIST,2,central,train/XR_WRIST/patient06473/study1_positive
SPECIALIST_03,MURA_TT_0947,EXCLUSIVE,709,XR_WRIST,8,central,train/XR_WRIST/patient06685/study1_positive
SPECIALIST_03,MURA_TT_1901,EXCLUSIVE,710,XR_SHOULDER,5,peripheral,train/XR_SHOULDER/patient00241/study1_positive
SPECIALIST_03,MURA_TT_1899,SHARED,711,XR_ELBOW,4,central,train/XR_ELBOW/patient05060/study1_positive
SPECIALIST_03,MURA_TT_0767,EXCLUSIVE,712,XR_WRIST,8,intermediate,train/XR_WRIST/patient07399/study1_positive
SPECIALIST_03,MURA_TT_0112,EXCLUSIVE,713,XR_SHOULDER,3,intermediate,train/XR_SHOULDER/patient01125/study1_positive
SPECIALIST_03,MURA_TT_1871,SHARED,714,XR_WRIST,5,intermediate,train/XR_WRIST/patient07295/study1_positive
SPECIALIST_03,MURA_TT_1819,EXCLUSIVE,715,XR_ELBOW,4,central,train/XR_ELBOW/patient04927/study1_positive
SPECIALIST_03,MURA_TT_1625,EXCLUSIVE,716,XR_SHOULDER,5,central,train/XR_SHOULDER/patient00347/study1_positive
SPECIALIST_03,MURA_TT_1229,EXCLUSIVE,717,XR_FINGER,4,peripheral,train/XR_FINGER/patient03388/study1_positive
SPECIALIST_03,MURA_TT_0467,EXCLUSIVE,718,XR_ELBOW,4,central,train/XR_ELBOW/patient05119/study1_positive
SPECIALIST_03,MURA_TT_0701,EXCLUSIVE,719,XR_WRIST,6,peripheral,train/XR_WRIST/patient07084/study1_positive
SPECIALIST_03,MURA_TT_0434,EXCLUSIVE,720,XR_FOREARM,1,central,train/XR_FOREARM/patient09117/study1_positive
SPECIALIST_03,MURA_TT_0255,EXCLUSIVE,721,XR_SHOULDER,3,peripheral,train/XR_SHOULDER/patient00109/study1_positive
SPECIALIST_03,MURA_TT_0115,EXCLUSIVE,722,XR_HAND,0,central,train/XR_HAND/patient09909/study1_positive
SPECIALIST_03,MURA_TT_1658,EXCLUSIVE,723,XR_WRIST,7,central,train/XR_WRIST/patient06339/study1_positive
SPECIALIST_03,MURA_TT_0976,SHARED,724,XR_FINGER,5,peripheral,train/XR_FINGER/patient03374/study1_positive
SPECIALIST_03,MURA_TT_1838,EXCLUSIVE,725,XR_HAND,1,central,train/XR_HAND/patient09886/study1_positive
SPECIALIST_03,MURA_TT_0339,EXCLUSIVE,726,XR_HUMERUS,3,central,train/XR_HUMERUS/patient02715/study1_positive
SPECIALIST_03,MURA_TT_0715,SHARED,727,XR_HAND,1,central,train/XR_HAND/patient09869/study1_positive
SPECIALIST_03,MURA_TT_0813,EXCLUSIVE,728,XR_SHOULDER,5,central,train/XR_SHOULDER/patient01414/study1_positive
SPECIALIST_03,MURA_TT_1037,EXCLUSIVE,729,XR_FINGER,3,central,train/XR_FINGER/patient03659/study1_positive
SPECIALIST_03,MURA_TT_0493,EXCLUSIVE,730,XR_WRIST,6,intermediate,train/XR_WRIST/patient06499/study1_positive
SPECIALIST_03,MURA_TT_1552,EXCLUSIVE,731,XR_HAND,5,central,train/XR_HAND/patient05358/study1_positive
SPECIALIST_03,MURA_TT_0412,EXCLUSIVE,732,XR_FOREARM,5,peripheral,train/XR_FOREARM/patient09278/study1_positive
SPECIALIST_03,MURA_TT_0679,SHARED,733,XR_HAND,5,central,train/XR_HAND/patient09859/study1_positive
