annotation_case_id,region,source_image_path
MURA_TT_0001,XR_WRIST,/content/drive/MyDrive/MURA-v1.1/train/XR_WRIST/patient07219/study1_positive/image1.png
MURA_TT_0002,XR_FINGER,/content/drive/MyDrive/MURA-v1.1/train/XR_FINGER/patient03613/study1_positive/image3.png
MURA_TT_0003,XR_SHOULDER,/content/drive/MyDrive/MURA-v1.1/train/XR_SHOULDER/patient01298/study1_positive/image2.png
MURA_TT_0004,XR_HAND,/content/drive/MyDrive/MURA-v1.1/train/XR_HAND/patient09775/study1_positive/image2.png
MURA_TT_0005,XR_SHOULDER,/content/drive/MyDrive/MURA-v1.1/train/XR_SHOULDER/patient00215/study1_positive/image4.png
MURA_TT_0006,XR_SHOULDER,/content/drive/MyDrive/MURA-v1.1/train/XR_SHOULDER/patient01408/study1_positive/image1.png
MURA_TT_0007,XR_HAND,/content/drive/MyDrive/MURA-v1.1/train/XR_HAND/patient09753/study1_positive/image5.png
MURA_TT_0008,XR_WRIST,/content/drive/MyDrive/MURA-v1.1/train/XR_WRIST/patient07148/study1_positive/image2.png
MURA_TT_0009,XR_ELBOW,/content/drive/MyDrive/MURA-v1.1/train/XR_ELBOW/patient01896/study1_positive/image1.png
MURA_TT_0010,XR_SHOULDER,/content/drive/MyDrive/MURA-v1.1/train/XR_SHOULDER/patient00921/study1_positive/image2.png
MURA_TT_0011,XR_ELBOW,/content/drive/MyDrive/MURA-v1.1/train/XR_ELBOW/patient01374/study1_positive/image1.png
MURA_TT_0012,XR_SHOULDER,/content/drive/MyDrive/MURA-v1.1/train/XR_SHOULDER/patient00219/study1_positive/image1.png
MURA_TT_0013,XR_HUMERUS,/content/drive/MyDrive/MURA-v1.1/train/XR_HUMERUS/patient02841/study1_positive/image1.png
MURA_TT_0014,XR_FOREARM,/content/drive/MyDrive/MURA-v1.1/train/XR_FOREARM/patient09212/study1_positive/image1.png
MURA_TT_0015,XR_FINGER,/content/drive/MyDrive/MURA-v1.1/train/XR_FINGER/patient03356/study1_positive/image2.png
MURA_TT_0016,XR_ELBOW,/content/drive/MyDrive/MURA-v1.1/train/XR_ELBOW/patient04945/study1_positive/image2.png
MURA_TT_0017,XR_HAND,/content/drive/MyDrive/MURA-v1.1/train/XR_HAND/patient09996/study1_positive/image1.png
MURA_TT_0018,XR_ELBOW,/content/drive/MyDrive/MURA-v1.1/train/XR_ELBOW/patient05105/study1_positive/image3.png
MURA_TT_0019,XR_WRIST,/content/drive/MyDrive/MURA-v1.1/train/XR_WRIST/patient05219/study1_positive/image4.png
MURA_TT_0020,XR_WRIST,/content/drive/MyDrive/MURA-v1.1/train/XR_WRIST/patient06997/study1_positive/image2.png
MURA_TT_0021,XR_FOREARM,/content/drive/MyDrive/MURA-v1.1/train/XR_FOREARM/patient06132/study1_positive/image2.png
MURA_TT_0022,XR_WRIST,/content/drive/MyDrive/MURA-v1.1/train/XR_WRIST/patient06473/study1_positive/image1.png
MURA_TT_0023,XR_WRIST,/content/drive/MyDrive/MURA-v1.1/train/XR_WRIST/patient06490/study1_positive/image1.png
MURA_TT_0024,XR_HUMERUS,/content/drive/MyDrive/MURA-v1.1/train/XR_HUMERUS/patient02907/study1_positive/image1.png
MURA_TT_0025,XR_WRIST,/content/drive/MyDrive/MURA-v1.1/train/XR_WRIST/patient06821/study1_positive/image1.png
MURA_TT_0026,XR_ELBOW,/content/drive/MyDrive/MURA-v1.1/train/XR_ELBOW/patient05245/study1_positive/image1.png
MURA_TT_0027,XR_SHOULDER,/content/drive/MyDrive/MURA-v1.1/train/XR_SHOULDER/patient00502/study1_positive/image5.png
MURA_TT_0028,XR_HAND,/content/drive/MyDrive/MURA-v1.1/train/XR_HAND/patient09900/study1_positive/image4.png
MURA_TT_0029,XR_HAND,/content/drive/MyDrive/MURA-v1.1/train/XR_HAND/patient10036/study1_positive/image1.png
MURA_TT_0030,XR_ELBOW,/content/drive/MyDrive/MURA-v1.1/train/XR_ELBOW/patient05283/study1_positive/image2.png
MURA_TT_0031,XR_FOREARM,/content/drive/MyDrive/MURA-v1.1/train/XR_FOREARM/patient09133/study1_positive/image3.png
MURA_TT_0032,XR_HAND,/content/drive/MyDrive/MURA-v1.1/train/XR_HAND/patient09862/study1_positive/image1.png
MURA_TT_0033,XR_FOREARM,/content/drive/MyDrive/MURA-v1.1/train/XR_FOREARM/patient09285/study1_positive/image2.png
MURA_TT_0034,XR_HAND,/content/drive/MyDrive/MURA-v1.1/train/XR_HAND/patient09844/study1_positive/image1.png
MURA_TT_0035,XR_HUMERUS,/content/drive/MyDrive/MURA-v1.1/train/XR_HUMERUS/patient02764/study1_positive/image2.png
MURA_TT_0036,XR_FINGER,/content/drive/MyDrive/MURA-v1.1/train/XR_FINGER/patient00440/study1_positive/image1.png
MURA_TT_0037,XR_WRIST,/content/drive/MyDrive/MURA-v1.1/train/XR_WRIST/patient02538/study1_positive/image4.png
MURA_TT_0038,XR_SHOULDER,/content/drive/MyDrive/MURA-v1.1/train/XR_SHOULDER/patient00527/study1_positive/image1.png
MURA_TT_0039,XR_HUMERUS,/content/drive/MyDrive/MURA-v1.1/train/XR_HUMERUS/patient02706/study1_positive/image1.png
MURA_TT_0040,XR_ELBOW,/content/drive/MyDrive/MURA-v1.1/train/XR_ELBOW/patient03844/study1_positive/image4.png
MURA_TT_0041,XR_ELBOW,/content/drive/MyDrive/MURA-v1.1/train/XR_ELBOW/patient05016/study1_positive/image2.png
MURA_TT_0042,XR_WRIST,/content/drive/MyDrive/MURA-v1.1/train/XR_WRIST/patient06531/study1_positive/image4.png
MURA_TT_0043,XR_ELBOW,/content/drive/MyDrive/MURA-v1.1/train/XR_ELBOW/patient04972/study1_positive/image1.png
MURA_TT_0044,XR_FOREARM,/content/drive/MyDrive/MURA-v1.1/train/XR_FOREARM/patient09149/study1_positive/image2.png
MURA_TT_0045,XR_SHOULDER,/content/drive/MyDrive/MURA-v1.1/train/XR_SHOULDER/patient00470/study1_positive/image3.png
MURA_TT_0046,XR_HAND,/content/drive/MyDrive/MURA-v1.1/train/XR_HAND/patient09835/study1_positive/image3.png
MURA_TT_0047,XR_FINGER,/content/drive/MyDrive/MURA-v1.1/train/XR_FINGER/patient03696/study1_positive/image3.png
MURA_TT_0048,XR_HAND,/content/drive/MyDrive/MURA-v1.1/train/XR_HAND/patient10014/study1_positive/image3.png
MURA_TT_0049,XR_ELBOW,/content/drive/MyDrive/MURA-v1.1/train/XR_ELBOW/patient04984/study1_positive/image4.png
MURA_TT_0050,XR_WRIST,/content/drive/MyDrive/MURA-v1.1/train/XR_WRIST/patient03129/study1_positive/image3.png
MURA_TT_0051,XR_SHOULDER,/content/drive/MyDrive/MURA-v1.1/train/XR_SHOULDER/patient01405/study1_positive/image2.png
MURA_TT_0052,XR_ELBOW,/content/drive/MyDrive/MURA-v1.1/train/XR_ELBOW/patient05260/study1_positive/image2.png
MURA_TT_0053,XR_SHOULDER,/content/drive/MyDrive/MURA-v1.1/train/XR_SHOULDER/patient01033/study1_positive/image2.png
MURA_TT_0054,XR_ELBOW,/content/drive/MyDrive/MURA-v1.1/train/XR_ELBOW/patient05227/study1_positive/image1.png
MURA_TT_0055,XR_HAND,/content/drive/MyDrive/MURA-v1.1/train/XR_HAND/patient09882/study1_positive/image2.png
MURA_TT_0056,XR_WRIST,/content/drive/MyDrive/MURA-v1.1/train/XR_WRIST/patient06480/study1_positive/image3.png
MURA_TT_0057,XR_SHOULDER,/content/drive/MyDrive/MURA-v1.1/train/XR_SHOULDER/patient00671/study1_positive/image1.png
MURA_TT_0058,XR_WRIST,/content/drive/MyDrive/MURA-v1.1/train/XR_WRIST/patient00189/study1_positive/image1.png
MURA_TT_0059,XR_SHOULDER,/content/drive/MyDrive/MURA-v1.1/train/XR_SHOULDER/patient01228/study1_positive/image3.png
MURA_TT_0060,XR_FINGER,/content/drive/MyDrive/MURA-v1.1/train/XR_FINGER/patient03634/study1_positive/image1.png
MURA_TT_0061,XR_SHOULDER,/content/drive/MyDrive/MURA-v1.1/train/XR_SHOULDER/patient00074/study1_positive/image1.png
MURA_TT_0062,XR_FOREARM,/content/drive/MyDrive/MURA-v1.1/train/XR_FOREARM/patient09221/study1_positive/image2.png
MURA_TT_0063,XR_WRIST,/content/drive/MyDrive/MURA-v1.1/train/XR_WRIST/patient06908/study1_positive/image1.png
MURA_TT_0064,XR_HUMERUS,/content/drive/MyDrive/MURA-v1.1/train/XR_HUMERUS/patient02849/study1_positive/image3.png
MURA_TT_0065,XR_WRIST,/content/drive/MyDrive/MURA-v1.1/train/XR_WRIST/patient05551/study1_positive/image1.png
MURA_TT_0066,XR_WRIST,/content/drive/MyDrive/MURA-v1.1/train/XR_WRIST/patient07310/study1_positive/image2.png
MURA_TT_0067,XR_HUMERUS,/content/drive/MyDrive/MURA-v1.1/train/XR_HUMERUS/patient02797/study1_positive/image2.png
MURA_TT_0068,XR_SHOULDER,/content/drive/MyDrive/MURA-v1.1/train/XR_SHOULDER/patient01243/study1_positive/image4.png
MURA_TT_0069,XR_ELBOW,/content/drive/MyDrive/MURA-v1.1/train/XR_ELBOW/patient05240/study1_positive/image3.png
MURA_TT_0070,XR_SHOULDER,/content/drive/MyDrive/MURA-v1.1/train/XR_SHOULDER/patient00828/study1_positive/image2.png
MURA_TT_0071,XR_SHOULDER,/content/drive/MyDrive/MURA-v1.1/train/XR_SHOULDER/patient00719/study1_positive/image3.png
MURA_TT_0072,XR_FINGER,/content/drive/MyDrive/MURA-v1.1/train/XR_FINGER/patient03767/study1_positive/image1.png
MURA_TT_0073,XR_SHOULDER,/content/drive/MyDrive/MURA-v1.1/train/XR_SHOULDER/patient00504/study1_positive/image1.png
MURA_TT_0074,XR_HUMERUS,/content/drive/MyDrive/MURA-v1.1/train/XR_HUMERUS/patient02829/study1_positive/image1.png
MURA_TT_0075,XR_HAND,/content/drive/MyDrive/MURA-v1.1/train/XR_HAND/patient08710/study1_positive/image1.png
MURA_TT_0076,XR_FINGER,/content/drive/MyDrive/MURA-v1.1/train/XR_FINGER/patient03685/study1_positive/image3.png
MURA_TT_0077,XR_WRIST,/content/drive/MyDrive/MURA-v1.1/train/XR_WRIST/patient05677/study1_positive/image4.png
MURA_TT_0078,XR_HAND,/content/drive/MyDrive/MURA-v1.1/train/XR_HAND/patient05141/study1_positive/image2.png
MURA_TT_0079,XR_FINGER,/content/drive/MyDrive/MURA-v1.1/train/XR_FINGER/patient01529/study2_positive/image2.png
MURA_TT_0080,XR_WRIST,/content/drive/MyDrive/MURA-v1.1/train/XR_WRIST/patient06857/study1_positive/image3.png
MURA_TT_0081,XR_ELBOW,/content/drive/MyDrive/MURA-v1.1/train/XR_ELBOW/patient05009/study1_positive/image3.png
MURA_TT_0082,XR_HAND,/content/drive/MyDrive/MURA-v1.1/train/XR_HAND/patient09850/study1_positive/image1.png
MURA_TT_0083,XR_SHOULDER,/content/drive/MyDrive/MURA-v1.1/train/XR_SHOULDER/patient00113/study1_positive/image1.png
MURA_TT_0084,XR_SHOULDER,/content/drive/MyDrive/MURA-v1.1/train/XR_SHOULDER/patient00282/study1_positive/image2.png
MURA_TT_0085,XR_WRIST,/content/drive/MyDrive/MURA-v1.1/train/XR_WRIST/patient06774/study1_positive/image2.png
MURA_TT_0086,XR_SHOULDER,/content/drive/MyDrive/MURA-v1.1/train/XR_SHOULDER/patient00439/study1_positive/image1.png
MURA_TT_0087,XR_WRIST,/content/drive/MyDrive/MURA-v1.1/train/XR_WRIST/patient01761/study1_positive/image1.png
MURA_TT_0088,XR_FINGER,/content/drive/MyDrive/MURA-v1.1/train/XR_FINGER/patient03742/study1_positive/image2.png
MURA_TT_0089,XR_FINGER,/content/drive/MyDrive/MURA-v1.1/train/XR_FINGER/patient03398/study1_positive/image1.png
MURA_TT_0090,XR_WRIST,/content/drive/MyDrive/MURA-v1.1/train/XR_WRIST/patient06476/study1_positive/image1.png
MURA_TT_0091,XR_SHOULDER,/content/drive/MyDrive/MURA-v1.1/train/XR_SHOULDER/patient00498/study1_positive/image1.png
MURA_TT_0092,XR_WRIST,/content/drive/MyDrive/MURA-v1.1/train/XR_WRIST/patient06451/study1_positive/image1.png
MURA_TT_0093,XR_ELBOW,/content/drive/MyDrive/MURA-v1.1/train/XR_ELBOW/patient05109/study1_positive/image2.png
MURA_TT_0094,XR_FINGER,/content/drive/MyDrive/MURA-v1.1/train/XR_FINGER/patient03277/study1_positive/image3.png
MURA_TT_0095,XR_WRIST,/content/drive/MyDrive/MURA-v1.1/train/XR_WRIST/patient06666/study1_positive/image2.png
MURA_TT_0096,XR_WRIST,/content/drive/MyDrive/MURA-v1.1/train/XR_WRIST/patient07043/study1_positive/image2.png
MURA_TT_0097,XR_FOREARM,/content/drive/MyDrive/MURA-v1.1/train/XR_FOREARM/patient09168/study1_positive/image1.png
MURA_TT_0098,XR_SHOULDER,/content/drive/MyDrive/MURA-v1.1/train/XR_SHOULDER/patient00398/study1_positive/image1.png
MURA_TT_0099,XR_SHOULDER,/content/drive/MyDrive/MURA-v1.1/train/XR_SHOULDER/patient00003/study1_positive/image3.png
MURA_TT_0100,XR_WRIST,/content/drive/MyDrive/MURA-v1.1/train/XR_WRIST/patient06529/study1_positive/image3.png
MURA_TT_0101,XR_HAND,/content/drive/MyDrive/MURA-v1.1/train/XR_HAND/patient07048/study1_positive/image3.png
MURA_TT_0102,XR_HUMERUS,/content/drive/MyDrive/MURA-v1.1/train/XR_HUMERUS/patient02792/study1_positive/image2.png
MURA_TT_0103,XR_FINGER,/content/drive/MyDrive/MURA-v1.1/train/XR_FINGER/patient03722/study1_positive/image1.png
MURA_TT_0104,XR_SHOULDER,/content/drive/MyDrive/MURA-v1.1/train/XR_SHOULDER/patient00928/study1_positive/image1.png
MURA_TT_0105,XR_ELBOW,/content/drive/MyDrive/MURA-v1.1/train/XR_ELBOW/patient01921/study1_positive/image3.png
MURA_TT_0106,XR_HAND,/content/drive/MyDrive/MURA-v1.1/train/XR_HAND/patient09847/study1_positive/image2.png
MURA_TT_0107,XR_FOREARM,/content/drive/MyDrive/MURA-v1.1/train/XR_FOREARM/patient01419/study1_positive/image1.png
MURA_TT_0108,XR_ELBOW,/content/drive/MyDrive/MURA-v1.1/train/XR_ELBOW/patient05039/study1_positive/image1.png
MURA_TT_0109,XR_FOREARM,/content/drive/MyDrive/MURA-v1.1/train/XR_FOREARM/patient09087/study1_positive/image2.png
MURA_TT_0110,XR_FINGER,/content/drive/MyDrive/MURA-v1.1/train/XR_FINGER/patient03671/study1_positive/image1.png
MURA_TT_0111,XR_HAND,/content/drive/MyDrive/MURA-v1.1/train/XR_HAND/patient04923/study1_positive/image2.png
MURA_TT_0112,XR_SHOULDER,/content/drive/MyDrive/MURA-v1.1/train/XR_SHOULDER/patient01125/study1_positive/image1.png
MURA_TT_0113,XR_HUMERUS,/content/drive/MyDrive/MURA-v1.1/train/XR_HUMERUS/patient02895/study1_positive/image3.png
MURA_TT_0114,XR_WRIST,/content/drive/MyDrive/MURA-v1.1/train/XR_WRIST/patient07368/study1_positive/image2.png
MURA_TT_0115,XR_HAND,/content/drive/MyDrive/MURA-v1.1/train/XR_HAND/patient09909/study1_positive/image3.png
MURA_TT_0116,XR_FINGER,/content/drive/MyDrive/MURA-v1.1/train/XR_FINGER/patient03655/study1_positive/image1.png
MURA_TT_0117,XR_HUMERUS,/content/drive/MyDrive/MURA-v1.1/train/XR_HUMERUS/patient02846/study1_positive/image1.png
MURA_TT_0118,XR_HAND,/content/drive/MyDrive/MURA-v1.1/train/XR_HAND/patient09963/study1_positive/image3.png
MURA_TT_0119,XR_FINGER,/content/drive/MyDrive/MURA-v1.1/train/XR_FINGER/patient03326/study1_positive/image1.png
MURA_TT_0120,XR_WRIST,/content/drive/MyDrive/MURA-v1.1/train/XR_WRIST/patient06603/study1_positive/image3.png
MURA_TT_0121,XR_WRIST,/content/drive/MyDrive/MURA-v1.1/train/XR_WRIST/patient00214/study1_positive/image2.png
MURA_TT_0122,XR_HUMERUS,/content/drive/MyDrive/MURA-v1.1/train/XR_HUMERUS/patient02704/study1_positive/image1.png
MURA_TT_0123,XR_HUMERUS,/content/drive/MyDrive/MURA-v1.1/train/XR_HUMERUS/patient02876/study1_positive/image2.png
MURA_TT_0124,XR_FINGER,/content/drive/MyDrive/MURA-v1.1/train/XR_FINGER/patient01138/study1_positive/image2.png
MURA_TT_0125,XR_FINGER,/content/drive/MyDrive/MURA-v1.1/train/XR_FINGER/patient03272/study1_positive/image3.png
MURA_TT_0126,XR_SHOULDER,/content/drive/MyDrive/MURA-v1.1/train/XR_SHOULDER/patient00643/study1_positive/image1.png
MURA_TT_0127,XR_FINGER,/content/drive/MyDrive/MURA-v1.1/train/XR_FINGER/patient02723/study1_positive/image2.png
MURA_TT_0128,XR_HAND,/content/drive/MyDrive/MURA-v1.1/train/XR_HAND/patient03501/study2_positive/image2.png
MURA_TT_0129,XR_SHOULDER,/content/drive/MyDrive/MURA-v1.1/train/XR_SHOULDER/patient00038/study2_positive/image2.png
MURA_TT_0130,XR_FINGER,/content/drive/MyDrive/MURA-v1.1/train/XR_FINGER/patient03611/study1_positive/image2.png
MURA_TT_0131,XR_WRIST,/content/drive/MyDrive/MURA-v1.1/train/XR_WRIST/patient07046/study1_positive/image2.png
MURA_TT_0132,XR_WRIST,/content/drive/MyDrive/MURA-v1.1/train/XR_WRIST/patient07091/study1_positive/image2.png
MURA_TT_0133,XR_HAND,/content/drive/MyDrive/MURA-v1.1/train/XR_HAND/patient09764/study1_positive/image2.png
MURA_TT_0134,XR_FINGER,/content/drive/MyDrive/MURA-v1.1/train/XR_FINGER/patient03681/study1_positive/image1.png
MURA_TT_0135,XR_HAND,/content/drive/MyDrive/MURA-v1.1/train/XR_HAND/patient09901/study1_positive/image2.png
MURA_TT_0136,XR_SHOULDER,/content/drive/MyDrive/MURA-v1.1/train/XR_SHOULDER/patient00553/study1_positive/image4.png
MURA_TT_0137,XR_WRIST,/content/drive/MyDrive/MURA-v1.1/train/XR_WRIST/patient06702/study1_positive/image3.png
MURA_TT_0138,XR_WRIST,/content/drive/MyDrive/MURA-v1.1/train/XR_WRIST/patient07188/study1_positive/image2.png
MURA_TT_0139,XR_WRIST,/content/drive/MyDrive/MURA-v1.1/train/XR_WRIST/patient07080/study1_positive/image3.png
MURA_TT_0140,XR_SHOULDER,/content/drive/MyDrive/MURA-v1.1/train/XR_SHOULDER/patient01248/study1_positive/image4.png
MURA_TT_0141,XR_SHOULDER,/content/drive/MyDrive/MURA-v1.1/train/XR_SHOULDER/patient00010/study1_positive/image2.png
MURA_TT_0142,XR_FINGER,/content/drive/MyDrive/MURA-v1.1/train/XR_FINGER/patient03409/study1_positive/image1.png
MURA_TT_0143,XR_WRIST,/content/drive/MyDrive/MURA-v1.1/train/XR_WRIST/patient07191/study1_positive/image2.png
MURA_TT_0144,XR_HAND,/content/drive/MyDrive/MURA-v1.1/train/XR_HAND/patient09920/study1_positive/image2.png
MURA_TT_0145,XR_SHOULDER,/content/drive/MyDrive/MURA-v1.1/train/XR_SHOULDER/patient00783/study1_positive/image2.png
MURA_TT_0146,XR_FINGER,/content/drive/MyDrive/MURA-v1.1/train/XR_FINGER/patient03474/study1_positive/image1.png
MURA_TT_0147,XR_FOREARM,/content/drive/MyDrive/MURA-v1.1/train/XR_FOREARM/patient09251/study1_positive/image1.png
MURA_TT_0148,XR_SHOULDER,/content/drive/MyDrive/MURA-v1.1/train/XR_SHOULDER/patient01094/study1_positive/image1.png
MURA_TT_0149,XR_ELBOW,/content/drive/MyDrive/MURA-v1.1/train/XR_ELBOW/patient05305/study1_positive/image5.png
MURA_TT_0150,XR_ELBOW,/content/drive/MyDrive/MURA-v1.1/train/XR_ELBOW/patient05035/study1_positive/image1.png
MURA_TT_0151,XR_WRIST,/content/drive/MyDrive/MURA-v1.1/train/XR_WRIST/patient06573/study1_positive/image1.png
MURA_TT_0152,XR_HAND,/content/drive/MyDrive/MURA-v1.1/train/XR_HAND/patient09829/study1_positive/image1.png
MURA_TT_0153,XR_FOREARM,/content/drive/MyDrive/MURA-v1.1/train/XR_FOREARM/patient09176/study1_positive/image1.png
MURA_TT_0154,XR_SHOULDER,/content/drive/MyDrive/MURA-v1.1/train/XR_SHOULDER/patient00658/study1_positive/image1.png
MURA_TT_0155,XR_FINGER,/content/drive/MyDrive/MURA-v1.1/train/XR_FINGER/patient03775/study1_positive/image3.png
MURA_TT_0156,XR_ELBOW,/content/drive/MyDrive/MURA-v1.1/train/XR_ELBOW/patient05178/study1_positive/image4.png
MURA_TT_0157,XR_FOREARM,/content/drive/MyDrive/MURA-v1.1/train/XR_FOREARM/patient04693/study1_positive/image2.png
MURA_TT_0158,XR_WRIST,/content/drive/MyDrive/MURA-v1.1/train/XR_WRIST/patient07061/study1_positive/image3.png
MURA_TT_0159,XR_FOREARM,/content/drive/MyDrive/MURA-v1.1/train/XR_FOREARM/patient09244/study1_positive/image1.png
MURA_TT_0160,XR_WRIST,/content/drive/MyDrive/MURA-v1.1/train/XR_WRIST/patient07015/study1_positive/image1.png
MURA_TT_0161,XR_FOREARM,/content/drive/MyDrive/MURA-v1.1/train/XR_FOREARM/patient09109/study1_positive/image2.png
MURA_TT_0162,XR_HAND,/content/drive/MyDrive/MURA-v1.1/train/XR_HAND/patient09904/study1_positive/image3.png
MURA_TT_0163,XR_ELBOW,/content/drive/MyDrive/MURA-v1.1/train/XR_ELBOW/patient01321/study1_positive/image1.png
MURA_TT_0164,XR_HUMERUS,/content/drive/MyDrive/MURA-v1.1/train/XR_HUMERUS/patient01754/study1_positive/image1.png
MURA_TT_0165,XR_WRIST,/content/drive/MyDrive/MURA-v1.1/train/XR_WRIST/patient07086/study1_positive/image2.png
MURA_TT_0166,XR_SHOULDER,/content/drive/MyDrive/MURA-v1.1/train/XR_SHOULDER/patient01196/study1_positive/image1.png
MURA_TT_0167,XR_WRIST,/content/drive/MyDrive/MURA-v1.1/train/XR_WRIST/patient07105/study1_positive/image2.png
MURA_TT_0168,XR_SHOULDER,/content/drive/MyDrive/MURA-v1.1/train/XR_SHOULDER/patient00181/study1_positive/image2.png
MURA_TT_0169,XR_ELBOW,/content/drive/MyDrive/MURA-v1.1/train/XR_ELBOW/patient05097/study1_positive/image2.png
MURA_TT_0170,XR_WRIST,/content/drive/MyDrive/MURA-v1.1/train/XR_WRIST/patient06563/study1_positive/image1.png
MURA_TT_0171,XR_HUMERUS,/content/drive/MyDrive/MURA-v1.1/train/XR_HUMERUS/patient02745/study1_positive/image1.png
MURA_TT_0172,XR_FOREARM,/content/drive/MyDrive/MURA-v1.1/train/XR_FOREARM/patient09134/study1_positive/image2.png
MURA_TT_0173,XR_WRIST,/content/drive/MyDrive/MURA-v1.1/train/XR_WRIST/patient02766/study1_positive/image2.png
MURA_TT_0174,XR_WRIST,/content/drive/MyDrive/MURA-v1.1/train/XR_WRIST/patient05095/study1_positive/image2.png
MURA_TT_0175,XR_FINGER,/content/drive/MyDrive/MURA-v1.1/train/XR_FINGER/patient03342/study1_positive/image3.png
MURA_TT_0176,XR_SHOULDER,/content/drive/MyDrive/MURA-v1.1/train/XR_SHOULDER/patient01203/study1_positive/image2.png
MURA_TT_0177,XR_HAND,/content/drive/MyDrive/MURA-v1.1/train/XR_HAND/patient02112/study1_positive/image2.png
MURA_TT_0178,XR_SHOULDER,/content/drive/MyDrive/MURA-v1.1/train/XR_SHOULDER/patient00988/study1_positive/image2.png
MURA_TT_0179,XR_HAND,/content/drive/MyDrive/MURA-v1.1/train/XR_HAND/patient09952/study1_positive/image1.png
MURA_TT_0180,XR_WRIST,/content/drive/MyDrive/MURA-v1.1/train/XR_WRIST/patient03226/study1_positive/image2.png
MURA_TT_0181,XR_SHOULDER,/content/drive/MyDrive/MURA-v1.1/train/XR_SHOULDER/patient01369/study1_positive/image1.png
MURA_TT_0182,XR_HAND,/content/drive/MyDrive/MURA-v1.1/train/XR_HAND/patient10043/study1_positive/image2.png
MURA_TT_0183,XR_WRIST,/content/drive/MyDrive/MURA-v1.1/train/XR_WRIST/patient03991/study1_positive/image3.png
MURA_TT_0184,XR_SHOULDER,/content/drive/MyDrive/MURA-v1.1/train/XR_SHOULDER/patient00105/study1_positive/image2.png
MURA_TT_0185,XR_HAND,/content/drive/MyDrive/MURA-v1.1/train/XR_HAND/patient10046/study1_positive/image1.png
MURA_TT_0186,XR_FOREARM,/content/drive/MyDrive/MURA-v1.1/train/XR_FOREARM/patient09245/study1_positive/image1.png
MURA_TT_0187,XR_WRIST,/content/drive/MyDrive/MURA-v1.1/train/XR_WRIST/patient06955/study1_positive/image2.png
MURA_TT_0188,XR_WRIST,/content/drive/MyDrive/MURA-v1.1/train/XR_WRIST/patient06478/study1_positive/image4.png
MURA_TT_0189,XR_SHOULDER,/content/drive/MyDrive/MURA-v1.1/train/XR_SHOULDER/patient00326/study1_positive/image2.png
MURA_TT_0190,XR_SHOULDER,/content/drive/MyDrive/MURA-v1.1/train/XR_SHOULDER/patient00953/study1_positive/image1.png
MURA_TT_0191,XR_FOREARM,/content/drive/MyDrive/MURA-v1.1/train/XR_FOREARM/patient09253/study1_positive/image2.png
MURA_TT_0192,XR_ELBOW,/content/drive/MyDrive/MURA-v1.1/train/XR_ELBOW/patient02932/study1_positive/image3.png
MURA_TT_0193,XR_SHOULDER,/content/drive/MyDrive/MURA-v1.1/train/XR_SHOULDER/patient00002/study1_positive/image2.png
MURA_TT_0194,XR_ELBOW,/content/drive/MyDrive/MURA-v1.1/train/XR_ELBOW/patient05341/study1_positive/image2.png
MURA_TT_0195,XR_ELBOW,/content/drive/MyDrive/MURA-v1.1/train/XR_ELBOW/patient04906/study1_positive/image1.png
MURA_TT_0196,XR_FINGER,/content/drive/MyDrive/MURA-v1.1/train/XR_FINGER/patient03604/study1_positive/image3.png
MURA_TT_0197,XR_HUMERUS,/content/drive/MyDrive/MURA-v1.1/train/XR_HUMERUS/patient02713/study1_positive/image2.png
MURA_TT_0198,XR_HAND,/content/drive/MyDrive/MURA-v1.1/train/XR_HAND/patient10047/study1_positive/image3.png
MURA_TT_0199,XR_FOREARM,/content/drive/MyDrive/MURA-v1.1/train/XR_FOREARM/patient00501/study1_positive/image1.png
MURA_TT_0200,XR_SHOULDER,/content/drive/MyDrive/MURA-v1.1/train/XR_SHOULDER/patient00035/study1_positive/image3.png
MURA_TT_0201,XR_WRIST,/content/drive/MyDrive/MURA-v1.1/train/XR_WRIST/patient01740/study1_positive/image2.png
MURA_TT_0202,XR_FINGER,/content/drive/MyDrive/MURA-v1.1/train/XR_FINGER/patient03251/study1_positive/image1.png
MURA_TT_0203,XR_ELBOW,/content/drive/MyDrive/MURA-v1.1/train/XR_ELBOW/patient05193/study1_positive/image3.png
MURA_TT_0204,XR_FOREARM,/content/drive/MyDrive/MURA-v1.1/train/XR_FOREARM/patient09167/study1_positive/image2.png
MURA_TT_0205,XR_FINGER,/content/drive/MyDrive/MURA-v1.1/train/XR_FINGER/patient03390/study1_positive/image3.png
MURA_TT_0206,XR_ELBOW,/content/drive/MyDrive/MURA-v1.1/train/XR_ELBOW/patient05426/study1_positive/image2.png
MURA_TT_0207,XR_SHOULDER,/content/drive/MyDrive/MURA-v1.1/train/XR_SHOULDER/patient00726/study1_positive/image1.png
MURA_TT_0208,XR_SHOULDER,/content/drive/MyDrive/MURA-v1.1/train/XR_SHOULDER/patient01217/study1_positive/image1.png
MURA_TT_0209,XR_HUMERUS,/content/drive/MyDrive/MURA-v1.1/train/XR_HUMERUS/patient02887/study1_positive/image3.png
MURA_TT_0210,XR_ELBOW,/content/drive/MyDrive/MURA-v1.1/train/XR_ELBOW/patient04956/study1_positive/image2.png
MURA_TT_0211,XR_WRIST,/content/drive/MyDrive/MURA-v1.1/train/XR_WRIST/patient06742/study1_positive/image1.png
MURA_TT_0212,XR_ELBOW,/content/drive/MyDrive/MURA-v1.1/train/XR_ELBOW/patient04924/study1_positive/image3.png
MURA_TT_0213,XR_FINGER,/content/drive/MyDrive/MURA-v1.1/train/XR_FINGER/patient02434/study1_positive/image1.png
MURA_TT_0214,XR_ELBOW,/content/drive/MyDrive/MURA-v1.1/train/XR_ELBOW/patient05338/study1_positive/image2.png
MURA_TT_0215,XR_FOREARM,/content/drive/MyDrive/MURA-v1.1/train/XR_FOREARM/patient09153/study1_positive/image1.png
MURA_TT_0216,XR_WRIST,/content/drive/MyDrive/MURA-v1.1/train/XR_WRIST/patient07360/study1_positive/image1.png
MURA_TT_0217,XR_HUMERUS,/content/drive/MyDrive/MURA-v1.1/train/XR_HUMERUS/patient02878/study1_positive/image2.png
MURA_TT_0218,XR_FINGER,/content/drive/MyDrive/MURA-v1.1/train/XR_FINGER/patient03265/study1_positive/image3.png
MURA_TT_0219,XR_FINGER,/content/drive/MyDrive/MURA-v1.1/train/XR_FINGER/patient03636/study1_positive/image1.png
MURA_TT_0220,XR_SHOULDER,/content/drive/MyDrive/MURA-v1.1/train/XR_SHOULDER/patient00859/study1_positive/image2.png
MURA_TT_0221,XR_HAND,/content/drive/MyDrive/MURA-v1.1/train/XR_HAND/patient09758/study1_positive/image1.png
MURA_TT_0222,XR_ELBOW,/content/drive/MyDrive/MURA-v1.1/train/XR_ELBOW/patient04991/study1_positive/image3.png
MURA_TT_0223,XR_FOREARM,/content/drive/MyDrive/MURA-v1.1/train/XR_FOREARM/patient09091/study1_positive/image1.png
MURA_TT_0224,XR_HUMERUS,/content/drive/MyDrive/MURA-v1.1/train/XR_HUMERUS/patient01856/study1_positive/image1.png
MURA_TT_0225,XR_WRIST,/content/drive/MyDrive/MURA-v1.1/train/XR_WRIST/patient06886/study1_positive/image3.png
MURA_TT_0226,XR_WRIST,/content/drive/MyDrive/MURA-v1.1/train/XR_WRIST/patient01521/study1_positive/image4.png
MURA_TT_0227,XR_FINGER,/content/drive/MyDrive/MURA-v1.1/train/XR_FINGER/patient03486/study1_positive/image3.png
MURA_TT_0228,XR_ELBOW,/content/drive/MyDrive/MURA-v1.1/train/XR_ELBOW/patient05446/study1_positive/image1.png
MURA_TT_0229,XR_WRIST,/content/drive/MyDrive/MURA-v1.1/train/XR_WRIST/patient06670/study1_positive/image2.png
MURA_TT_0230,XR_FINGER,/content/drive/MyDrive/MURA-v1.1/train/XR_FINGER/patient03566/study1_positive/image3.png
MURA_TT_0231,XR_WRIST,/content/drive/MyDrive/MURA-v1.1/train/XR_WRIST/patient06524/study1_positive/image3.png
MURA_TT_0232,XR_ELBOW,/content/drive/MyDrive/MURA-v1.1/train/XR_ELBOW/patient05127/study1_positive/image3.png
MURA_TT_0233,XR_WRIST,/content/drive/MyDrive/MURA-v1.1/train/XR_WRIST/patient07209/study1_positive/image1.png
MURA_TT_0234,XR_SHOULDER,/content/drive/MyDrive/MURA-v1.1/train/XR_SHOULDER/patient01368/study1_positive/image2.png
MURA_TT_0235,XR_WRIST,/content/drive/MyDrive/MURA-v1.1/train/XR_WRIST/patient07285/study1_positive/image2.png
MURA_TT_0236,XR_FINGER,/content/drive/MyDrive/MURA-v1.1/train/XR_FINGER/patient03607/study1_positive/image2.png
MURA_TT_0237,XR_HUMERUS,/content/drive/MyDrive/MURA-v1.1/train/XR_HUMERUS/patient02724/study1_positive/image4.png
MURA_TT_0238,XR_HAND,/content/drive/MyDrive/MURA-v1.1/train/XR_HAND/patient10083/study1_positive/image1.png
MURA_TT_0239,XR_SHOULDER,/content/drive/MyDrive/MURA-v1.1/train/XR_SHOULDER/patient00490/study1_positive/image3.png
MURA_TT_0240,XR_FINGER,/content/drive/MyDrive/MURA-v1.1/train/XR_FINGER/patient03521/study1_positive/image2.png
MURA_TT_0241,XR_HAND,/content/drive/MyDrive/MURA-v1.1/train/XR_HAND/patient02722/study1_positive/image1.png
MURA_TT_0242,XR_SHOULDER,/content/drive/MyDrive/MURA-v1.1/train/XR_SHOULDER/patient00934/study1_positive/image1.png
MURA_TT_0243,XR_FINGER,/content/drive/MyDrive/MURA-v1.1/train/XR_FINGER/patient03727/study1_positive/image1.png
MURA_TT_0244,XR_HAND,/content/drive/MyDrive/MURA-v1.1/train/XR_HAND/patient09815/study1_positive/image2.png
MURA_TT_0245,XR_SHOULDER,/content/drive/MyDrive/MURA-v1.1/train/XR_SHOULDER/patient00551/study3_positive/image3.png
MURA_TT_0246,XR_ELBOW,/content/drive/MyDrive/MURA-v1.1/train/XR_ELBOW/patient05143/study1_positive/image2.png
MURA_TT_0247,XR_HAND,/content/drive/MyDrive/MURA-v1.1/train/XR_HAND/patient09988/study1_positive/image2.png
MURA_TT_0248,XR_WRIST,/content/drive/MyDrive/MURA-v1.1/train/XR_WRIST/patient06428/study1_positive/image1.png
MURA_TT_0249,XR_HAND,/content/drive/MyDrive/MURA-v1.1/train/XR_HAND/patient09860/study1_positive/image1.png
MURA_TT_0250,XR_SHOULDER,/content/drive/MyDrive/MURA-v1.1/train/XR_SHOULDER/patient01210/study1_positive/image3.png
MURA_TT_0251,XR_HUMERUS,/content/drive/MyDrive/MURA-v1.1/train/XR_HUMERUS/patient02772/study1_positive/image3.png
MURA_TT_0252,XR_FINGER,/content/drive/MyDrive/MURA-v1.1/train/XR_FINGER/patient03515/study1_positive/image3.png
MURA_TT_0253,XR_HUMERUS,/content/drive/MyDrive/MURA-v1.1/train/XR_HUMERUS/patient02703/study1_positive/image1.png
MURA_TT_0254,XR_FINGER,/content/drive/MyDrive/MURA-v1.1/train/XR_FINGER/patient03454/study1_positive/image3.png
MURA_TT_0255,XR_SHOULDER,/content/drive/MyDrive/MURA-v1.1/train/XR_SHOULDER/patient00109/study1_positive/image4.png
MURA_TT_0256,XR_HUMERUS,/content/drive/MyDrive/MURA-v1.1/train/XR_HUMERUS/patient02920/study1_positive/image2.png
MURA_TT_0257,XR_FOREARM,/content/drive/MyDrive/MURA-v1.1/train/XR_FOREARM/patient09236/study1_positive/image2.png
MURA_TT_0258,XR_FOREARM,/content/drive/MyDrive/MURA-v1.1/train/XR_FOREARM/patient09291/study1_positive/image2.png
MURA_TT_0259,XR_WRIST,/content/drive/MyDrive/MURA-v1.1/train/XR_WRIST/patient07124/study1_positive/image3.png
MURA_TT_0260,XR_SHOULDER,/content/drive/MyDrive/MURA-v1.1/train/XR_SHOULDER/patient00261/study1_positive/image3.png
MURA_TT_0261,XR_ELBOW,/content/drive/MyDrive/MURA-v1.1/train/XR_ELBOW/patient01112/study1_positive/image1.png
MURA_TT_0262,XR_WRIST,/content/drive/MyDrive/MURA-v1.1/train/XR_WRIST/patient06541/study1_positive/image4.png
MURA_TT_0263,XR_ELBOW,/content/drive/MyDrive/MURA-v1.1/train/XR_ELBOW/patient02626/study1_positive/image1.png
MURA_TT_0264,XR_SHOULDER,/content/drive/MyDrive/MURA-v1.1/train/XR_SHOULDER/patient00582/study1_positive/image3.png
MURA_TT_0265,XR_HUMERUS,/content/drive/MyDrive/MURA-v1.1/train/XR_HUMERUS/patient02704/study1_positive/image2.png
MURA_TT_0266,XR_SHOULDER,/content/drive/MyDrive/MURA-v1.1/train/XR_SHOULDER/patient00377/study1_positive/image2.png
MURA_TT_0267,XR_FINGER,/content/drive/MyDrive/MURA-v1.1/train/XR_FINGER/patient03459/study1_positive/image3.png
MURA_TT_0268,XR_ELBOW,/content/drive/MyDrive/MURA-v1.1/train/XR_ELBOW/patient05445/study1_positive/image2.png
MURA_TT_0269,XR_ELBOW,/content/drive/MyDrive/MURA-v1.1/train/XR_ELBOW/patient04236/study1_positive/image3.png
MURA_TT_0270,XR_HUMERUS,/content/drive/MyDrive/MURA-v1.1/train/XR_HUMERUS/patient02892/study1_positive/image1.png
MURA_TT_0271,XR_SHOULDER,/content/drive/MyDrive/MURA-v1.1/train/XR_SHOULDER/patient00132/study1_positive/image2.png
MURA_TT_0272,XR_WRIST,/content/drive/MyDrive/MURA-v1.1/train/XR_WRIST/patient06832/study1_positive/image3.png
MURA_TT_0273,XR_FINGER,/content/drive/MyDrive/MURA-v1.1/train/XR_FINGER/patient03242/study1_positive/image1.png
MURA_TT_0274,XR_WRIST,/content/drive/MyDrive/MURA-v1.1/train/XR_WRIST/patient06782/study1_positive/image3.png
MURA_TT_0275,XR_WRIST,/content/drive/MyDrive/MURA-v1.1/train/XR_WRIST/patient06954/study1_positive/image2.png
MURA_TT_0276,XR_WRIST,/content/drive/MyDrive/MURA-v1.1/train/XR_WRIST/patient07192/study1_positive/image4.png
MURA_TT_0277,XR_FOREARM,/content/drive/MyDrive/MURA-v1.1/train/XR_FOREARM/patient09283/study1_positive/image2.png
MURA_TT_0278,XR_FINGER,/content/drive/MyDrive/MURA-v1.1/train/XR_FINGER/patient03233/study1_positive/image2.png
MURA_TT_0279,XR_SHOULDER,/content/drive/MyDrive/MURA-v1.1/train/XR_SHOULDER/patient00786/study1_positive/image3.png
MURA_TT_0280,XR_ELBOW,/content/drive/MyDrive/MURA-v1.1/train/XR_ELBOW/patient04961/study1_positive/image1.png
MURA_TT_0281,XR_WRIST,/content/drive/MyDrive/MURA-v1.1/train/XR_WRIST/patient06488/study1_positive/image2.png
MURA_TT_0282,XR_SHOULDER,/content/drive/MyDrive/MURA-v1.1/train/XR_SHOULDER/patient00151/study1_positive/image2.png
MURA_TT_0283,XR_FOREARM,/content/drive/MyDrive/MURA-v1.1/train/XR_FOREARM/patient08953/study1_positive/image1.png
MURA_TT_0284,XR_SHOULDER,/content/drive/MyDrive/MURA-v1.1/train/XR_SHOULDER/patient00221/study1_positive/image1.png
MURA_TT_0285,XR_SHOULDER,/content/drive/MyDrive/MURA-v1.1/train/XR_SHOULDER/patient00317/study1_positive/image5.png
MURA_TT_0286,XR_ELBOW,/content/drive/MyDrive/MURA-v1.1/train/XR_ELBOW/patient05294/study1_positive/image4.png
MURA_TT_0287,XR_FINGER,/content/drive/MyDrive/MURA-v1.1/train/XR_FINGER/patient03495/study1_positive/image1.png
MURA_TT_0288,XR_WRIST,/content/drive/MyDrive/MURA-v1.1/train/XR_WRIST/patient06514/study1_positive/image1.png
MURA_TT_0289,XR_ELBOW,/content/drive/MyDrive/MURA-v1.1/train/XR_ELBOW/patient05406/study1_positive/image3.png
MURA_TT_0290,XR_ELBOW,/content/drive/MyDrive/MURA-v1.1/train/XR_ELBOW/patient05391/study1_positive/image3.png
MURA_TT_0291,XR_SHOULDER,/content/drive/MyDrive/MURA-v1.1/train/XR_SHOULDER/patient00609/study1_positive/image4.png
MURA_TT_0292,XR_WRIST,/content/drive/MyDrive/MURA-v1.1/train/XR_WRIST/patient07317/study1_positive/image2.png
MURA_TT_0293,XR_SHOULDER,/content/drive/MyDrive/MURA-v1.1/train/XR_SHOULDER/patient00008/study1_positive/image2.png
MURA_TT_0294,XR_WRIST,/content/drive/MyDrive/MURA-v1.1/train/XR_WRIST/patient06791/study1_positive/image1.png
MURA_TT_0295,XR_FOREARM,/content/drive/MyDrive/MURA-v1.1/train/XR_FOREARM/patient09148/study1_positive/image1.png
MURA_TT_0296,XR_FINGER,/content/drive/MyDrive/MURA-v1.1/train/XR_FINGER/patient02363/study1_positive/image1.png
MURA_TT_0297,XR_ELBOW,/content/drive/MyDrive/MURA-v1.1/train/XR_ELBOW/patient05067/study1_positive/image3.png
MURA_TT_0298,XR_WRIST,/content/drive/MyDrive/MURA-v1.1/train/XR_WRIST/patient00604/study1_positive/image3.png
MURA_TT_0299,XR_WRIST,/content/drive/MyDrive/MURA-v1.1/train/XR_WRIST/patient01158/study1_positive/image2.png
MURA_TT_0300,XR_FINGER,/content/drive/MyDrive/MURA-v1.1/train/XR_FINGER/patient03799/study1_positive/image2.png
MURA_TT_0301,XR_FOREARM,/content/drive/MyDrive/MURA-v1.1/train/XR_FOREARM/patient09270/study1_positive/image2.png
MURA_TT_0302,XR_ELBOW,/content/drive/MyDrive/MURA-v1.1/train/XR_ELBOW/patient04949/study1_positive/image2.png
MURA_TT_0303,XR_WRIST,/content/drive/MyDrive/MURA-v1.1/train/XR_WRIST/patient06425/study1_positive/image1.png
MURA_TT_0304,XR_SHOULDER,/content/drive/MyDrive/MURA-v1.1/train/XR_SHOULDER/patient01082/study1_positive/image2.png
MURA_TT_0305,XR_HAND,/content/drive/MyDrive/MURA-v1.1/train/XR_HAND/patient09424/study2_positive/image2.png
MURA_TT_0306,XR_WRIST,/content/drive/MyDrive/MURA-v1.1/train/XR_WRIST/patient06868/study1_positive/image2.png
MURA_TT_0307,XR_SHOULDER,/content/drive/MyDrive/MURA-v1.1/train/XR_SHOULDER/patient00950/study1_positive/image3.png
MURA_TT_0308,XR_SHOULDER,/content/drive/MyDrive/MURA-v1.1/train/XR_SHOULDER/patient00267/study2_positive/image1.png
MURA_TT_0309,XR_HAND,/content/drive/MyDrive/MURA-v1.1/train/XR_HAND/patient05677/study1_positive/image2.png
MURA_TT_0310,XR_ELBOW,/content/drive/MyDrive/MURA-v1.1/train/XR_ELBOW/patient05183/study1_positive/image2.png
MURA_TT_0311,XR_HUMERUS,/content/drive/MyDrive/MURA-v1.1/train/XR_HUMERUS/patient02850/study1_positive/image2.png
MURA_TT_0312,XR_WRIST,/content/drive/MyDrive/MURA-v1.1/train/XR_WRIST/patient07095/study1_positive/image2.png
MURA_TT_0313,XR_SHOULDER,/content/drive/MyDrive/MURA-v1.1/train/XR_SHOULDER/patient01411/study1_positive/image4.png
MURA_TT_0314,XR_HAND,/content/drive/MyDrive/MURA-v1.1/train/XR_HAND/patient09873/study1_positive/image2.png
MURA_TT_0315,XR_HUMERUS,/content/drive/MyDrive/MURA-v1.1/train/XR_HUMERUS/patient02719/study1_positive/image1.png
MURA_TT_0316,XR_FINGER,/content/drive/MyDrive/MURA-v1.1/train/XR_FINGER/patient03258/study1_positive/image2.png
MURA_TT_0317,XR_SHOULDER,/content/drive/MyDrive/MURA-v1.1/train/XR_SHOULDER/patient01200/study1_positive/image1.png
MURA_TT_0318,XR_SHOULDER,/content/drive/MyDrive/MURA-v1.1/train/XR_SHOULDER/patient00889/study1_positive/image3.png
MURA_TT_0319,XR_WRIST,/content/drive/MyDrive/MURA-v1.1/train/XR_WRIST/patient06054/study1_positive/image1.png
MURA_TT_0320,XR_SHOULDER,/content/drive/MyDrive/MURA-v1.1/train/XR_SHOULDER/patient01227/study1_positive/image4.png
MURA_TT_0321,XR_ELBOW,/content/drive/MyDrive/MURA-v1.1/train/XR_ELBOW/patient04987/study1_positive/image2.png
MURA_TT_0322,XR_WRIST,/content/drive/MyDrive/MURA-v1.1/train/XR_WRIST/patient07190/study2_positive/image2.png
MURA_TT_0323,XR_ELBOW,/content/drive/MyDrive/MURA-v1.1/train/XR_ELBOW/patient05080/study1_positive/image6.png
MURA_TT_0324,XR_FINGER,/content/drive/MyDrive/MURA-v1.1/train/XR_FINGER/patient03405/study1_positive/image1.png
MURA_TT_0325,XR_HUMERUS,/content/drive/MyDrive/MURA-v1.1/train/XR_HUMERUS/patient02727/study1_positive/image3.png
MURA_TT_0326,XR_FOREARM,/content/drive/MyDrive/MURA-v1.1/train/XR_FOREARM/patient09171/study1_positive/image2.png
MURA_TT_0327,XR_WRIST,/content/drive/MyDrive/MURA-v1.1/train/XR_WRIST/patient05302/study1_positive/image3.png
MURA_TT_0328,XR_FOREARM,/content/drive/MyDrive/MURA-v1.1/train/XR_FOREARM/patient01789/study1_positive/image3.png
MURA_TT_0329,XR_WRIST,/content/drive/MyDrive/MURA-v1.1/train/XR_WRIST/patient07417/study1_positive/image1.png
MURA_TT_0330,XR_HAND,/content/drive/MyDrive/MURA-v1.1/train/XR_HAND/patient08143/study1_positive/image1.png
MURA_TT_0331,XR_FINGER,/content/drive/MyDrive/MURA-v1.1/train/XR_FINGER/patient03235/study1_positive/image2.png
MURA_TT_0332,XR_FOREARM,/content/drive/MyDrive/MURA-v1.1/train/XR_FOREARM/patient04363/study1_positive/image1.png
MURA_TT_0333,XR_SHOULDER,/content/drive/MyDrive/MURA-v1.1/train/XR_SHOULDER/patient00072/study1_positive/image1.png
MURA_TT_0334,XR_FINGER,/content/drive/MyDrive/MURA-v1.1/train/XR_FINGER/patient03618/study1_positive/image2.png
MURA_TT_0335,XR_FINGER,/content/drive/MyDrive/MURA-v1.1/train/XR_FINGER/patient03253/study1_positive/image3.png
MURA_TT_0336,XR_WRIST,/content/drive/MyDrive/MURA-v1.1/train/XR_WRIST/patient07129/study1_positive/image3.png
MURA_TT_0337,XR_FINGER,/content/drive/MyDrive/MURA-v1.1/train/XR_FINGER/patient03467/study1_positive/image1.png
MURA_TT_0338,XR_ELBOW,/content/drive/MyDrive/MURA-v1.1/train/XR_ELBOW/patient05224/study1_positive/image2.png
MURA_TT_0339,XR_HUMERUS,/content/drive/MyDrive/MURA-v1.1/train/XR_HUMERUS/patient02715/study1_positive/image2.png
MURA_TT_0340,XR_WRIST,/content/drive/MyDrive/MURA-v1.1/train/XR_WRIST/patient06743/study1_positive/image2.png
MURA_TT_0341,XR_SHOULDER,/content/drive/MyDrive/MURA-v1.1/train/XR_SHOULDER/patient01328/study1_positive/image2.png
MURA_TT_0342,XR_FINGER,/content/drive/MyDrive/MURA-v1.1/train/XR_FINGER/patient03255/study1_positive/image2.png
MURA_TT_0343,XR_WRIST,/content/drive/MyDrive/MURA-v1.1/train/XR_WRIST/patient06873/study1_positive/image3.png
MURA_TT_0344,XR_HAND,/content/drive/MyDrive/MURA-v1.1/train/XR_HAND/patient09867/study1_positive/image1.png
MURA_TT_0345,XR_FINGER,/content/drive/MyDrive/MURA-v1.1/train/XR_FINGER/patient03758/study1_positive/image1.png
MURA_TT_0346,XR_WRIST,/content/drive/MyDrive/MURA-v1.1/train/XR_WRIST/patient07402/study1_positive/image1.png
MURA_TT_0347,XR_FINGER,/content/drive/MyDrive/MURA-v1.1/train/XR_FINGER/patient03381/study1_positive/image2.png
MURA_TT_0348,XR_WRIST,/content/drive/MyDrive/MURA-v1.1/train/XR_WRIST/patient01395/study1_positive/image4.png
MURA_TT_0349,XR_SHOULDER,/content/drive/MyDrive/MURA-v1.1/train/XR_SHOULDER/patient00879/study1_positive/image3.png
MURA_TT_0350,XR_HAND,/content/drive/MyDrive/MURA-v1.1/train/XR_HAND/patient10067/study1_positive/image3.png
MURA_TT_0351,XR_ELBOW,/content/drive/MyDrive/MURA-v1.1/train/XR_ELBOW/patient04923/study1_positive/image2.png
MURA_TT_0352,XR_FINGER,/content/drive/MyDrive/MURA-v1.1/train/XR_FINGER/patient03514/study1_positive/image2.png
MURA_TT_0353,XR_SHOULDER,/content/drive/MyDrive/MURA-v1.1/train/XR_SHOULDER/patient00124/study1_positive/image1.png
MURA_TT_0354,XR_WRIST,/content/drive/MyDrive/MURA-v1.1/train/XR_WRIST/patient06758/study1_positive/image3.png
MURA_TT_0355,XR_ELBOW,/content/drive/MyDrive/MURA-v1.1/train/XR_ELBOW/patient05264/study1_positive/image1.png
MURA_TT_0356,XR_FOREARM,/content/drive/MyDrive/MURA-v1.1/train/XR_FOREARM/patient09160/study1_positive/image1.png
MURA_TT_0357,XR_WRIST,/content/drive/MyDrive/MURA-v1.1/train/XR_WRIST/patient06571/study1_positive/image2.png
MURA_TT_0358,XR_WRIST,/content/drive/MyDrive/MURA-v1.1/train/XR_WRIST/patient06621/study1_positive/image3.png
MURA_TT_0359,XR_SHOULDER,/content/drive/MyDrive/MURA-v1.1/train/XR_SHOULDER/patient00031/study1_positive/image2.png
MURA_TT_0360,XR_SHOULDER,/content/drive/MyDrive/MURA-v1.1/train/XR_SHOULDER/patient00471/study1_positive/image2.png
MURA_TT_0361,XR_FINGER,/content/drive/MyDrive/MURA-v1.1/train/XR_FINGER/patient03473/study1_positive/image1.png
MURA_TT_0362,XR_FINGER,/content/drive/MyDrive/MURA-v1.1/train/XR_FINGER/patient03601/study1_positive/image3.png
MURA_TT_0363,XR_HAND,/content/drive/MyDrive/MURA-v1.1/train/XR_HAND/patient09809/study1_positive/image1.png
MURA_TT_0364,XR_ELBOW,/content/drive/MyDrive/MURA-v1.1/train/XR_ELBOW/patient05238/study1_positive/image2.png
MURA_TT_0365,XR_FOREARM,/content/drive/MyDrive/MURA-v1.1/train/XR_FOREARM/patient09090/study1_positive/image2.png
MURA_TT_0366,XR_FINGER,/content/drive/MyDrive/MURA-v1.1/train/XR_FINGER/patient03321/study1_positive/image1.png
MURA_TT_0367,XR_WRIST,/content/drive/MyDrive/MURA-v1.1/train/XR_WRIST/patient07227/study1_positive/image1.png
MURA_TT_0368,XR_FINGER,/content/drive/MyDrive/MURA-v1.1/train/XR_FINGER/patient03472/study1_positive/image3.png
MURA_TT_0369,XR_SHOULDER,/content/drive/MyDrive/MURA-v1.1/train/XR_SHOULDER/patient01209/study1_positive/image1.png
MURA_TT_0370,XR_ELBOW,/content/drive/MyDrive/MURA-v1.1/train/XR_ELBOW/patient05436/study1_positive/image2.png
MURA_TT_0371,XR_SHOULDER,/content/drive/MyDrive/MURA-v1.1/train/XR_SHOULDER/patient00841/study1_positive/image2.png
MURA_TT_0372,XR_WRIST,/content/drive/MyDrive/MURA-v1.1/train/XR_WRIST/patient06972/study1_positive/image3.png
MURA_TT_0373,XR_ELBOW,/content/drive/MyDrive/MURA-v1.1/train/XR_ELBOW/patient05145/study1_positive/image3.png
MURA_TT_0374,XR_WRIST,/content/drive/MyDrive/MURA-v1.1/train/XR_WRIST/patient01456/study1_positive/image3.png
MURA_TT_0375,XR_WRIST,/content/drive/MyDrive/MURA-v1.1/train/XR_WRIST/patient07402/study1_positive/image7.png
MURA_TT_0376,XR_SHOULDER,/content/drive/MyDrive/MURA-v1.1/train/XR_SHOULDER/patient00552/study1_positive/image1.png
MURA_TT_0377,XR_FINGER,/content/drive/MyDrive/MURA-v1.1/train/XR_FINGER/patient03244/study1_positive/image1.png
MURA_TT_0378,XR_WRIST,/content/drive/MyDrive/MURA-v1.1/train/XR_WRIST/patient04439/study1_positive/image3.png
MURA_TT_0379,XR_WRIST,/content/drive/MyDrive/MURA-v1.1/train/XR_WRIST/patient07267/study1_positive/image1.png
MURA_TT_0380,XR_SHOULDER,/content/drive/MyDrive/MURA-v1.1/train/XR_SHOULDER/patient01102/study1_positive/image1.png
MURA_TT_0381,XR_SHOULDER,/content/drive/MyDrive/MURA-v1.1/train/XR_SHOULDER/patient00411/study1_positive/image1.png
MURA_TT_0382,XR_HAND,/content/drive/MyDrive/MURA-v1.1/train/XR_HAND/patient09907/study1_positive/image2.png
MURA_TT_0383,XR_FINGER,/content/drive/MyDrive/MURA-v1.1/train/XR_FINGER/patient03378/study1_positive/image2.png
MURA_TT_0384,XR_WRIST,/content/drive/MyDrive/MURA-v1.1/train/XR_WRIST/patient07313/study1_positive/image1.png
MURA_TT_0385,XR_SHOULDER,/content/drive/MyDrive/MURA-v1.1/train/XR_SHOULDER/patient00799/study1_positive/image1.png
MURA_TT_0386,XR_HAND,/content/drive/MyDrive/MURA-v1.1/train/XR_HAND/patient09781/study1_positive/image2.png
MURA_TT_0387,XR_FINGER,/content/drive/MyDrive/MURA-v1.1/train/XR_FINGER/patient03701/study1_positive/image2.png
MURA_TT_0388,XR_SHOULDER,/content/drive/MyDrive/MURA-v1.1/train/XR_SHOULDER/patient00681/study1_positive/image2.png
MURA_TT_0389,XR_FOREARM,/content/drive/MyDrive/MURA-v1.1/train/XR_FOREARM/patient09118/study1_positive/image3.png
MURA_TT_0390,XR_SHOULDER,/content/drive/MyDrive/MURA-v1.1/train/XR_SHOULDER/patient00412/study1_positive/image2.png
MURA_TT_0391,XR_WRIST,/content/drive/MyDrive/MURA-v1.1/train/XR_WRIST/patient06580/study1_positive/image3.png
MURA_TT_0392,XR_WRIST,/content/drive/MyDrive/MURA-v1.1/train/XR_WRIST/patient07293/study1_positive/image3.png
MURA_TT_0393,XR_FINGER,/content/drive/MyDrive/MURA-v1.1/train/XR_FINGER/patient03707/study1_positive/image2.png
MURA_TT_0394,XR_FOREARM,/content/drive/MyDrive/MURA-v1.1/train/XR_FOREARM/patient09256/study1_positive/image2.png
MURA_TT_0395,XR_FINGER,/content/drive/MyDrive/MURA-v1.1/train/XR_FINGER/patient03612/study1_positive/image4.png
MURA_TT_0396,XR_HAND,/content/drive/MyDrive/MURA-v1.1/train/XR_HAND/patient09820/study1_positive/image1.png
MURA_TT_0397,XR_SHOULDER,/content/drive/MyDrive/MURA-v1.1/train/XR_SHOULDER/patient01050/study1_positive/image1.png
MURA_TT_0398,XR_WRIST,/content/drive/MyDrive/MURA-v1.1/train/XR_WRIST/patient06517/study1_positive/image1.png
MURA_TT_0399,XR_ELBOW,/content/drive/MyDrive/MURA-v1.1/train/XR_ELBOW/patient05111/study1_positive/image5.png
MURA_TT_0400,XR_FINGER,/content/drive/MyDrive/MURA-v1.1/train/XR_FINGER/patient03595/study1_positive/image2.png
MURA_TT_0401,XR_HAND,/content/drive/MyDrive/MURA-v1.1/train/XR_HAND/patient09819/study1_positive/image1.png
MURA_TT_0402,XR_ELBOW,/content/drive/MyDrive/MURA-v1.1/train/XR_ELBOW/patient05101/study1_positive/image3.png
MURA_TT_0403,XR_HAND,/content/drive/MyDrive/MURA-v1.1/train/XR_HAND/patient04822/study1_positive/image2.png
MURA_TT_0404,XR_FOREARM,/content/drive/MyDrive/MURA-v1.1/train/XR_FOREARM/patient09231/study1_positive/image1.png
MURA_TT_0405,XR_FINGER,/content/drive/MyDrive/MURA-v1.1/train/XR_FINGER/patient01210/study1_positive/image2.png
MURA_TT_0406,XR_HUMERUS,/content/drive/MyDrive/MURA-v1.1/train/XR_HUMERUS/patient02854/study1_positive/image1.png
MURA_TT_0407,XR_WRIST,/content/drive/MyDrive/MURA-v1.1/train/XR_WRIST/patient06574/study1_positive/image3.png
MURA_TT_0408,XR_FINGER,/content/drive/MyDrive/MURA-v1.1/train/XR_FINGER/patient03429/study1_positive/image3.png
MURA_TT_0409,XR_HUMERUS,/content/drive/MyDrive/MURA-v1.1/train/XR_HUMERUS/patient02737/study1_positive/image1.png
MURA_TT_0410,XR_SHOULDER,/content/drive/MyDrive/MURA-v1.1/train/XR_SHOULDER/patient00422/study1_positive/image1.png
MURA_TT_0411,XR_FOREARM,/content/drive/MyDrive/MURA-v1.1/train/XR_FOREARM/patient09287/study1_positive/image1.png
MURA_TT_0412,XR_FOREARM,/content/drive/MyDrive/MURA-v1.1/train/XR_FOREARM/patient09278/study1_positive/image3.png
MURA_TT_0413,XR_WRIST,/content/drive/MyDrive/MURA-v1.1/train/XR_WRIST/patient06953/study1_positive/image1.png
MURA_TT_0414,XR_HAND,/content/drive/MyDrive/MURA-v1.1/train/XR_HAND/patient09931/study1_positive/image1.png
MURA_TT_0415,XR_ELBOW,/content/drive/MyDrive/MURA-v1.1/train/XR_ELBOW/patient05263/study1_positive/image2.png
MURA_TT_0416,XR_SHOULDER,/content/drive/MyDrive/MURA-v1.1/train/XR_SHOULDER/patient00104/study1_positive/image2.png
MURA_TT_0417,XR_ELBOW,/content/drive/MyDrive/MURA-v1.1/train/XR_ELBOW/patient05056/study1_positive/image4.png
MURA_TT_0418,XR_ELBOW,/content/drive/MyDrive/MURA-v1.1/train/XR_ELBOW/patient04960/study1_positive/image1.png
MURA_TT_0419,XR_ELBOW,/content/drive/MyDrive/MURA-v1.1/train/XR_ELBOW/patient05121/study1_positive/image2.png
MURA_TT_0420,XR_WRIST,/content/drive/MyDrive/MURA-v1.1/train/XR_WRIST/patient04738/study1_positive/image2.png
MURA_TT_0421,XR_FOREARM,/content/drive/MyDrive/MURA-v1.1/train/XR_FOREARM/patient09199/study1_positive/image1.png
MURA_TT_0422,XR_FINGER,/content/drive/MyDrive/MURA-v1.1/train/XR_FINGER/patient03600/study1_positive/image2.png
MURA_TT_0423,XR_SHOULDER,/content/drive/MyDrive/MURA-v1.1/train/XR_SHOULDER/patient00880/study1_positive/image1.png
MURA_TT_0424,XR_FOREARM,/content/drive/MyDrive/MURA-v1.1/train/XR_FOREARM/patient09130/study1_positive/image1.png
MURA_TT_0425,XR_SHOULDER,/content/drive/MyDrive/MURA-v1.1/train/XR_SHOULDER/patient01075/study1_positive/image1.png
MURA_TT_0426,XR_WRIST,/content/drive/MyDrive/MURA-v1.1/train/XR_WRIST/patient01856/study1_positive/image3.png
MURA_TT_0427,XR_SHOULDER,/content/drive/MyDrive/MURA-v1.1/train/XR_SHOULDER/patient00451/study1_positive/image1.png
MURA_TT_0428,XR_HUMERUS,/content/drive/MyDrive/MURA-v1.1/train/XR_HUMERUS/patient02852/study1_positive/image2.png
MURA_TT_0429,XR_HUMERUS,/content/drive/MyDrive/MURA-v1.1/train/XR_HUMERUS/patient02805/study1_positive/image3.png
MURA_TT_0430,XR_SHOULDER,/content/drive/MyDrive/MURA-v1.1/train/XR_SHOULDER/patient00020/study1_positive/image4.png
MURA_TT_0431,XR_FINGER,/content/drive/MyDrive/MURA-v1.1/train/XR_FINGER/patient03802/study1_positive/image1.png
MURA_TT_0432,XR_SHOULDER,/content/drive/MyDrive/MURA-v1.1/train/XR_SHOULDER/patient00341/study1_positive/image3.png
MURA_TT_0433,XR_SHOULDER,/content/drive/MyDrive/MURA-v1.1/train/XR_SHOULDER/patient00613/study1_positive/image1.png
MURA_TT_0434,XR_FOREARM,/content/drive/MyDrive/MURA-v1.1/train/XR_FOREARM/patient09117/study1_positive/image1.png
MURA_TT_0435,XR_WRIST,/content/drive/MyDrive/MURA-v1.1/train/XR_WRIST/patient06503/study1_positive/image1.png
MURA_TT_0436,XR_WRIST,/content/drive/MyDrive/MURA-v1.1/train/XR_WRIST/patient06610/study1_positive/image1.png
MURA_TT_0437,XR_HUMERUS,/content/drive/MyDrive/MURA-v1.1/train/XR_HUMERUS/patient02837/study1_positive/image1.png
MURA_TT_0438,XR_HUMERUS,/content/drive/MyDrive/MURA-v1.1/train/XR_HUMERUS/patient02720/study1_positive/image2.png
MURA_TT_0439,XR_FINGER,/content/drive/MyDrive/MURA-v1.1/train/XR_FINGER/patient03760/study1_positive/image2.png
MURA_TT_0440,XR_SHOULDER,/content/drive/MyDrive/MURA-v1.1/train/XR_SHOULDER/patient00438/study1_positive/image3.png
MURA_TT_0441,XR_FINGER,/content/drive/MyDrive/MURA-v1.1/train/XR_FINGER/patient03301/study1_positive/image1.png
MURA_TT_0442,XR_ELBOW,/content/drive/MyDrive/MURA-v1.1/train/XR_ELBOW/patient05360/study1_positive/image1.png
MURA_TT_0443,XR_SHOULDER,/content/drive/MyDrive/MURA-v1.1/train/XR_SHOULDER/patient00148/study1_positive/image2.png
MURA_TT_0444,XR_FOREARM,/content/drive/MyDrive/MURA-v1.1/train/XR_FOREARM/patient06841/study1_positive/image1.png
MURA_TT_0445,XR_SHOULDER,/content/drive/MyDrive/MURA-v1.1/train/XR_SHOULDER/patient01355/study1_positive/image1.png
MURA_TT_0446,XR_FOREARM,/content/drive/MyDrive/MURA-v1.1/train/XR_FOREARM/patient09111/study1_positive/image2.png
MURA_TT_0447,XR_HUMERUS,/content/drive/MyDrive/MURA-v1.1/train/XR_HUMERUS/patient02736/study1_positive/image3.png
MURA_TT_0448,XR_SHOULDER,/content/drive/MyDrive/MURA-v1.1/train/XR_SHOULDER/patient00190/study1_positive/image4.png
MURA_TT_0449,XR_FOREARM,/content/drive/MyDrive/MURA-v1.1/train/XR_FOREARM/patient09153/study1_positive/image7.png
MURA_TT_0450,XR_SHOULDER,/content/drive/MyDrive/MURA-v1.1/train/XR_SHOULDER/patient00076/study1_positive/image1.png
MURA_TT_0451,XR_ELBOW,/content/drive/MyDrive/MURA-v1.1/train/XR_ELBOW/patient00310/study1_positive/image1.png
MURA_TT_0452,XR_SHOULDER,/content/drive/MyDrive/MURA-v1.1/train/XR_SHOULDER/patient00888/study1_positive/image2.png
MURA_TT_0453,XR_ELBOW,/content/drive/MyDrive/MURA-v1.1/train/XR_ELBOW/patient00990/study1_positive/image5.png
MURA_TT_0454,XR_SHOULDER,/content/drive/MyDrive/MURA-v1.1/train/XR_SHOULDER/patient01406/study1_positive/image1.png
MURA_TT_0455,XR_WRIST,/content/drive/MyDrive/MURA-v1.1/train/XR_WRIST/patient07116/study1_positive/image2.png
MURA_TT_0456,XR_WRIST,/content/drive/MyDrive/MURA-v1.1/train/XR_WRIST/patient06432/study1_positive/image2.png
MURA_TT_0457,XR_FINGER,/content/drive/MyDrive/MURA-v1.1/train/XR_FINGER/patient03773/study1_positive/image2.png
MURA_TT_0458,XR_WRIST,/content/drive/MyDrive/MURA-v1.1/train/XR_WRIST/patient02812/study1_positive/image3.png
MURA_TT_0459,XR_SHOULDER,/content/drive/MyDrive/MURA-v1.1/train/XR_SHOULDER/patient00566/study1_positive/image2.png
MURA_TT_0460,XR_FINGER,/content/drive/MyDrive/MURA-v1.1/train/XR_FINGER/patient01516/study1_positive/image2.png
MURA_TT_0461,XR_ELBOW,/content/drive/MyDrive/MURA-v1.1/train/XR_ELBOW/patient05058/study1_positive/image2.png
MURA_TT_0462,XR_FINGER,/content/drive/MyDrive/MURA-v1.1/train/XR_FINGER/patient03480/study1_positive/image1.png
MURA_TT_0463,XR_HAND,/content/drive/MyDrive/MURA-v1.1/train/XR_HAND/patient09745/study1_positive/image1.png
MURA_TT_0464,XR_HUMERUS,/content/drive/MyDrive/MURA-v1.1/train/XR_HUMERUS/patient02936/study1_positive/image1.png
MURA_TT_0465,XR_FINGER,/content/drive/MyDrive/MURA-v1.1/train/XR_FINGER/patient03399/study1_positive/image2.png
MURA_TT_0466,XR_ELBOW,/content/drive/MyDrive/MURA-v1.1/train/XR_ELBOW/patient05349/study1_positive/image4.png
MURA_TT_0467,XR_ELBOW,/content/drive/MyDrive/MURA-v1.1/train/XR_ELBOW/patient05119/study1_positive/image2.png
MURA_TT_0468,XR_HAND,/content/drive/MyDrive/MURA-v1.1/train/XR_HAND/patient09792/study1_positive/image2.png
MURA_TT_0469,XR_ELBOW,/content/drive/MyDrive/MURA-v1.1/train/XR_ELBOW/patient05043/study1_positive/image1.png
MURA_TT_0470,XR_HAND,/content/drive/MyDrive/MURA-v1.1/train/XR_HAND/patient07033/study1_positive/image1.png
MURA_TT_0471,XR_FINGER,/content/drive/MyDrive/MURA-v1.1/train/XR_FINGER/patient03623/study1_positive/image3.png
MURA_TT_0472,XR_FOREARM,/content/drive/MyDrive/MURA-v1.1/train/XR_FOREARM/patient09162/study1_positive/image1.png
MURA_TT_0473,XR_HAND,/content/drive/MyDrive/MURA-v1.1/train/XR_HAND/patient09757/study1_positive/image2.png
MURA_TT_0474,XR_SHOULDER,/content/drive/MyDrive/MURA-v1.1/train/XR_SHOULDER/patient00388/study1_positive/image1.png
MURA_TT_0475,XR_WRIST,/content/drive/MyDrive/MURA-v1.1/train/XR_WRIST/patient01946/study1_positive/image2.png
MURA_TT_0476,XR_FINGER,/content/drive/MyDrive/MURA-v1.1/train/XR_FINGER/patient02055/study1_positive/image1.png
MURA_TT_0477,XR_FOREARM,/content/drive/MyDrive/MURA-v1.1/train/XR_FOREARM/patient02976/study1_positive/image2.png
MURA_TT_0478,XR_FINGER,/content/drive/MyDrive/MURA-v1.1/train/XR_FINGER/patient03465/study1_positive/image2.png
MURA_TT_0479,XR_ELBOW,/content/drive/MyDrive/MURA-v1.1/train/XR_ELBOW/patient05251/study1_positive/image2.png
MURA_TT_0480,XR_SHOULDER,/content/drive/MyDrive/MURA-v1.1/train/XR_SHOULDER/patient00967/study1_positive/image1.png
MURA_TT_0481,XR_WRIST,/content/drive/MyDrive/MURA-v1.1/train/XR_WRIST/patient07235/study1_positive/image3.png
MURA_TT_0482,XR_SHOULDER,/content/drive/MyDrive/MURA-v1.1/train/XR_SHOULDER/patient00217/study1_positive/image3.png
MURA_TT_0483,XR_ELBOW,/content/drive/MyDrive/MURA-v1.1/train/XR_ELBOW/patient04968/study1_positive/image2.png
MURA_TT_0484,XR_FINGER,/content/drive/MyDrive/MURA-v1.1/train/XR_FINGER/patient01822/study1_positive/image1.png
MURA_TT_0485,XR_SHOULDER,/content/drive/MyDrive/MURA-v1.1/train/XR_SHOULDER/patient01088/study1_positive/image1.png
MURA_TT_0486,XR_SHOULDER,/content/drive/MyDrive/MURA-v1.1/train/XR_SHOULDER/patient00945/study1_positive/image3.png
MURA_TT_0487,XR_FOREARM,/content/drive/MyDrive/MURA-v1.1/train/XR_FOREARM/patient09106/study1_positive/image1.png
MURA_TT_0488,XR_FINGER,/content/drive/MyDrive/MURA-v1.1/train/XR_FINGER/patient03678/study1_positive/image1.png
MURA_TT_0489,XR_HAND,/content/drive/MyDrive/MURA-v1.1/train/XR_HAND/patient09734/study1_positive/image3.png
MURA_TT_0490,XR_FINGER,/content/drive/MyDrive/MURA-v1.1/train/XR_FINGER/patient03238/study1_positive/image2.png
MURA_TT_0491,XR_SHOULDER,/content/drive/MyDrive/MURA-v1.1/train/XR_SHOULDER/patient00935/study1_positive/image3.png
MURA_TT_0492,XR_FINGER,/content/drive/MyDrive/MURA-v1.1/train/XR_FINGER/patient03680/study1_positive/image3.png
MURA_TT_0493,XR_WRIST,/content/drive/MyDrive/MURA-v1.1/train/XR_WRIST/patient06499/study1_positive/image3.png
MURA_TT_0494,XR_FINGER,/content/drive/MyDrive/MURA-v1.1/train/XR_FINGER/patient03446/study1_positive/image1.png
MURA_TT_0495,XR_HAND,/content/drive/MyDrive/MURA-v1.1/train/XR_HAND/patient10048/study1_positive/image1.png
MURA_TT_0496,XR_HAND,/content/drive/MyDrive/MURA-v1.1/train/XR_HAND/patient09799/study1_positive/image1.png
MURA_TT_0497,XR_SHOULDER,/content/drive/MyDrive/MURA-v1.1/train/XR_SHOULDER/patient01291/study1_positive/image2.png
MURA_TT_0498,XR_FINGER,/content/drive/MyDrive/MURA-v1.1/train/XR_FINGER/patient03776/study1_positive/image3.png
MURA_TT_0499,XR_WRIST,/content/drive/MyDrive/MURA-v1.1/train/XR_WRIST/patient07266/study1_positive/image2.png
MURA_TT_0500,XR_FOREARM,/content/drive/MyDrive/MURA-v1.1/train/XR_FOREARM/patient05730/study1_positive/image1.png
MURA_TT_0501,XR_WRIST,/content/drive/MyDrive/MURA-v1.1/train/XR_WRIST/patient07333/study1_positive/image1.png
MURA_TT_0502,XR_FINGER,/content/drive/MyDrive/MURA-v1.1/train/XR_FINGER/patient03551/study1_positive/image4.png
MURA_TT_0503,XR_HAND,/content/drive/MyDrive/MURA-v1.1/train/XR_HAND/patient09846/study1_positive/image1.png
MURA_TT_0504,XR_SHOULDER,/content/drive/MyDrive/MURA-v1.1/train/XR_SHOULDER/patient00186/study1_positive/image4.png
MURA_TT_0505,XR_WRIST,/content/drive/MyDrive/MURA-v1.1/train/XR_WRIST/patient07032/study1_positive/image3.png
MURA_TT_0506,XR_WRIST,/content/drive/MyDrive/MURA-v1.1/train/XR_WRIST/patient06363/study1_positive/image1.png
MURA_TT_0507,XR_SHOULDER,/content/drive/MyDrive/MURA-v1.1/train/XR_SHOULDER/patient00521/study1_positive/image1.png
MURA_TT_0508,XR_ELBOW,/content/drive/MyDrive/MURA-v1.1/train/XR_ELBOW/patient04953/study1_positive/image1.png
MURA_TT_0509,XR_WRIST,/content/drive/MyDrive/MURA-v1.1/train/XR_WRIST/patient06865/study1_positive/image2.png
MURA_TT_0510,XR_HUMERUS,/content/drive/MyDrive/MURA-v1.1/train/XR_HUMERUS/patient02777/study1_positive/image1.png
MURA_TT_0511,XR_ELBOW,/content/drive/MyDrive/MURA-v1.1/train/XR_ELBOW/patient05186/study1_positive/image2.png
MURA_TT_0512,XR_FINGER,/content/drive/MyDrive/MURA-v1.1/train/XR_FINGER/patient03295/study1_positive/image1.png
MURA_TT_0513,XR_FOREARM,/content/drive/MyDrive/MURA-v1.1/train/XR_FOREARM/patient09169/study1_positive/image2.png
MURA_TT_0514,XR_SHOULDER,/content/drive/MyDrive/MURA-v1.1/train/XR_SHOULDER/patient00188/study1_positive/image1.png
MURA_TT_0515,XR_WRIST,/content/drive/MyDrive/MURA-v1.1/train/XR_WRIST/patient07131/study1_positive/image3.png
MURA_TT_0516,XR_WRIST,/content/drive/MyDrive/MURA-v1.1/train/XR_WRIST/patient07063/study1_positive/image1.png
MURA_TT_0517,XR_HAND,/content/drive/MyDrive/MURA-v1.1/train/XR_HAND/patient09924/study1_positive/image3.png
MURA_TT_0518,XR_ELBOW,/content/drive/MyDrive/MURA-v1.1/train/XR_ELBOW/patient00466/study1_positive/image3.png
MURA_TT_0519,XR_SHOULDER,/content/drive/MyDrive/MURA-v1.1/train/XR_SHOULDER/patient01308/study1_positive/image1.png
MURA_TT_0520,XR_HUMERUS,/content/drive/MyDrive/MURA-v1.1/train/XR_HUMERUS/patient02721/study1_positive/image2.png
MURA_TT_0521,XR_WRIST,/content/drive/MyDrive/MURA-v1.1/train/XR_WRIST/patient06960/study1_positive/image3.png
MURA_TT_0522,XR_FINGER,/content/drive/MyDrive/MURA-v1.1/train/XR_FINGER/patient03433/study1_positive/image1.png
MURA_TT_0523,XR_WRIST,/content/drive/MyDrive/MURA-v1.1/train/XR_WRIST/patient00077/study1_positive/image2.png
MURA_TT_0524,XR_FOREARM,/content/drive/MyDrive/MURA-v1.1/train/XR_FOREARM/patient09154/study1_positive/image2.png
MURA_TT_0525,XR_FOREARM,/content/drive/MyDrive/MURA-v1.1/train/XR_FOREARM/patient09132/study1_positive/image2.png
MURA_TT_0526,XR_HAND,/content/drive/MyDrive/MURA-v1.1/train/XR_HAND/patient08897/study1_positive/image1.png
MURA_TT_0527,XR_FINGER,/content/drive/MyDrive/MURA-v1.1/train/XR_FINGER/patient03298/study1_positive/image1.png
MURA_TT_0528,XR_FINGER,/content/drive/MyDrive/MURA-v1.1/train/XR_FINGER/patient03544/study1_positive/image2.png
MURA_TT_0529,XR_HAND,/content/drive/MyDrive/MURA-v1.1/train/XR_HAND/patient09857/study1_positive/image1.png
MURA_TT_0530,XR_SHOULDER,/content/drive/MyDrive/MURA-v1.1/train/XR_SHOULDER/patient00211/study1_positive/image1.png
MURA_TT_0531,XR_HUMERUS,/content/drive/MyDrive/MURA-v1.1/train/XR_HUMERUS/patient02864/study1_positive/image1.png
MURA_TT_0532,XR_WRIST,/content/drive/MyDrive/MURA-v1.1/train/XR_WRIST/patient07259/study1_positive/image1.png
MURA_TT_0533,XR_ELBOW,/content/drive/MyDrive/MURA-v1.1/train/XR_ELBOW/patient05455/study1_positive/image3.png
MURA_TT_0534,XR_FOREARM,/content/drive/MyDrive/MURA-v1.1/train/XR_FOREARM/patient04136/study1_positive/image3.png
MURA_TT_0535,XR_HAND,/content/drive/MyDrive/MURA-v1.1/train/XR_HAND/patient09820/study2_positive/image2.png
MURA_TT_0536,XR_WRIST,/content/drive/MyDrive/MURA-v1.1/train/XR_WRIST/patient06549/study1_positive/image2.png
MURA_TT_0537,XR_SHOULDER,/content/drive/MyDrive/MURA-v1.1/train/XR_SHOULDER/patient00793/study1_positive/image4.png
MURA_TT_0538,XR_HAND,/content/drive/MyDrive/MURA-v1.1/train/XR_HAND/patient09994/study1_positive/image1.png
MURA_TT_0539,XR_FINGER,/content/drive/MyDrive/MURA-v1.1/train/XR_FINGER/patient03570/study1_positive/image1.png
MURA_TT_0540,XR_WRIST,/content/drive/MyDrive/MURA-v1.1/train/XR_WRIST/patient07364/study1_positive/image2.png
MURA_TT_0541,XR_ELBOW,/content/drive/MyDrive/MURA-v1.1/train/XR_ELBOW/patient03799/study1_positive/image2.png
MURA_TT_0542,XR_SHOULDER,/content/drive/MyDrive/MURA-v1.1/train/XR_SHOULDER/patient00440/study1_positive/image3.png
MURA_TT_0543,XR_HUMERUS,/content/drive/MyDrive/MURA-v1.1/train/XR_HUMERUS/patient02810/study1_positive/image1.png
MURA_TT_0544,XR_HUMERUS,/content/drive/MyDrive/MURA-v1.1/train/XR_HUMERUS/patient02822/study1_positive/image1.png
MURA_TT_0545,XR_SHOULDER,/content/drive/MyDrive/MURA-v1.1/train/XR_SHOULDER/patient00356/study1_positive/image3.png
MURA_TT_0546,XR_HUMERUS,/content/drive/MyDrive/MURA-v1.1/train/XR_HUMERUS/patient02894/study1_positive/image1.png
MURA_TT_0547,XR_FOREARM,/content/drive/MyDrive/MURA-v1.1/train/XR_FOREARM/patient09208/study1_positive/image1.png
MURA_TT_0548,XR_WRIST,/content/drive/MyDrive/MURA-v1.1/train/XR_WRIST/patient06602/study1_positive/image2.png
MURA_TT_0549,XR_WRIST,/content/drive/MyDrive/MURA-v1.1/train/XR_WRIST/patient06426/study1_positive/image1.png
MURA_TT_0550,XR_WRIST,/content/drive/MyDrive/MURA-v1.1/train/XR_WRIST/patient07055/study1_positive/image1.png
MURA_TT_0551,XR_FOREARM,/content/drive/MyDrive/MURA-v1.1/train/XR_FOREARM/patient04196/study1_positive/image2.png
MURA_TT_0552,XR_ELBOW,/content/drive/MyDrive/MURA-v1.1/train/XR_ELBOW/patient02260/study1_positive/image1.png
MURA_TT_0553,XR_ELBOW,/content/drive/MyDrive/MURA-v1.1/train/XR_ELBOW/patient05091/study1_positive/image3.png
MURA_TT_0554,XR_HUMERUS,/content/drive/MyDrive/MURA-v1.1/train/XR_HUMERUS/patient00577/study1_positive/image2.png
MURA_TT_0555,XR_ELBOW,/content/drive/MyDrive/MURA-v1.1/train/XR_ELBOW/patient05287/study1_positive/image1.png
MURA_TT_0556,XR_SHOULDER,/content/drive/MyDrive/MURA-v1.1/train/XR_SHOULDER/patient00250/study1_positive/image1.png
MURA_TT_0557,XR_WRIST,/content/drive/MyDrive/MURA-v1.1/train/XR_WRIST/patient06939/study1_positive/image1.png
MURA_TT_0558,XR_WRIST,/content/drive/MyDrive/MURA-v1.1/train/XR_WRIST/patient06730/study1_positive/image3.png
MURA_TT_0559,XR_ELBOW,/content/drive/MyDrive/MURA-v1.1/train/XR_ELBOW/patient05221/study1_positive/image1.png
MURA_TT_0560,XR_WRIST,/content/drive/MyDrive/MURA-v1.1/train/XR_WRIST/patient06385/study1_positive/image1.png
MURA_TT_0561,XR_FINGER,/content/drive/MyDrive/MURA-v1.1/train/XR_FINGER/patient03805/study1_positive/image1.png
MURA_TT_0562,XR_WRIST,/content/drive/MyDrive/MURA-v1.1/train/XR_WRIST/patient07093/study1_positive/image2.png
MURA_TT_0563,XR_HAND,/content/drive/MyDrive/MURA-v1.1/train/XR_HAND/patient09770/study1_positive/image2.png
MURA_TT_0564,XR_HAND,/content/drive/MyDrive/MURA-v1.1/train/XR_HAND/patient10009/study1_positive/image3.png
MURA_TT_0565,XR_FOREARM,/content/drive/MyDrive/MURA-v1.1/train/XR_FOREARM/patient09273/study1_positive/image2.png
MURA_TT_0566,XR_HUMERUS,/content/drive/MyDrive/MURA-v1.1/train/XR_HUMERUS/patient02910/study1_positive/image1.png
MURA_TT_0567,XR_WRIST,/content/drive/MyDrive/MURA-v1.1/train/XR_WRIST/patient01038/study1_positive/image2.png
MURA_TT_0568,XR_HAND,/content/drive/MyDrive/MURA-v1.1/train/XR_HAND/patient07687/study1_positive/image2.png
MURA_TT_0569,XR_HUMERUS,/content/drive/MyDrive/MURA-v1.1/train/XR_HUMERUS/patient02718/study1_positive/image4.png
MURA_TT_0570,XR_ELBOW,/content/drive/MyDrive/MURA-v1.1/train/XR_ELBOW/patient05140/study1_positive/image4.png
MURA_TT_0571,XR_SHOULDER,/content/drive/MyDrive/MURA-v1.1/train/XR_SHOULDER/patient00856/study1_positive/image2.png
MURA_TT_0572,XR_SHOULDER,/content/drive/MyDrive/MURA-v1.1/train/XR_SHOULDER/patient01375/study1_positive/image1.png
MURA_TT_0573,XR_SHOULDER,/content/drive/MyDrive/MURA-v1.1/train/XR_SHOULDER/patient01293/study1_positive/image2.png
MURA_TT_0574,XR_SHOULDER,/content/drive/MyDrive/MURA-v1.1/train/XR_SHOULDER/patient00972/study1_positive/image1.png
MURA_TT_0575,XR_FINGER,/content/drive/MyDrive/MURA-v1.1/train/XR_FINGER/patient00848/study1_positive/image3.png
MURA_TT_0576,XR_HUMERUS,/content/drive/MyDrive/MURA-v1.1/train/XR_HUMERUS/patient02927/study1_positive/image1.png
MURA_TT_0577,XR_FINGER,/content/drive/MyDrive/MURA-v1.1/train/XR_FINGER/patient03400/study1_positive/image2.png
MURA_TT_0578,XR_SHOULDER,/content/drive/MyDrive/MURA-v1.1/train/XR_SHOULDER/patient00810/study1_positive/image1.png
MURA_TT_0579,XR_WRIST,/content/drive/MyDrive/MURA-v1.1/train/XR_WRIST/patient07342/study1_positive/image3.png
MURA_TT_0580,XR_WRIST,/content/drive/MyDrive/MURA-v1.1/train/XR_WRIST/patient06581/study1_positive/image2.png
MURA_TT_0581,XR_SHOULDER,/content/drive/MyDrive/MURA-v1.1/train/XR_SHOULDER/patient00595/study1_positive/image1.png
MURA_TT_0582,XR_WRIST,/content/drive/MyDrive/MURA-v1.1/train/XR_WRIST/patient06731/study1_positive/image3.png
MURA_TT_0583,XR_SHOULDER,/content/drive/MyDrive/MURA-v1.1/train/XR_SHOULDER/patient00121/study1_positive/image1.png
MURA_TT_0584,XR_FINGER,/content/drive/MyDrive/MURA-v1.1/train/XR_FINGER/patient03526/study1_positive/image1.png
MURA_TT_0585,XR_HAND,/content/drive/MyDrive/MURA-v1.1/train/XR_HAND/patient07365/study1_positive/image1.png
MURA_TT_0586,XR_FINGER,/content/drive/MyDrive/MURA-v1.1/train/XR_FINGER/patient03339/study1_positive/image1.png
MURA_TT_0587,XR_SHOULDER,/content/drive/MyDrive/MURA-v1.1/train/XR_SHOULDER/patient00979/study1_positive/image2.png
MURA_TT_0588,XR_WRIST,/content/drive/MyDrive/MURA-v1.1/train/XR_WRIST/patient06416/study1_positive/image2.png
MURA_TT_0589,XR_FINGER,/content/drive/MyDrive/MURA-v1.1/train/XR_FINGER/patient03638/study1_positive/image2.png
MURA_TT_0590,XR_ELBOW,/content/drive/MyDrive/MURA-v1.1/train/XR_ELBOW/patient01219/study1_positive/image1.png
MURA_TT_0591,XR_WRIST,/content/drive/MyDrive/MURA-v1.1/train/XR_WRIST/patient07030/study1_positive/image3.png
MURA_TT_0592,XR_FOREARM,/content/drive/MyDrive/MURA-v1.1/train/XR_FOREARM/patient09142/study1_positive/image1.png
MURA_TT_0593,XR_WRIST,/content/drive/MyDrive/MURA-v1.1/train/XR_WRIST/patient07187/study1_positive/image3.png
MURA_TT_0594,XR_SHOULDER,/content/drive/MyDrive/MURA-v1.1/train/XR_SHOULDER/patient01302/study1_positive/image4.png
MURA_TT_0595,XR_WRIST,/content/drive/MyDrive/MURA-v1.1/train/XR_WRIST/patient07356/study1_positive/image2.png
MURA_TT_0596,XR_ELBOW,/content/drive/MyDrive/MURA-v1.1/train/XR_ELBOW/patient05033/study1_positive/image2.png
MURA_TT_0597,XR_SHOULDER,/content/drive/MyDrive/MURA-v1.1/train/XR_SHOULDER/patient00830/study1_positive/image2.png
MURA_TT_0598,XR_WRIST,/content/drive/MyDrive/MURA-v1.1/train/XR_WRIST/patient07253/study1_positive/image1.png
MURA_TT_0599,XR_HAND,/content/drive/MyDrive/MURA-v1.1/train/XR_HAND/patient09928/study1_positive/image2.png
MURA_TT_0600,XR_HAND,/content/drive/MyDrive/MURA-v1.1/train/XR_HAND/patient01870/study1_positive/image2.png
MURA_TT_0601,XR_HAND,/content/drive/MyDrive/MURA-v1.1/train/XR_HAND/patient09803/study1_positive/image2.png
MURA_TT_0602,XR_FOREARM,/content/drive/MyDrive/MURA-v1.1/train/XR_FOREARM/patient09177/study1_positive/image2.png
MURA_TT_0603,XR_FOREARM,/content/drive/MyDrive/MURA-v1.1/train/XR_FOREARM/patient00729/study1_positive/image1.png
MURA_TT_0604,XR_SHOULDER,/content/drive/MyDrive/MURA-v1.1/train/XR_SHOULDER/patient01201/study1_positive/image1.png
MURA_TT_0605,XR_SHOULDER,/content/drive/MyDrive/MURA-v1.1/train/XR_SHOULDER/patient01299/study1_positive/image4.png
MURA_TT_0606,XR_SHOULDER,/content/drive/MyDrive/MURA-v1.1/train/XR_SHOULDER/patient01379/study1_positive/image2.png
MURA_TT_0607,XR_HUMERUS,/content/drive/MyDrive/MURA-v1.1/train/XR_HUMERUS/patient02930/study1_positive/image1.png
MURA_TT_0608,XR_SHOULDER,/content/drive/MyDrive/MURA-v1.1/train/XR_SHOULDER/patient00056/study1_positive/image3.png
MURA_TT_0609,XR_FINGER,/content/drive/MyDrive/MURA-v1.1/train/XR_FINGER/patient03550/study1_positive/image3.png
MURA_TT_0610,XR_WRIST,/content/drive/MyDrive/MURA-v1.1/train/XR_WRIST/patient07297/study1_positive/image1.png
MURA_TT_0611,XR_HUMERUS,/content/drive/MyDrive/MURA-v1.1/train/XR_HUMERUS/patient02848/study1_positive/image1.png
MURA_TT_0612,XR_FOREARM,/content/drive/MyDrive/MURA-v1.1/train/XR_FOREARM/patient09266/study1_positive/image2.png
MURA_TT_0613,XR_HAND,/content/drive/MyDrive/MURA-v1.1/train/XR_HAND/patient09911/study1_positive/image1.png
MURA_TT_0614,XR_SHOULDER,/content/drive/MyDrive/MURA-v1.1/train/XR_SHOULDER/patient00528/study1_positive/image1.png
MURA_TT_0615,XR_WRIST,/content/drive/MyDrive/MURA-v1.1/train/XR_WRIST/patient06513/study1_positive/image2.png
MURA_TT_0616,XR_SHOULDER,/content/drive/MyDrive/MURA-v1.1/train/XR_SHOULDER/patient00436/study1_positive/image3.png
MURA_TT_0617,XR_HUMERUS,/content/drive/MyDrive/MURA-v1.1/train/XR_HUMERUS/patient02722/study1_positive/image1.png
MURA_TT_0618,XR_SHOULDER,/content/drive/MyDrive/MURA-v1.1/train/XR_SHOULDER/patient00748/study1_positive/image3.png
MURA_TT_0619,XR_HAND,/content/drive/MyDrive/MURA-v1.1/train/XR_HAND/patient09735/study1_positive/image1.png
MURA_TT_0620,XR_HAND,/content/drive/MyDrive/MURA-v1.1/train/XR_HAND/patient09908/study1_positive/image2.png
MURA_TT_0621,XR_WRIST,/content/drive/MyDrive/MURA-v1.1/train/XR_WRIST/patient06783/study2_positive/image1.png
MURA_TT_0622,XR_SHOULDER,/content/drive/MyDrive/MURA-v1.1/train/XR_SHOULDER/patient00854/study1_positive/image1.png
MURA_TT_0623,XR_HAND,/content/drive/MyDrive/MURA-v1.1/train/XR_HAND/patient10104/study1_positive/image2.png
MURA_TT_0624,XR_FOREARM,/content/drive/MyDrive/MURA-v1.1/train/XR_FOREARM/patient09292/study1_positive/image3.png
MURA_TT_0625,XR_WRIST,/content/drive/MyDrive/MURA-v1.1/train/XR_WRIST/patient03777/study1_positive/image1.png
MURA_TT_0626,XR_SHOULDER,/content/drive/MyDrive/MURA-v1.1/train/XR_SHOULDER/patient01412/study1_positive/image4.png
MURA_TT_0627,XR_SHOULDER,/content/drive/MyDrive/MURA-v1.1/train/XR_SHOULDER/patient00574/study1_positive/image3.png
MURA_TT_0628,XR_HUMERUS,/content/drive/MyDrive/MURA-v1.1/train/XR_HUMERUS/patient02802/study1_positive/image3.png
MURA_TT_0629,XR_FINGER,/content/drive/MyDrive/MURA-v1.1/train/XR_FINGER/patient03335/study2_positive/image3.png
MURA_TT_0630,XR_SHOULDER,/content/drive/MyDrive/MURA-v1.1/train/XR_SHOULDER/patient01186/study1_positive/image1.png
MURA_TT_0631,XR_ELBOW,/content/drive/MyDrive/MURA-v1.1/train/XR_ELBOW/patient05071/study1_positive/image1.png
MURA_TT_0632,XR_WRIST,/content/drive/MyDrive/MURA-v1.1/train/XR_WRIST/patient04416/study1_positive/image2.png
MURA_TT_0633,XR_FINGER,/content/drive/MyDrive/MURA-v1.1/train/XR_FINGER/patient03791/study1_positive/image3.png
MURA_TT_0634,XR_HUMERUS,/content/drive/MyDrive/MURA-v1.1/train/XR_HUMERUS/patient02626/study1_positive/image2.png
MURA_TT_0635,XR_ELBOW,/content/drive/MyDrive/MURA-v1.1/train/XR_ELBOW/patient05409/study1_positive/image2.png
MURA_TT_0636,XR_FINGER,/content/drive/MyDrive/MURA-v1.1/train/XR_FINGER/patient03275/study1_positive/image1.png
MURA_TT_0637,XR_WRIST,/content/drive/MyDrive/MURA-v1.1/train/XR_WRIST/patient07237/study1_positive/image1.png
MURA_TT_0638,XR_WRIST,/content/drive/MyDrive/MURA-v1.1/train/XR_WRIST/patient06435/study1_positive/image2.png
MURA_TT_0639,XR_ELBOW,/content/drive/MyDrive/MURA-v1.1/train/XR_ELBOW/patient05141/study1_positive/image1.png
MURA_TT_0640,XR_SHOULDER,/content/drive/MyDrive/MURA-v1.1/train/XR_SHOULDER/patient00298/study1_positive/image1.png
MURA_TT_0641,XR_SHOULDER,/content/drive/MyDrive/MURA-v1.1/train/XR_SHOULDER/patient00769/study1_positive/image1.png
MURA_TT_0642,XR_ELBOW,/content/drive/MyDrive/MURA-v1.1/train/XR_ELBOW/patient05270/study1_positive/image2.png
MURA_TT_0643,XR_FOREARM,/content/drive/MyDrive/MURA-v1.1/train/XR_FOREARM/patient09161/study1_positive/image3.png
MURA_TT_0644,XR_WRIST,/content/drive/MyDrive/MURA-v1.1/train/XR_WRIST/patient06920/study1_positive/image4.png
MURA_TT_0645,XR_WRIST,/content/drive/MyDrive/MURA-v1.1/train/XR_WRIST/patient06941/study1_positive/image2.png
MURA_TT_0646,XR_WRIST,/content/drive/MyDrive/MURA-v1.1/train/XR_WRIST/patient06634/study1_positive/image2.png
MURA_TT_0647,XR_FINGER,/content/drive/MyDrive/MURA-v1.1/train/XR_FINGER/patient03468/study1_positive/image1.png
MURA_TT_0648,XR_FINGER,/content/drive/MyDrive/MURA-v1.1/train/XR_FINGER/patient03579/study1_positive/image3.png
MURA_TT_0649,XR_HUMERUS,/content/drive/MyDrive/MURA-v1.1/train/XR_HUMERUS/patient02743/study1_positive/image2.png
MURA_TT_0650,XR_HUMERUS,/content/drive/MyDrive/MURA-v1.1/train/XR_HUMERUS/patient02922/study1_positive/image2.png
MURA_TT_0651,XR_WRIST,/content/drive/MyDrive/MURA-v1.1/train/XR_WRIST/patient06392/study1_positive/image2.png
MURA_TT_0652,XR_SHOULDER,/content/drive/MyDrive/MURA-v1.1/train/XR_SHOULDER/patient01179/study1_positive/image3.png
MURA_TT_0653,XR_HUMERUS,/content/drive/MyDrive/MURA-v1.1/train/XR_HUMERUS/patient02911/study1_positive/image1.png
MURA_TT_0654,XR_HUMERUS,/content/drive/MyDrive/MURA-v1.1/train/XR_HUMERUS/patient02710/study1_positive/image1.png
MURA_TT_0655,XR_WRIST,/content/drive/MyDrive/MURA-v1.1/train/XR_WRIST/patient07274/study1_positive/image1.png
MURA_TT_0656,XR_ELBOW,/content/drive/MyDrive/MURA-v1.1/train/XR_ELBOW/patient05218/study1_positive/image1.png
MURA_TT_0657,XR_SHOULDER,/content/drive/MyDrive/MURA-v1.1/train/XR_SHOULDER/patient00530/study2_positive/image3.png
MURA_TT_0658,XR_WRIST,/content/drive/MyDrive/MURA-v1.1/train/XR_WRIST/patient06826/study1_positive/image1.png
MURA_TT_0659,XR_FINGER,/content/drive/MyDrive/MURA-v1.1/train/XR_FINGER/patient03719/study1_positive/image1.png
MURA_TT_0660,XR_FINGER,/content/drive/MyDrive/MURA-v1.1/train/XR_FINGER/patient03385/study1_positive/image2.png
MURA_TT_0661,XR_ELBOW,/content/drive/MyDrive/MURA-v1.1/train/XR_ELBOW/patient05458/study1_positive/image1.png
MURA_TT_0662,XR_HAND,/content/drive/MyDrive/MURA-v1.1/train/XR_HAND/patient09810/study1_positive/image2.png
MURA_TT_0663,XR_HUMERUS,/content/drive/MyDrive/MURA-v1.1/train/XR_HUMERUS/patient02885/study1_positive/image2.png
MURA_TT_0664,XR_FINGER,/content/drive/MyDrive/MURA-v1.1/train/XR_FINGER/patient03323/study1_positive/image2.png
MURA_TT_0665,XR_HUMERUS,/content/drive/MyDrive/MURA-v1.1/train/XR_HUMERUS/patient02871/study1_positive/image2.png
MURA_TT_0666,XR_WRIST,/content/drive/MyDrive/MURA-v1.1/train/XR_WRIST/patient00990/study1_positive/image1.png
MURA_TT_0667,XR_ELBOW,/content/drive/MyDrive/MURA-v1.1/train/XR_ELBOW/patient04936/study1_positive/image1.png
MURA_TT_0668,XR_WRIST,/content/drive/MyDrive/MURA-v1.1/train/XR_WRIST/patient06461/study1_positive/image3.png
MURA_TT_0669,XR_FINGER,/content/drive/MyDrive/MURA-v1.1/train/XR_FINGER/patient01179/study1_positive/image2.png
MURA_TT_0670,XR_ELBOW,/content/drive/MyDrive/MURA-v1.1/train/XR_ELBOW/patient05327/study1_positive/image3.png
MURA_TT_0671,XR_HAND,/content/drive/MyDrive/MURA-v1.1/train/XR_HAND/patient09866/study1_positive/image3.png
MURA_TT_0672,XR_SHOULDER,/content/drive/MyDrive/MURA-v1.1/train/XR_SHOULDER/patient00777/study1_positive/image4.png
MURA_TT_0673,XR_HAND,/content/drive/MyDrive/MURA-v1.1/train/XR_HAND/patient10051/study1_positive/image2.png
MURA_TT_0674,XR_HAND,/content/drive/MyDrive/MURA-v1.1/train/XR_HAND/patient10078/study1_positive/image2.png
MURA_TT_0675,XR_FINGER,/content/drive/MyDrive/MURA-v1.1/train/XR_FINGER/patient03644/study1_positive/image3.png
MURA_TT_0676,XR_FINGER,/content/drive/MyDrive/MURA-v1.1/train/XR_FINGER/patient03740/study1_positive/image4.png
MURA_TT_0677,XR_SHOULDER,/content/drive/MyDrive/MURA-v1.1/train/XR_SHOULDER/patient00026/study1_positive/image1.png
MURA_TT_0678,XR_FINGER,/content/drive/MyDrive/MURA-v1.1/train/XR_FINGER/patient03725/study1_positive/image3.png
MURA_TT_0679,XR_HAND,/content/drive/MyDrive/MURA-v1.1/train/XR_HAND/patient09859/study1_positive/image1.png
MURA_TT_0680,XR_WRIST,/content/drive/MyDrive/MURA-v1.1/train/XR_WRIST/patient06481/study1_positive/image2.png
MURA_TT_0681,XR_SHOULDER,/content/drive/MyDrive/MURA-v1.1/train/XR_SHOULDER/patient00441/study1_positive/image2.png
MURA_TT_0682,XR_HUMERUS,/content/drive/MyDrive/MURA-v1.1/train/XR_HUMERUS/patient02916/study1_positive/image1.png
MURA_TT_0683,XR_FOREARM,/content/drive/MyDrive/MURA-v1.1/train/XR_FOREARM/patient09153/study1_positive/image3.png
MURA_TT_0684,XR_WRIST,/content/drive/MyDrive/MURA-v1.1/train/XR_WRIST/patient07300/study1_positive/image3.png
MURA_TT_0685,XR_WRIST,/content/drive/MyDrive/MURA-v1.1/train/XR_WRIST/patient07027/study1_positive/image3.png
MURA_TT_0686,XR_WRIST,/content/drive/MyDrive/MURA-v1.1/train/XR_WRIST/patient00512/study1_positive/image3.png
MURA_TT_0687,XR_WRIST,/content/drive/MyDrive/MURA-v1.1/train/XR_WRIST/patient06606/study1_positive/image7.png
MURA_TT_0688,XR_SHOULDER,/content/drive/MyDrive/MURA-v1.1/train/XR_SHOULDER/patient00306/study1_positive/image2.png
MURA_TT_0689,XR_SHOULDER,/content/drive/MyDrive/MURA-v1.1/train/XR_SHOULDER/patient00355/study1_positive/image2.png
MURA_TT_0690,XR_WRIST,/content/drive/MyDrive/MURA-v1.1/train/XR_WRIST/patient06504/study1_positive/image1.png
MURA_TT_0691,XR_FINGER,/content/drive/MyDrive/MURA-v1.1/train/XR_FINGER/patient03749/study1_positive/image3.png
MURA_TT_0692,XR_FINGER,/content/drive/MyDrive/MURA-v1.1/train/XR_FINGER/patient03389/study1_positive/image3.png
MURA_TT_0693,XR_HAND,/content/drive/MyDrive/MURA-v1.1/train/XR_HAND/patient04952/study1_positive/image2.png
MURA_TT_0694,XR_HUMERUS,/content/drive/MyDrive/MURA-v1.1/train/XR_HUMERUS/patient02843/study1_positive/image2.png
MURA_TT_0695,XR_SHOULDER,/content/drive/MyDrive/MURA-v1.1/train/XR_SHOULDER/patient01276/study1_positive/image3.png
MURA_TT_0696,XR_WRIST,/content/drive/MyDrive/MURA-v1.1/train/XR_WRIST/patient07418/study1_positive/image3.png
MURA_TT_0697,XR_ELBOW,/content/drive/MyDrive/MURA-v1.1/train/XR_ELBOW/patient05106/study1_positive/image1.png
MURA_TT_0698,XR_SHOULDER,/content/drive/MyDrive/MURA-v1.1/train/XR_SHOULDER/patient00313/study1_positive/image2.png
MURA_TT_0699,XR_FOREARM,/content/drive/MyDrive/MURA-v1.1/train/XR_FOREARM/patient09153/study1_positive/image5.png
MURA_TT_0700,XR_ELBOW,/content/drive/MyDrive/MURA-v1.1/train/XR_ELBOW/patient05102/study1_positive/image5.png
MURA_TT_0701,XR_WRIST,/content/drive/MyDrive/MURA-v1.1/train/XR_WRIST/patient07084/study1_positive/image1.png
MURA_TT_0702,XR_WRIST,/content/drive/MyDrive/MURA-v1.1/train/XR_WRIST/patient06799/study1_positive/image2.png
MURA_TT_0703,XR_FINGER,/content/drive/MyDrive/MURA-v1.1/train/XR_FINGER/patient03430/study1_positive/image1.png
MURA_TT_0704,XR_WRIST,/content/drive/MyDrive/MURA-v1.1/train/XR_WRIST/patient06937/study1_positive/image2.png
MURA_TT_0705,XR_ELBOW,/content/drive/MyDrive/MURA-v1.1/train/XR_ELBOW/patient04992/study1_positive/image1.png
MURA_TT_0706,XR_SHOULDER,/content/drive/MyDrive/MURA-v1.1/train/XR_SHOULDER/patient00529/study1_positive/image1.png
MURA_TT_0707,XR_FOREARM,/content/drive/MyDrive/MURA-v1.1/train/XR_FOREARM/patient04307/study1_positive/image2.png
MURA_TT_0708,XR_FOREARM,/content/drive/MyDrive/MURA-v1.1/train/XR_FOREARM/patient08872/study1_positive/image2.png
MURA_TT_0709,XR_ELBOW,/content/drive/MyDrive/MURA-v1.1/train/XR_ELBOW/patient04910/study1_positive/image2.png
MURA_TT_0710,XR_ELBOW,/content/drive/MyDrive/MURA-v1.1/train/XR_ELBOW/patient05054/study1_positive/image4.png
MURA_TT_0711,XR_HAND,/content/drive/MyDrive/MURA-v1.1/train/XR_HAND/patient10005/study1_positive/image3.png
MURA_TT_0712,XR_SHOULDER,/content/drive/MyDrive/MURA-v1.1/train/XR_SHOULDER/patient01260/study1_positive/image1.png
MURA_TT_0713,XR_HUMERUS,/content/drive/MyDrive/MURA-v1.1/train/XR_HUMERUS/patient02873/study1_positive/image1.png
MURA_TT_0714,XR_ELBOW,/content/drive/MyDrive/MURA-v1.1/train/XR_ELBOW/patient04903/study1_positive/image1.png
MURA_TT_0715,XR_HAND,/content/drive/MyDrive/MURA-v1.1/train/XR_HAND/patient09869/study1_positive/image3.png
MURA_TT_0716,XR_FOREARM,/content/drive/MyDrive/MURA-v1.1/train/XR_FOREARM/patient09220/study1_positive/image2.png
MURA_TT_0717,XR_SHOULDER,/content/drive/MyDrive/MURA-v1.1/train/XR_SHOULDER/patient00734/study1_positive/image1.png
MURA_TT_0718,XR_ELBOW,/content/drive/MyDrive/MURA-v1.1/train/XR_ELBOW/patient05402/study1_positive/image3.png
MURA_TT_0719,XR_FINGER,/content/drive/MyDrive/MURA-v1.1/train/XR_FINGER/patient03443/study1_positive/image3.png
MURA_TT_0720,XR_SHOULDER,/content/drive/MyDrive/MURA-v1.1/train/XR_SHOULDER/patient00860/study1_positive/image2.png
MURA_TT_0721,XR_FINGER,/content/drive/MyDrive/MURA-v1.1/train/XR_FINGER/patient03387/study1_positive/image1.png
MURA_TT_0722,XR_SHOULDER,/content/drive/MyDrive/MURA-v1.1/train/XR_SHOULDER/patient00085/study1_positive/image2.png
MURA_TT_0723,XR_FINGER,/content/drive/MyDrive/MURA-v1.1/train/XR_FINGER/patient03267/study1_positive/image2.png
MURA_TT_0724,XR_SHOULDER,/content/drive/MyDrive/MURA-v1.1/train/XR_SHOULDER/patient00884/study1_positive/image1.png
MURA_TT_0725,XR_SHOULDER,/content/drive/MyDrive/MURA-v1.1/train/XR_SHOULDER/patient01324/study1_positive/image4.png
MURA_TT_0726,XR_FOREARM,/content/drive/MyDrive/MURA-v1.1/train/XR_FOREARM/patient09120/study1_positive/image1.png
MURA_TT_0727,XR_ELBOW,/content/drive/MyDrive/MURA-v1.1/train/XR_ELBOW/patient05030/study1_positive/image1.png
MURA_TT_0728,XR_HAND,/content/drive/MyDrive/MURA-v1.1/train/XR_HAND/patient07937/study1_positive/image3.png
MURA_TT_0729,XR_FOREARM,/content/drive/MyDrive/MURA-v1.1/train/XR_FOREARM/patient09138/study1_positive/image1.png
MURA_TT_0730,XR_HUMERUS,/content/drive/MyDrive/MURA-v1.1/train/XR_HUMERUS/patient01048/study1_positive/image2.png
MURA_TT_0731,XR_ELBOW,/content/drive/MyDrive/MURA-v1.1/train/XR_ELBOW/patient05154/study1_positive/image1.png
MURA_TT_0732,XR_HAND,/content/drive/MyDrive/MURA-v1.1/train/XR_HAND/patient09751/study1_positive/image1.png
MURA_TT_0733,XR_FINGER,/content/drive/MyDrive/MURA-v1.1/train/XR_FINGER/patient03350/study1_positive/image3.png
MURA_TT_0734,XR_FOREARM,/content/drive/MyDrive/MURA-v1.1/train/XR_FOREARM/patient00297/study1_positive/image2.png
MURA_TT_0735,XR_HUMERUS,/content/drive/MyDrive/MURA-v1.1/train/XR_HUMERUS/patient02750/study1_positive/image1.png
MURA_TT_0736,XR_FOREARM,/content/drive/MyDrive/MURA-v1.1/train/XR_FOREARM/patient09142/study1_positive/image2.png
MURA_TT_0737,XR_SHOULDER,/content/drive/MyDrive/MURA-v1.1/train/XR_SHOULDER/patient00165/study1_positive/image1.png
MURA_TT_0738,XR_SHOULDER,/content/drive/MyDrive/MURA-v1.1/train/XR_SHOULDER/patient01136/study1_positive/image4.png
MURA_TT_0739,XR_FINGER,/content/drive/MyDrive/MURA-v1.1/train/XR_FINGER/patient03753/study1_positive/image3.png
MURA_TT_0740,XR_FOREARM,/content/drive/MyDrive/MURA-v1.1/train/XR_FOREARM/patient09121/study1_positive/image2.png
MURA_TT_0741,XR_ELBOW,/content/drive/MyDrive/MURA-v1.1/train/XR_ELBOW/patient05390/study1_positive/image4.png
MURA_TT_0742,XR_SHOULDER,/content/drive/MyDrive/MURA-v1.1/train/XR_SHOULDER/patient00927/study1_positive/image4.png
MURA_TT_0743,XR_FINGER,/content/drive/MyDrive/MURA-v1.1/train/XR_FINGER/patient01875/study1_positive/image2.png
MURA_TT_0744,XR_ELBOW,/content/drive/MyDrive/MURA-v1.1/train/XR_ELBOW/patient05440/study1_positive/image1.png
MURA_TT_0745,XR_ELBOW,/content/drive/MyDrive/MURA-v1.1/train/XR_ELBOW/patient05434/study1_positive/image1.png
MURA_TT_0746,XR_FINGER,/content/drive/MyDrive/MURA-v1.1/train/XR_FINGER/patient03733/study1_positive/image1.png
MURA_TT_0747,XR_ELBOW,/content/drive/MyDrive/MURA-v1.1/train/XR_ELBOW/patient05290/study1_positive/image1.png
MURA_TT_0748,XR_HAND,/content/drive/MyDrive/MURA-v1.1/train/XR_HAND/patient10002/study1_positive/image1.png
MURA_TT_0749,XR_SHOULDER,/content/drive/MyDrive/MURA-v1.1/train/XR_SHOULDER/patient00629/study1_positive/image4.png
MURA_TT_0750,XR_SHOULDER,/content/drive/MyDrive/MURA-v1.1/train/XR_SHOULDER/patient01176/study1_positive/image3.png
MURA_TT_0751,XR_SHOULDER,/content/drive/MyDrive/MURA-v1.1/train/XR_SHOULDER/patient01142/study1_positive/image4.png
MURA_TT_0752,XR_SHOULDER,/content/drive/MyDrive/MURA-v1.1/train/XR_SHOULDER/patient00172/study1_positive/image4.png
MURA_TT_0753,XR_WRIST,/content/drive/MyDrive/MURA-v1.1/train/XR_WRIST/patient06474/study1_positive/image1.png
MURA_TT_0754,XR_FINGER,/content/drive/MyDrive/MURA-v1.1/train/XR_FINGER/patient03713/study1_positive/image3.png
MURA_TT_0755,XR_WRIST,/content/drive/MyDrive/MURA-v1.1/train/XR_WRIST/patient06414/study1_positive/image4.png
MURA_TT_0756,XR_ELBOW,/content/drive/MyDrive/MURA-v1.1/train/XR_ELBOW/patient05306/study1_positive/image3.png
MURA_TT_0757,XR_HUMERUS,/content/drive/MyDrive/MURA-v1.1/train/XR_HUMERUS/patient02815/study1_positive/image1.png
MURA_TT_0758,XR_WRIST,/content/drive/MyDrive/MURA-v1.1/train/XR_WRIST/patient03622/study1_positive/image1.png
MURA_TT_0759,XR_HAND,/content/drive/MyDrive/MURA-v1.1/train/XR_HAND/patient10034/study1_positive/image1.png
MURA_TT_0760,XR_SHOULDER,/content/drive/MyDrive/MURA-v1.1/train/XR_SHOULDER/patient00662/study1_positive/image1.png
MURA_TT_0761,XR_WRIST,/content/drive/MyDrive/MURA-v1.1/train/XR_WRIST/patient06609/study1_positive/image2.png
MURA_TT_0762,XR_FINGER,/content/drive/MyDrive/MURA-v1.1/train/XR_FINGER/patient03533/study1_positive/image3.png
MURA_TT_0763,XR_FINGER,/content/drive/MyDrive/MURA-v1.1/train/XR_FINGER/patient03319/study1_positive/image3.png
MURA_TT_0764,XR_SHOULDER,/content/drive/MyDrive/MURA-v1.1/train/XR_SHOULDER/patient00499/study1_positive/image1.png
MURA_TT_0765,XR_WRIST,/content/drive/MyDrive/MURA-v1.1/train/XR_WRIST/patient06555/study1_positive/image1.png
MURA_TT_0766,XR_HUMERUS,/content/drive/MyDrive/MURA-v1.1/train/XR_HUMERUS/patient02889/study1_positive/image1.png
MURA_TT_0767,XR_WRIST,/content/drive/MyDrive/MURA-v1.1/train/XR_WRIST/patient07399/study1_positive/image2.png
MURA_TT_0768,XR_SHOULDER,/content/drive/MyDrive/MURA-v1.1/train/XR_SHOULDER/patient01213/study1_positive/image4.png
MURA_TT_0769,XR_FOREARM,/content/drive/MyDrive/MURA-v1.1/train/XR_FOREARM/patient09088/study1_positive/image1.png
MURA_TT_0770,XR_SHOULDER,/content/drive/MyDrive/MURA-v1.1/train/XR_SHOULDER/patient01400/study1_positive/image1.png
MURA_TT_0771,XR_ELBOW,/content/drive/MyDrive/MURA-v1.1/train/XR_ELBOW/patient05321/study1_positive/image3.png
MURA_TT_0772,XR_SHOULDER,/content/drive/MyDrive/MURA-v1.1/train/XR_SHOULDER/patient01332/study1_positive/image1.png
MURA_TT_0773,XR_HUMERUS,/content/drive/MyDrive/MURA-v1.1/train/XR_HUMERUS/patient02825/study1_positive/image1.png
MURA_TT_0774,XR_SHOULDER,/content/drive/MyDrive/MURA-v1.1/train/XR_SHOULDER/patient01224/study1_positive/image3.png
MURA_TT_0775,XR_FINGER,/content/drive/MyDrive/MURA-v1.1/train/XR_FINGER/patient03413/study1_positive/image3.png
MURA_TT_0776,XR_FINGER,/content/drive/MyDrive/MURA-v1.1/train/XR_FINGER/patient03621/study1_positive/image3.png
MURA_TT_0777,XR_WRIST,/content/drive/MyDrive/MURA-v1.1/train/XR_WRIST/patient07026/study1_positive/image4.png
MURA_TT_0778,XR_SHOULDER,/content/drive/MyDrive/MURA-v1.1/train/XR_SHOULDER/patient00531/study1_positive/image1.png
MURA_TT_0779,XR_FINGER,/content/drive/MyDrive/MURA-v1.1/train/XR_FINGER/patient03304/study1_positive/image2.png
MURA_TT_0780,XR_FINGER,/content/drive/MyDrive/MURA-v1.1/train/XR_FINGER/patient03510/study1_positive/image3.png
MURA_TT_0781,XR_FOREARM,/content/drive/MyDrive/MURA-v1.1/train/XR_FOREARM/patient09175/study1_positive/image1.png
MURA_TT_0782,XR_FINGER,/content/drive/MyDrive/MURA-v1.1/train/XR_FINGER/patient03311/study1_positive/image1.png
MURA_TT_0783,XR_FOREARM,/content/drive/MyDrive/MURA-v1.1/train/XR_FOREARM/patient09119/study1_positive/image2.png
MURA_TT_0784,XR_HAND,/content/drive/MyDrive/MURA-v1.1/train/XR_HAND/patient08675/study1_positive/image1.png
MURA_TT_0785,XR_ELBOW,/content/drive/MyDrive/MURA-v1.1/train/XR_ELBOW/patient05380/study1_positive/image2.png
MURA_TT_0786,XR_SHOULDER,/content/drive/MyDrive/MURA-v1.1/train/XR_SHOULDER/patient00222/study1_positive/image4.png
MURA_TT_0787,XR_FOREARM,/content/drive/MyDrive/MURA-v1.1/train/XR_FOREARM/patient09203/study1_positive/image1.png
MURA_TT_0788,XR_HAND,/content/drive/MyDrive/MURA-v1.1/train/XR_HAND/patient10091/study1_positive/image3.png
MURA_TT_0789,XR_SHOULDER,/content/drive/MyDrive/MURA-v1.1/train/XR_SHOULDER/patient01015/study1_positive/image4.png
MURA_TT_0790,XR_HAND,/content/drive/MyDrive/MURA-v1.1/train/XR_HAND/patient03959/study1_positive/image1.png
MURA_TT_0791,XR_SHOULDER,/content/drive/MyDrive/MURA-v1.1/train/XR_SHOULDER/patient00051/study1_positive/image2.png
MURA_TT_0792,XR_WRIST,/content/drive/MyDrive/MURA-v1.1/train/XR_WRIST/patient07199/study1_positive/image5.png
MURA_TT_0793,XR_HAND,/content/drive/MyDrive/MURA-v1.1/train/XR_HAND/patient09950/study1_positive/image2.png
MURA_TT_0794,XR_HUMERUS,/content/drive/MyDrive/MURA-v1.1/train/XR_HUMERUS/patient02753/study1_positive/image1.png
MURA_TT_0795,XR_FINGER,/content/drive/MyDrive/MURA-v1.1/train/XR_FINGER/patient03548/study1_positive/image2.png
MURA_TT_0796,XR_HAND,/content/drive/MyDrive/MURA-v1.1/train/XR_HAND/patient05277/study1_positive/image2.png
MURA_TT_0797,XR_FINGER,/content/drive/MyDrive/MURA-v1.1/train/XR_FINGER/patient03620/study1_positive/image2.png
MURA_TT_0798,XR_SHOULDER,/content/drive/MyDrive/MURA-v1.1/train/XR_SHOULDER/patient00404/study1_positive/image2.png
MURA_TT_0799,XR_SHOULDER,/content/drive/MyDrive/MURA-v1.1/train/XR_SHOULDER/patient00316/study1_positive/image4.png
MURA_TT_0800,XR_FINGER,/content/drive/MyDrive/MURA-v1.1/train/XR_FINGER/patient03780/study1_positive/image1.png
MURA_TT_0801,XR_HAND,/content/drive/MyDrive/MURA-v1.1/train/XR_HAND/patient09903/study1_positive/image2.png
MURA_TT_0802,XR_HUMERUS,/content/drive/MyDrive/MURA-v1.1/train/XR_HUMERUS/patient02788/study1_positive/image2.png
MURA_TT_0803,XR_ELBOW,/content/drive/MyDrive/MURA-v1.1/train/XR_ELBOW/patient05048/study1_positive/image3.png
MURA_TT_0804,XR_ELBOW,/content/drive/MyDrive/MURA-v1.1/train/XR_ELBOW/patient01292/study1_positive/image3.png
MURA_TT_0805,XR_WRIST,/content/drive/MyDrive/MURA-v1.1/train/XR_WRIST/patient06824/study1_positive/image1.png
MURA_TT_0806,XR_HAND,/content/drive/MyDrive/MURA-v1.1/train/XR_HAND/patient10027/study1_positive/image3.png
MURA_TT_0807,XR_FINGER,/content/drive/MyDrive/MURA-v1.1/train/XR_FINGER/patient03538/study1_positive/image2.png
MURA_TT_0808,XR_WRIST,/content/drive/MyDrive/MURA-v1.1/train/XR_WRIST/patient06659/study1_positive/image1.png
MURA_TT_0809,XR_FOREARM,/content/drive/MyDrive/MURA-v1.1/train/XR_FOREARM/patient09237/study1_positive/image1.png
MURA_TT_0810,XR_HAND,/content/drive/MyDrive/MURA-v1.1/train/XR_HAND/patient06561/study1_positive/image1.png
MURA_TT_0811,XR_WRIST,/content/drive/MyDrive/MURA-v1.1/train/XR_WRIST/patient06793/study1_positive/image3.png
MURA_TT_0812,XR_ELBOW,/content/drive/MyDrive/MURA-v1.1/train/XR_ELBOW/patient05368/study1_positive/image2.png
MURA_TT_0813,XR_SHOULDER,/content/drive/MyDrive/MURA-v1.1/train/XR_SHOULDER/patient01414/study1_positive/image4.png
MURA_TT_0814,XR_ELBOW,/content/drive/MyDrive/MURA-v1.1/train/XR_ELBOW/patient05174/study1_positive/image2.png
MURA_TT_0815,XR_WRIST,/content/drive/MyDrive/MURA-v1.1/train/XR_WRIST/patient05623/study1_positive/image1.png
MURA_TT_0816,XR_SHOULDER,/content/drive/MyDrive/MURA-v1.1/train/XR_SHOULDER/patient01245/study1_positive/image1.png
MURA_TT_0817,XR_WRIST,/content/drive/MyDrive/MURA-v1.1/train/XR_WRIST/patient07153/study1_positive/image2.png
MURA_TT_0818,XR_SHOULDER,/content/drive/MyDrive/MURA-v1.1/train/XR_SHOULDER/patient00126/study1_positive/image2.png
MURA_TT_0819,XR_SHOULDER,/content/drive/MyDrive/MURA-v1.1/train/XR_SHOULDER/patient00153/study1_positive/image2.png
MURA_TT_0820,XR_SHOULDER,/content/drive/MyDrive/MURA-v1.1/train/XR_SHOULDER/patient00432/study1_positive/image3.png
MURA_TT_0821,XR_WRIST,/content/drive/MyDrive/MURA-v1.1/train/XR_WRIST/patient01869/study1_positive/image2.png
MURA_TT_0822,XR_FOREARM,/content/drive/MyDrive/MURA-v1.1/train/XR_FOREARM/patient09269/study1_positive/image1.png
MURA_TT_0823,XR_WRIST,/content/drive/MyDrive/MURA-v1.1/train/XR_WRIST/patient07223/study1_positive/image1.png
MURA_TT_0824,XR_HAND,/content/drive/MyDrive/MURA-v1.1/train/XR_HAND/patient10117/study1_positive/image4.png
MURA_TT_0825,XR_HAND,/content/drive/MyDrive/MURA-v1.1/train/XR_HAND/patient00218/study1_positive/image2.png
MURA_TT_0826,XR_ELBOW,/content/drive/MyDrive/MURA-v1.1/train/XR_ELBOW/patient05158/study1_positive/image1.png
MURA_TT_0827,XR_WRIST,/content/drive/MyDrive/MURA-v1.1/train/XR_WRIST/patient02100/study1_positive/image1.png
MURA_TT_0828,XR_SHOULDER,/content/drive/MyDrive/MURA-v1.1/train/XR_SHOULDER/patient00112/study1_positive/image5.png
MURA_TT_0829,XR_FINGER,/content/drive/MyDrive/MURA-v1.1/train/XR_FINGER/patient03542/study1_positive/image2.png
MURA_TT_0830,XR_HAND,/content/drive/MyDrive/MURA-v1.1/train/XR_HAND/patient10130/study1_positive/image3.png
MURA_TT_0831,XR_SHOULDER,/content/drive/MyDrive/MURA-v1.1/train/XR_SHOULDER/patient00067/study1_positive/image3.png
MURA_TT_0832,XR_FINGER,/content/drive/MyDrive/MURA-v1.1/train/XR_FINGER/patient01645/study1_positive/image2.png
MURA_TT_0833,XR_HAND,/content/drive/MyDrive/MURA-v1.1/train/XR_HAND/patient01931/study1_positive/image3.png
MURA_TT_0834,XR_FOREARM,/content/drive/MyDrive/MURA-v1.1/train/XR_FOREARM/patient09166/study1_positive/image1.png
MURA_TT_0835,XR_HAND,/content/drive/MyDrive/MURA-v1.1/train/XR_HAND/patient09805/study1_positive/image3.png
MURA_TT_0836,XR_HAND,/content/drive/MyDrive/MURA-v1.1/train/XR_HAND/patient03060/study1_positive/image3.png
MURA_TT_0837,XR_ELBOW,/content/drive/MyDrive/MURA-v1.1/train/XR_ELBOW/patient04955/study1_positive/image1.png
MURA_TT_0838,XR_SHOULDER,/content/drive/MyDrive/MURA-v1.1/train/XR_SHOULDER/patient00756/study1_positive/image1.png
MURA_TT_0839,XR_FINGER,/content/drive/MyDrive/MURA-v1.1/train/XR_FINGER/patient03686/study1_positive/image2.png
MURA_TT_0840,XR_HUMERUS,/content/drive/MyDrive/MURA-v1.1/train/XR_HUMERUS/patient01344/study1_positive/image1.png
MURA_TT_0841,XR_HAND,/content/drive/MyDrive/MURA-v1.1/train/XR_HAND/patient09806/study2_positive/image2.png
MURA_TT_0842,XR_HAND,/content/drive/MyDrive/MURA-v1.1/train/XR_HAND/patient09937/study1_positive/image3.png
MURA_TT_0843,XR_WRIST,/content/drive/MyDrive/MURA-v1.1/train/XR_WRIST/patient06585/study1_positive/image1.png
MURA_TT_0844,XR_HAND,/content/drive/MyDrive/MURA-v1.1/train/XR_HAND/patient10102/study1_positive/image2.png
MURA_TT_0845,XR_HAND,/content/drive/MyDrive/MURA-v1.1/train/XR_HAND/patient09918/study1_positive/image3.png
MURA_TT_0846,XR_FOREARM,/content/drive/MyDrive/MURA-v1.1/train/XR_FOREARM/patient09217/study1_positive/image1.png
MURA_TT_0847,XR_ELBOW,/content/drive/MyDrive/MURA-v1.1/train/XR_ELBOW/patient05108/study1_positive/image3.png
MURA_TT_0848,XR_WRIST,/content/drive/MyDrive/MURA-v1.1/train/XR_WRIST/patient06890/study1_positive/image2.png
MURA_TT_0849,XR_SHOULDER,/content/drive/MyDrive/MURA-v1.1/train/XR_SHOULDER/patient00708/study1_positive/image3.png
MURA_TT_0850,XR_ELBOW,/content/drive/MyDrive/MURA-v1.1/train/XR_ELBOW/patient05413/study1_positive/image2.png
MURA_TT_0851,XR_HUMERUS,/content/drive/MyDrive/MURA-v1.1/train/XR_HUMERUS/patient02768/study1_positive/image2.png
MURA_TT_0852,XR_HUMERUS,/content/drive/MyDrive/MURA-v1.1/train/XR_HUMERUS/patient02839/study1_positive/image2.png
MURA_TT_0853,XR_HAND,/content/drive/MyDrive/MURA-v1.1/train/XR_HAND/patient07140/study1_positive/image3.png
MURA_TT_0854,XR_FOREARM,/content/drive/MyDrive/MURA-v1.1/train/XR_FOREARM/patient09263/study1_positive/image2.png
MURA_TT_0855,XR_FINGER,/content/drive/MyDrive/MURA-v1.1/train/XR_FINGER/patient03297/study1_positive/image3.png
MURA_TT_0856,XR_SHOULDER,/content/drive/MyDrive/MURA-v1.1/train/XR_SHOULDER/patient00588/study1_positive/image3.png
MURA_TT_0857,XR_WRIST,/content/drive/MyDrive/MURA-v1.1/train/XR_WRIST/patient06915/study1_positive/image4.png
MURA_TT_0858,XR_FOREARM,/content/drive/MyDrive/MURA-v1.1/train/XR_FOREARM/patient09276/study1_positive/image2.png
MURA_TT_0859,XR_ELBOW,/content/drive/MyDrive/MURA-v1.1/train/XR_ELBOW/patient05362/study1_positive/image3.png
MURA_TT_0860,XR_WRIST,/content/drive/MyDrive/MURA-v1.1/train/XR_WRIST/patient06773/study1_positive/image1.png
MURA_TT_0861,XR_HAND,/content/drive/MyDrive/MURA-v1.1/train/XR_HAND/patient09878/study1_positive/image3.png
MURA_TT_0862,XR_FINGER,/content/drive/MyDrive/MURA-v1.1/train/XR_FINGER/patient03561/study1_positive/image1.png
MURA_TT_0863,XR_ELBOW,/content/drive/MyDrive/MURA-v1.1/train/XR_ELBOW/patient05289/study1_positive/image3.png
MURA_TT_0864,XR_HUMERUS,/content/drive/MyDrive/MURA-v1.1/train/XR_HUMERUS/patient02729/study1_positive/image2.png
MURA_TT_0865,XR_SHOULDER,/content/drive/MyDrive/MURA-v1.1/train/XR_SHOULDER/patient00318/study1_positive/image3.png
MURA_TT_0866,XR_ELBOW,/content/drive/MyDrive/MURA-v1.1/train/XR_ELBOW/patient04975/study1_positive/image1.png
MURA_TT_0867,XR_FINGER,/content/drive/MyDrive/MURA-v1.1/train/XR_FINGER/patient03697/study1_positive/image3.png
MURA_TT_0868,XR_WRIST,/content/drive/MyDrive/MURA-v1.1/train/XR_WRIST/patient01497/study1_positive/image3.png
MURA_TT_0869,XR_FINGER,/content/drive/MyDrive/MURA-v1.1/train/XR_FINGER/patient03377/study1_positive/image1.png
MURA_TT_0870,XR_WRIST,/content/drive/MyDrive/MURA-v1.1/train/XR_WRIST/patient06535/study1_positive/image1.png
MURA_TT_0871,XR_FOREARM,/content/drive/MyDrive/MURA-v1.1/train/XR_FOREARM/patient09294/study1_positive/image1.png
MURA_TT_0872,XR_SHOULDER,/content/drive/MyDrive/MURA-v1.1/train/XR_SHOULDER/patient00170/study1_positive/image1.png
MURA_TT_0873,XR_WRIST,/content/drive/MyDrive/MURA-v1.1/train/XR_WRIST/patient06431/study1_positive/image3.png
MURA_TT_0874,XR_SHOULDER,/content/drive/MyDrive/MURA-v1.1/train/XR_SHOULDER/patient01377/study1_positive/image2.png
MURA_TT_0875,XR_FINGER,/content/drive/MyDrive/MURA-v1.1/train/XR_FINGER/patient03325/study1_positive/image2.png
MURA_TT_0876,XR_FOREARM,/content/drive/MyDrive/MURA-v1.1/train/XR_FOREARM/patient09254/study1_positive/image1.png
MURA_TT_0877,XR_ELBOW,/content/drive/MyDrive/MURA-v1.1/train/XR_ELBOW/patient05277/study1_positive/image1.png
MURA_TT_0878,XR_FINGER,/content/drive/MyDrive/MURA-v1.1/train/XR_FINGER/patient03547/study1_positive/image2.png
MURA_TT_0879,XR_FOREARM,/content/drive/MyDrive/MURA-v1.1/train/XR_FOREARM/patient09084/study1_positive/image1.png
MURA_TT_0880,XR_SHOULDER,/content/drive/MyDrive/MURA-v1.1/train/XR_SHOULDER/patient00075/study1_positive/image2.png
MURA_TT_0881,XR_WRIST,/content/drive/MyDrive/MURA-v1.1/train/XR_WRIST/patient07193/study1_positive/image2.png
MURA_TT_0882,XR_SHOULDER,/content/drive/MyDrive/MURA-v1.1/train/XR_SHOULDER/patient00256/study1_positive/image2.png
MURA_TT_0883,XR_WRIST,/content/drive/MyDrive/MURA-v1.1/train/XR_WRIST/patient06694/study1_positive/image3.png
MURA_TT_0884,XR_HUMERUS,/content/drive/MyDrive/MURA-v1.1/train/XR_HUMERUS/patient02835/study1_positive/image1.png
MURA_TT_0885,XR_HAND,/content/drive/MyDrive/MURA-v1.1/train/XR_HAND/patient10011/study1_positive/image3.png
MURA_TT_0886,XR_WRIST,/content/drive/MyDrive/MURA-v1.1/train/XR_WRIST/patient06950/study1_positive/image2.png
MURA_TT_0887,XR_HUMERUS,/content/drive/MyDrive/MURA-v1.1/train/XR_HUMERUS/patient02771/study1_positive/image1.png
MURA_TT_0888,XR_SHOULDER,/content/drive/MyDrive/MURA-v1.1/train/XR_SHOULDER/patient00344/study1_positive/image2.png
MURA_TT_0889,XR_FOREARM,/content/drive/MyDrive/MURA-v1.1/train/XR_FOREARM/patient09202/study1_positive/image1.png
MURA_TT_0890,XR_ELBOW,/content/drive/MyDrive/MURA-v1.1/train/XR_ELBOW/patient05344/study1_positive/image2.png
MURA_TT_0891,XR_SHOULDER,/content/drive/MyDrive/MURA-v1.1/train/XR_SHOULDER/patient00583/study1_positive/image1.png
MURA_TT_0892,XR_SHOULDER,/content/drive/MyDrive/MURA-v1.1/train/XR_SHOULDER/patient00307/study1_positive/image1.png
MURA_TT_0893,XR_HAND,/content/drive/MyDrive/MURA-v1.1/train/XR_HAND/patient09917/study1_positive/image2.png
MURA_TT_0894,XR_FINGER,/content/drive/MyDrive/MURA-v1.1/train/XR_FINGER/patient03269/study1_positive/image1.png
MURA_TT_0895,XR_FOREARM,/content/drive/MyDrive/MURA-v1.1/train/XR_FOREARM/patient09123/study1_positive/image2.png
MURA_TT_0896,XR_SHOULDER,/content/drive/MyDrive/MURA-v1.1/train/XR_SHOULDER/patient00079/study1_positive/image2.png
MURA_TT_0897,XR_HAND,/content/drive/MyDrive/MURA-v1.1/train/XR_HAND/patient08413/study1_positive/image1.png
MURA_TT_0898,XR_SHOULDER,/content/drive/MyDrive/MURA-v1.1/train/XR_SHOULDER/patient00672/study1_positive/image3.png
MURA_TT_0899,XR_FOREARM,/content/drive/MyDrive/MURA-v1.1/train/XR_FOREARM/patient01890/study1_positive/image1.png
MURA_TT_0900,XR_FINGER,/content/drive/MyDrive/MURA-v1.1/train/XR_FINGER/patient02667/study1_positive/image1.png
MURA_TT_0901,XR_HAND,/content/drive/MyDrive/MURA-v1.1/train/XR_HAND/patient02679/study1_positive/image1.png
MURA_TT_0902,XR_SHOULDER,/content/drive/MyDrive/MURA-v1.1/train/XR_SHOULDER/patient00285/study1_positive/image1.png
MURA_TT_0903,XR_WRIST,/content/drive/MyDrive/MURA-v1.1/train/XR_WRIST/patient07190/study1_positive/image1.png
MURA_TT_0904,XR_ELBOW,/content/drive/MyDrive/MURA-v1.1/train/XR_ELBOW/patient02383/study1_positive/image4.png
MURA_TT_0905,XR_ELBOW,/content/drive/MyDrive/MURA-v1.1/train/XR_ELBOW/patient05118/study1_positive/image3.png
MURA_TT_0906,XR_WRIST,/content/drive/MyDrive/MURA-v1.1/train/XR_WRIST/patient06707/study1_positive/image1.png
MURA_TT_0907,XR_WRIST,/content/drive/MyDrive/MURA-v1.1/train/XR_WRIST/patient06928/study1_positive/image1.png
MURA_TT_0908,XR_ELBOW,/content/drive/MyDrive/MURA-v1.1/train/XR_ELBOW/patient05131/study1_positive/image3.png
MURA_TT_0909,XR_HUMERUS,/content/drive/MyDrive/MURA-v1.1/train/XR_HUMERUS/patient02840/study1_positive/image1.png
MURA_TT_0910,XR_HUMERUS,/content/drive/MyDrive/MURA-v1.1/train/XR_HUMERUS/patient02747/study1_positive/image3.png
MURA_TT_0911,XR_HUMERUS,/content/drive/MyDrive/MURA-v1.1/train/XR_HUMERUS/patient02803/study1_positive/image1.png
MURA_TT_0912,XR_WRIST,/content/drive/MyDrive/MURA-v1.1/train/XR_WRIST/patient06483/study1_positive/image2.png
MURA_TT_0913,XR_SHOULDER,/content/drive/MyDrive/MURA-v1.1/train/XR_SHOULDER/patient00625/study1_positive/image3.png
MURA_TT_0914,XR_SHOULDER,/content/drive/MyDrive/MURA-v1.1/train/XR_SHOULDER/patient00185/study1_positive/image1.png
MURA_TT_0915,XR_ELBOW,/content/drive/MyDrive/MURA-v1.1/train/XR_ELBOW/patient05096/study1_positive/image3.png
MURA_TT_0916,XR_FOREARM,/content/drive/MyDrive/MURA-v1.1/train/XR_FOREARM/patient09185/study1_positive/image1.png
MURA_TT_0917,XR_FINGER,/content/drive/MyDrive/MURA-v1.1/train/XR_FINGER/patient03264/study1_positive/image2.png
MURA_TT_0918,XR_SHOULDER,/content/drive/MyDrive/MURA-v1.1/train/XR_SHOULDER/patient01361/study1_positive/image2.png
MURA_TT_0919,XR_SHOULDER,/content/drive/MyDrive/MURA-v1.1/train/XR_SHOULDER/patient01288/study1_positive/image1.png
MURA_TT_0920,XR_WRIST,/content/drive/MyDrive/MURA-v1.1/train/XR_WRIST/patient06544/study1_positive/image3.png
MURA_TT_0921,XR_WRIST,/content/drive/MyDrive/MURA-v1.1/train/XR_WRIST/patient07307/study1_positive/image1.png
MURA_TT_0922,XR_SHOULDER,/content/drive/MyDrive/MURA-v1.1/train/XR_SHOULDER/patient01194/study1_positive/image3.png
MURA_TT_0923,XR_HAND,/content/drive/MyDrive/MURA-v1.1/train/XR_HAND/patient09905/study1_positive/image1.png
MURA_TT_0924,XR_HAND,/content/drive/MyDrive/MURA-v1.1/train/XR_HAND/patient09983/study1_positive/image2.png
MURA_TT_0925,XR_FINGER,/content/drive/MyDrive/MURA-v1.1/train/XR_FINGER/patient01034/study1_positive/image1.png
MURA_TT_0926,XR_WRIST,/content/drive/MyDrive/MURA-v1.1/train/XR_WRIST/patient02127/study1_positive/image1.png
MURA_TT_0927,XR_FOREARM,/content/drive/MyDrive/MURA-v1.1/train/XR_FOREARM/patient05783/study1_positive/image2.png
MURA_TT_0928,XR_HAND,/content/drive/MyDrive/MURA-v1.1/train/XR_HAND/patient10080/study1_positive/image1.png
MURA_TT_0929,XR_HAND,/content/drive/MyDrive/MURA-v1.1/train/XR_HAND/patient05006/study1_positive/image1.png
MURA_TT_0930,XR_WRIST,/content/drive/MyDrive/MURA-v1.1/train/XR_WRIST/patient07382/study1_positive/image2.png
MURA_TT_0931,XR_SHOULDER,/content/drive/MyDrive/MURA-v1.1/train/XR_SHOULDER/patient00142/study1_positive/image2.png
MURA_TT_0932,XR_WRIST,/content/drive/MyDrive/MURA-v1.1/train/XR_WRIST/patient07119/study1_positive/image1.png
MURA_TT_0933,XR_SHOULDER,/content/drive/MyDrive/MURA-v1.1/train/XR_SHOULDER/patient01134/study1_positive/image1.png
MURA_TT_0934,XR_WRIST,/content/drive/MyDrive/MURA-v1.1/train/XR_WRIST/patient07140/study1_positive/image2.png
MURA_TT_0935,XR_ELBOW,/content/drive/MyDrive/MURA-v1.1/train/XR_ELBOW/patient04023/study1_positive/image3.png
MURA_TT_0936,XR_FINGER,/content/drive/MyDrive/MURA-v1.1/train/XR_FINGER/patient03280/study1_positive/image3.png
MURA_TT_0937,XR_FINGER,/content/drive/MyDrive/MURA-v1.1/train/XR_FINGER/patient03594/study1_positive/image3.png
MURA_TT_0938,XR_SHOULDER,/content/drive/MyDrive/MURA-v1.1/train/XR_SHOULDER/patient00414/study1_positive/image1.png
MURA_TT_0939,XR_FINGER,/content/drive/MyDrive/MURA-v1.1/train/XR_FINGER/patient03450/study1_positive/image2.png
MURA_TT_0940,XR_HUMERUS,/content/drive/MyDrive/MURA-v1.1/train/XR_HUMERUS/patient02851/study1_positive/image1.png
MURA_TT_0941,XR_WRIST,/content/drive/MyDrive/MURA-v1.1/train/XR_WRIST/patient07154/study1_positive/image1.png
MURA_TT_0942,XR_SHOULDER,/content/drive/MyDrive/MURA-v1.1/train/XR_SHOULDER/patient01025/study1_positive/image4.png
MURA_TT_0943,XR_HAND,/content/drive/MyDrive/MURA-v1.1/train/XR_HAND/patient03475/study1_positive/image2.png
MURA_TT_0944,XR_HUMERUS,/content/drive/MyDrive/MURA-v1.1/train/XR_HUMERUS/patient02917/study1_positive/image1.png
MURA_TT_0945,XR_HUMERUS,/content/drive/MyDrive/MURA-v1.1/train/XR_HUMERUS/patient02856/study1_positive/image1.png
MURA_TT_0946,XR_WRIST,/content/drive/MyDrive/MURA-v1.1/train/XR_WRIST/patient06781/study1_positive/image2.png
MURA_TT_0947,XR_WRIST,/content/drive/MyDrive/MURA-v1.1/train/XR_WRIST/patient06685/study1_positive/image2.png
MURA_TT_0948,XR_WRIST,/content/drive/MyDrive/MURA-v1.1/train/XR_WRIST/patient06613/study1_positive/image3.png
MURA_TT_0949,XR_HAND,/content/drive/MyDrive/MURA-v1.1/train/XR_HAND/patient09789/study1_positive/image3.png
MURA_TT_0950,XR_WRIST,/content/drive/MyDrive/MURA-v1.1/train/XR_WRIST/patient07252/study1_positive/image1.png
MURA_TT_0951,XR_HUMERUS,/content/drive/MyDrive/MURA-v1.1/train/XR_HUMERUS/patient02766/study1_positive/image1.png
MURA_TT_0952,XR_FINGER,/content/drive/MyDrive/MURA-v1.1/train/XR_FINGER/patient03540/study1_positive/image1.png
MURA_TT_0953,XR_SHOULDER,/content/drive/MyDrive/MURA-v1.1/train/XR_SHOULDER/patient00293/study2_positive/image2.png
MURA_TT_0954,XR_FINGER,/content/drive/MyDrive/MURA-v1.1/train/XR_FINGER/patient03461/study1_positive/image1.png
MURA_TT_0955,XR_WRIST,/content/drive/MyDrive/MURA-v1.1/train/XR_WRIST/patient02355/study1_positive/image2.png
MURA_TT_0956,XR_SHOULDER,/content/drive/MyDrive/MURA-v1.1/train/XR_SHOULDER/patient00947/study1_positive/image2.png
MURA_TT_0957,XR_WRIST,/content/drive/MyDrive/MURA-v1.1/train/XR_WRIST/patient06981/study1_positive/image3.png
MURA_TT_0958,XR_ELBOW,/content/drive/MyDrive/MURA-v1.1/train/XR_ELBOW/patient05116/study1_positive/image7.png
MURA_TT_0959,XR_ELBOW,/content/drive/MyDrive/MURA-v1.1/train/XR_ELBOW/patient05389/study1_positive/image2.png
MURA_TT_0960,XR_WRIST,/content/drive/MyDrive/MURA-v1.1/train/XR_WRIST/patient06831/study1_positive/image2.png
MURA_TT_0961,XR_ELBOW,/content/drive/MyDrive/MURA-v1.1/train/XR_ELBOW/patient05278/study1_positive/image2.png
MURA_TT_0962,XR_FOREARM,/content/drive/MyDrive/MURA-v1.1/train/XR_FOREARM/patient09163/study1_positive/image1.png
MURA_TT_0963,XR_HUMERUS,/content/drive/MyDrive/MURA-v1.1/train/XR_HUMERUS/patient02634/study1_positive/image1.png
MURA_TT_0964,XR_ELBOW,/content/drive/MyDrive/MURA-v1.1/train/XR_ELBOW/patient00427/study1_positive/image2.png
MURA_TT_0965,XR_SHOULDER,/content/drive/MyDrive/MURA-v1.1/train/XR_SHOULDER/patient00846/study1_positive/image3.png
MURA_TT_0966,XR_SHOULDER,/content/drive/MyDrive/MURA-v1.1/train/XR_SHOULDER/patient00335/study1_positive/image3.png
MURA_TT_0967,XR_HAND,/content/drive/MyDrive/MURA-v1.1/train/XR_HAND/patient09951/study1_positive/image2.png
MURA_TT_0968,XR_FOREARM,/content/drive/MyDrive/MURA-v1.1/train/XR_FOREARM/patient09192/study1_positive/image1.png
MURA_TT_0969,XR_ELBOW,/content/drive/MyDrive/MURA-v1.1/train/XR_ELBOW/patient05334/study1_positive/image5.png
MURA_TT_0970,XR_HAND,/content/drive/MyDrive/MURA-v1.1/train/XR_HAND/patient09940/study1_positive/image3.png
MURA_TT_0971,XR_HAND,/content/drive/MyDrive/MURA-v1.1/train/XR_HAND/patient04160/study1_positive/image3.png
MURA_TT_0972,XR_WRIST,/content/drive/MyDrive/MURA-v1.1/train/XR_WRIST/patient06487/study1_positive/image3.png
MURA_TT_0973,XR_ELBOW,/content/drive/MyDrive/MURA-v1.1/train/XR_ELBOW/patient05286/study1_positive/image2.png
MURA_TT_0974,XR_HAND,/content/drive/MyDrive/MURA-v1.1/train/XR_HAND/patient10063/study1_positive/image1.png
MURA_TT_0975,XR_WRIST,/content/drive/MyDrive/MURA-v1.1/train/XR_WRIST/patient06784/study1_positive/image1.png
MURA_TT_0976,XR_FINGER,/content/drive/MyDrive/MURA-v1.1/train/XR_FINGER/patient03374/study1_positive/image4.png
MURA_TT_0977,XR_FINGER,/content/drive/MyDrive/MURA-v1.1/train/XR_FINGER/patient03358/study1_positive/image3.png
MURA_TT_0978,XR_SHOULDER,/content/drive/MyDrive/MURA-v1.1/train/XR_SHOULDER/patient00325/study1_positive/image2.png
MURA_TT_0979,XR_WRIST,/content/drive/MyDrive/MURA-v1.1/train/XR_WRIST/patient06521/study1_positive/image1.png
MURA_TT_0980,XR_SHOULDER,/content/drive/MyDrive/MURA-v1.1/train/XR_SHOULDER/patient00496/study1_positive/image3.png
MURA_TT_0981,XR_FOREARM,/content/drive/MyDrive/MURA-v1.1/train/XR_FOREARM/patient01212/study1_positive/image1.png
MURA_TT_0982,XR_ELBOW,/content/drive/MyDrive/MURA-v1.1/train/XR_ELBOW/patient05152/study1_positive/image1.png
MURA_TT_0983,XR_WRIST,/content/drive/MyDrive/MURA-v1.1/train/XR_WRIST/patient04553/study1_positive/image1.png
MURA_TT_0984,XR_FINGER,/content/drive/MyDrive/MURA-v1.1/train/XR_FINGER/patient03626/study1_positive/image3.png
MURA_TT_0985,XR_ELBOW,/content/drive/MyDrive/MURA-v1.1/train/XR_ELBOW/patient05069/study1_positive/image1.png
MURA_TT_0986,XR_FOREARM,/content/drive/MyDrive/MURA-v1.1/train/XR_FOREARM/patient09186/study1_positive/image1.png
MURA_TT_0987,XR_HAND,/content/drive/MyDrive/MURA-v1.1/train/XR_HAND/patient10107/study1_positive/image1.png
MURA_TT_0988,XR_WRIST,/content/drive/MyDrive/MURA-v1.1/train/XR_WRIST/patient06386/study1_positive/image2.png
MURA_TT_0989,XR_HUMERUS,/content/drive/MyDrive/MURA-v1.1/train/XR_HUMERUS/patient02870/study1_positive/image1.png
MURA_TT_0990,XR_FINGER,/content/drive/MyDrive/MURA-v1.1/train/XR_FINGER/patient03236/study1_positive/image3.png
MURA_TT_0991,XR_FINGER,/content/drive/MyDrive/MURA-v1.1/train/XR_FINGER/patient01529/study1_positive/image3.png
MURA_TT_0992,XR_WRIST,/content/drive/MyDrive/MURA-v1.1/train/XR_WRIST/patient07081/study1_positive/image4.png
MURA_TT_0993,XR_FINGER,/content/drive/MyDrive/MURA-v1.1/train/XR_FINGER/patient03281/study1_positive/image3.png
MURA_TT_0994,XR_SHOULDER,/content/drive/MyDrive/MURA-v1.1/train/XR_SHOULDER/patient00806/study1_positive/image2.png
MURA_TT_0995,XR_WRIST,/content/drive/MyDrive/MURA-v1.1/train/XR_WRIST/patient06700/study1_positive/image4.png
MURA_TT_0996,XR_ELBOW,/content/drive/MyDrive/MURA-v1.1/train/XR_ELBOW/patient05412/study1_positive/image2.png
MURA_TT_0997,XR_WRIST,/content/drive/MyDrive/MURA-v1.1/train/XR_WRIST/patient06944/study1_positive/image2.png
MURA_TT_0998,XR_FOREARM,/content/drive/MyDrive/MURA-v1.1/train/XR_FOREARM/patient03778/study1_positive/image3.png
MURA_TT_0999,XR_HUMERUS,/content/drive/MyDrive/MURA-v1.1/train/XR_HUMERUS/patient02756/study1_positive/image1.png
MURA_TT_1000,XR_ELBOW,/content/drive/MyDrive/MURA-v1.1/train/XR_ELBOW/patient05073/study1_positive/image1.png
MURA_TT_1001,XR_FINGER,/content/drive/MyDrive/MURA-v1.1/train/XR_FINGER/patient03278/study1_positive/image2.png
MURA_TT_1002,XR_FOREARM,/content/drive/MyDrive/MURA-v1.1/train/XR_FOREARM/patient09145/study1_positive/image1.png
MURA_TT_1003,XR_HAND,/content/drive/MyDrive/MURA-v1.1/train/XR_HAND/patient07148/study1_positive/image2.png
MURA_TT_1004,XR_HUMERUS,/content/drive/MyDrive/MURA-v1.1/train/XR_HUMERUS/patient02888/study1_positive/image2.png
MURA_TT_1005,XR_FINGER,/content/drive/MyDrive/MURA-v1.1/train/XR_FINGER/patient03290/study1_positive/image3.png
MURA_TT_1006,XR_FOREARM,/content/drive/MyDrive/MURA-v1.1/train/XR_FOREARM/patient09180/study1_positive/image3.png
MURA_TT_1007,XR_WRIST,/content/drive/MyDrive/MURA-v1.1/train/XR_WRIST/patient00563/study1_positive/image2.png
MURA_TT_1008,XR_HUMERUS,/content/drive/MyDrive/MURA-v1.1/train/XR_HUMERUS/patient02741/study1_positive/image1.png
MURA_TT_1009,XR_WRIST,/content/drive/MyDrive/MURA-v1.1/train/XR_WRIST/patient07304/study1_positive/image3.png
MURA_TT_1010,XR_HAND,/content/drive/MyDrive/MURA-v1.1/train/XR_HAND/patient10103/study1_positive/image1.png
MURA_TT_1011,XR_ELBOW,/content/drive/MyDrive/MURA-v1.1/train/XR_ELBOW/patient05364/study1_positive/image3.png
MURA_TT_1012,XR_SHOULDER,/content/drive/MyDrive/MURA-v1.1/train/XR_SHOULDER/patient00974/study1_positive/image3.png
MURA_TT_1013,XR_SHOULDER,/content/drive/MyDrive/MURA-v1.1/train/XR_SHOULDER/patient00813/study1_positive/image1.png
MURA_TT_1014,XR_FINGER,/content/drive/MyDrive/MURA-v1.1/train/XR_FINGER/patient02626/study1_positive/image3.png
MURA_TT_1015,XR_FINGER,/content/drive/MyDrive/MURA-v1.1/train/XR_FINGER/patient03260/study1_positive/image1.png
MURA_TT_1016,XR_ELBOW,/content/drive/MyDrive/MURA-v1.1/train/XR_ELBOW/patient05190/study1_positive/image4.png
MURA_TT_1017,XR_ELBOW,/content/drive/MyDrive/MURA-v1.1/train/XR_ELBOW/patient04986/study1_positive/image1.png
MURA_TT_1018,XR_SHOULDER,/content/drive/MyDrive/MURA-v1.1/train/XR_SHOULDER/patient01306/study1_positive/image3.png
MURA_TT_1019,XR_FINGER,/content/drive/MyDrive/MURA-v1.1/train/XR_FINGER/patient03453/study1_positive/image2.png
MURA_TT_1020,XR_ELBOW,/content/drive/MyDrive/MURA-v1.1/train/XR_ELBOW/patient05345/study1_positive/image2.png
MURA_TT_1021,XR_ELBOW,/content/drive/MyDrive/MURA-v1.1/train/XR_ELBOW/patient05202/study1_positive/image2.png
MURA_TT_1022,XR_FINGER,/content/drive/MyDrive/MURA-v1.1/train/XR_FINGER/patient03327/study1_positive/image1.png
MURA_TT_1023,XR_ELBOW,/content/drive/MyDrive/MURA-v1.1/train/XR_ELBOW/patient05394/study1_positive/image2.png
MURA_TT_1024,XR_HAND,/content/drive/MyDrive/MURA-v1.1/train/XR_HAND/patient09769/study1_positive/image1.png
MURA_TT_1025,XR_HUMERUS,/content/drive/MyDrive/MURA-v1.1/train/XR_HUMERUS/patient02723/study1_positive/image1.png
MURA_TT_1026,XR_SHOULDER,/content/drive/MyDrive/MURA-v1.1/train/XR_SHOULDER/patient00460/study2_positive/image2.png
MURA_TT_1027,XR_WRIST,/content/drive/MyDrive/MURA-v1.1/train/XR_WRIST/patient07074/study1_positive/image1.png
MURA_TT_1028,XR_HAND,/content/drive/MyDrive/MURA-v1.1/train/XR_HAND/patient07575/study1_positive/image3.png
MURA_TT_1029,XR_SHOULDER,/content/drive/MyDrive/MURA-v1.1/train/XR_SHOULDER/patient01398/study1_positive/image3.png
MURA_TT_1030,XR_WRIST,/content/drive/MyDrive/MURA-v1.1/train/XR_WRIST/patient07395/study1_positive/image3.png
MURA_TT_1031,XR_WRIST,/content/drive/MyDrive/MURA-v1.1/train/XR_WRIST/patient06381/study1_positive/image3.png
MURA_TT_1032,XR_FOREARM,/content/drive/MyDrive/MURA-v1.1/train/XR_FOREARM/patient09289/study1_positive/image1.png
MURA_TT_1033,XR_SHOULDER,/content/drive/MyDrive/MURA-v1.1/train/XR_SHOULDER/patient01104/study1_positive/image3.png
MURA_TT_1034,XR_FINGER,/content/drive/MyDrive/MURA-v1.1/train/XR_FINGER/patient03518/study1_positive/image1.png
MURA_TT_1035,XR_FOREARM,/content/drive/MyDrive/MURA-v1.1/train/XR_FOREARM/patient09243/study1_positive/image1.png
MURA_TT_1036,XR_SHOULDER,/content/drive/MyDrive/MURA-v1.1/train/XR_SHOULDER/patient01078/study1_positive/image4.png
MURA_TT_1037,XR_FINGER,/content/drive/MyDrive/MURA-v1.1/train/XR_FINGER/patient03659/study1_positive/image1.png
MURA_TT_1038,XR_FOREARM,/content/drive/MyDrive/MURA-v1.1/train/XR_FOREARM/patient09156/study1_positive/image2.png
MURA_TT_1039,XR_WRIST,/content/drive/MyDrive/MURA-v1.1/train/XR_WRIST/patient01693/study1_positive/image2.png
MURA_TT_1040,XR_FOREARM,/content/drive/MyDrive/MURA-v1.1/train/XR_FOREARM/patient09151/study1_positive/image2.png
MURA_TT_1041,XR_SHOULDER,/content/drive/MyDrive/MURA-v1.1/train/XR_SHOULDER/patient00587/study1_positive/image3.png
MURA_TT_1042,XR_HUMERUS,/content/drive/MyDrive/MURA-v1.1/train/XR_HUMERUS/patient02853/study1_positive/image2.png
MURA_TT_1043,XR_ELBOW,/content/drive/MyDrive/MURA-v1.1/train/XR_ELBOW/patient05156/study1_positive/image3.png
MURA_TT_1044,XR_HUMERUS,/content/drive/MyDrive/MURA-v1.1/train/XR_HUMERUS/patient02760/study1_positive/image1.png
MURA_TT_1045,XR_SHOULDER,/content/drive/MyDrive/MURA-v1.1/train/XR_SHOULDER/patient00649/study1_positive/image4.png
MURA_TT_1046,XR_SHOULDER,/content/drive/MyDrive/MURA-v1.1/train/XR_SHOULDER/patient00919/study1_positive/image4.png
MURA_TT_1047,XR_ELBOW,/content/drive/MyDrive/MURA-v1.1/train/XR_ELBOW/patient05182/study1_positive/image1.png
MURA_TT_1048,XR_ELBOW,/content/drive/MyDrive/MURA-v1.1/train/XR_ELBOW/patient05220/study1_positive/image2.png
MURA_TT_1049,XR_ELBOW,/content/drive/MyDrive/MURA-v1.1/train/XR_ELBOW/patient05065/study1_positive/image2.png
MURA_TT_1050,XR_FINGER,/content/drive/MyDrive/MURA-v1.1/train/XR_FINGER/patient03487/study1_positive/image2.png
MURA_TT_1051,XR_HAND,/content/drive/MyDrive/MURA-v1.1/train/XR_HAND/patient09786/study1_positive/image2.png
MURA_TT_1052,XR_SHOULDER,/content/drive/MyDrive/MURA-v1.1/train/XR_SHOULDER/patient00532/study1_positive/image1.png
MURA_TT_1053,XR_ELBOW,/content/drive/MyDrive/MURA-v1.1/train/XR_ELBOW/patient01422/study1_positive/image2.png
MURA_TT_1054,XR_WRIST,/content/drive/MyDrive/MURA-v1.1/train/XR_WRIST/patient07262/study1_positive/image1.png
MURA_TT_1055,XR_WRIST,/content/drive/MyDrive/MURA-v1.1/train/XR_WRIST/patient06835/study1_positive/image3.png
MURA_TT_1056,XR_WRIST,/content/drive/MyDrive/MURA-v1.1/train/XR_WRIST/patient06765/study1_positive/image2.png
MURA_TT_1057,XR_WRIST,/content/drive/MyDrive/MURA-v1.1/train/XR_WRIST/patient07178/study1_positive/image3.png
MURA_TT_1058,XR_SHOULDER,/content/drive/MyDrive/MURA-v1.1/train/XR_SHOULDER/patient00090/study1_positive/image2.png
MURA_TT_1059,XR_HUMERUS,/content/drive/MyDrive/MURA-v1.1/train/XR_HUMERUS/patient02726/study1_positive/image1.png
MURA_TT_1060,XR_FINGER,/content/drive/MyDrive/MURA-v1.1/train/XR_FINGER/patient01380/study1_positive/image2.png
MURA_TT_1061,XR_WRIST,/content/drive/MyDrive/MURA-v1.1/train/XR_WRIST/patient06453/study1_positive/image1.png
MURA_TT_1062,XR_WRIST,/content/drive/MyDrive/MURA-v1.1/train/XR_WRIST/patient06830/study1_positive/image1.png
MURA_TT_1063,XR_HUMERUS,/content/drive/MyDrive/MURA-v1.1/train/XR_HUMERUS/patient02718/study1_positive/image3.png
MURA_TT_1064,XR_HUMERUS,/content/drive/MyDrive/MURA-v1.1/train/XR_HUMERUS/patient02724/study1_positive/image1.png
MURA_TT_1065,XR_SHOULDER,/content/drive/MyDrive/MURA-v1.1/train/XR_SHOULDER/patient00128/study1_positive/image4.png
MURA_TT_1066,XR_SHOULDER,/content/drive/MyDrive/MURA-v1.1/train/XR_SHOULDER/patient01153/study1_positive/image1.png
MURA_TT_1067,XR_WRIST,/content/drive/MyDrive/MURA-v1.1/train/XR_WRIST/patient07346/study1_positive/image1.png
MURA_TT_1068,XR_FOREARM,/content/drive/MyDrive/MURA-v1.1/train/XR_FOREARM/patient09295/study1_positive/image2.png
MURA_TT_1069,XR_FINGER,/content/drive/MyDrive/MURA-v1.1/train/XR_FINGER/patient03274/study1_positive/image3.png
MURA_TT_1070,XR_ELBOW,/content/drive/MyDrive/MURA-v1.1/train/XR_ELBOW/patient05107/study1_positive/image3.png
MURA_TT_1071,XR_ELBOW,/content/drive/MyDrive/MURA-v1.1/train/XR_ELBOW/patient04943/study1_positive/image1.png
MURA_TT_1072,XR_SHOULDER,/content/drive/MyDrive/MURA-v1.1/train/XR_SHOULDER/patient01214/study1_positive/image1.png
MURA_TT_1073,XR_FINGER,/content/drive/MyDrive/MURA-v1.1/train/XR_FINGER/patient03625/study1_positive/image3.png
MURA_TT_1074,XR_WRIST,/content/drive/MyDrive/MURA-v1.1/train/XR_WRIST/patient06931/study1_positive/image2.png
MURA_TT_1075,XR_ELBOW,/content/drive/MyDrive/MURA-v1.1/train/XR_ELBOW/patient05456/study1_positive/image2.png
MURA_TT_1076,XR_FOREARM,/content/drive/MyDrive/MURA-v1.1/train/XR_FOREARM/patient09206/study1_positive/image2.png
MURA_TT_1077,XR_FINGER,/content/drive/MyDrive/MURA-v1.1/train/XR_FINGER/patient03769/study1_positive/image3.png
MURA_TT_1078,XR_FOREARM,/content/drive/MyDrive/MURA-v1.1/train/XR_FOREARM/patient09210/study1_positive/image2.png
MURA_TT_1079,XR_FOREARM,/content/drive/MyDrive/MURA-v1.1/train/XR_FOREARM/patient09248/study1_positive/image2.png
MURA_TT_1080,XR_ELBOW,/content/drive/MyDrive/MURA-v1.1/train/XR_ELBOW/patient05431/study1_positive/image3.png
MURA_TT_1081,XR_HAND,/content/drive/MyDrive/MURA-v1.1/train/XR_HAND/patient09749/study1_positive/image1.png
MURA_TT_1082,XR_HUMERUS,/content/drive/MyDrive/MURA-v1.1/train/XR_HUMERUS/patient02702/study1_positive/image1.png
MURA_TT_1083,XR_FINGER,/content/drive/MyDrive/MURA-v1.1/train/XR_FINGER/patient03426/study1_positive/image1.png
MURA_TT_1084,XR_ELBOW,/content/drive/MyDrive/MURA-v1.1/train/XR_ELBOW/patient05339/study1_positive/image2.png
MURA_TT_1085,XR_WRIST,/content/drive/MyDrive/MURA-v1.1/train/XR_WRIST/patient04568/study1_positive/image3.png
MURA_TT_1086,XR_ELBOW,/content/drive/MyDrive/MURA-v1.1/train/XR_ELBOW/patient05138/study1_positive/image1.png
MURA_TT_1087,XR_FINGER,/content/drive/MyDrive/MURA-v1.1/train/XR_FINGER/patient02946/study1_positive/image3.png
MURA_TT_1088,XR_HUMERUS,/content/drive/MyDrive/MURA-v1.1/train/XR_HUMERUS/patient02779/study1_positive/image2.png
MURA_TT_1089,XR_ELBOW,/content/drive/MyDrive/MURA-v1.1/train/XR_ELBOW/patient05063/study1_positive/image2.png
MURA_TT_1090,XR_ELBOW,/content/drive/MyDrive/MURA-v1.1/train/XR_ELBOW/patient04940/study1_positive/image2.png
MURA_TT_1091,XR_WRIST,/content/drive/MyDrive/MURA-v1.1/train/XR_WRIST/patient07028/study1_positive/image3.png
MURA_TT_1092,XR_HUMERUS,/content/drive/MyDrive/MURA-v1.1/train/XR_HUMERUS/patient02752/study1_positive/image1.png
MURA_TT_1093,XR_HAND,/content/drive/MyDrive/MURA-v1.1/train/XR_HAND/patient08998/study1_positive/image2.png
MURA_TT_1094,XR_SHOULDER,/content/drive/MyDrive/MURA-v1.1/train/XR_SHOULDER/patient00715/study1_positive/image1.png
MURA_TT_1095,XR_SHOULDER,/content/drive/MyDrive/MURA-v1.1/train/XR_SHOULDER/patient01309/study1_positive/image3.png
MURA_TT_1096,XR_WRIST,/content/drive/MyDrive/MURA-v1.1/train/XR_WRIST/patient07225/study1_positive/image1.png
MURA_TT_1097,XR_FINGER,/content/drive/MyDrive/MURA-v1.1/train/XR_FINGER/patient03259/study1_positive/image2.png
MURA_TT_1098,XR_ELBOW,/content/drive/MyDrive/MURA-v1.1/train/XR_ELBOW/patient05007/study1_positive/image1.png
MURA_TT_1099,XR_FOREARM,/content/drive/MyDrive/MURA-v1.1/train/XR_FOREARM/patient03359/study1_positive/image2.png
MURA_TT_1100,XR_SHOULDER,/content/drive/MyDrive/MURA-v1.1/train/XR_SHOULDER/patient01356/study1_positive/image3.png
MURA_TT_1101,XR_FINGER,/content/drive/MyDrive/MURA-v1.1/train/XR_FINGER/patient03357/study1_positive/image1.png
MURA_TT_1102,XR_WRIST,/content/drive/MyDrive/MURA-v1.1/train/XR_WRIST/patient06798/study1_positive/image3.png
MURA_TT_1103,XR_FOREARM,/content/drive/MyDrive/MURA-v1.1/train/XR_FOREARM/patient03965/study1_positive/image1.png
MURA_TT_1104,XR_SHOULDER,/content/drive/MyDrive/MURA-v1.1/train/XR_SHOULDER/patient00895/study1_positive/image2.png
MURA_TT_1105,XR_HUMERUS,/content/drive/MyDrive/MURA-v1.1/train/XR_HUMERUS/patient02830/study1_positive/image1.png
MURA_TT_1106,XR_SHOULDER,/content/drive/MyDrive/MURA-v1.1/train/XR_SHOULDER/patient00549/study1_positive/image1.png
MURA_TT_1107,XR_ELBOW,/content/drive/MyDrive/MURA-v1.1/train/XR_ELBOW/patient05100/study1_positive/image2.png
MURA_TT_1108,XR_SHOULDER,/content/drive/MyDrive/MURA-v1.1/train/XR_SHOULDER/patient00566/study2_positive/image3.png
MURA_TT_1109,XR_ELBOW,/content/drive/MyDrive/MURA-v1.1/train/XR_ELBOW/patient04669/study1_positive/image2.png
MURA_TT_1110,XR_FOREARM,/content/drive/MyDrive/MURA-v1.1/train/XR_FOREARM/patient09293/study1_positive/image1.png
MURA_TT_1111,XR_FINGER,/content/drive/MyDrive/MURA-v1.1/train/XR_FINGER/patient03669/study1_positive/image2.png
MURA_TT_1112,XR_HUMERUS,/content/drive/MyDrive/MURA-v1.1/train/XR_HUMERUS/patient02816/study1_positive/image2.png
MURA_TT_1113,XR_FINGER,/content/drive/MyDrive/MURA-v1.1/train/XR_FINGER/patient03507/study1_positive/image3.png
MURA_TT_1114,XR_HUMERUS,/content/drive/MyDrive/MURA-v1.1/train/XR_HUMERUS/patient02755/study1_positive/image2.png
MURA_TT_1115,XR_SHOULDER,/content/drive/MyDrive/MURA-v1.1/train/XR_SHOULDER/patient01006/study1_positive/image3.png
MURA_TT_1116,XR_HAND,/content/drive/MyDrive/MURA-v1.1/train/XR_HAND/patient10070/study1_positive/image1.png
MURA_TT_1117,XR_SHOULDER,/content/drive/MyDrive/MURA-v1.1/train/XR_SHOULDER/patient00023/study1_positive/image2.png
MURA_TT_1118,XR_ELBOW,/content/drive/MyDrive/MURA-v1.1/train/XR_ELBOW/patient05421/study1_positive/image4.png
MURA_TT_1119,XR_ELBOW,/content/drive/MyDrive/MURA-v1.1/train/XR_ELBOW/patient05443/study1_positive/image4.png
MURA_TT_1120,XR_ELBOW,/content/drive/MyDrive/MURA-v1.1/train/XR_ELBOW/patient05370/study1_positive/image3.png
MURA_TT_1121,XR_ELBOW,/content/drive/MyDrive/MURA-v1.1/train/XR_ELBOW/patient00511/study1_positive/image1.png
MURA_TT_1122,XR_ELBOW,/content/drive/MyDrive/MURA-v1.1/train/XR_ELBOW/patient05437/study1_positive/image2.png
MURA_TT_1123,XR_FINGER,/content/drive/MyDrive/MURA-v1.1/train/XR_FINGER/patient00905/study1_positive/image1.png
MURA_TT_1124,XR_ELBOW,/content/drive/MyDrive/MURA-v1.1/train/XR_ELBOW/patient05170/study1_positive/image3.png
MURA_TT_1125,XR_WRIST,/content/drive/MyDrive/MURA-v1.1/train/XR_WRIST/patient07101/study1_positive/image2.png
MURA_TT_1126,XR_SHOULDER,/content/drive/MyDrive/MURA-v1.1/train/XR_SHOULDER/patient00205/study1_positive/image2.png
MURA_TT_1127,XR_ELBOW,/content/drive/MyDrive/MURA-v1.1/train/XR_ELBOW/patient04941/study1_positive/image1.png
MURA_TT_1128,XR_ELBOW,/content/drive/MyDrive/MURA-v1.1/train/XR_ELBOW/patient05428/study1_positive/image2.png
MURA_TT_1129,XR_HAND,/content/drive/MyDrive/MURA-v1.1/train/XR_HAND/patient09935/study1_positive/image2.png
MURA_TT_1130,XR_HAND,/content/drive/MyDrive/MURA-v1.1/train/XR_HAND/patient09772/study1_positive/image1.png
MURA_TT_1131,XR_ELBOW,/content/drive/MyDrive/MURA-v1.1/train/XR_ELBOW/patient05133/study1_positive/image2.png
MURA_TT_1132,XR_ELBOW,/content/drive/MyDrive/MURA-v1.1/train/XR_ELBOW/patient05309/study1_positive/image4.png
MURA_TT_1133,XR_WRIST,/content/drive/MyDrive/MURA-v1.1/train/XR_WRIST/patient07125/study2_positive/image1.png
MURA_TT_1134,XR_SHOULDER,/content/drive/MyDrive/MURA-v1.1/train/XR_SHOULDER/patient01394/study1_positive/image1.png
MURA_TT_1135,XR_FINGER,/content/drive/MyDrive/MURA-v1.1/train/XR_FINGER/patient03230/study1_positive/image4.png
MURA_TT_1136,XR_WRIST,/content/drive/MyDrive/MURA-v1.1/train/XR_WRIST/patient06968/study1_positive/image3.png
MURA_TT_1137,XR_HUMERUS,/content/drive/MyDrive/MURA-v1.1/train/XR_HUMERUS/patient02865/study1_positive/image1.png
MURA_TT_1138,XR_ELBOW,/content/drive/MyDrive/MURA-v1.1/train/XR_ELBOW/patient05051/study1_positive/image2.png
MURA_TT_1139,XR_ELBOW,/content/drive/MyDrive/MURA-v1.1/train/XR_ELBOW/patient05258/study1_positive/image3.png
MURA_TT_1140,XR_FINGER,/content/drive/MyDrive/MURA-v1.1/train/XR_FINGER/patient03428/study1_positive/image3.png
MURA_TT_1141,XR_SHOULDER,/content/drive/MyDrive/MURA-v1.1/train/XR_SHOULDER/patient01219/study1_positive/image2.png
MURA_TT_1142,XR_HAND,/content/drive/MyDrive/MURA-v1.1/train/XR_HAND/patient09899/study1_positive/image1.png
MURA_TT_1143,XR_SHOULDER,/content/drive/MyDrive/MURA-v1.1/train/XR_SHOULDER/patient00560/study1_positive/image3.png
MURA_TT_1144,XR_ELBOW,/content/drive/MyDrive/MURA-v1.1/train/XR_ELBOW/patient03409/study1_positive/image2.png
MURA_TT_1145,XR_WRIST,/content/drive/MyDrive/MURA-v1.1/train/XR_WRIST/patient07179/study1_positive/image3.png
MURA_TT_1146,XR_FOREARM,/content/drive/MyDrive/MURA-v1.1/train/XR_FOREARM/patient09147/study1_positive/image2.png
MURA_TT_1147,XR_SHOULDER,/content/drive/MyDrive/MURA-v1.1/train/XR_SHOULDER/patient00576/study1_positive/image3.png
MURA_TT_1148,XR_ELBOW,/content/drive/MyDrive/MURA-v1.1/train/XR_ELBOW/patient05171/study1_positive/image1.png
MURA_TT_1149,XR_FINGER,/content/drive/MyDrive/MURA-v1.1/train/XR_FINGER/patient03440/study1_positive/image1.png
MURA_TT_1150,XR_ELBOW,/content/drive/MyDrive/MURA-v1.1/train/XR_ELBOW/patient05055/study1_positive/image2.png
MURA_TT_1151,XR_WRIST,/content/drive/MyDrive/MURA-v1.1/train/XR_WRIST/patient07165/study1_positive/image2.png
MURA_TT_1152,XR_SHOULDER,/content/drive/MyDrive/MURA-v1.1/train/XR_SHOULDER/patient00567/study1_positive/image2.png
MURA_TT_1153,XR_HAND,/content/drive/MyDrive/MURA-v1.1/train/XR_HAND/patient10094/study1_positive/image2.png
MURA_TT_1154,XR_WRIST,/content/drive/MyDrive/MURA-v1.1/train/XR_WRIST/patient06880/study1_positive/image3.png
MURA_TT_1155,XR_WRIST,/content/drive/MyDrive/MURA-v1.1/train/XR_WRIST/patient06496/study1_positive/image1.png
MURA_TT_1156,XR_WRIST,/content/drive/MyDrive/MURA-v1.1/train/XR_WRIST/patient05043/study1_positive/image3.png
MURA_TT_1157,XR_HAND,/content/drive/MyDrive/MURA-v1.1/train/XR_HAND/patient09777/study1_positive/image1.png
MURA_TT_1158,XR_HUMERUS,/content/drive/MyDrive/MURA-v1.1/train/XR_HUMERUS/patient02899/study1_positive/image2.png
MURA_TT_1159,XR_FINGER,/content/drive/MyDrive/MURA-v1.1/train/XR_FINGER/patient03545/study1_positive/image1.png
MURA_TT_1160,XR_ELBOW,/content/drive/MyDrive/MURA-v1.1/train/XR_ELBOW/patient05351/study1_positive/image3.png
MURA_TT_1161,XR_SHOULDER,/content/drive/MyDrive/MURA-v1.1/train/XR_SHOULDER/patient00875/study1_positive/image3.png
MURA_TT_1162,XR_ELBOW,/content/drive/MyDrive/MURA-v1.1/train/XR_ELBOW/patient05388/study1_positive/image2.png
MURA_TT_1163,XR_SHOULDER,/content/drive/MyDrive/MURA-v1.1/train/XR_SHOULDER/patient00192/study1_positive/image1.png
MURA_TT_1164,XR_ELBOW,/content/drive/MyDrive/MURA-v1.1/train/XR_ELBOW/patient05330/study1_positive/image1.png
MURA_TT_1165,XR_WRIST,/content/drive/MyDrive/MURA-v1.1/train/XR_WRIST/patient07404/study1_positive/image1.png
MURA_TT_1166,XR_FOREARM,/content/drive/MyDrive/MURA-v1.1/train/XR_FOREARM/patient09137/study1_positive/image1.png
MURA_TT_1167,XR_ELBOW,/content/drive/MyDrive/MURA-v1.1/train/XR_ELBOW/patient04976/study1_positive/image3.png
MURA_TT_1168,XR_SHOULDER,/content/drive/MyDrive/MURA-v1.1/train/XR_SHOULDER/patient00397/study1_positive/image1.png
MURA_TT_1169,XR_WRIST,/content/drive/MyDrive/MURA-v1.1/train/XR_WRIST/patient07309/study1_positive/image3.png
MURA_TT_1170,XR_ELBOW,/content/drive/MyDrive/MURA-v1.1/train/XR_ELBOW/patient05234/study1_positive/image4.png
MURA_TT_1171,XR_ELBOW,/content/drive/MyDrive/MURA-v1.1/train/XR_ELBOW/patient05400/study1_positive/image2.png
MURA_TT_1172,XR_SHOULDER,/content/drive/MyDrive/MURA-v1.1/train/XR_SHOULDER/patient00632/study1_positive/image2.png
MURA_TT_1173,XR_WRIST,/content/drive/MyDrive/MURA-v1.1/train/XR_WRIST/patient07416/study1_positive/image2.png
MURA_TT_1174,XR_FINGER,/content/drive/MyDrive/MURA-v1.1/train/XR_FINGER/patient03630/study1_positive/image1.png
MURA_TT_1175,XR_FOREARM,/content/drive/MyDrive/MURA-v1.1/train/XR_FOREARM/patient01419/study2_positive/image1.png
MURA_TT_1176,XR_WRIST,/content/drive/MyDrive/MURA-v1.1/train/XR_WRIST/patient07325/study1_positive/image1.png
MURA_TT_1177,XR_SHOULDER,/content/drive/MyDrive/MURA-v1.1/train/XR_SHOULDER/patient00893/study1_positive/image5.png
MURA_TT_1178,XR_ELBOW,/content/drive/MyDrive/MURA-v1.1/train/XR_ELBOW/patient05232/study1_positive/image3.png
MURA_TT_1179,XR_SHOULDER,/content/drive/MyDrive/MURA-v1.1/train/XR_SHOULDER/patient01346/study1_positive/image1.png
MURA_TT_1180,XR_HUMERUS,/content/drive/MyDrive/MURA-v1.1/train/XR_HUMERUS/patient02712/study1_positive/image1.png
MURA_TT_1181,XR_HUMERUS,/content/drive/MyDrive/MURA-v1.1/train/XR_HUMERUS/patient02929/study1_positive/image2.png
MURA_TT_1182,XR_SHOULDER,/content/drive/MyDrive/MURA-v1.1/train/XR_SHOULDER/patient00804/study1_positive/image2.png
MURA_TT_1183,XR_ELBOW,/content/drive/MyDrive/MURA-v1.1/train/XR_ELBOW/patient05293/study1_positive/image1.png
MURA_TT_1184,XR_SHOULDER,/content/drive/MyDrive/MURA-v1.1/train/XR_SHOULDER/patient00291/study1_positive/image4.png
MURA_TT_1185,XR_FOREARM,/content/drive/MyDrive/MURA-v1.1/train/XR_FOREARM/patient09179/study1_positive/image2.png
MURA_TT_1186,XR_WRIST,/content/drive/MyDrive/MURA-v1.1/train/XR_WRIST/patient06629/study1_positive/image1.png
MURA_TT_1187,XR_HUMERUS,/content/drive/MyDrive/MURA-v1.1/train/XR_HUMERUS/patient00363/study1_positive/image1.png
MURA_TT_1188,XR_HAND,/content/drive/MyDrive/MURA-v1.1/train/XR_HAND/patient09813/study1_positive/image2.png
MURA_TT_1189,XR_WRIST,/content/drive/MyDrive/MURA-v1.1/train/XR_WRIST/patient06509/study1_positive/image2.png
MURA_TT_1190,XR_SHOULDER,/content/drive/MyDrive/MURA-v1.1/train/XR_SHOULDER/patient00653/study1_positive/image1.png
MURA_TT_1191,XR_SHOULDER,/content/drive/MyDrive/MURA-v1.1/train/XR_SHOULDER/patient01058/study1_positive/image1.png
MURA_TT_1192,XR_SHOULDER,/content/drive/MyDrive/MURA-v1.1/train/XR_SHOULDER/patient01027/study1_positive/image4.png
MURA_TT_1193,XR_FINGER,/content/drive/MyDrive/MURA-v1.1/train/XR_FINGER/patient03743/study1_positive/image1.png
MURA_TT_1194,XR_WRIST,/content/drive/MyDrive/MURA-v1.1/train/XR_WRIST/patient06632/study1_positive/image3.png
MURA_TT_1195,XR_SHOULDER,/content/drive/MyDrive/MURA-v1.1/train/XR_SHOULDER/patient01282/study1_positive/image1.png
MURA_TT_1196,XR_SHOULDER,/content/drive/MyDrive/MURA-v1.1/train/XR_SHOULDER/patient01239/study1_positive/image1.png
MURA_TT_1197,XR_ELBOW,/content/drive/MyDrive/MURA-v1.1/train/XR_ELBOW/patient05099/study1_positive/image1.png
MURA_TT_1198,XR_FOREARM,/content/drive/MyDrive/MURA-v1.1/train/XR_FOREARM/patient09198/study1_positive/image3.png
MURA_TT_1199,XR_SHOULDER,/content/drive/MyDrive/MURA-v1.1/train/XR_SHOULDER/patient00139/study1_positive/image1.png
MURA_TT_1200,XR_HAND,/content/drive/MyDrive/MURA-v1.1/train/XR_HAND/patient10134/study1_positive/image2.png
MURA_TT_1201,XR_ELBOW,/content/drive/MyDrive/MURA-v1.1/train/XR_ELBOW/patient04935/study1_positive/image2.png
MURA_TT_1202,XR_HAND,/content/drive/MyDrive/MURA-v1.1/train/XR_HAND/patient09946/study1_positive/image5.png
MURA_TT_1203,XR_SHOULDER,/content/drive/MyDrive/MURA-v1.1/train/XR_SHOULDER/patient00872/study1_positive/image2.png
MURA_TT_1204,XR_ELBOW,/content/drive/MyDrive/MURA-v1.1/train/XR_ELBOW/patient05167/study1_positive/image1.png
MURA_TT_1205,XR_ELBOW,/content/drive/MyDrive/MURA-v1.1/train/XR_ELBOW/patient04939/study1_positive/image1.png
MURA_TT_1206,XR_HUMERUS,/content/drive/MyDrive/MURA-v1.1/train/XR_HUMERUS/patient02882/study1_positive/image2.png
MURA_TT_1207,XR_FINGER,/content/drive/MyDrive/MURA-v1.1/train/XR_FINGER/patient03366/study1_positive/image2.png
MURA_TT_1208,XR_SHOULDER,/content/drive/MyDrive/MURA-v1.1/train/XR_SHOULDER/patient00981/study1_positive/image2.png
MURA_TT_1209,XR_HUMERUS,/content/drive/MyDrive/MURA-v1.1/train/XR_HUMERUS/patient02748/study1_positive/image2.png
MURA_TT_1210,XR_WRIST,/content/drive/MyDrive/MURA-v1.1/train/XR_WRIST/patient03323/study1_positive/image3.png
MURA_TT_1211,XR_SHOULDER,/content/drive/MyDrive/MURA-v1.1/train/XR_SHOULDER/patient00297/study3_positive/image2.png
MURA_TT_1212,XR_WRIST,/content/drive/MyDrive/MURA-v1.1/train/XR_WRIST/patient06792/study1_positive/image4.png
MURA_TT_1213,XR_SHOULDER,/content/drive/MyDrive/MURA-v1.1/train/XR_SHOULDER/patient00705/study1_positive/image3.png
MURA_TT_1214,XR_ELBOW,/content/drive/MyDrive/MURA-v1.1/train/XR_ELBOW/patient05256/study1_positive/image2.png
MURA_TT_1215,XR_FINGER,/content/drive/MyDrive/MURA-v1.1/train/XR_FINGER/patient03736/study1_positive/image3.png
MURA_TT_1216,XR_FOREARM,/content/drive/MyDrive/MURA-v1.1/train/XR_FOREARM/patient04136/study1_positive/image5.png
MURA_TT_1217,XR_ELBOW,/content/drive/MyDrive/MURA-v1.1/train/XR_ELBOW/patient05074/study1_positive/image1.png
MURA_TT_1218,XR_HAND,/content/drive/MyDrive/MURA-v1.1/train/XR_HAND/patient09779/study1_positive/image2.png
MURA_TT_1219,XR_FINGER,/content/drive/MyDrive/MURA-v1.1/train/XR_FINGER/patient03781/study1_positive/image1.png
MURA_TT_1220,XR_HAND,/content/drive/MyDrive/MURA-v1.1/train/XR_HAND/patient10050/study1_positive/image1.png
MURA_TT_1221,XR_HAND,/content/drive/MyDrive/MURA-v1.1/train/XR_HAND/patient05421/study1_positive/image3.png
MURA_TT_1222,XR_WRIST,/content/drive/MyDrive/MURA-v1.1/train/XR_WRIST/patient06772/study1_positive/image3.png
MURA_TT_1223,XR_SHOULDER,/content/drive/MyDrive/MURA-v1.1/train/XR_SHOULDER/patient00004/study1_positive/image3.png
MURA_TT_1224,XR_FINGER,/content/drive/MyDrive/MURA-v1.1/train/XR_FINGER/patient03287/study1_positive/image3.png
MURA_TT_1225,XR_SHOULDER,/content/drive/MyDrive/MURA-v1.1/train/XR_SHOULDER/patient01141/study1_positive/image1.png
MURA_TT_1226,XR_WRIST,/content/drive/MyDrive/MURA-v1.1/train/XR_WRIST/patient07069/study1_positive/image2.png
MURA_TT_1227,XR_SHOULDER,/content/drive/MyDrive/MURA-v1.1/train/XR_SHOULDER/patient01301/study1_positive/image2.png
MURA_TT_1228,XR_HAND,/content/drive/MyDrive/MURA-v1.1/train/XR_HAND/patient09787/study1_positive/image1.png
MURA_TT_1229,XR_FINGER,/content/drive/MyDrive/MURA-v1.1/train/XR_FINGER/patient03388/study1_positive/image3.png
MURA_TT_1230,XR_FOREARM,/content/drive/MyDrive/MURA-v1.1/train/XR_FOREARM/patient01443/study1_positive/image1.png
MURA_TT_1231,XR_WRIST,/content/drive/MyDrive/MURA-v1.1/train/XR_WRIST/patient06501/study1_positive/image2.png
MURA_TT_1232,XR_HAND,/content/drive/MyDrive/MURA-v1.1/train/XR_HAND/patient09405/study1_positive/image2.png
MURA_TT_1233,XR_FOREARM,/content/drive/MyDrive/MURA-v1.1/train/XR_FOREARM/patient09089/study1_positive/image1.png
MURA_TT_1234,XR_FINGER,/content/drive/MyDrive/MURA-v1.1/train/XR_FINGER/patient03470/study1_positive/image3.png
MURA_TT_1235,XR_SHOULDER,/content/drive/MyDrive/MURA-v1.1/train/XR_SHOULDER/patient00218/study1_positive/image1.png
MURA_TT_1236,XR_FOREARM,/content/drive/MyDrive/MURA-v1.1/train/XR_FOREARM/patient03956/study1_positive/image3.png
MURA_TT_1237,XR_SHOULDER,/content/drive/MyDrive/MURA-v1.1/train/XR_SHOULDER/patient00423/study1_positive/image1.png
MURA_TT_1238,XR_SHOULDER,/content/drive/MyDrive/MURA-v1.1/train/XR_SHOULDER/patient00877/study1_positive/image2.png
MURA_TT_1239,XR_HUMERUS,/content/drive/MyDrive/MURA-v1.1/train/XR_HUMERUS/patient02798/study1_positive/image1.png
MURA_TT_1240,XR_HUMERUS,/content/drive/MyDrive/MURA-v1.1/train/XR_HUMERUS/patient02871/study1_positive/image5.png
MURA_TT_1241,XR_FINGER,/content/drive/MyDrive/MURA-v1.1/train/XR_FINGER/patient03759/study1_positive/image3.png
MURA_TT_1242,XR_FOREARM,/content/drive/MyDrive/MURA-v1.1/train/XR_FOREARM/patient01528/study1_positive/image2.png
MURA_TT_1243,XR_SHOULDER,/content/drive/MyDrive/MURA-v1.1/train/XR_SHOULDER/patient00848/study1_positive/image2.png
MURA_TT_1244,XR_FINGER,/content/drive/MyDrive/MURA-v1.1/train/XR_FINGER/patient03292/study1_positive/image3.png
MURA_TT_1245,XR_HAND,/content/drive/MyDrive/MURA-v1.1/train/XR_HAND/patient09126/study1_positive/image1.png
MURA_TT_1246,XR_HAND,/content/drive/MyDrive/MURA-v1.1/train/XR_HAND/patient10124/study1_positive/image3.png
MURA_TT_1247,XR_FOREARM,/content/drive/MyDrive/MURA-v1.1/train/XR_FOREARM/patient09261/study1_positive/image1.png
MURA_TT_1248,XR_HUMERUS,/content/drive/MyDrive/MURA-v1.1/train/XR_HUMERUS/patient02718/study1_positive/image2.png
MURA_TT_1249,XR_HAND,/content/drive/MyDrive/MURA-v1.1/train/XR_HAND/patient10082/study1_positive/image1.png
MURA_TT_1250,XR_SHOULDER,/content/drive/MyDrive/MURA-v1.1/train/XR_SHOULDER/patient00268/study1_positive/image1.png
MURA_TT_1251,XR_SHOULDER,/content/drive/MyDrive/MURA-v1.1/train/XR_SHOULDER/patient01147/study1_positive/image3.png
MURA_TT_1252,XR_SHOULDER,/content/drive/MyDrive/MURA-v1.1/train/XR_SHOULDER/patient00258/study1_positive/image4.png
MURA_TT_1253,XR_SHOULDER,/content/drive/MyDrive/MURA-v1.1/train/XR_SHOULDER/patient00198/study1_positive/image1.png
MURA_TT_1254,XR_WRIST,/content/drive/MyDrive/MURA-v1.1/train/XR_WRIST/patient06467/study1_positive/image2.png
MURA_TT_1255,XR_SHOULDER,/content/drive/MyDrive/MURA-v1.1/train/XR_SHOULDER/patient01087/study1_positive/image2.png
MURA_TT_1256,XR_WRIST,/content/drive/MyDrive/MURA-v1.1/train/XR_WRIST/patient00805/study1_positive/image2.png
MURA_TT_1257,XR_WRIST,/content/drive/MyDrive/MURA-v1.1/train/XR_WRIST/patient05125/study1_positive/image1.png
MURA_TT_1258,XR_SHOULDER,/content/drive/MyDrive/MURA-v1.1/train/XR_SHOULDER/patient01325/study1_positive/image4.png
MURA_TT_1259,XR_HAND,/content/drive/MyDrive/MURA-v1.1/train/XR_HAND/patient09895/study1_positive/image1.png
MURA_TT_1260,XR_ELBOW,/content/drive/MyDrive/MURA-v1.1/train/XR_ELBOW/patient05369/study1_positive/image1.png
MURA_TT_1261,XR_SHOULDER,/content/drive/MyDrive/MURA-v1.1/train/XR_SHOULDER/patient01266/study1_positive/image4.png
MURA_TT_1262,XR_HAND,/content/drive/MyDrive/MURA-v1.1/train/XR_HAND/patient09979/study1_positive/image1.png
MURA_TT_1263,XR_SHOULDER,/content/drive/MyDrive/MURA-v1.1/train/XR_SHOULDER/patient00692/study1_positive/image2.png
MURA_TT_1264,XR_FOREARM,/content/drive/MyDrive/MURA-v1.1/train/XR_FOREARM/patient09150/study1_positive/image2.png
MURA_TT_1265,XR_SHOULDER,/content/drive/MyDrive/MURA-v1.1/train/XR_SHOULDER/patient01262/study1_positive/image2.png
MURA_TT_1266,XR_ELBOW,/content/drive/MyDrive/MURA-v1.1/train/XR_ELBOW/patient05123/study1_positive/image2.png
MURA_TT_1267,XR_ELBOW,/content/drive/MyDrive/MURA-v1.1/train/XR_ELBOW/patient04965/study1_positive/image2.png
MURA_TT_1268,XR_HUMERUS,/content/drive/MyDrive/MURA-v1.1/train/XR_HUMERUS/patient02867/study1_positive/image1.png
MURA_TT_1269,XR_HAND,/content/drive/MyDrive/MURA-v1.1/train/XR_HAND/patient09915/study1_positive/image2.png
MURA_TT_1270,XR_WRIST,/content/drive/MyDrive/MURA-v1.1/train/XR_WRIST/patient06893/study1_positive/image2.png
MURA_TT_1271,XR_HAND,/content/drive/MyDrive/MURA-v1.1/train/XR_HAND/patient10076/study1_positive/image1.png
MURA_TT_1272,XR_SHOULDER,/content/drive/MyDrive/MURA-v1.1/train/XR_SHOULDER/patient00971/study1_positive/image3.png
MURA_TT_1273,XR_FINGER,/content/drive/MyDrive/MURA-v1.1/train/XR_FINGER/patient03706/study1_positive/image3.png
MURA_TT_1274,XR_WRIST,/content/drive/MyDrive/MURA-v1.1/train/XR_WRIST/patient07268/study1_positive/image2.png
MURA_TT_1275,XR_FINGER,/content/drive/MyDrive/MURA-v1.1/train/XR_FINGER/patient03478/study1_positive/image2.png
MURA_TT_1276,XR_FINGER,/content/drive/MyDrive/MURA-v1.1/train/XR_FINGER/patient03537/study1_positive/image1.png
MURA_TT_1277,XR_HUMERUS,/content/drive/MyDrive/MURA-v1.1/train/XR_HUMERUS/patient02728/study1_positive/image1.png
MURA_TT_1278,XR_HAND,/content/drive/MyDrive/MURA-v1.1/train/XR_HAND/patient09875/study1_positive/image2.png
MURA_TT_1279,XR_HAND,/content/drive/MyDrive/MURA-v1.1/train/XR_HAND/patient02512/study1_positive/image3.png
MURA_TT_1280,XR_WRIST,/content/drive/MyDrive/MURA-v1.1/train/XR_WRIST/patient06364/study1_positive/image1.png
MURA_TT_1281,XR_FINGER,/content/drive/MyDrive/MURA-v1.1/train/XR_FINGER/patient03534/study1_positive/image1.png
MURA_TT_1282,XR_SHOULDER,/content/drive/MyDrive/MURA-v1.1/train/XR_SHOULDER/patient01130/study1_positive/image1.png
MURA_TT_1283,XR_SHOULDER,/content/drive/MyDrive/MURA-v1.1/train/XR_SHOULDER/patient01175/study1_positive/image1.png
MURA_TT_1284,XR_SHOULDER,/content/drive/MyDrive/MURA-v1.1/train/XR_SHOULDER/patient00771/study1_positive/image3.png
MURA_TT_1285,XR_FOREARM,/content/drive/MyDrive/MURA-v1.1/train/XR_FOREARM/patient09279/study1_positive/image2.png
MURA_TT_1286,XR_ELBOW,/content/drive/MyDrive/MURA-v1.1/train/XR_ELBOW/patient05088/study1_positive/image3.png
MURA_TT_1287,XR_HUMERUS,/content/drive/MyDrive/MURA-v1.1/train/XR_HUMERUS/patient02913/study1_positive/image1.png
MURA_TT_1288,XR_ELBOW,/content/drive/MyDrive/MURA-v1.1/train/XR_ELBOW/patient04999/study1_positive/image2.png
MURA_TT_1289,XR_FOREARM,/content/drive/MyDrive/MURA-v1.1/train/XR_FOREARM/patient09196/study1_positive/image1.png
MURA_TT_1290,XR_ELBOW,/content/drive/MyDrive/MURA-v1.1/train/XR_ELBOW/patient05396/study1_positive/image3.png
MURA_TT_1291,XR_WRIST,/content/drive/MyDrive/MURA-v1.1/train/XR_WRIST/patient07051/study1_positive/image3.png
MURA_TT_1292,XR_SHOULDER,/content/drive/MyDrive/MURA-v1.1/train/XR_SHOULDER/patient01275/study1_positive/image2.png
MURA_TT_1293,XR_HAND,/content/drive/MyDrive/MURA-v1.1/train/XR_HAND/patient05853/study1_positive/image2.png
MURA_TT_1294,XR_SHOULDER,/content/drive/MyDrive/MURA-v1.1/train/XR_SHOULDER/patient01064/study1_positive/image2.png
MURA_TT_1295,XR_WRIST,/content/drive/MyDrive/MURA-v1.1/train/XR_WRIST/patient06418/study1_positive/image2.png
MURA_TT_1296,XR_HUMERUS,/content/drive/MyDrive/MURA-v1.1/train/XR_HUMERUS/patient02769/study1_positive/image2.png
MURA_TT_1297,XR_HUMERUS,/content/drive/MyDrive/MURA-v1.1/train/XR_HUMERUS/patient02901/study1_positive/image1.png
MURA_TT_1298,XR_WRIST,/content/drive/MyDrive/MURA-v1.1/train/XR_WRIST/patient06372/study1_positive/image3.png
MURA_TT_1299,XR_WRIST,/content/drive/MyDrive/MURA-v1.1/train/XR_WRIST/patient05651/study1_positive/image3.png
MURA_TT_1300,XR_FINGER,/content/drive/MyDrive/MURA-v1.1/train/XR_FINGER/patient02094/study1_positive/image3.png
MURA_TT_1301,XR_FINGER,/content/drive/MyDrive/MURA-v1.1/train/XR_FINGER/patient03322/study1_positive/image3.png
MURA_TT_1302,XR_SHOULDER,/content/drive/MyDrive/MURA-v1.1/train/XR_SHOULDER/patient00745/study1_positive/image4.png
MURA_TT_1303,XR_ELBOW,/content/drive/MyDrive/MURA-v1.1/train/XR_ELBOW/patient05003/study1_positive/image1.png
MURA_TT_1304,XR_SHOULDER,/content/drive/MyDrive/MURA-v1.1/train/XR_SHOULDER/patient00044/study1_positive/image3.png
MURA_TT_1305,XR_SHOULDER,/content/drive/MyDrive/MURA-v1.1/train/XR_SHOULDER/patient00223/study1_positive/image1.png
MURA_TT_1306,XR_WRIST,/content/drive/MyDrive/MURA-v1.1/train/XR_WRIST/patient07367/study1_positive/image3.png
MURA_TT_1307,XR_HAND,/content/drive/MyDrive/MURA-v1.1/train/XR_HAND/patient09912/study1_positive/image3.png
MURA_TT_1308,XR_ELBOW,/content/drive/MyDrive/MURA-v1.1/train/XR_ELBOW/patient04954/study1_positive/image1.png
MURA_TT_1309,XR_SHOULDER,/content/drive/MyDrive/MURA-v1.1/train/XR_SHOULDER/patient01326/study1_positive/image1.png
MURA_TT_1310,XR_SHOULDER,/content/drive/MyDrive/MURA-v1.1/train/XR_SHOULDER/patient00697/study1_positive/image4.png
MURA_TT_1311,XR_SHOULDER,/content/drive/MyDrive/MURA-v1.1/train/XR_SHOULDER/patient00381/study1_positive/image1.png
MURA_TT_1312,XR_WRIST,/content/drive/MyDrive/MURA-v1.1/train/XR_WRIST/patient06543/study1_positive/image3.png
MURA_TT_1313,XR_HAND,/content/drive/MyDrive/MURA-v1.1/train/XR_HAND/patient10115/study1_positive/image2.png
MURA_TT_1314,XR_FINGER,/content/drive/MyDrive/MURA-v1.1/train/XR_FINGER/patient03455/study1_positive/image1.png
MURA_TT_1315,XR_HAND,/content/drive/MyDrive/MURA-v1.1/train/XR_HAND/patient09890/study1_positive/image1.png
MURA_TT_1316,XR_HUMERUS,/content/drive/MyDrive/MURA-v1.1/train/XR_HUMERUS/patient02751/study1_positive/image1.png
MURA_TT_1317,XR_HUMERUS,/content/drive/MyDrive/MURA-v1.1/train/XR_HUMERUS/patient02724/study1_positive/image3.png
MURA_TT_1318,XR_FOREARM,/content/drive/MyDrive/MURA-v1.1/train/XR_FOREARM/patient09213/study1_positive/image1.png
MURA_TT_1319,XR_HAND,/content/drive/MyDrive/MURA-v1.1/train/XR_HAND/patient05474/study1_positive/image1.png
MURA_TT_1320,XR_FOREARM,/content/drive/MyDrive/MURA-v1.1/train/XR_FOREARM/patient09224/study1_positive/image2.png
MURA_TT_1321,XR_ELBOW,/content/drive/MyDrive/MURA-v1.1/train/XR_ELBOW/patient05004/study1_positive/image2.png
MURA_TT_1322,XR_FOREARM,/content/drive/MyDrive/MURA-v1.1/train/XR_FOREARM/patient06444/study1_positive/image1.png
MURA_TT_1323,XR_WRIST,/content/drive/MyDrive/MURA-v1.1/train/XR_WRIST/patient06912/study1_positive/image1.png
MURA_TT_1324,XR_WRIST,/content/drive/MyDrive/MURA-v1.1/train/XR_WRIST/patient07242/study1_positive/image1.png
MURA_TT_1325,XR_HUMERUS,/content/drive/MyDrive/MURA-v1.1/train/XR_HUMERUS/patient02886/study1_positive/image2.png
MURA_TT_1326,XR_SHOULDER,/content/drive/MyDrive/MURA-v1.1/train/XR_SHOULDER/patient00328/study2_positive/image2.png
MURA_TT_1327,XR_SHOULDER,/content/drive/MyDrive/MURA-v1.1/train/XR_SHOULDER/patient00598/study1_positive/image3.png
MURA_TT_1328,XR_WRIST,/content/drive/MyDrive/MURA-v1.1/train/XR_WRIST/patient06611/study1_positive/image2.png
MURA_TT_1329,XR_HAND,/content/drive/MyDrive/MURA-v1.1/train/XR_HAND/patient10033/study1_positive/image3.png
MURA_TT_1330,XR_SHOULDER,/content/drive/MyDrive/MURA-v1.1/train/XR_SHOULDER/patient00155/study1_positive/image4.png
MURA_TT_1331,XR_HUMERUS,/content/drive/MyDrive/MURA-v1.1/train/XR_HUMERUS/patient02906/study1_positive/image1.png
MURA_TT_1332,XR_ELBOW,/content/drive/MyDrive/MURA-v1.1/train/XR_ELBOW/patient05414/study1_positive/image2.png
MURA_TT_1333,XR_SHOULDER,/content/drive/MyDrive/MURA-v1.1/train/XR_SHOULDER/patient01225/study1_positive/image2.png
MURA_TT_1334,XR_FOREARM,/content/drive/MyDrive/MURA-v1.1/train/XR_FOREARM/patient09114/study1_positive/image2.png
MURA_TT_1335,XR_SHOULDER,/content/drive/MyDrive/MURA-v1.1/train/XR_SHOULDER/patient01385/study1_positive/image2.png
MURA_TT_1336,XR_SHOULDER,/content/drive/MyDrive/MURA-v1.1/train/XR_SHOULDER/patient01162/study1_positive/image3.png
MURA_TT_1337,XR_HAND,/content/drive/MyDrive/MURA-v1.1/train/XR_HAND/patient06451/study1_positive/image2.png
MURA_TT_1338,XR_HAND,/content/drive/MyDrive/MURA-v1.1/train/XR_HAND/patient05219/study1_positive/image3.png
MURA_TT_1339,XR_HUMERUS,/content/drive/MyDrive/MURA-v1.1/train/XR_HUMERUS/patient02806/study1_positive/image1.png
MURA_TT_1340,XR_SHOULDER,/content/drive/MyDrive/MURA-v1.1/train/XR_SHOULDER/patient00287/study1_positive/image2.png
MURA_TT_1341,XR_WRIST,/content/drive/MyDrive/MURA-v1.1/train/XR_WRIST/patient06866/study1_positive/image2.png
MURA_TT_1342,XR_SHOULDER,/content/drive/MyDrive/MURA-v1.1/train/XR_SHOULDER/patient01284/study1_positive/image1.png
MURA_TT_1343,XR_HAND,/content/drive/MyDrive/MURA-v1.1/train/XR_HAND/patient10020/study1_positive/image1.png
MURA_TT_1344,XR_WRIST,/content/drive/MyDrive/MURA-v1.1/train/XR_WRIST/patient01264/study1_positive/image2.png
MURA_TT_1345,XR_HAND,/content/drive/MyDrive/MURA-v1.1/train/XR_HAND/patient10100/study1_positive/image3.png
MURA_TT_1346,XR_FOREARM,/content/drive/MyDrive/MURA-v1.1/train/XR_FOREARM/patient09183/study1_positive/image2.png
MURA_TT_1347,XR_FOREARM,/content/drive/MyDrive/MURA-v1.1/train/XR_FOREARM/patient09297/study1_positive/image1.png
MURA_TT_1348,XR_FINGER,/content/drive/MyDrive/MURA-v1.1/train/XR_FINGER/patient00042/study1_positive/image2.png
MURA_TT_1349,XR_ELBOW,/content/drive/MyDrive/MURA-v1.1/train/XR_ELBOW/patient04918/study1_positive/image5.png
MURA_TT_1350,XR_ELBOW,/content/drive/MyDrive/MURA-v1.1/train/XR_ELBOW/patient05403/study1_positive/image2.png
MURA_TT_1351,XR_WRIST,/content/drive/MyDrive/MURA-v1.1/train/XR_WRIST/patient06440/study1_positive/image2.png
MURA_TT_1352,XR_FINGER,/content/drive/MyDrive/MURA-v1.1/train/XR_FINGER/patient03698/study1_positive/image3.png
MURA_TT_1353,XR_FINGER,/content/drive/MyDrive/MURA-v1.1/train/XR_FINGER/patient03589/study1_positive/image2.png
MURA_TT_1354,XR_ELBOW,/content/drive/MyDrive/MURA-v1.1/train/XR_ELBOW/patient05336/study1_positive/image1.png
MURA_TT_1355,XR_HUMERUS,/content/drive/MyDrive/MURA-v1.1/train/XR_HUMERUS/patient02928/study1_positive/image2.png
MURA_TT_1356,XR_WRIST,/content/drive/MyDrive/MURA-v1.1/train/XR_WRIST/patient06633/study1_positive/image2.png
MURA_TT_1357,XR_SHOULDER,/content/drive/MyDrive/MURA-v1.1/train/XR_SHOULDER/patient00280/study1_positive/image3.png
MURA_TT_1358,XR_SHOULDER,/content/drive/MyDrive/MURA-v1.1/train/XR_SHOULDER/patient00053/study1_positive/image3.png
MURA_TT_1359,XR_FOREARM,/content/drive/MyDrive/MURA-v1.1/train/XR_FOREARM/patient09232/study1_positive/image2.png
MURA_TT_1360,XR_ELBOW,/content/drive/MyDrive/MURA-v1.1/train/XR_ELBOW/patient04978/study1_positive/image5.png
MURA_TT_1361,XR_SHOULDER,/content/drive/MyDrive/MURA-v1.1/train/XR_SHOULDER/patient00048/study1_positive/image3.png
MURA_TT_1362,XR_HAND,/content/drive/MyDrive/MURA-v1.1/train/XR_HAND/patient09848/study1_positive/image2.png
MURA_TT_1363,XR_SHOULDER,/content/drive/MyDrive/MURA-v1.1/train/XR_SHOULDER/patient00015/study1_positive/image1.png
MURA_TT_1364,XR_WRIST,/content/drive/MyDrive/MURA-v1.1/train/XR_WRIST/patient07022/study1_positive/image2.png
MURA_TT_1365,XR_FINGER,/content/drive/MyDrive/MURA-v1.1/train/XR_FINGER/patient03787/study1_positive/image1.png
MURA_TT_1366,XR_ELBOW,/content/drive/MyDrive/MURA-v1.1/train/XR_ELBOW/patient05226/study1_positive/image5.png
MURA_TT_1367,XR_WRIST,/content/drive/MyDrive/MURA-v1.1/train/XR_WRIST/patient06690/study1_positive/image2.png
MURA_TT_1368,XR_FOREARM,/content/drive/MyDrive/MURA-v1.1/train/XR_FOREARM/patient09264/study1_positive/image1.png
MURA_TT_1369,XR_WRIST,/content/drive/MyDrive/MURA-v1.1/train/XR_WRIST/patient07066/study1_positive/image1.png
MURA_TT_1370,XR_SHOULDER,/content/drive/MyDrive/MURA-v1.1/train/XR_SHOULDER/patient00269/study1_positive/image2.png
MURA_TT_1371,XR_HAND,/content/drive/MyDrive/MURA-v1.1/train/XR_HAND/patient07826/study1_positive/image3.png
MURA_TT_1372,XR_SHOULDER,/content/drive/MyDrive/MURA-v1.1/train/XR_SHOULDER/patient00757/study1_positive/image2.png
MURA_TT_1373,XR_FOREARM,/content/drive/MyDrive/MURA-v1.1/train/XR_FOREARM/patient04221/study1_positive/image2.png
MURA_TT_1374,XR_ELBOW,/content/drive/MyDrive/MURA-v1.1/train/XR_ELBOW/patient05029/study1_positive/image2.png
MURA_TT_1375,XR_HAND,/content/drive/MyDrive/MURA-v1.1/train/XR_HAND/patient10135/study1_positive/image3.png
MURA_TT_1376,XR_FINGER,/content/drive/MyDrive/MURA-v1.1/train/XR_FINGER/patient03439/study1_positive/image2.png
MURA_TT_1377,XR_FOREARM,/content/drive/MyDrive/MURA-v1.1/train/XR_FOREARM/patient09105/study1_positive/image1.png
MURA_TT_1378,XR_HAND,/content/drive/MyDrive/MURA-v1.1/train/XR_HAND/patient10111/study1_positive/image1.png
MURA_TT_1379,XR_WRIST,/content/drive/MyDrive/MURA-v1.1/train/XR_WRIST/patient07039/study1_positive/image2.png
MURA_TT_1380,XR_WRIST,/content/drive/MyDrive/MURA-v1.1/train/XR_WRIST/patient06801/study1_positive/image2.png
MURA_TT_1381,XR_FOREARM,/content/drive/MyDrive/MURA-v1.1/train/XR_FOREARM/patient09218/study1_positive/image2.png
MURA_TT_1382,XR_FINGER,/content/drive/MyDrive/MURA-v1.1/train/XR_FINGER/patient03511/study1_positive/image2.png
MURA_TT_1383,XR_HUMERUS,/content/drive/MyDrive/MURA-v1.1/train/XR_HUMERUS/patient02814/study1_positive/image2.png
MURA_TT_1384,XR_HAND,/content/drive/MyDrive/MURA-v1.1/train/XR_HAND/patient10089/study1_positive/image1.png
MURA_TT_1385,XR_WRIST,/content/drive/MyDrive/MURA-v1.1/train/XR_WRIST/patient07049/study1_positive/image3.png
MURA_TT_1386,XR_FOREARM,/content/drive/MyDrive/MURA-v1.1/train/XR_FOREARM/patient09146/study1_positive/image1.png
MURA_TT_1387,XR_ELBOW,/content/drive/MyDrive/MURA-v1.1/train/XR_ELBOW/patient04912/study1_positive/image2.png
MURA_TT_1388,XR_FINGER,/content/drive/MyDrive/MURA-v1.1/train/XR_FINGER/patient03800/study1_positive/image2.png
MURA_TT_1389,XR_WRIST,/content/drive/MyDrive/MURA-v1.1/train/XR_WRIST/patient07324/study1_positive/image2.png
MURA_TT_1390,XR_HAND,/content/drive/MyDrive/MURA-v1.1/train/XR_HAND/patient09852/study1_positive/image2.png
MURA_TT_1391,XR_FOREARM,/content/drive/MyDrive/MURA-v1.1/train/XR_FOREARM/patient09214/study1_positive/image2.png
MURA_TT_1392,XR_WRIST,/content/drive/MyDrive/MURA-v1.1/train/XR_WRIST/patient07414/study1_positive/image1.png
MURA_TT_1393,XR_ELBOW,/content/drive/MyDrive/MURA-v1.1/train/XR_ELBOW/patient05229/study1_positive/image2.png
MURA_TT_1394,XR_HAND,/content/drive/MyDrive/MURA-v1.1/train/XR_HAND/patient10113/study1_positive/image1.png
MURA_TT_1395,XR_SHOULDER,/content/drive/MyDrive/MURA-v1.1/train/XR_SHOULDER/patient00162/study1_positive/image2.png
MURA_TT_1396,XR_WRIST,/content/drive/MyDrive/MURA-v1.1/train/XR_WRIST/patient06851/study1_positive/image2.png
MURA_TT_1397,XR_HAND,/content/drive/MyDrive/MURA-v1.1/train/XR_HAND/patient10137/study1_positive/image2.png
MURA_TT_1398,XR_FINGER,/content/drive/MyDrive/MURA-v1.1/train/XR_FINGER/patient03557/study1_positive/image3.png
MURA_TT_1399,XR_SHOULDER,/content/drive/MyDrive/MURA-v1.1/train/XR_SHOULDER/patient01350/study1_positive/image4.png
MURA_TT_1400,XR_SHOULDER,/content/drive/MyDrive/MURA-v1.1/train/XR_SHOULDER/patient00183/study1_positive/image2.png
MURA_TT_1401,XR_ELBOW,/content/drive/MyDrive/MURA-v1.1/train/XR_ELBOW/patient04971/study1_positive/image1.png
MURA_TT_1402,XR_FINGER,/content/drive/MyDrive/MURA-v1.1/train/XR_FINGER/patient03411/study1_positive/image1.png
MURA_TT_1403,XR_FINGER,/content/drive/MyDrive/MURA-v1.1/train/XR_FINGER/patient03553/study1_positive/image2.png
MURA_TT_1404,XR_HUMERUS,/content/drive/MyDrive/MURA-v1.1/train/XR_HUMERUS/patient02738/study1_positive/image2.png
MURA_TT_1405,XR_SHOULDER,/content/drive/MyDrive/MURA-v1.1/train/XR_SHOULDER/patient00115/study1_positive/image1.png
MURA_TT_1406,XR_WRIST,/content/drive/MyDrive/MURA-v1.1/train/XR_WRIST/patient06630/study1_positive/image1.png
MURA_TT_1407,XR_FOREARM,/content/drive/MyDrive/MURA-v1.1/train/XR_FOREARM/patient09258/study1_positive/image2.png
MURA_TT_1408,XR_WRIST,/content/drive/MyDrive/MURA-v1.1/train/XR_WRIST/patient07391/study1_positive/image4.png
MURA_TT_1409,XR_WRIST,/content/drive/MyDrive/MURA-v1.1/train/XR_WRIST/patient06447/study1_positive/image2.png
MURA_TT_1410,XR_FOREARM,/content/drive/MyDrive/MURA-v1.1/train/XR_FOREARM/patient09265/study1_positive/image2.png
MURA_TT_1411,XR_HAND,/content/drive/MyDrive/MURA-v1.1/train/XR_HAND/patient10071/study1_positive/image1.png
MURA_TT_1412,XR_ELBOW,/content/drive/MyDrive/MURA-v1.1/train/XR_ELBOW/patient05249/study1_positive/image4.png
MURA_TT_1413,XR_HAND,/content/drive/MyDrive/MURA-v1.1/train/XR_HAND/patient10127/study1_positive/image1.png
MURA_TT_1414,XR_SHOULDER,/content/drive/MyDrive/MURA-v1.1/train/XR_SHOULDER/patient00486/study1_positive/image1.png
MURA_TT_1415,XR_ELBOW,/content/drive/MyDrive/MURA-v1.1/train/XR_ELBOW/patient05374/study1_positive/image2.png
MURA_TT_1416,XR_FINGER,/content/drive/MyDrive/MURA-v1.1/train/XR_FINGER/patient03384/study1_positive/image3.png
MURA_TT_1417,XR_WRIST,/content/drive/MyDrive/MURA-v1.1/train/XR_WRIST/patient06669/study1_positive/image3.png
MURA_TT_1418,XR_HUMERUS,/content/drive/MyDrive/MURA-v1.1/train/XR_HUMERUS/patient02742/study1_positive/image1.png
MURA_TT_1419,XR_FINGER,/content/drive/MyDrive/MURA-v1.1/train/XR_FINGER/patient03363/study1_positive/image2.png
MURA_TT_1420,XR_SHOULDER,/content/drive/MyDrive/MURA-v1.1/train/XR_SHOULDER/patient00117/study1_positive/image1.png
MURA_TT_1421,XR_HUMERUS,/content/drive/MyDrive/MURA-v1.1/train/XR_HUMERUS/patient02731/study1_positive/image2.png
MURA_TT_1422,XR_HAND,/content/drive/MyDrive/MURA-v1.1/train/XR_HAND/patient09785/study1_positive/image1.png
MURA_TT_1423,XR_WRIST,/content/drive/MyDrive/MURA-v1.1/train/XR_WRIST/patient07422/study1_positive/image2.png
MURA_TT_1424,XR_HAND,/content/drive/MyDrive/MURA-v1.1/train/XR_HAND/patient00126/study1_positive/image2.png
MURA_TT_1425,XR_SHOULDER,/content/drive/MyDrive/MURA-v1.1/train/XR_SHOULDER/patient00917/study1_positive/image1.png
MURA_TT_1426,XR_SHOULDER,/content/drive/MyDrive/MURA-v1.1/train/XR_SHOULDER/patient00130/study1_positive/image4.png
MURA_TT_1427,XR_SHOULDER,/content/drive/MyDrive/MURA-v1.1/train/XR_SHOULDER/patient01378/study1_positive/image1.png
MURA_TT_1428,XR_WRIST,/content/drive/MyDrive/MURA-v1.1/train/XR_WRIST/patient06713/study1_positive/image2.png
MURA_TT_1429,XR_FINGER,/content/drive/MyDrive/MURA-v1.1/train/XR_FINGER/patient03801/study1_positive/image2.png
MURA_TT_1430,XR_ELBOW,/content/drive/MyDrive/MURA-v1.1/train/XR_ELBOW/patient05432/study1_positive/image4.png
MURA_TT_1431,XR_FINGER,/content/drive/MyDrive/MURA-v1.1/train/XR_FINGER/patient03329/study1_positive/image1.png
MURA_TT_1432,XR_SHOULDER,/content/drive/MyDrive/MURA-v1.1/train/XR_SHOULDER/patient01172/study1_positive/image3.png
MURA_TT_1433,XR_SHOULDER,/content/drive/MyDrive/MURA-v1.1/train/XR_SHOULDER/patient01401/study1_positive/image1.png
MURA_TT_1434,XR_WRIST,/content/drive/MyDrive/MURA-v1.1/train/XR_WRIST/patient07171/study1_positive/image4.png
MURA_TT_1435,XR_FINGER,/content/drive/MyDrive/MURA-v1.1/train/XR_FINGER/patient03493/study1_positive/image2.png
MURA_TT_1436,XR_FINGER,/content/drive/MyDrive/MURA-v1.1/train/XR_FINGER/patient03635/study1_positive/image1.png
MURA_TT_1437,XR_FINGER,/content/drive/MyDrive/MURA-v1.1/train/XR_FINGER/patient03539/study1_positive/image2.png
MURA_TT_1438,XR_ELBOW,/content/drive/MyDrive/MURA-v1.1/train/XR_ELBOW/patient05012/study1_positive/image4.png
MURA_TT_1439,XR_HAND,/content/drive/MyDrive/MURA-v1.1/train/XR_HAND/patient06302/study1_positive/image3.png
MURA_TT_1440,XR_SHOULDER,/content/drive/MyDrive/MURA-v1.1/train/XR_SHOULDER/patient00724/study1_positive/image1.png
MURA_TT_1441,XR_WRIST,/content/drive/MyDrive/MURA-v1.1/train/XR_WRIST/patient06837/study1_positive/image2.png
MURA_TT_1442,XR_HUMERUS,/content/drive/MyDrive/MURA-v1.1/train/XR_HUMERUS/patient02730/study1_positive/image1.png
MURA_TT_1443,XR_WRIST,/content/drive/MyDrive/MURA-v1.1/train/XR_WRIST/patient07280/study1_positive/image2.png
MURA_TT_1444,XR_ELBOW,/content/drive/MyDrive/MURA-v1.1/train/XR_ELBOW/patient05281/study1_positive/image3.png
MURA_TT_1445,XR_HUMERUS,/content/drive/MyDrive/MURA-v1.1/train/XR_HUMERUS/patient02800/study1_positive/image2.png
MURA_TT_1446,XR_HUMERUS,/content/drive/MyDrive/MURA-v1.1/train/XR_HUMERUS/patient02799/study1_positive/image1.png
MURA_TT_1447,XR_HUMERUS,/content/drive/MyDrive/MURA-v1.1/train/XR_HUMERUS/patient02767/study1_positive/image2.png
MURA_TT_1448,XR_WRIST,/content/drive/MyDrive/MURA-v1.1/train/XR_WRIST/patient02290/study1_positive/image3.png
MURA_TT_1449,XR_SHOULDER,/content/drive/MyDrive/MURA-v1.1/train/XR_SHOULDER/patient00908/study1_positive/image3.png
MURA_TT_1450,XR_FOREARM,/content/drive/MyDrive/MURA-v1.1/train/XR_FOREARM/patient02242/study1_positive/image2.png
MURA_TT_1451,XR_WRIST,/content/drive/MyDrive/MURA-v1.1/train/XR_WRIST/patient07265/study1_positive/image3.png
MURA_TT_1452,XR_HUMERUS,/content/drive/MyDrive/MURA-v1.1/train/XR_HUMERUS/patient02695/study1_positive/image1.png
MURA_TT_1453,XR_ELBOW,/content/drive/MyDrive/MURA-v1.1/train/XR_ELBOW/patient05068/study1_positive/image2.png
MURA_TT_1454,XR_HUMERUS,/content/drive/MyDrive/MURA-v1.1/train/XR_HUMERUS/patient02787/study1_positive/image1.png
MURA_TT_1455,XR_WRIST,/content/drive/MyDrive/MURA-v1.1/train/XR_WRIST/patient07228/study1_positive/image2.png
MURA_TT_1456,XR_WRIST,/content/drive/MyDrive/MURA-v1.1/train/XR_WRIST/patient06575/study1_positive/image1.png
MURA_TT_1457,XR_HAND,/content/drive/MyDrive/MURA-v1.1/train/XR_HAND/patient09851/study1_positive/image3.png
MURA_TT_1458,XR_FOREARM,/content/drive/MyDrive/MURA-v1.1/train/XR_FOREARM/patient09113/study1_positive/image1.png
MURA_TT_1459,XR_FOREARM,/content/drive/MyDrive/MURA-v1.1/train/XR_FOREARM/patient09153/study1_positive/image2.png
MURA_TT_1460,XR_SHOULDER,/content/drive/MyDrive/MURA-v1.1/train/XR_SHOULDER/patient01345/study1_positive/image1.png
MURA_TT_1461,XR_SHOULDER,/content/drive/MyDrive/MURA-v1.1/train/XR_SHOULDER/patient00302/study1_positive/image1.png
MURA_TT_1462,XR_WRIST,/content/drive/MyDrive/MURA-v1.1/train/XR_WRIST/patient06775/study1_positive/image2.png
MURA_TT_1463,XR_SHOULDER,/content/drive/MyDrive/MURA-v1.1/train/XR_SHOULDER/patient01084/study1_positive/image4.png
MURA_TT_1464,XR_FINGER,/content/drive/MyDrive/MURA-v1.1/train/XR_FINGER/patient03492/study1_positive/image1.png
MURA_TT_1465,XR_FOREARM,/content/drive/MyDrive/MURA-v1.1/train/XR_FOREARM/patient09234/study1_positive/image1.png
MURA_TT_1466,XR_HUMERUS,/content/drive/MyDrive/MURA-v1.1/train/XR_HUMERUS/patient02708/study1_positive/image2.png
MURA_TT_1467,XR_HUMERUS,/content/drive/MyDrive/MURA-v1.1/train/XR_HUMERUS/patient02923/study1_positive/image1.png
MURA_TT_1468,XR_HAND,/content/drive/MyDrive/MURA-v1.1/train/XR_HAND/patient00008/study1_positive/image2.png
MURA_TT_1469,XR_FINGER,/content/drive/MyDrive/MURA-v1.1/train/XR_FINGER/patient03762/study1_positive/image2.png
MURA_TT_1470,XR_FOREARM,/content/drive/MyDrive/MURA-v1.1/train/XR_FOREARM/patient09215/study1_positive/image2.png
MURA_TT_1471,XR_WRIST,/content/drive/MyDrive/MURA-v1.1/train/XR_WRIST/patient07250/study1_positive/image2.png
MURA_TT_1472,XR_WRIST,/content/drive/MyDrive/MURA-v1.1/train/XR_WRIST/patient06471/study1_positive/image2.png
MURA_TT_1473,XR_SHOULDER,/content/drive/MyDrive/MURA-v1.1/train/XR_SHOULDER/patient00492/study1_positive/image3.png
MURA_TT_1474,XR_HUMERUS,/content/drive/MyDrive/MURA-v1.1/train/XR_HUMERUS/patient02808/study1_positive/image1.png
MURA_TT_1475,XR_HAND,/content/drive/MyDrive/MURA-v1.1/train/XR_HAND/patient09784/study1_positive/image2.png
MURA_TT_1476,XR_ELBOW,/content/drive/MyDrive/MURA-v1.1/train/XR_ELBOW/patient05165/study1_positive/image1.png
MURA_TT_1477,XR_HAND,/content/drive/MyDrive/MURA-v1.1/train/XR_HAND/patient10038/study1_positive/image1.png
MURA_TT_1478,XR_WRIST,/content/drive/MyDrive/MURA-v1.1/train/XR_WRIST/patient02273/study1_positive/image3.png
MURA_TT_1479,XR_HUMERUS,/content/drive/MyDrive/MURA-v1.1/train/XR_HUMERUS/patient02811/study1_positive/image2.png
MURA_TT_1480,XR_HAND,/content/drive/MyDrive/MURA-v1.1/train/XR_HAND/patient09985/study1_positive/image1.png
MURA_TT_1481,XR_ELBOW,/content/drive/MyDrive/MURA-v1.1/train/XR_ELBOW/patient02611/study1_positive/image4.png
MURA_TT_1482,XR_FOREARM,/content/drive/MyDrive/MURA-v1.1/train/XR_FOREARM/patient09085/study1_positive/image2.png
MURA_TT_1483,XR_WRIST,/content/drive/MyDrive/MURA-v1.1/train/XR_WRIST/patient04606/study1_positive/image3.png
MURA_TT_1484,XR_FOREARM,/content/drive/MyDrive/MURA-v1.1/train/XR_FOREARM/patient09200/study1_positive/image3.png
MURA_TT_1485,XR_FINGER,/content/drive/MyDrive/MURA-v1.1/train/XR_FINGER/patient03657/study1_positive/image3.png
MURA_TT_1486,XR_ELBOW,/content/drive/MyDrive/MURA-v1.1/train/XR_ELBOW/patient04921/study1_positive/image3.png
MURA_TT_1487,XR_FOREARM,/content/drive/MyDrive/MURA-v1.1/train/XR_FOREARM/patient03735/study1_positive/image5.png
MURA_TT_1488,XR_HAND,/content/drive/MyDrive/MURA-v1.1/train/XR_HAND/patient10079/study1_positive/image1.png
MURA_TT_1489,XR_HAND,/content/drive/MyDrive/MURA-v1.1/train/XR_HAND/patient09763/study1_positive/image3.png
MURA_TT_1490,XR_HAND,/content/drive/MyDrive/MURA-v1.1/train/XR_HAND/patient09897/study1_positive/image1.png
MURA_TT_1491,XR_ELBOW,/content/drive/MyDrive/MURA-v1.1/train/XR_ELBOW/patient04990/study1_positive/image2.png
MURA_TT_1492,XR_SHOULDER,/content/drive/MyDrive/MURA-v1.1/train/XR_SHOULDER/patient00538/study1_positive/image1.png
MURA_TT_1493,XR_WRIST,/content/drive/MyDrive/MURA-v1.1/train/XR_WRIST/patient06399/study1_positive/image3.png
MURA_TT_1494,XR_HUMERUS,/content/drive/MyDrive/MURA-v1.1/train/XR_HUMERUS/patient02914/study1_positive/image2.png
MURA_TT_1495,XR_HAND,/content/drive/MyDrive/MURA-v1.1/train/XR_HAND/patient10044/study1_positive/image1.png
MURA_TT_1496,XR_HAND,/content/drive/MyDrive/MURA-v1.1/train/XR_HAND/patient10081/study1_positive/image2.png
MURA_TT_1497,XR_SHOULDER,/content/drive/MyDrive/MURA-v1.1/train/XR_SHOULDER/patient00883/study1_positive/image2.png
MURA_TT_1498,XR_WRIST,/content/drive/MyDrive/MURA-v1.1/train/XR_WRIST/patient06644/study1_positive/image1.png
MURA_TT_1499,XR_ELBOW,/content/drive/MyDrive/MURA-v1.1/train/XR_ELBOW/patient04942/study1_positive/image3.png
MURA_TT_1500,XR_HUMERUS,/content/drive/MyDrive/MURA-v1.1/train/XR_HUMERUS/patient02813/study1_positive/image2.png
MURA_TT_1501,XR_WRIST,/content/drive/MyDrive/MURA-v1.1/train/XR_WRIST/patient06678/study1_positive/image2.png
MURA_TT_1502,XR_ELBOW,/content/drive/MyDrive/MURA-v1.1/train/XR_ELBOW/patient01856/study2_positive/image4.png
MURA_TT_1503,XR_SHOULDER,/content/drive/MyDrive/MURA-v1.1/train/XR_SHOULDER/patient01120/study1_positive/image2.png
MURA_TT_1504,XR_WRIST,/content/drive/MyDrive/MURA-v1.1/train/XR_WRIST/patient06437/study1_positive/image3.png
MURA_TT_1505,XR_FINGER,/content/drive/MyDrive/MURA-v1.1/train/XR_FINGER/patient03263/study1_positive/image1.png
MURA_TT_1506,XR_HUMERUS,/content/drive/MyDrive/MURA-v1.1/train/XR_HUMERUS/patient02804/study1_positive/image2.png
MURA_TT_1507,XR_HUMERUS,/content/drive/MyDrive/MURA-v1.1/train/XR_HUMERUS/patient02862/study1_positive/image2.png
MURA_TT_1508,XR_HAND,/content/drive/MyDrive/MURA-v1.1/train/XR_HAND/patient10066/study1_positive/image1.png
MURA_TT_1509,XR_WRIST,/content/drive/MyDrive/MURA-v1.1/train/XR_WRIST/patient06977/study1_positive/image2.png
MURA_TT_1510,XR_FINGER,/content/drive/MyDrive/MURA-v1.1/train/XR_FINGER/patient03691/study1_positive/image1.png
MURA_TT_1511,XR_SHOULDER,/content/drive/MyDrive/MURA-v1.1/train/XR_SHOULDER/patient00424/study1_positive/image1.png
MURA_TT_1512,XR_SHOULDER,/content/drive/MyDrive/MURA-v1.1/train/XR_SHOULDER/patient01144/study1_positive/image2.png
MURA_TT_1513,XR_FINGER,/content/drive/MyDrive/MURA-v1.1/train/XR_FINGER/patient03240/study1_positive/image1.png
MURA_TT_1514,XR_ELBOW,/content/drive/MyDrive/MURA-v1.1/train/XR_ELBOW/patient05042/study1_positive/image1.png
MURA_TT_1515,XR_HUMERUS,/content/drive/MyDrive/MURA-v1.1/train/XR_HUMERUS/patient02796/study1_positive/image1.png
MURA_TT_1516,XR_SHOULDER,/content/drive/MyDrive/MURA-v1.1/train/XR_SHOULDER/patient00370/study1_positive/image3.png
MURA_TT_1517,XR_FOREARM,/content/drive/MyDrive/MURA-v1.1/train/XR_FOREARM/patient00687/study1_positive/image1.png
MURA_TT_1518,XR_ELBOW,/content/drive/MyDrive/MURA-v1.1/train/XR_ELBOW/patient05253/study1_positive/image3.png
MURA_TT_1519,XR_SHOULDER,/content/drive/MyDrive/MURA-v1.1/train/XR_SHOULDER/patient00444/study1_positive/image2.png
MURA_TT_1520,XR_FOREARM,/content/drive/MyDrive/MURA-v1.1/train/XR_FOREARM/patient09274/study1_positive/image2.png
MURA_TT_1521,XR_HAND,/content/drive/MyDrive/MURA-v1.1/train/XR_HAND/patient09773/study1_positive/image3.png
MURA_TT_1522,XR_SHOULDER,/content/drive/MyDrive/MURA-v1.1/train/XR_SHOULDER/patient00157/study1_positive/image1.png
MURA_TT_1523,XR_HUMERUS,/content/drive/MyDrive/MURA-v1.1/train/XR_HUMERUS/patient02893/study1_positive/image1.png
MURA_TT_1524,XR_SHOULDER,/content/drive/MyDrive/MURA-v1.1/train/XR_SHOULDER/patient00611/study1_positive/image1.png
MURA_TT_1525,XR_FINGER,/content/drive/MyDrive/MURA-v1.1/train/XR_FINGER/patient03335/study1_positive/image3.png
MURA_TT_1526,XR_HAND,/content/drive/MyDrive/MURA-v1.1/train/XR_HAND/patient05913/study1_positive/image3.png
MURA_TT_1527,XR_FOREARM,/content/drive/MyDrive/MURA-v1.1/train/XR_FOREARM/patient06355/study1_positive/image1.png
MURA_TT_1528,XR_FINGER,/content/drive/MyDrive/MURA-v1.1/train/XR_FINGER/patient03679/study1_positive/image4.png
MURA_TT_1529,XR_FINGER,/content/drive/MyDrive/MURA-v1.1/train/XR_FINGER/patient03605/study1_positive/image3.png
MURA_TT_1530,XR_FINGER,/content/drive/MyDrive/MURA-v1.1/train/XR_FINGER/patient03434/study1_positive/image3.png
MURA_TT_1531,XR_ELBOW,/content/drive/MyDrive/MURA-v1.1/train/XR_ELBOW/patient05052/study1_positive/image4.png
MURA_TT_1532,XR_FOREARM,/content/drive/MyDrive/MURA-v1.1/train/XR_FOREARM/patient09126/study1_positive/image1.png
MURA_TT_1533,XR_ELBOW,/content/drive/MyDrive/MURA-v1.1/train/XR_ELBOW/patient05120/study1_positive/image1.png
MURA_TT_1534,XR_HAND,/content/drive/MyDrive/MURA-v1.1/train/XR_HAND/patient09800/study1_positive/image3.png
MURA_TT_1535,XR_WRIST,/content/drive/MyDrive/MURA-v1.1/train/XR_WRIST/patient07376/study1_positive/image4.png
MURA_TT_1536,XR_HAND,/content/drive/MyDrive/MURA-v1.1/train/XR_HAND/patient09966/study1_positive/image3.png
MURA_TT_1537,XR_WRIST,/content/drive/MyDrive/MURA-v1.1/train/XR_WRIST/patient07134/study1_positive/image2.png
MURA_TT_1538,XR_FINGER,/content/drive/MyDrive/MURA-v1.1/train/XR_FINGER/patient03362/study1_positive/image2.png
MURA_TT_1539,XR_HAND,/content/drive/MyDrive/MURA-v1.1/train/XR_HAND/patient09854/study1_positive/image2.png
MURA_TT_1540,XR_FINGER,/content/drive/MyDrive/MURA-v1.1/train/XR_FINGER/patient03464/study1_positive/image2.png
MURA_TT_1541,XR_HAND,/content/drive/MyDrive/MURA-v1.1/train/XR_HAND/patient10042/study1_positive/image1.png
MURA_TT_1542,XR_WRIST,/content/drive/MyDrive/MURA-v1.1/train/XR_WRIST/patient03676/study1_positive/image2.png
MURA_TT_1543,XR_HUMERUS,/content/drive/MyDrive/MURA-v1.1/train/XR_HUMERUS/patient02746/study1_positive/image2.png
MURA_TT_1544,XR_SHOULDER,/content/drive/MyDrive/MURA-v1.1/train/XR_SHOULDER/patient00476/study1_positive/image3.png
MURA_TT_1545,XR_ELBOW,/content/drive/MyDrive/MURA-v1.1/train/XR_ELBOW/patient05125/study1_positive/image2.png
MURA_TT_1546,XR_SHOULDER,/content/drive/MyDrive/MURA-v1.1/train/XR_SHOULDER/patient00909/study1_positive/image4.png
MURA_TT_1547,XR_HUMERUS,/content/drive/MyDrive/MURA-v1.1/train/XR_HUMERUS/patient02838/study1_positive/image2.png
MURA_TT_1548,XR_HAND,/content/drive/MyDrive/MURA-v1.1/train/XR_HAND/patient03867/study1_positive/image3.png
MURA_TT_1549,XR_WRIST,/content/drive/MyDrive/MURA-v1.1/train/XR_WRIST/patient06359/study1_positive/image1.png
MURA_TT_1550,XR_FINGER,/content/drive/MyDrive/MURA-v1.1/train/XR_FINGER/patient03583/study1_positive/image3.png
MURA_TT_1551,XR_ELBOW,/content/drive/MyDrive/MURA-v1.1/train/XR_ELBOW/patient04997/study1_positive/image2.png
MURA_TT_1552,XR_HAND,/content/drive/MyDrive/MURA-v1.1/train/XR_HAND/patient05358/study1_positive/image2.png
MURA_TT_1553,XR_HAND,/content/drive/MyDrive/MURA-v1.1/train/XR_HAND/patient10017/study1_positive/image2.png
MURA_TT_1554,XR_SHOULDER,/content/drive/MyDrive/MURA-v1.1/train/XR_SHOULDER/patient00091/study1_positive/image1.png
MURA_TT_1555,XR_FOREARM,/content/drive/MyDrive/MURA-v1.1/train/XR_FOREARM/patient09107/study1_positive/image1.png
MURA_TT_1556,XR_FOREARM,/content/drive/MyDrive/MURA-v1.1/train/XR_FOREARM/patient09277/study1_positive/image2.png
MURA_TT_1557,XR_SHOULDER,/content/drive/MyDrive/MURA-v1.1/train/XR_SHOULDER/patient00996/study1_positive/image1.png
MURA_TT_1558,XR_FOREARM,/content/drive/MyDrive/MURA-v1.1/train/XR_FOREARM/patient09288/study1_positive/image1.png
MURA_TT_1559,XR_WRIST,/content/drive/MyDrive/MURA-v1.1/train/XR_WRIST/patient03215/study1_positive/image3.png
MURA_TT_1560,XR_ELBOW,/content/drive/MyDrive/MURA-v1.1/train/XR_ELBOW/patient04947/study1_positive/image2.png
MURA_TT_1561,XR_ELBOW,/content/drive/MyDrive/MURA-v1.1/train/XR_ELBOW/patient05273/study1_positive/image1.png
MURA_TT_1562,XR_SHOULDER,/content/drive/MyDrive/MURA-v1.1/train/XR_SHOULDER/patient01389/study1_positive/image1.png
MURA_TT_1563,XR_SHOULDER,/content/drive/MyDrive/MURA-v1.1/train/XR_SHOULDER/patient01181/study1_positive/image3.png
MURA_TT_1564,XR_WRIST,/content/drive/MyDrive/MURA-v1.1/train/XR_WRIST/patient07202/study1_positive/image1.png
MURA_TT_1565,XR_HAND,/content/drive/MyDrive/MURA-v1.1/train/XR_HAND/patient09991/study1_positive/image2.png
MURA_TT_1566,XR_HAND,/content/drive/MyDrive/MURA-v1.1/train/XR_HAND/patient10110/study1_positive/image1.png
MURA_TT_1567,XR_WRIST,/content/drive/MyDrive/MURA-v1.1/train/XR_WRIST/patient06647/study1_positive/image1.png
MURA_TT_1568,XR_ELBOW,/content/drive/MyDrive/MURA-v1.1/train/XR_ELBOW/patient05265/study1_positive/image2.png
MURA_TT_1569,XR_HUMERUS,/content/drive/MyDrive/MURA-v1.1/train/XR_HUMERUS/patient01768/study1_positive/image1.png
MURA_TT_1570,XR_HUMERUS,/content/drive/MyDrive/MURA-v1.1/train/XR_HUMERUS/patient02739/study1_positive/image2.png
MURA_TT_1571,XR_WRIST,/content/drive/MyDrive/MURA-v1.1/train/XR_WRIST/patient07421/study1_positive/image3.png
MURA_TT_1572,XR_WRIST,/content/drive/MyDrive/MURA-v1.1/train/XR_WRIST/patient07251/study1_positive/image1.png
MURA_TT_1573,XR_FOREARM,/content/drive/MyDrive/MURA-v1.1/train/XR_FOREARM/patient09094/study1_positive/image2.png
MURA_TT_1574,XR_ELBOW,/content/drive/MyDrive/MURA-v1.1/train/XR_ELBOW/patient05450/study1_positive/image3.png
MURA_TT_1575,XR_FINGER,/content/drive/MyDrive/MURA-v1.1/train/XR_FINGER/patient03251/study2_positive/image2.png
MURA_TT_1576,XR_FINGER,/content/drive/MyDrive/MURA-v1.1/train/XR_FINGER/patient03597/study1_positive/image4.png
MURA_TT_1577,XR_WRIST,/content/drive/MyDrive/MURA-v1.1/train/XR_WRIST/patient06623/study1_positive/image1.png
MURA_TT_1578,XR_WRIST,/content/drive/MyDrive/MURA-v1.1/train/XR_WRIST/patient07175/study1_positive/image3.png
MURA_TT_1579,XR_WRIST,/content/drive/MyDrive/MURA-v1.1/train/XR_WRIST/patient06995/study1_positive/image1.png
MURA_TT_1580,XR_WRIST,/content/drive/MyDrive/MURA-v1.1/train/XR_WRIST/patient06538/study1_positive/image3.png
MURA_TT_1581,XR_FINGER,/content/drive/MyDrive/MURA-v1.1/train/XR_FINGER/patient03432/study1_positive/image1.png
MURA_TT_1582,XR_WRIST,/content/drive/MyDrive/MURA-v1.1/train/XR_WRIST/patient07322/study1_positive/image1.png
MURA_TT_1583,XR_HUMERUS,/content/drive/MyDrive/MURA-v1.1/train/XR_HUMERUS/patient02770/study1_positive/image2.png
MURA_TT_1584,XR_FINGER,/content/drive/MyDrive/MURA-v1.1/train/XR_FINGER/patient03294/study1_positive/image2.png
MURA_TT_1585,XR_ELBOW,/content/drive/MyDrive/MURA-v1.1/train/XR_ELBOW/patient05019/study1_positive/image2.png
MURA_TT_1586,XR_SHOULDER,/content/drive/MyDrive/MURA-v1.1/train/XR_SHOULDER/patient00873/study1_positive/image1.png
MURA_TT_1587,XR_SHOULDER,/content/drive/MyDrive/MURA-v1.1/train/XR_SHOULDER/patient00805/study1_positive/image2.png
MURA_TT_1588,XR_ELBOW,/content/drive/MyDrive/MURA-v1.1/train/XR_ELBOW/patient05332/study1_positive/image2.png
MURA_TT_1589,XR_SHOULDER,/content/drive/MyDrive/MURA-v1.1/train/XR_SHOULDER/patient01371/study1_positive/image4.png
MURA_TT_1590,XR_HUMERUS,/content/drive/MyDrive/MURA-v1.1/train/XR_HUMERUS/patient02793/study1_positive/image2.png
MURA_TT_1591,XR_WRIST,/content/drive/MyDrive/MURA-v1.1/train/XR_WRIST/patient03005/study1_positive/image1.png
MURA_TT_1592,XR_FINGER,/content/drive/MyDrive/MURA-v1.1/train/XR_FINGER/patient03341/study1_positive/image1.png
MURA_TT_1593,XR_SHOULDER,/content/drive/MyDrive/MURA-v1.1/train/XR_SHOULDER/patient00458/study1_positive/image3.png
MURA_TT_1594,XR_FOREARM,/content/drive/MyDrive/MURA-v1.1/train/XR_FOREARM/patient09136/study1_positive/image1.png
MURA_TT_1595,XR_WRIST,/content/drive/MyDrive/MURA-v1.1/train/XR_WRIST/patient06860/study1_positive/image2.png
MURA_TT_1596,XR_HUMERUS,/content/drive/MyDrive/MURA-v1.1/train/XR_HUMERUS/patient02844/study1_positive/image1.png
MURA_TT_1597,XR_WRIST,/content/drive/MyDrive/MURA-v1.1/train/XR_WRIST/patient06903/study1_positive/image3.png
MURA_TT_1598,XR_SHOULDER,/content/drive/MyDrive/MURA-v1.1/train/XR_SHOULDER/patient00346/study1_positive/image1.png
MURA_TT_1599,XR_HAND,/content/drive/MyDrive/MURA-v1.1/train/XR_HAND/patient10049/study1_positive/image2.png
MURA_TT_1600,XR_WRIST,/content/drive/MyDrive/MURA-v1.1/train/XR_WRIST/patient00233/study1_positive/image1.png
MURA_TT_1601,XR_FINGER,/content/drive/MyDrive/MURA-v1.1/train/XR_FINGER/patient03305/study1_positive/image4.png
MURA_TT_1602,XR_HAND,/content/drive/MyDrive/MURA-v1.1/train/XR_HAND/patient10061/study1_positive/image3.png
MURA_TT_1603,XR_WRIST,/content/drive/MyDrive/MURA-v1.1/train/XR_WRIST/patient01440/study1_positive/image2.png
MURA_TT_1604,XR_ELBOW,/content/drive/MyDrive/MURA-v1.1/train/XR_ELBOW/patient01057/study1_positive/image3.png
MURA_TT_1605,XR_ELBOW,/content/drive/MyDrive/MURA-v1.1/train/XR_ELBOW/patient01979/study1_positive/image2.png
MURA_TT_1606,XR_WRIST,/content/drive/MyDrive/MURA-v1.1/train/XR_WRIST/patient07279/study1_positive/image2.png
MURA_TT_1607,XR_FINGER,/content/drive/MyDrive/MURA-v1.1/train/XR_FINGER/patient03790/study1_positive/image3.png
MURA_TT_1608,XR_WRIST,/content/drive/MyDrive/MURA-v1.1/train/XR_WRIST/patient06400/study1_positive/image3.png
MURA_TT_1609,XR_SHOULDER,/content/drive/MyDrive/MURA-v1.1/train/XR_SHOULDER/patient00622/study1_positive/image3.png
MURA_TT_1610,XR_ELBOW,/content/drive/MyDrive/MURA-v1.1/train/XR_ELBOW/patient05049/study1_positive/image1.png
MURA_TT_1611,XR_ELBOW,/content/drive/MyDrive/MURA-v1.1/train/XR_ELBOW/patient04952/study1_positive/image1.png
MURA_TT_1612,XR_HAND,/content/drive/MyDrive/MURA-v1.1/train/XR_HAND/patient09767/study1_positive/image1.png
MURA_TT_1613,XR_HUMERUS,/content/drive/MyDrive/MURA-v1.1/train/XR_HUMERUS/patient02780/study1_positive/image1.png
MURA_TT_1614,XR_SHOULDER,/content/drive/MyDrive/MURA-v1.1/train/XR_SHOULDER/patient00349/study1_positive/image2.png
MURA_TT_1615,XR_FINGER,/content/drive/MyDrive/MURA-v1.1/train/XR_FINGER/patient03359/study1_positive/image3.png
MURA_TT_1616,XR_WRIST,/content/drive/MyDrive/MURA-v1.1/train/XR_WRIST/patient06365/study1_positive/image2.png
MURA_TT_1617,XR_WRIST,/content/drive/MyDrive/MURA-v1.1/train/XR_WRIST/patient06778/study2_positive/image2.png
MURA_TT_1618,XR_FOREARM,/content/drive/MyDrive/MURA-v1.1/train/XR_FOREARM/patient01077/study1_positive/image2.png
MURA_TT_1619,XR_WRIST,/content/drive/MyDrive/MURA-v1.1/train/XR_WRIST/patient04645/study1_positive/image3.png
MURA_TT_1620,XR_FOREARM,/content/drive/MyDrive/MURA-v1.1/train/XR_FOREARM/patient09098/study1_positive/image2.png
MURA_TT_1621,XR_WRIST,/content/drive/MyDrive/MURA-v1.1/train/XR_WRIST/patient02378/study1_positive/image1.png
MURA_TT_1622,XR_SHOULDER,/content/drive/MyDrive/MURA-v1.1/train/XR_SHOULDER/patient01336/study1_positive/image2.png
MURA_TT_1623,XR_HUMERUS,/content/drive/MyDrive/MURA-v1.1/train/XR_HUMERUS/patient02868/study1_positive/image1.png
MURA_TT_1624,XR_SHOULDER,/content/drive/MyDrive/MURA-v1.1/train/XR_SHOULDER/patient01070/study1_positive/image1.png
MURA_TT_1625,XR_SHOULDER,/content/drive/MyDrive/MURA-v1.1/train/XR_SHOULDER/patient00347/study1_positive/image3.png
MURA_TT_1626,XR_WRIST,/content/drive/MyDrive/MURA-v1.1/train/XR_WRIST/patient06406/study1_positive/image3.png
MURA_TT_1627,XR_SHOULDER,/content/drive/MyDrive/MURA-v1.1/train/XR_SHOULDER/patient00383/study1_positive/image4.png
MURA_TT_1628,XR_WRIST,/content/drive/MyDrive/MURA-v1.1/train/XR_WRIST/patient06512/study1_positive/image2.png
MURA_TT_1629,XR_HAND,/content/drive/MyDrive/MURA-v1.1/train/XR_HAND/patient10059/study1_positive/image2.png
MURA_TT_1630,XR_WRIST,/content/drive/MyDrive/MURA-v1.1/train/XR_WRIST/patient07419/study1_positive/image4.png
MURA_TT_1631,XR_ELBOW,/content/drive/MyDrive/MURA-v1.1/train/XR_ELBOW/patient05262/study1_positive/image2.png
MURA_TT_1632,XR_HAND,/content/drive/MyDrive/MURA-v1.1/train/XR_HAND/patient09782/study1_positive/image3.png
MURA_TT_1633,XR_SHOULDER,/content/drive/MyDrive/MURA-v1.1/train/XR_SHOULDER/patient00999/study1_positive/image2.png
MURA_TT_1634,XR_HAND,/content/drive/MyDrive/MURA-v1.1/train/XR_HAND/patient10013/study1_positive/image2.png
MURA_TT_1635,XR_WRIST,/content/drive/MyDrive/MURA-v1.1/train/XR_WRIST/patient06096/study1_positive/image4.png
MURA_TT_1636,XR_HAND,/content/drive/MyDrive/MURA-v1.1/train/XR_HAND/patient08483/study1_positive/image2.png
MURA_TT_1637,XR_HAND,/content/drive/MyDrive/MURA-v1.1/train/XR_HAND/patient09560/study1_positive/image1.png
MURA_TT_1638,XR_ELBOW,/content/drive/MyDrive/MURA-v1.1/train/XR_ELBOW/patient05093/study1_positive/image1.png
MURA_TT_1639,XR_WRIST,/content/drive/MyDrive/MURA-v1.1/train/XR_WRIST/patient06559/study1_positive/image3.png
MURA_TT_1640,XR_WRIST,/content/drive/MyDrive/MURA-v1.1/train/XR_WRIST/patient05870/study1_positive/image2.png
MURA_TT_1641,XR_FINGER,/content/drive/MyDrive/MURA-v1.1/train/XR_FINGER/patient03687/study1_positive/image1.png
MURA_TT_1642,XR_HUMERUS,/content/drive/MyDrive/MURA-v1.1/train/XR_HUMERUS/patient02185/study1_positive/image2.png
MURA_TT_1643,XR_SHOULDER,/content/drive/MyDrive/MURA-v1.1/train/XR_SHOULDER/patient00173/study1_positive/image1.png
MURA_TT_1644,XR_WRIST,/content/drive/MyDrive/MURA-v1.1/train/XR_WRIST/patient06652/study1_positive/image3.png
MURA_TT_1645,XR_ELBOW,/content/drive/MyDrive/MURA-v1.1/train/XR_ELBOW/patient01839/study1_positive/image2.png
MURA_TT_1646,XR_SHOULDER,/content/drive/MyDrive/MURA-v1.1/train/XR_SHOULDER/patient01168/study1_positive/image2.png
MURA_TT_1647,XR_SHOULDER,/content/drive/MyDrive/MURA-v1.1/train/XR_SHOULDER/patient00654/study1_positive/image2.png
MURA_TT_1648,XR_FOREARM,/content/drive/MyDrive/MURA-v1.1/train/XR_FOREARM/patient09125/study1_positive/image2.png
MURA_TT_1649,XR_WRIST,/content/drive/MyDrive/MURA-v1.1/train/XR_WRIST/patient07299/study1_positive/image3.png
MURA_TT_1650,XR_HUMERUS,/content/drive/MyDrive/MURA-v1.1/train/XR_HUMERUS/patient02419/study1_positive/image3.png
MURA_TT_1651,XR_ELBOW,/content/drive/MyDrive/MURA-v1.1/train/XR_ELBOW/patient05017/study1_positive/image1.png
MURA_TT_1652,XR_ELBOW,/content/drive/MyDrive/MURA-v1.1/train/XR_ELBOW/patient04904/study1_positive/image1.png
MURA_TT_1653,XR_FINGER,/content/drive/MyDrive/MURA-v1.1/train/XR_FINGER/patient03747/study1_positive/image3.png
MURA_TT_1654,XR_WRIST,/content/drive/MyDrive/MURA-v1.1/train/XR_WRIST/patient07208/study1_positive/image1.png
MURA_TT_1655,XR_ELBOW,/content/drive/MyDrive/MURA-v1.1/train/XR_ELBOW/patient05356/study1_positive/image1.png
MURA_TT_1656,XR_WRIST,/content/drive/MyDrive/MURA-v1.1/train/XR_WRIST/patient06530/study1_positive/image1.png
MURA_TT_1657,XR_HUMERUS,/content/drive/MyDrive/MURA-v1.1/train/XR_HUMERUS/patient02861/study1_positive/image2.png
MURA_TT_1658,XR_WRIST,/content/drive/MyDrive/MURA-v1.1/train/XR_WRIST/patient06339/study1_positive/image3.png
MURA_TT_1659,XR_ELBOW,/content/drive/MyDrive/MURA-v1.1/train/XR_ELBOW/patient05094/study1_positive/image3.png
MURA_TT_1660,XR_HUMERUS,/content/drive/MyDrive/MURA-v1.1/train/XR_HUMERUS/patient02847/study1_positive/image1.png
MURA_TT_1661,XR_WRIST,/content/drive/MyDrive/MURA-v1.1/train/XR_WRIST/patient06395/study1_positive/image4.png
MURA_TT_1662,XR_HUMERUS,/content/drive/MyDrive/MURA-v1.1/train/XR_HUMERUS/patient02339/study1_positive/image2.png
MURA_TT_1663,XR_FINGER,/content/drive/MyDrive/MURA-v1.1/train/XR_FINGER/patient03009/study1_positive/image1.png
MURA_TT_1664,XR_ELBOW,/content/drive/MyDrive/MURA-v1.1/train/XR_ELBOW/patient04950/study1_positive/image2.png
MURA_TT_1665,XR_SHOULDER,/content/drive/MyDrive/MURA-v1.1/train/XR_SHOULDER/patient01003/study1_positive/image3.png
MURA_TT_1666,XR_HAND,/content/drive/MyDrive/MURA-v1.1/train/XR_HAND/patient09776/study1_positive/image2.png
MURA_TT_1667,XR_WRIST,/content/drive/MyDrive/MURA-v1.1/train/XR_WRIST/patient07064/study1_positive/image1.png
MURA_TT_1668,XR_HAND,/content/drive/MyDrive/MURA-v1.1/train/XR_HAND/patient09821/study1_positive/image1.png
MURA_TT_1669,XR_WRIST,/content/drive/MyDrive/MURA-v1.1/train/XR_WRIST/patient06870/study1_positive/image2.png
MURA_TT_1670,XR_WRIST,/content/drive/MyDrive/MURA-v1.1/train/XR_WRIST/patient07222/study1_positive/image2.png
MURA_TT_1671,XR_FOREARM,/content/drive/MyDrive/MURA-v1.1/train/XR_FOREARM/patient09191/study1_positive/image4.png
MURA_TT_1672,XR_FINGER,/content/drive/MyDrive/MURA-v1.1/train/XR_FINGER/patient03658/study1_positive/image2.png
MURA_TT_1673,XR_WRIST,/content/drive/MyDrive/MURA-v1.1/train/XR_WRIST/patient07150/study1_positive/image3.png
MURA_TT_1674,XR_ELBOW,/content/drive/MyDrive/MURA-v1.1/train/XR_ELBOW/patient05117/study1_positive/image1.png
MURA_TT_1675,XR_WRIST,/content/drive/MyDrive/MURA-v1.1/train/XR_WRIST/patient07281/study1_positive/image3.png
MURA_TT_1676,XR_SHOULDER,/content/drive/MyDrive/MURA-v1.1/train/XR_SHOULDER/patient00833/study1_positive/image3.png
MURA_TT_1677,XR_SHOULDER,/content/drive/MyDrive/MURA-v1.1/train/XR_SHOULDER/patient01384/study1_positive/image1.png
MURA_TT_1678,XR_ELBOW,/content/drive/MyDrive/MURA-v1.1/train/XR_ELBOW/patient05383/study1_positive/image1.png
MURA_TT_1679,XR_FINGER,/content/drive/MyDrive/MURA-v1.1/train/XR_FINGER/patient03448/study1_positive/image1.png
MURA_TT_1680,XR_FOREARM,/content/drive/MyDrive/MURA-v1.1/train/XR_FOREARM/patient04174/study1_positive/image2.png
MURA_TT_1681,XR_WRIST,/content/drive/MyDrive/MURA-v1.1/train/XR_WRIST/patient07258/study1_positive/image3.png
MURA_TT_1682,XR_WRIST,/content/drive/MyDrive/MURA-v1.1/train/XR_WRIST/patient06551/study1_positive/image2.png
MURA_TT_1683,XR_FINGER,/content/drive/MyDrive/MURA-v1.1/train/XR_FINGER/patient03554/study1_positive/image2.png
MURA_TT_1684,XR_WRIST,/content/drive/MyDrive/MURA-v1.1/train/XR_WRIST/patient07362/study1_positive/image3.png
MURA_TT_1685,XR_HAND,/content/drive/MyDrive/MURA-v1.1/train/XR_HAND/patient09780/study1_positive/image2.png
MURA_TT_1686,XR_FINGER,/content/drive/MyDrive/MURA-v1.1/train/XR_FINGER/patient03602/study1_positive/image2.png
MURA_TT_1687,XR_WRIST,/content/drive/MyDrive/MURA-v1.1/train/XR_WRIST/patient07284/study1_positive/image2.png
MURA_TT_1688,XR_SHOULDER,/content/drive/MyDrive/MURA-v1.1/train/XR_SHOULDER/patient01148/study1_positive/image4.png
MURA_TT_1689,XR_ELBOW,/content/drive/MyDrive/MURA-v1.1/train/XR_ELBOW/patient04925/study1_positive/image1.png
MURA_TT_1690,XR_WRIST,/content/drive/MyDrive/MURA-v1.1/train/XR_WRIST/patient07113/study1_positive/image1.png
MURA_TT_1691,XR_WRIST,/content/drive/MyDrive/MURA-v1.1/train/XR_WRIST/patient06769/study1_positive/image2.png
MURA_TT_1692,XR_FINGER,/content/drive/MyDrive/MURA-v1.1/train/XR_FINGER/patient03403/study1_positive/image1.png
MURA_TT_1693,XR_HAND,/content/drive/MyDrive/MURA-v1.1/train/XR_HAND/patient07501/study1_positive/image1.png
MURA_TT_1694,XR_WRIST,/content/drive/MyDrive/MURA-v1.1/train/XR_WRIST/patient06969/study1_positive/image3.png
MURA_TT_1695,XR_FOREARM,/content/drive/MyDrive/MURA-v1.1/train/XR_FOREARM/patient09249/study1_positive/image1.png
MURA_TT_1696,XR_SHOULDER,/content/drive/MyDrive/MURA-v1.1/train/XR_SHOULDER/patient00604/study2_positive/image1.png
MURA_TT_1697,XR_FINGER,/content/drive/MyDrive/MURA-v1.1/train/XR_FINGER/patient03665/study1_positive/image1.png
MURA_TT_1698,XR_SHOULDER,/content/drive/MyDrive/MURA-v1.1/train/XR_SHOULDER/patient00327/study1_positive/image2.png
MURA_TT_1699,XR_ELBOW,/content/drive/MyDrive/MURA-v1.1/train/XR_ELBOW/patient05037/study1_positive/image4.png
MURA_TT_1700,XR_HUMERUS,/content/drive/MyDrive/MURA-v1.1/train/XR_HUMERUS/patient02709/study1_positive/image2.png
MURA_TT_1701,XR_SHOULDER,/content/drive/MyDrive/MURA-v1.1/train/XR_SHOULDER/patient00956/study1_positive/image3.png
MURA_TT_1702,XR_FOREARM,/content/drive/MyDrive/MURA-v1.1/train/XR_FOREARM/patient09129/study1_positive/image2.png
MURA_TT_1703,XR_ELBOW,/content/drive/MyDrive/MURA-v1.1/train/XR_ELBOW/patient00034/study1_positive/image3.png
MURA_TT_1704,XR_HAND,/content/drive/MyDrive/MURA-v1.1/train/XR_HAND/patient09839/study1_positive/image2.png
MURA_TT_1705,XR_SHOULDER,/content/drive/MyDrive/MURA-v1.1/train/XR_SHOULDER/patient00619/study1_positive/image2.png
MURA_TT_1706,XR_HAND,/content/drive/MyDrive/MURA-v1.1/train/XR_HAND/patient09939/study1_positive/image3.png
MURA_TT_1707,XR_ELBOW,/content/drive/MyDrive/MURA-v1.1/train/XR_ELBOW/patient05255/study1_positive/image4.png
MURA_TT_1708,XR_WRIST,/content/drive/MyDrive/MURA-v1.1/train/XR_WRIST/patient03402/study1_positive/image1.png
MURA_TT_1709,XR_HAND,/content/drive/MyDrive/MURA-v1.1/train/XR_HAND/patient07928/study1_positive/image2.png
MURA_TT_1710,XR_FINGER,/content/drive/MyDrive/MURA-v1.1/train/XR_FINGER/patient03572/study1_positive/image1.png
MURA_TT_1711,XR_FINGER,/content/drive/MyDrive/MURA-v1.1/train/XR_FINGER/patient03308/study1_positive/image1.png
MURA_TT_1712,XR_WRIST,/content/drive/MyDrive/MURA-v1.1/train/XR_WRIST/patient06405/study1_positive/image2.png
MURA_TT_1713,XR_FINGER,/content/drive/MyDrive/MURA-v1.1/train/XR_FINGER/patient03670/study1_positive/image4.png
MURA_TT_1714,XR_ELBOW,/content/drive/MyDrive/MURA-v1.1/train/XR_ELBOW/patient04995/study1_positive/image4.png
MURA_TT_1715,XR_SHOULDER,/content/drive/MyDrive/MURA-v1.1/train/XR_SHOULDER/patient00333/study1_positive/image1.png
MURA_TT_1716,XR_ELBOW,/content/drive/MyDrive/MURA-v1.1/train/XR_ELBOW/patient05419/study1_positive/image3.png
MURA_TT_1717,XR_SHOULDER,/content/drive/MyDrive/MURA-v1.1/train/XR_SHOULDER/patient00834/study1_positive/image2.png
MURA_TT_1718,XR_HAND,/content/drive/MyDrive/MURA-v1.1/train/XR_HAND/patient09790/study1_positive/image3.png
MURA_TT_1719,XR_ELBOW,/content/drive/MyDrive/MURA-v1.1/train/XR_ELBOW/patient01474/study1_positive/image1.png
MURA_TT_1720,XR_SHOULDER,/content/drive/MyDrive/MURA-v1.1/train/XR_SHOULDER/patient00993/study1_positive/image1.png
MURA_TT_1721,XR_WRIST,/content/drive/MyDrive/MURA-v1.1/train/XR_WRIST/patient07009/study1_positive/image2.png
MURA_TT_1722,XR_WRIST,/content/drive/MyDrive/MURA-v1.1/train/XR_WRIST/patient02150/study1_positive/image3.png
MURA_TT_1723,XR_WRIST,/content/drive/MyDrive/MURA-v1.1/train/XR_WRIST/patient06847/study1_positive/image3.png
MURA_TT_1724,XR_WRIST,/content/drive/MyDrive/MURA-v1.1/train/XR_WRIST/patient07278/study1_positive/image1.png
MURA_TT_1725,XR_HUMERUS,/content/drive/MyDrive/MURA-v1.1/train/XR_HUMERUS/patient02112/study1_positive/image2.png
MURA_TT_1726,XR_WRIST,/content/drive/MyDrive/MURA-v1.1/train/XR_WRIST/patient07041/study1_positive/image1.png
MURA_TT_1727,XR_SHOULDER,/content/drive/MyDrive/MURA-v1.1/train/XR_SHOULDER/patient00784/study1_positive/image2.png
MURA_TT_1728,XR_FINGER,/content/drive/MyDrive/MURA-v1.1/train/XR_FINGER/patient03683/study1_positive/image3.png
MURA_TT_1729,XR_WRIST,/content/drive/MyDrive/MURA-v1.1/train/XR_WRIST/patient07103/study1_positive/image3.png
MURA_TT_1730,XR_HAND,/content/drive/MyDrive/MURA-v1.1/train/XR_HAND/patient09827/study1_positive/image1.png
MURA_TT_1731,XR_WRIST,/content/drive/MyDrive/MURA-v1.1/train/XR_WRIST/patient06382/study1_positive/image1.png
MURA_TT_1732,XR_ELBOW,/content/drive/MyDrive/MURA-v1.1/train/XR_ELBOW/patient00398/study1_positive/image1.png
MURA_TT_1733,XR_FOREARM,/content/drive/MyDrive/MURA-v1.1/train/XR_FOREARM/patient09252/study1_positive/image1.png
MURA_TT_1734,XR_ELBOW,/content/drive/MyDrive/MURA-v1.1/train/XR_ELBOW/patient05268/study1_positive/image1.png
MURA_TT_1735,XR_ELBOW,/content/drive/MyDrive/MURA-v1.1/train/XR_ELBOW/patient00401/study1_positive/image2.png
MURA_TT_1736,XR_FOREARM,/content/drive/MyDrive/MURA-v1.1/train/XR_FOREARM/patient04838/study1_positive/image2.png
MURA_TT_1737,XR_WRIST,/content/drive/MyDrive/MURA-v1.1/train/XR_WRIST/patient07034/study1_positive/image1.png
MURA_TT_1738,XR_HAND,/content/drive/MyDrive/MURA-v1.1/train/XR_HAND/patient10088/study1_positive/image1.png
MURA_TT_1739,XR_WRIST,/content/drive/MyDrive/MURA-v1.1/train/XR_WRIST/patient05451/study1_positive/image1.png
MURA_TT_1740,XR_WRIST,/content/drive/MyDrive/MURA-v1.1/train/XR_WRIST/patient06982/study1_positive/image1.png
MURA_TT_1741,XR_WRIST,/content/drive/MyDrive/MURA-v1.1/train/XR_WRIST/patient06759/study1_positive/image1.png
MURA_TT_1742,XR_SHOULDER,/content/drive/MyDrive/MURA-v1.1/train/XR_SHOULDER/patient00944/study1_positive/image2.png
MURA_TT_1743,XR_SHOULDER,/content/drive/MyDrive/MURA-v1.1/train/XR_SHOULDER/patient01193/study1_positive/image1.png
MURA_TT_1744,XR_SHOULDER,/content/drive/MyDrive/MURA-v1.1/train/XR_SHOULDER/patient00232/study1_positive/image3.png
MURA_TT_1745,XR_SHOULDER,/content/drive/MyDrive/MURA-v1.1/train/XR_SHOULDER/patient00631/study1_positive/image2.png
MURA_TT_1746,XR_WRIST,/content/drive/MyDrive/MURA-v1.1/train/XR_WRIST/patient02842/study1_positive/image2.png
MURA_TT_1747,XR_FINGER,/content/drive/MyDrive/MURA-v1.1/train/XR_FINGER/patient01992/study1_positive/image2.png
MURA_TT_1748,XR_SHOULDER,/content/drive/MyDrive/MURA-v1.1/train/XR_SHOULDER/patient00152/study1_positive/image3.png
MURA_TT_1749,XR_HUMERUS,/content/drive/MyDrive/MURA-v1.1/train/XR_HUMERUS/patient02785/study1_positive/image1.png
MURA_TT_1750,XR_WRIST,/content/drive/MyDrive/MURA-v1.1/train/XR_WRIST/patient07013/study1_positive/image2.png
MURA_TT_1751,XR_SHOULDER,/content/drive/MyDrive/MURA-v1.1/train/XR_SHOULDER/patient00141/study1_positive/image3.png
MURA_TT_1752,XR_WRIST,/content/drive/MyDrive/MURA-v1.1/train/XR_WRIST/patient04974/study1_positive/image2.png
MURA_TT_1753,XR_WRIST,/content/drive/MyDrive/MURA-v1.1/train/XR_WRIST/patient07010/study1_positive/image1.png
MURA_TT_1754,XR_WRIST,/content/drive/MyDrive/MURA-v1.1/train/XR_WRIST/patient07201/study1_positive/image1.png
MURA_TT_1755,XR_SHOULDER,/content/drive/MyDrive/MURA-v1.1/train/XR_SHOULDER/patient00296/study1_positive/image2.png
MURA_TT_1756,XR_FOREARM,/content/drive/MyDrive/MURA-v1.1/train/XR_FOREARM/patient09143/study1_positive/image2.png
MURA_TT_1757,XR_WRIST,/content/drive/MyDrive/MURA-v1.1/train/XR_WRIST/patient06924/study1_positive/image1.png
MURA_TT_1758,XR_SHOULDER,/content/drive/MyDrive/MURA-v1.1/train/XR_SHOULDER/patient00096/study1_positive/image2.png
MURA_TT_1759,XR_WRIST,/content/drive/MyDrive/MURA-v1.1/train/XR_WRIST/patient01131/study1_positive/image3.png
MURA_TT_1760,XR_WRIST,/content/drive/MyDrive/MURA-v1.1/train/XR_WRIST/patient06548/study1_positive/image1.png
MURA_TT_1761,XR_FINGER,/content/drive/MyDrive/MURA-v1.1/train/XR_FINGER/patient03794/study1_positive/image1.png
MURA_TT_1762,XR_FOREARM,/content/drive/MyDrive/MURA-v1.1/train/XR_FOREARM/patient09110/study1_positive/image1.png
MURA_TT_1763,XR_SHOULDER,/content/drive/MyDrive/MURA-v1.1/train/XR_SHOULDER/patient00694/study1_positive/image2.png
MURA_TT_1764,XR_SHOULDER,/content/drive/MyDrive/MURA-v1.1/train/XR_SHOULDER/patient00338/study1_positive/image1.png
MURA_TT_1765,XR_FOREARM,/content/drive/MyDrive/MURA-v1.1/train/XR_FOREARM/patient04136/study1_positive/image1.png
MURA_TT_1766,XR_SHOULDER,/content/drive/MyDrive/MURA-v1.1/train/XR_SHOULDER/patient00514/study1_positive/image3.png
MURA_TT_1767,XR_SHOULDER,/content/drive/MyDrive/MURA-v1.1/train/XR_SHOULDER/patient00977/study1_positive/image4.png
MURA_TT_1768,XR_HAND,/content/drive/MyDrive/MURA-v1.1/train/XR_HAND/patient09788/study1_positive/image3.png
MURA_TT_1769,XR_FOREARM,/content/drive/MyDrive/MURA-v1.1/train/XR_FOREARM/patient09246/study1_positive/image4.png
MURA_TT_1770,XR_FOREARM,/content/drive/MyDrive/MURA-v1.1/train/XR_FOREARM/patient09116/study1_positive/image1.png
MURA_TT_1771,XR_SHOULDER,/content/drive/MyDrive/MURA-v1.1/train/XR_SHOULDER/patient01367/study1_positive/image1.png
MURA_TT_1772,XR_SHOULDER,/content/drive/MyDrive/MURA-v1.1/train/XR_SHOULDER/patient00125/study1_positive/image5.png
MURA_TT_1773,XR_SHOULDER,/content/drive/MyDrive/MURA-v1.1/train/XR_SHOULDER/patient00136/study1_positive/image3.png
MURA_TT_1774,XR_SHOULDER,/content/drive/MyDrive/MURA-v1.1/train/XR_SHOULDER/patient00106/study1_positive/image1.png
MURA_TT_1775,XR_WRIST,/content/drive/MyDrive/MURA-v1.1/train/XR_WRIST/patient06561/study1_positive/image3.png
MURA_TT_1776,XR_SHOULDER,/content/drive/MyDrive/MURA-v1.1/train/XR_SHOULDER/patient01344/study2_positive/image1.png
MURA_TT_1777,XR_SHOULDER,/content/drive/MyDrive/MURA-v1.1/train/XR_SHOULDER/patient00024/study1_positive/image1.png
MURA_TT_1778,XR_SHOULDER,/content/drive/MyDrive/MURA-v1.1/train/XR_SHOULDER/patient00409/study1_positive/image1.png
MURA_TT_1779,XR_SHOULDER,/content/drive/MyDrive/MURA-v1.1/train/XR_SHOULDER/patient00156/study1_positive/image2.png
MURA_TT_1780,XR_WRIST,/content/drive/MyDrive/MURA-v1.1/train/XR_WRIST/patient07388/study1_positive/image3.png
MURA_TT_1781,XR_SHOULDER,/content/drive/MyDrive/MURA-v1.1/train/XR_SHOULDER/patient00178/study1_positive/image2.png
MURA_TT_1782,XR_WRIST,/content/drive/MyDrive/MURA-v1.1/train/XR_WRIST/patient07142/study1_positive/image1.png
MURA_TT_1783,XR_WRIST,/content/drive/MyDrive/MURA-v1.1/train/XR_WRIST/patient06477/study1_positive/image4.png
MURA_TT_1784,XR_WRIST,/content/drive/MyDrive/MURA-v1.1/train/XR_WRIST/patient06823/study1_positive/image2.png
MURA_TT_1785,XR_WRIST,/content/drive/MyDrive/MURA-v1.1/train/XR_WRIST/patient06729/study1_positive/image3.png
MURA_TT_1786,XR_HAND,/content/drive/MyDrive/MURA-v1.1/train/XR_HAND/patient10121/study1_positive/image1.png
MURA_TT_1787,XR_FOREARM,/content/drive/MyDrive/MURA-v1.1/train/XR_FOREARM/patient09104/study1_positive/image3.png
MURA_TT_1788,XR_HUMERUS,/content/drive/MyDrive/MURA-v1.1/train/XR_HUMERUS/patient02937/study1_positive/image2.png
MURA_TT_1789,XR_WRIST,/content/drive/MyDrive/MURA-v1.1/train/XR_WRIST/patient06943/study1_positive/image2.png
MURA_TT_1790,XR_FOREARM,/content/drive/MyDrive/MURA-v1.1/train/XR_FOREARM/patient09205/study1_positive/image1.png
MURA_TT_1791,XR_FOREARM,/content/drive/MyDrive/MURA-v1.1/train/XR_FOREARM/patient09103/study1_positive/image2.png
MURA_TT_1792,XR_FOREARM,/content/drive/MyDrive/MURA-v1.1/train/XR_FOREARM/patient09112/study1_positive/image1.png
MURA_TT_1793,XR_HUMERUS,/content/drive/MyDrive/MURA-v1.1/train/XR_HUMERUS/patient02725/study1_positive/image2.png
MURA_TT_1794,XR_SHOULDER,/content/drive/MyDrive/MURA-v1.1/train/XR_SHOULDER/patient00533/study1_positive/image4.png
MURA_TT_1795,XR_WRIST,/content/drive/MyDrive/MURA-v1.1/train/XR_WRIST/patient06460/study1_positive/image3.png
MURA_TT_1796,XR_SHOULDER,/content/drive/MyDrive/MURA-v1.1/train/XR_SHOULDER/patient00320/study1_positive/image4.png
MURA_TT_1797,XR_FINGER,/content/drive/MyDrive/MURA-v1.1/train/XR_FINGER/patient03254/study1_positive/image3.png
MURA_TT_1798,XR_HUMERUS,/content/drive/MyDrive/MURA-v1.1/train/XR_HUMERUS/patient02763/study1_positive/image1.png
MURA_TT_1799,XR_FINGER,/content/drive/MyDrive/MURA-v1.1/train/XR_FINGER/patient00817/study1_positive/image2.png
MURA_TT_1800,XR_SHOULDER,/content/drive/MyDrive/MURA-v1.1/train/XR_SHOULDER/patient00385/study1_positive/image2.png
MURA_TT_1801,XR_WRIST,/content/drive/MyDrive/MURA-v1.1/train/XR_WRIST/patient03050/study1_positive/image2.png
MURA_TT_1802,XR_HAND,/content/drive/MyDrive/MURA-v1.1/train/XR_HAND/patient03507/study1_positive/image3.png
MURA_TT_1803,XR_WRIST,/content/drive/MyDrive/MURA-v1.1/train/XR_WRIST/patient07158/study1_positive/image3.png
MURA_TT_1804,XR_SHOULDER,/content/drive/MyDrive/MURA-v1.1/train/XR_SHOULDER/patient01105/study1_positive/image4.png
MURA_TT_1805,XR_FINGER,/content/drive/MyDrive/MURA-v1.1/train/XR_FINGER/patient02119/study1_positive/image3.png
MURA_TT_1806,XR_WRIST,/content/drive/MyDrive/MURA-v1.1/train/XR_WRIST/patient06465/study1_positive/image3.png
MURA_TT_1807,XR_ELBOW,/content/drive/MyDrive/MURA-v1.1/train/XR_ELBOW/patient05301/study1_positive/image2.png
MURA_TT_1808,XR_HUMERUS,/content/drive/MyDrive/MURA-v1.1/train/XR_HUMERUS/patient02717/study1_positive/image1.png
MURA_TT_1809,XR_FOREARM,/content/drive/MyDrive/MURA-v1.1/train/XR_FOREARM/patient09102/study1_positive/image2.png
MURA_TT_1810,XR_SHOULDER,/content/drive/MyDrive/MURA-v1.1/train/XR_SHOULDER/patient00509/study1_positive/image2.png
MURA_TT_1811,XR_HAND,/content/drive/MyDrive/MURA-v1.1/train/XR_HAND/patient09861/study1_positive/image1.png
MURA_TT_1812,XR_HAND,/content/drive/MyDrive/MURA-v1.1/train/XR_HAND/patient10084/study1_positive/image3.png
MURA_TT_1813,XR_WRIST,/content/drive/MyDrive/MURA-v1.1/train/XR_WRIST/patient06606/study1_positive/image1.png
MURA_TT_1814,XR_WRIST,/content/drive/MyDrive/MURA-v1.1/train/XR_WRIST/patient07347/study1_positive/image2.png
MURA_TT_1815,XR_SHOULDER,/content/drive/MyDrive/MURA-v1.1/train/XR_SHOULDER/patient00701/study1_positive/image2.png
MURA_TT_1816,XR_HAND,/content/drive/MyDrive/MURA-v1.1/train/XR_HAND/patient09746/study1_positive/image1.png
MURA_TT_1817,XR_SHOULDER,/content/drive/MyDrive/MURA-v1.1/train/XR_SHOULDER/patient00620/study1_positive/image3.png
MURA_TT_1818,XR_HUMERUS,/content/drive/MyDrive/MURA-v1.1/train/XR_HUMERUS/patient02934/study1_positive/image1.png
MURA_TT_1819,XR_ELBOW,/content/drive/MyDrive/MURA-v1.1/train/XR_ELBOW/patient04927/study1_positive/image5.png
MURA_TT_1820,XR_FINGER,/content/drive/MyDrive/MURA-v1.1/train/XR_FINGER/patient03307/study1_positive/image2.png
MURA_TT_1821,XR_HAND,/content/drive/MyDrive/MURA-v1.1/train/XR_HAND/patient09801/study1_positive/image1.png
MURA_TT_1822,XR_HAND,/content/drive/MyDrive/MURA-v1.1/train/XR_HAND/patient09802/study1_positive/image3.png
MURA_TT_1823,XR_FINGER,/content/drive/MyDrive/MURA-v1.1/train/XR_FINGER/patient03499/study1_positive/image3.png
MURA_TT_1824,XR_HAND,/content/drive/MyDrive/MURA-v1.1/train/XR_HAND/patient09987/study1_positive/image2.png
MURA_TT_1825,XR_WRIST,/content/drive/MyDrive/MURA-v1.1/train/XR_WRIST/patient04748/study1_positive/image2.png
MURA_TT_1826,XR_SHOULDER,/content/drive/MyDrive/MURA-v1.1/train/XR_SHOULDER/patient00800/study1_positive/image1.png
MURA_TT_1827,XR_HUMERUS,/content/drive/MyDrive/MURA-v1.1/train/XR_HUMERUS/patient02718/study1_positive/image1.png
MURA_TT_1828,XR_WRIST,/content/drive/MyDrive/MURA-v1.1/train/XR_WRIST/patient06737/study1_positive/image1.png
MURA_TT_1829,XR_FOREARM,/content/drive/MyDrive/MURA-v1.1/train/XR_FOREARM/patient09159/study1_positive/image3.png
MURA_TT_1830,XR_WRIST,/content/drive/MyDrive/MURA-v1.1/train/XR_WRIST/patient06661/study1_positive/image3.png
MURA_TT_1831,XR_FOREARM,/content/drive/MyDrive/MURA-v1.1/train/XR_FOREARM/patient07903/study1_positive/image3.png
MURA_TT_1832,XR_WRIST,/content/drive/MyDrive/MURA-v1.1/train/XR_WRIST/patient06660/study1_positive/image1.png
MURA_TT_1833,XR_HAND,/content/drive/MyDrive/MURA-v1.1/train/XR_HAND/patient09976/study1_positive/image3.png
MURA_TT_1834,XR_SHOULDER,/content/drive/MyDrive/MURA-v1.1/train/XR_SHOULDER/patient00384/study1_positive/image1.png
MURA_TT_1835,XR_FOREARM,/content/drive/MyDrive/MURA-v1.1/train/XR_FOREARM/patient09141/study1_positive/image2.png
MURA_TT_1836,XR_FOREARM,/content/drive/MyDrive/MURA-v1.1/train/XR_FOREARM/patient06323/study1_positive/image1.png
MURA_TT_1837,XR_ELBOW,/content/drive/MyDrive/MURA-v1.1/train/XR_ELBOW/patient01457/study1_positive/image1.png
MURA_TT_1838,XR_HAND,/content/drive/MyDrive/MURA-v1.1/train/XR_HAND/patient09886/study1_positive/image1.png
MURA_TT_1839,XR_WRIST,/content/drive/MyDrive/MURA-v1.1/train/XR_WRIST/patient07275/study2_positive/image3.png
MURA_TT_1840,XR_WRIST,/content/drive/MyDrive/MURA-v1.1/train/XR_WRIST/patient07402/study1_positive/image3.png
MURA_TT_1841,XR_FINGER,/content/drive/MyDrive/MURA-v1.1/train/XR_FINGER/patient03660/study1_positive/image1.png
MURA_TT_1842,XR_FINGER,/content/drive/MyDrive/MURA-v1.1/train/XR_FINGER/patient03745/study1_positive/image2.png
MURA_TT_1843,XR_HUMERUS,/content/drive/MyDrive/MURA-v1.1/train/XR_HUMERUS/patient02939/study1_positive/image1.png
MURA_TT_1844,XR_HUMERUS,/content/drive/MyDrive/MURA-v1.1/train/XR_HUMERUS/patient02743/study2_positive/image1.png
MURA_TT_1845,XR_HAND,/content/drive/MyDrive/MURA-v1.1/train/XR_HAND/patient09822/study1_positive/image1.png
MURA_TT_1846,XR_HAND,/content/drive/MyDrive/MURA-v1.1/train/XR_HAND/patient10026/study1_positive/image1.png
MURA_TT_1847,XR_ELBOW,/content/drive/MyDrive/MURA-v1.1/train/XR_ELBOW/patient04357/study1_positive/image1.png
MURA_TT_1848,XR_ELBOW,/content/drive/MyDrive/MURA-v1.1/train/XR_ELBOW/patient05072/study1_positive/image2.png
MURA_TT_1849,XR_HUMERUS,/content/drive/MyDrive/MURA-v1.1/train/XR_HUMERUS/patient02754/study1_positive/image3.png
MURA_TT_1850,XR_ELBOW,/content/drive/MyDrive/MURA-v1.1/train/XR_ELBOW/patient05392/study1_positive/image1.png
MURA_TT_1851,XR_HUMERUS,/content/drive/MyDrive/MURA-v1.1/train/XR_HUMERUS/patient02700/study1_positive/image1.png
MURA_TT_1852,XR_ELBOW,/content/drive/MyDrive/MURA-v1.1/train/XR_ELBOW/patient05367/study1_positive/image2.png
MURA_TT_1853,XR_SHOULDER,/content/drive/MyDrive/MURA-v1.1/train/XR_SHOULDER/patient00488/study1_positive/image2.png
MURA_TT_1854,XR_WRIST,/content/drive/MyDrive/MURA-v1.1/train/XR_WRIST/patient06770/study1_positive/image1.png
MURA_TT_1855,XR_FINGER,/content/drive/MyDrive/MURA-v1.1/train/XR_FINGER/patient03652/study1_positive/image2.png
MURA_TT_1856,XR_FINGER,/content/drive/MyDrive/MURA-v1.1/train/XR_FINGER/patient03283/study1_positive/image1.png
MURA_TT_1857,XR_FINGER,/content/drive/MyDrive/MURA-v1.1/train/XR_FINGER/patient03565/study1_positive/image3.png
MURA_TT_1858,XR_WRIST,/content/drive/MyDrive/MURA-v1.1/train/XR_WRIST/patient06927/study1_positive/image1.png
MURA_TT_1859,XR_FINGER,/content/drive/MyDrive/MURA-v1.1/train/XR_FINGER/patient00536/study1_positive/image2.png
MURA_TT_1860,XR_FOREARM,/content/drive/MyDrive/MURA-v1.1/train/XR_FOREARM/patient09165/study1_positive/image1.png
MURA_TT_1861,XR_SHOULDER,/content/drive/MyDrive/MURA-v1.1/train/XR_SHOULDER/patient00201/study1_positive/image1.png
MURA_TT_1862,XR_HUMERUS,/content/drive/MyDrive/MURA-v1.1/train/XR_HUMERUS/patient02698/study1_positive/image2.png
MURA_TT_1863,XR_HUMERUS,/content/drive/MyDrive/MURA-v1.1/train/XR_HUMERUS/patient02776/study1_positive/image1.png
MURA_TT_1864,XR_SHOULDER,/content/drive/MyDrive/MURA-v1.1/train/XR_SHOULDER/patient01142/study2_positive/image1.png
MURA_TT_1865,XR_FOREARM,/content/drive/MyDrive/MURA-v1.1/train/XR_FOREARM/patient09219/study1_positive/image2.png
MURA_TT_1866,XR_HUMERUS,/content/drive/MyDrive/MURA-v1.1/train/XR_HUMERUS/patient02863/study1_positive/image1.png
MURA_TT_1867,XR_SHOULDER,/content/drive/MyDrive/MURA-v1.1/train/XR_SHOULDER/patient00874/study1_positive/image1.png
MURA_TT_1868,XR_FINGER,/content/drive/MyDrive/MURA-v1.1/train/XR_FINGER/patient03276/study1_positive/image4.png
MURA_TT_1869,XR_WRIST,/content/drive/MyDrive/MURA-v1.1/train/XR_WRIST/patient06649/study1_positive/image2.png
MURA_TT_1870,XR_ELBOW,/content/drive/MyDrive/MURA-v1.1/train/XR_ELBOW/patient05328/study1_positive/image4.png
MURA_TT_1871,XR_WRIST,/content/drive/MyDrive/MURA-v1.1/train/XR_WRIST/patient07295/study1_positive/image1.png
MURA_TT_1872,XR_ELBOW,/content/drive/MyDrive/MURA-v1.1/train/XR_ELBOW/patient05062/study1_positive/image3.png
MURA_TT_1873,XR_SHOULDER,/content/drive/MyDrive/MURA-v1.1/train/XR_SHOULDER/patient00675/study1_positive/image4.png
MURA_TT_1874,XR_HUMERUS,/content/drive/MyDrive/MURA-v1.1/train/XR_HUMERUS/patient02790/study1_positive/image2.png
MURA_TT_1875,XR_FINGER,/content/drive/MyDrive/MURA-v1.1/train/XR_FINGER/patient03785/study1_positive/image1.png
MURA_TT_1876,XR_FINGER,/content/drive/MyDrive/MURA-v1.1/train/XR_FINGER/patient03724/study1_positive/image1.png
MURA_TT_1877,XR_ELBOW,/content/drive/MyDrive/MURA-v1.1/train/XR_ELBOW/patient00196/study1_positive/image3.png
MURA_TT_1878,XR_HAND,/content/drive/MyDrive/MURA-v1.1/train/XR_HAND/patient10022/study1_positive/image2.png
MURA_TT_1879,XR_ELBOW,/content/drive/MyDrive/MURA-v1.1/train/XR_ELBOW/patient01972/study1_positive/image2.png
MURA_TT_1880,XR_HAND,/content/drive/MyDrive/MURA-v1.1/train/XR_HAND/patient10016/study1_positive/image1.png
MURA_TT_1881,XR_HUMERUS,/content/drive/MyDrive/MURA-v1.1/train/XR_HUMERUS/patient02699/study1_positive/image2.png
MURA_TT_1882,XR_HAND,/content/drive/MyDrive/MURA-v1.1/train/XR_HAND/patient00084/study1_positive/image1.png
MURA_TT_1883,XR_FINGER,/content/drive/MyDrive/MURA-v1.1/train/XR_FINGER/patient03360/study1_positive/image1.png
MURA_TT_1884,XR_WRIST,/content/drive/MyDrive/MURA-v1.1/train/XR_WRIST/patient06728/study1_positive/image2.png
MURA_TT_1885,XR_FOREARM,/content/drive/MyDrive/MURA-v1.1/train/XR_FOREARM/patient09207/study1_positive/image2.png
MURA_TT_1886,XR_WRIST,/content/drive/MyDrive/MURA-v1.1/train/XR_WRIST/patient06568/study1_positive/image2.png
MURA_TT_1887,XR_FINGER,/content/drive/MyDrive/MURA-v1.1/train/XR_FINGER/patient00687/study1_positive/image2.png
MURA_TT_1888,XR_WRIST,/content/drive/MyDrive/MURA-v1.1/train/XR_WRIST/patient07017/study1_positive/image3.png
MURA_TT_1889,XR_HUMERUS,/content/drive/MyDrive/MURA-v1.1/train/XR_HUMERUS/patient02823/study1_positive/image1.png
MURA_TT_1890,XR_SHOULDER,/content/drive/MyDrive/MURA-v1.1/train/XR_SHOULDER/patient00577/study1_positive/image1.png
MURA_TT_1891,XR_WRIST,/content/drive/MyDrive/MURA-v1.1/train/XR_WRIST/patient07330/study1_positive/image1.png
MURA_TT_1892,XR_SHOULDER,/content/drive/MyDrive/MURA-v1.1/train/XR_SHOULDER/patient00149/study1_positive/image1.png
MURA_TT_1893,XR_FINGER,/content/drive/MyDrive/MURA-v1.1/train/XR_FINGER/patient03716/study1_positive/image2.png
MURA_TT_1894,XR_WRIST,/content/drive/MyDrive/MURA-v1.1/train/XR_WRIST/patient07241/study1_positive/image2.png
MURA_TT_1895,XR_HAND,/content/drive/MyDrive/MURA-v1.1/train/XR_HAND/patient09793/study1_positive/image1.png
MURA_TT_1896,XR_WRIST,/content/drive/MyDrive/MURA-v1.1/train/XR_WRIST/patient07207/study1_positive/image1.png
MURA_TT_1897,XR_ELBOW,/content/drive/MyDrive/MURA-v1.1/train/XR_ELBOW/patient05302/study1_positive/image1.png
MURA_TT_1898,XR_HUMERUS,/content/drive/MyDrive/MURA-v1.1/train/XR_HUMERUS/patient02869/study1_positive/image2.png
MURA_TT_1899,XR_ELBOW,/content/drive/MyDrive/MURA-v1.1/train/XR_ELBOW/patient05060/study1_positive/image2.png
MURA_TT_1900,XR_ELBOW,/content/drive/MyDrive/MURA-v1.1/train/XR_ELBOW/patient05410/study1_positive/image5.png
MURA_TT_1901,XR_SHOULDER,/content/drive/MyDrive/MURA-v1.1/train/XR_SHOULDER/patient00241/study1_positive/image2.png
MURA_TT_1902,XR_FOREARM,/content/drive/MyDrive/MURA-v1.1/train/XR_FOREARM/patient09173/study1_positive/image1.png
MURA_TT_1903,XR_FINGER,/content/drive/MyDrive/MURA-v1.1/train/XR_FINGER/patient03228/study1_positive/image2.png
MURA_TT_1904,XR_FOREARM,/content/drive/MyDrive/MURA-v1.1/train/XR_FOREARM/patient09153/study1_positive/image6.png
MURA_TT_1905,XR_SHOULDER,/content/drive/MyDrive/MURA-v1.1/train/XR_SHOULDER/patient00434/study1_positive/image4.png
MURA_TT_1906,XR_WRIST,/content/drive/MyDrive/MURA-v1.1/train/XR_WRIST/patient06479/study1_positive/image1.png
MURA_TT_1907,XR_WRIST,/content/drive/MyDrive/MURA-v1.1/train/XR_WRIST/patient06389/study1_positive/image3.png
MURA_TT_1908,XR_HUMERUS,/content/drive/MyDrive/MURA-v1.1/train/XR_HUMERUS/patient02784/study1_positive/image2.png
MURA_TT_1909,XR_FOREARM,/content/drive/MyDrive/MURA-v1.1/train/XR_FOREARM/patient05744/study1_positive/image1.png
MURA_TT_1910,XR_SHOULDER,/content/drive/MyDrive/MURA-v1.1/train/XR_SHOULDER/patient00634/study1_positive/image3.png
MURA_TT_1911,XR_HUMERUS,/content/drive/MyDrive/MURA-v1.1/train/XR_HUMERUS/patient02817/study1_positive/image1.png
MURA_TT_1912,XR_HUMERUS,/content/drive/MyDrive/MURA-v1.1/train/XR_HUMERUS/patient02871/study1_positive/image3.png
MURA_TT_1913,XR_SHOULDER,/content/drive/MyDrive/MURA-v1.1/train/XR_SHOULDER/patient01320/study1_positive/image2.png
MURA_TT_1914,XR_WRIST,/content/drive/MyDrive/MURA-v1.1/train/XR_WRIST/patient06853/study1_positive/image3.png
MURA_TT_1915,XR_SHOULDER,/content/drive/MyDrive/MURA-v1.1/train/XR_SHOULDER/patient00248/study1_positive/image2.png
MURA_TT_1916,XR_HUMERUS,/content/drive/MyDrive/MURA-v1.1/train/XR_HUMERUS/patient01499/study1_positive/image1.png
MURA_TT_1917,XR_ELBOW,/content/drive/MyDrive/MURA-v1.1/train/XR_ELBOW/patient05386/study1_positive/image3.png
MURA_TT_1918,XR_ELBOW,/content/drive/MyDrive/MURA-v1.1/train/XR_ELBOW/patient05087/study1_positive/image2.png
MURA_TT_1919,XR_HAND,/content/drive/MyDrive/MURA-v1.1/train/XR_HAND/patient10055/study1_positive/image2.png
MURA_TT_1920,XR_FINGER,/content/drive/MyDrive/MURA-v1.1/train/XR_FINGER/patient03751/study1_positive/image3.png
MURA_TT_1921,XR_SHOULDER,/content/drive/MyDrive/MURA-v1.1/train/XR_SHOULDER/patient00088/study1_positive/image1.png
MURA_TT_1922,XR_SHOULDER,/content/drive/MyDrive/MURA-v1.1/train/XR_SHOULDER/patient01270/study1_positive/image1.png
MURA_TT_1923,XR_WRIST,/content/drive/MyDrive/MURA-v1.1/train/XR_WRIST/patient06673/study1_positive/image3.png
MURA_TT_1924,XR_SHOULDER,/content/drive/MyDrive/MURA-v1.1/train/XR_SHOULDER/patient01265/study1_positive/image1.png
MURA_TT_1925,XR_ELBOW,/content/drive/MyDrive/MURA-v1.1/train/XR_ELBOW/patient00238/study1_positive/image3.png
MURA_TT_1926,XR_SHOULDER,/content/drive/MyDrive/MURA-v1.1/train/XR_SHOULDER/patient01362/study1_positive/image1.png
MURA_TT_1927,XR_HAND,/content/drive/MyDrive/MURA-v1.1/train/XR_HAND/patient10012/study1_positive/image2.png
MURA_TT_1928,XR_FOREARM,/content/drive/MyDrive/MURA-v1.1/train/XR_FOREARM/patient09260/study1_positive/image2.png
MURA_TT_1929,XR_SHOULDER,/content/drive/MyDrive/MURA-v1.1/train/XR_SHOULDER/patient00666/study2_positive/image2.png
MURA_TT_1930,XR_HAND,/content/drive/MyDrive/MURA-v1.1/train/XR_HAND/patient03898/study1_positive/image1.png
MURA_TT_1931,XR_ELBOW,/content/drive/MyDrive/MURA-v1.1/train/XR_ELBOW/patient04963/study1_positive/image4.png
MURA_TT_1932,XR_ELBOW,/content/drive/MyDrive/MURA-v1.1/train/XR_ELBOW/patient04748/study1_positive/image2.png
MURA_TT_1933,XR_FINGER,/content/drive/MyDrive/MURA-v1.1/train/XR_FINGER/patient03709/study1_positive/image3.png
MURA_TT_1934,XR_FOREARM,/content/drive/MyDrive/MURA-v1.1/train/XR_FOREARM/patient09240/study1_positive/image1.png
MURA_TT_1935,XR_FINGER,/content/drive/MyDrive/MURA-v1.1/train/XR_FINGER/patient03661/study1_positive/image1.png
MURA_TT_1936,XR_SHOULDER,/content/drive/MyDrive/MURA-v1.1/train/XR_SHOULDER/patient01311/study1_positive/image1.png
MURA_TT_1937,XR_ELBOW,/content/drive/MyDrive/MURA-v1.1/train/XR_ELBOW/patient04911/study1_positive/image1.png
MURA_TT_1938,XR_HAND,/content/drive/MyDrive/MURA-v1.1/train/XR_HAND/patient10123/study1_positive/image2.png
MURA_TT_1939,XR_ELBOW,/content/drive/MyDrive/MURA-v1.1/train/XR_ELBOW/patient04110/study1_positive/image1.png
MURA_TT_1940,XR_FOREARM,/content/drive/MyDrive/MURA-v1.1/train/XR_FOREARM/patient09158/study1_positive/image3.png
MURA_TT_1941,XR_WRIST,/content/drive/MyDrive/MURA-v1.1/train/XR_WRIST/patient06616/study1_positive/image3.png
MURA_TT_1942,XR_SHOULDER,/content/drive/MyDrive/MURA-v1.1/train/XR_SHOULDER/patient01353/study1_positive/image1.png
MURA_TT_1943,XR_HUMERUS,/content/drive/MyDrive/MURA-v1.1/train/XR_HUMERUS/patient02836/study1_positive/image3.png
MURA_TT_1944,XR_SHOULDER,/content/drive/MyDrive/MURA-v1.1/train/XR_SHOULDER/patient00467/study1_positive/image1.png
MURA_TT_1945,XR_HAND,/content/drive/MyDrive/MURA-v1.1/train/XR_HAND/patient02570/study1_positive/image2.png
MURA_TT_1946,XR_SHOULDER,/content/drive/MyDrive/MURA-v1.1/train/XR_SHOULDER/patient00116/study1_positive/image3.png
MURA_TT_1947,XR_WRIST,/content/drive/MyDrive/MURA-v1.1/train/XR_WRIST/patient06606/study1_positive/image2.png
MURA_TT_1948,XR_WRIST,/content/drive/MyDrive/MURA-v1.1/train/XR_WRIST/patient06822/study1_positive/image1.png
MURA_TT_1949,XR_FOREARM,/content/drive/MyDrive/MURA-v1.1/train/XR_FOREARM/patient09296/study1_positive/image2.png
MURA_TT_1950,XR_WRIST,/content/drive/MyDrive/MURA-v1.1/train/XR_WRIST/patient07256/study1_positive/image3.png
MURA_TT_1951,XR_FOREARM,/content/drive/MyDrive/MURA-v1.1/train/XR_FOREARM/patient09093/study1_positive/image1.png
MURA_TT_1952,XR_HAND,/content/drive/MyDrive/MURA-v1.1/train/XR_HAND/patient04271/study1_positive/image1.png
MURA_TT_1953,XR_ELBOW,/content/drive/MyDrive/MURA-v1.1/train/XR_ELBOW/patient05086/study1_positive/image1.png
MURA_TT_1954,XR_WRIST,/content/drive/MyDrive/MURA-v1.1/train/XR_WRIST/patient03060/study1_positive/image2.png
MURA_TT_1955,XR_HAND,/content/drive/MyDrive/MURA-v1.1/train/XR_HAND/patient09906/study1_positive/image2.png
MURA_TT_1956,XR_FOREARM,/content/drive/MyDrive/MURA-v1.1/train/XR_FOREARM/patient09097/study1_positive/image1.png
MURA_TT_1957,XR_SHOULDER,/content/drive/MyDrive/MURA-v1.1/train/XR_SHOULDER/patient01155/study1_positive/image4.png
MURA_TT_1958,XR_WRIST,/content/drive/MyDrive/MURA-v1.1/train/XR_WRIST/patient07403/study1_positive/image1.png
MURA_TT_1959,XR_FINGER,/content/drive/MyDrive/MURA-v1.1/train/XR_FINGER/patient03585/study1_positive/image3.png
MURA_TT_1960,XR_HUMERUS,/content/drive/MyDrive/MURA-v1.1/train/XR_HUMERUS/patient02931/study1_positive/image1.png
MURA_TT_1961,XR_FINGER,/content/drive/MyDrive/MURA-v1.1/train/XR_FINGER/patient03575/study1_positive/image2.png
MURA_TT_1962,XR_SHOULDER,/content/drive/MyDrive/MURA-v1.1/train/XR_SHOULDER/patient00078/study1_positive/image2.png
MURA_TT_1963,XR_HAND,/content/drive/MyDrive/MURA-v1.1/train/XR_HAND/patient10054/study1_positive/image3.png
MURA_TT_1964,XR_HAND,/content/drive/MyDrive/MURA-v1.1/train/XR_HAND/patient05903/study1_positive/image2.png
MURA_TT_1965,XR_ELBOW,/content/drive/MyDrive/MURA-v1.1/train/XR_ELBOW/patient04951/study1_positive/image2.png
MURA_TT_1966,XR_ELBOW,/content/drive/MyDrive/MURA-v1.1/train/XR_ELBOW/patient05148/study1_positive/image1.png
MURA_TT_1967,XR_SHOULDER,/content/drive/MyDrive/MURA-v1.1/train/XR_SHOULDER/patient00970/study1_positive/image1.png
MURA_TT_1968,XR_FINGER,/content/drive/MyDrive/MURA-v1.1/train/XR_FINGER/patient01604/study1_positive/image1.png
MURA_TT_1969,XR_SHOULDER,/content/drive/MyDrive/MURA-v1.1/train/XR_SHOULDER/patient00224/study1_positive/image1.png
MURA_TT_1970,XR_ELBOW,/content/drive/MyDrive/MURA-v1.1/train/XR_ELBOW/patient05219/study1_positive/image1.png
MURA_TT_1971,XR_HAND,/content/drive/MyDrive/MURA-v1.1/train/XR_HAND/patient09828/study1_positive/image1.png
MURA_TT_1972,XR_SHOULDER,/content/drive/MyDrive/MURA-v1.1/train/XR_SHOULDER/patient00275/study1_positive/image2.png
MURA_TT_1973,XR_FINGER,/content/drive/MyDrive/MURA-v1.1/train/XR_FINGER/patient03442/study1_positive/image1.png
MURA_TT_1974,XR_HAND,/content/drive/MyDrive/MURA-v1.1/train/XR_HAND/patient10096/study1_positive/image1.png
MURA_TT_1975,XR_SHOULDER,/content/drive/MyDrive/MURA-v1.1/train/XR_SHOULDER/patient01174/study1_positive/image2.png
MURA_TT_1976,XR_SHOULDER,/content/drive/MyDrive/MURA-v1.1/train/XR_SHOULDER/patient01404/study1_positive/image2.png
MURA_TT_1977,XR_FINGER,/content/drive/MyDrive/MURA-v1.1/train/XR_FINGER/patient03395/study1_positive/image2.png
MURA_TT_1978,XR_HAND,/content/drive/MyDrive/MURA-v1.1/train/XR_HAND/patient10116/study1_positive/image2.png
MURA_TT_1979,XR_SHOULDER,/content/drive/MyDrive/MURA-v1.1/train/XR_SHOULDER/patient00032/study1_positive/image2.png
MURA_TT_1980,XR_WRIST,/content/drive/MyDrive/MURA-v1.1/train/XR_WRIST/patient07288/study1_positive/image3.png
MURA_TT_1981,XR_ELBOW,/content/drive/MyDrive/MURA-v1.1/train/XR_ELBOW/patient05427/study1_positive/image2.png
MURA_TT_1982,XR_WRIST,/content/drive/MyDrive/MURA-v1.1/train/XR_WRIST/patient04171/study1_positive/image2.png
MURA_TT_1983,XR_HAND,/content/drive/MyDrive/MURA-v1.1/train/XR_HAND/patient09959/study1_positive/image1.png
MURA_TT_1984,XR_HUMERUS,/content/drive/MyDrive/MURA-v1.1/train/XR_HUMERUS/patient02758/study1_positive/image2.png
MURA_TT_1985,XR_SHOULDER,/content/drive/MyDrive/MURA-v1.1/train/XR_SHOULDER/patient00077/study1_positive/image1.png
MURA_TT_1986,XR_ELBOW,/content/drive/MyDrive/MURA-v1.1/train/XR_ELBOW/patient05352/study1_positive/image3.png
MURA_TT_1987,XR_SHOULDER,/content/drive/MyDrive/MURA-v1.1/train/XR_SHOULDER/patient00948/study1_positive/image1.png
MURA_TT_1988,XR_FINGER,/content/drive/MyDrive/MURA-v1.1/train/XR_FINGER/patient03777/study1_positive/image2.png
MURA_TT_1989,XR_SHOULDER,/content/drive/MyDrive/MURA-v1.1/train/XR_SHOULDER/patient00913/study1_positive/image3.png
MURA_TT_1990,XR_FINGER,/content/drive/MyDrive/MURA-v1.1/train/XR_FINGER/patient03766/study1_positive/image3.png
MURA_TT_1991,XR_ELBOW,/content/drive/MyDrive/MURA-v1.1/train/XR_ELBOW/patient05418/study1_positive/image1.png
MURA_TT_1992,XR_WRIST,/content/drive/MyDrive/MURA-v1.1/train/XR_WRIST/patient07033/study1_positive/image2.png
MURA_TT_1993,XR_HUMERUS,/content/drive/MyDrive/MURA-v1.1/train/XR_HUMERUS/patient02778/study1_positive/image2.png
MURA_TT_1994,XR_WRIST,/content/drive/MyDrive/MURA-v1.1/train/XR_WRIST/patient07427/study1_positive/image2.png
MURA_TT_1995,XR_HUMERUS,/content/drive/MyDrive/MURA-v1.1/train/XR_HUMERUS/patient00180/study1_positive/image2.png
MURA_TT_1996,XR_HUMERUS,/content/drive/MyDrive/MURA-v1.1/train/XR_HUMERUS/patient02705/study1_positive/image1.png
MURA_TT_1997,XR_SHOULDER,/content/drive/MyDrive/MURA-v1.1/train/XR_SHOULDER/patient01068/study1_positive/image4.png
MURA_TT_1998,XR_HAND,/content/drive/MyDrive/MURA-v1.1/train/XR_HAND/patient10097/study1_positive/image2.png
MURA_TT_1999,XR_SHOULDER,/content/drive/MyDrive/MURA-v1.1/train/XR_SHOULDER/patient00057/study1_positive/image2.png
MURA_TT_2000,XR_HUMERUS,/content/drive/MyDrive/MURA-v1.1/train/XR_HUMERUS/patient02833/study1_positive/image1.png
