image_path_csv,region,patient,study,label_folder,image_name,split,image_path,study_id,label,class_name,local_path,local_exists,embedding_index,global_embedding_index,cluster,distance_to_centroid,distance_percentile,sampling_zone,selection_zone,annotation_case_id
MURA-v1.1/train/XR_WRIST/patient07219/study1_positive/image1.png,XR_WRIST,patient07219,study1_positive,1,image1.png,train,/content/drive/MyDrive/MURA-v1.1/train/XR_WRIST/patient07219/study1_positive/image1.png,train/XR_WRIST/patient07219/study1_positive,1,abnormal,/content/MURA_abnormal_train/XR_WRIST/patient07219/study1_positive/image1.png,True,11943,11943,6,24.207376,0.0675675675675675,central,central,MURA_TT_0001
MURA-v1.1/train/XR_FINGER/patient03613/study1_positive/image3.png,XR_FINGER,patient03613,study1_positive,1,image3.png,train,/content/drive/MyDrive/MURA-v1.1/train/XR_FINGER/patient03613/study1_positive/image3.png,train/XR_FINGER/patient03613/study1_positive,1,abnormal,/content/MURA_abnormal_train/XR_FINGER/patient03613/study1_positive/image3.png,True,6082,6082,1,28.233345,0.6981818181818182,intermediate,intermediate,MURA_TT_0002
MURA-v1.1/train/XR_SHOULDER/patient01298/study1_positive/image2.png,XR_SHOULDER,patient01298,study1_positive,1,image2.png,train,/content/drive/MyDrive/MURA-v1.1/train/XR_SHOULDER/patient01298/study1_positive/image2.png,train/XR_SHOULDER/patient01298/study1_positive,1,abnormal,/content/MURA_abnormal_train/XR_SHOULDER/patient01298/study1_positive/image2.png,True,3827,3827,2,30.278996,0.7905569007263923,intermediate,intermediate,MURA_TT_0003
MURA-v1.1/train/XR_HAND/patient09775/study1_positive/image2.png,XR_HAND,patient09775,study1_positive,1,image2.png,train,/content/drive/MyDrive/MURA-v1.1/train/XR_HAND/patient09775/study1_positive/image2.png,train/XR_HAND/patient09775/study1_positive,1,abnormal,/content/MURA_abnormal_train/XR_HAND/patient09775/study1_positive/image2.png,True,13544,13544,4,24.78774,0.3932203389830508,central,central,MURA_TT_0004
MURA-v1.1/train/XR_SHOULDER/patient00215/study1_positive/image4.png,XR_SHOULDER,patient00215,study1_positive,1,image4.png,train,/content/drive/MyDrive/MURA-v1.1/train/XR_SHOULDER/patient00215/study1_positive/image4.png,train/XR_SHOULDER/patient00215/study1_positive,1,abnormal,/content/MURA_abnormal_train/XR_SHOULDER/patient00215/study1_positive/image4.png,True,647,647,2,24.731663,0.2675544794188862,central,central,MURA_TT_0005
MURA-v1.1/train/XR_SHOULDER/patient01408/study1_positive/image1.png,XR_SHOULDER,patient01408,study1_positive,1,image1.png,train,/content/drive/MyDrive/MURA-v1.1/train/XR_SHOULDER/patient01408/study1_positive/image1.png,train/XR_SHOULDER/patient01408/study1_positive,1,abnormal,/content/MURA_abnormal_train/XR_SHOULDER/patient01408/study1_positive/image1.png,True,4137,4137,1,42.877907,0.8537313432835821,peripheral,peripheral,MURA_TT_0006
MURA-v1.1/train/XR_HAND/patient09753/study1_positive/image5.png,XR_HAND,patient09753,study1_positive,1,image5.png,train,/content/drive/MyDrive/MURA-v1.1/train/XR_HAND/patient09753/study1_positive/image5.png,train/XR_HAND/patient09753/study1_positive,1,abnormal,/content/MURA_abnormal_train/XR_HAND/patient09753/study1_positive/image5.png,True,13458,13458,4,29.073177,0.8101694915254237,peripheral,peripheral,MURA_TT_0007
MURA-v1.1/train/XR_WRIST/patient07148/study1_positive/image2.png,XR_WRIST,patient07148,study1_positive,1,image2.png,train,/content/drive/MyDrive/MURA-v1.1/train/XR_WRIST/patient07148/study1_positive/image2.png,train/XR_WRIST/patient07148/study1_positive,1,abnormal,/content/MURA_abnormal_train/XR_WRIST/patient07148/study1_positive/image2.png,True,11660,11660,3,29.508402,0.7183908045977011,intermediate,intermediate,MURA_TT_0008
MURA-v1.1/train/XR_ELBOW/patient01896/study1_positive/image1.png,XR_ELBOW,patient01896,study1_positive,1,image1.png,train,/content/drive/MyDrive/MURA-v1.1/train/XR_ELBOW/patient01896/study1_positive/image1.png,train/XR_ELBOW/patient01896/study1_positive,1,abnormal,/content/MURA_abnormal_train/XR_ELBOW/patient01896/study1_positive/image1.png,True,6990,6990,1,17.207869,0.0583657587548638,central,central,MURA_TT_0009
MURA-v1.1/train/XR_SHOULDER/patient00921/study1_positive/image2.png,XR_SHOULDER,patient00921,study1_positive,1,image2.png,train,/content/drive/MyDrive/MURA-v1.1/train/XR_SHOULDER/patient00921/study1_positive/image2.png,train/XR_SHOULDER/patient00921/study1_positive,1,abnormal,/content/MURA_abnormal_train/XR_SHOULDER/patient00921/study1_positive/image2.png,True,2767,2767,2,26.231674,0.4213075060532688,central,central,MURA_TT_0010
MURA-v1.1/train/XR_ELBOW/patient01374/study1_positive/image1.png,XR_ELBOW,patient01374,study1_positive,1,image1.png,train,/content/drive/MyDrive/MURA-v1.1/train/XR_ELBOW/patient01374/study1_positive/image1.png,train/XR_ELBOW/patient01374/study1_positive,1,abnormal,/content/MURA_abnormal_train/XR_ELBOW/patient01374/study1_positive/image1.png,True,7458,7458,0,34.04226,0.943310657596372,peripheral,peripheral,MURA_TT_0011
MURA-v1.1/train/XR_SHOULDER/patient00219/study1_positive/image1.png,XR_SHOULDER,patient00219,study1_positive,1,image1.png,train,/content/drive/MyDrive/MURA-v1.1/train/XR_SHOULDER/patient00219/study1_positive/image1.png,train/XR_SHOULDER/patient00219/study1_positive,1,abnormal,/content/MURA_abnormal_train/XR_SHOULDER/patient00219/study1_positive/image1.png,True,658,658,2,22.344372,0.0762711864406779,central,central,MURA_TT_0012
MURA-v1.1/train/XR_HUMERUS/patient02841/study1_positive/image1.png,XR_HUMERUS,patient02841,study1_positive,1,image1.png,train,/content/drive/MyDrive/MURA-v1.1/train/XR_HUMERUS/patient02841/study1_positive/image1.png,train/XR_HUMERUS/patient02841/study1_positive,1,abnormal,/content/MURA_abnormal_train/XR_HUMERUS/patient02841/study1_positive/image1.png,True,4525,4525,3,24.188784,0.2358078602620087,central,central,MURA_TT_0013
MURA-v1.1/train/XR_FOREARM/patient09212/study1_positive/image1.png,XR_FOREARM,patient09212,study1_positive,1,image1.png,train,/content/drive/MyDrive/MURA-v1.1/train/XR_FOREARM/patient09212/study1_positive/image1.png,train/XR_FOREARM/patient09212/study1_positive,1,abnormal,/content/MURA_abnormal_train/XR_FOREARM/patient09212/study1_positive/image1.png,True,13134,13134,1,28.334276,0.5,central,central,MURA_TT_0014
MURA-v1.1/train/XR_FINGER/patient03356/study1_positive/image2.png,XR_FINGER,patient03356,study1_positive,1,image2.png,train,/content/drive/MyDrive/MURA-v1.1/train/XR_FINGER/patient03356/study1_positive/image2.png,train/XR_FINGER/patient03356/study1_positive,1,abnormal,/content/MURA_abnormal_train/XR_FINGER/patient03356/study1_positive/image2.png,True,5222,5222,2,21.327732,0.0919220055710306,central,central,MURA_TT_0015
MURA-v1.1/train/XR_ELBOW/patient04945/study1_positive/image2.png,XR_ELBOW,patient04945,study1_positive,1,image2.png,train,/content/drive/MyDrive/MURA-v1.1/train/XR_ELBOW/patient04945/study1_positive/image2.png,train/XR_ELBOW/patient04945/study1_positive,1,abnormal,/content/MURA_abnormal_train/XR_ELBOW/patient04945/study1_positive/image2.png,True,6877,6877,5,31.03313,0.8240469208211144,peripheral,peripheral,MURA_TT_0016
MURA-v1.1/train/XR_HAND/patient09996/study1_positive/image1.png,XR_HAND,patient09996,study1_positive,1,image1.png,train,/content/drive/MyDrive/MURA-v1.1/train/XR_HAND/patient09996/study1_positive/image1.png,train/XR_HAND/patient09996/study1_positive,1,abnormal,/content/MURA_abnormal_train/XR_HAND/patient09996/study1_positive/image1.png,True,14390,14390,0,20.575068,0.1798245614035087,central,central,MURA_TT_0017
MURA-v1.1/train/XR_ELBOW/patient05105/study1_positive/image3.png,XR_ELBOW,patient05105,study1_positive,1,image3.png,train,/content/drive/MyDrive/MURA-v1.1/train/XR_ELBOW/patient05105/study1_positive/image3.png,train/XR_ELBOW/patient05105/study1_positive,1,abnormal,/content/MURA_abnormal_train/XR_ELBOW/patient05105/study1_positive/image3.png,True,7472,7472,2,19.094713,0.0276816608996539,central,central,MURA_TT_0018
MURA-v1.1/train/XR_WRIST/patient05219/study1_positive/image4.png,XR_WRIST,patient05219,study1_positive,1,image4.png,train,/content/drive/MyDrive/MURA-v1.1/train/XR_WRIST/patient05219/study1_positive/image4.png,train/XR_WRIST/patient05219/study1_positive,1,abnormal,/content/MURA_abnormal_train/XR_WRIST/patient05219/study1_positive/image4.png,True,10386,10386,1,34.530846,0.9316888045540797,peripheral,peripheral,MURA_TT_0019
MURA-v1.1/train/XR_WRIST/patient06997/study1_positive/image2.png,XR_WRIST,patient06997,study1_positive,1,image2.png,train,/content/drive/MyDrive/MURA-v1.1/train/XR_WRIST/patient06997/study1_positive/image2.png,train/XR_WRIST/patient06997/study1_positive,1,abnormal,/content/MURA_abnormal_train/XR_WRIST/patient06997/study1_positive/image2.png,True,11071,11071,6,23.66705,0.0513513513513513,central,central,MURA_TT_0020
MURA-v1.1/train/XR_FOREARM/patient06132/study1_positive/image2.png,XR_FOREARM,patient06132,study1_positive,1,image2.png,train,/content/drive/MyDrive/MURA-v1.1/train/XR_FOREARM/patient06132/study1_positive/image2.png,train/XR_FOREARM/patient06132/study1_positive,1,abnormal,/content/MURA_abnormal_train/XR_FOREARM/patient06132/study1_positive/image2.png,True,12947,12947,3,23.48819,0.2920353982300885,central,central,MURA_TT_0021
MURA-v1.1/train/XR_WRIST/patient06473/study1_positive/image1.png,XR_WRIST,patient06473,study1_positive,1,image1.png,train,/content/drive/MyDrive/MURA-v1.1/train/XR_WRIST/patient06473/study1_positive/image1.png,train/XR_WRIST/patient06473/study1_positive,1,abnormal,/content/MURA_abnormal_train/XR_WRIST/patient06473/study1_positive/image1.png,True,9153,9153,2,21.881475,0.1633986928104575,central,central,MURA_TT_0022
MURA-v1.1/train/XR_WRIST/patient06490/study1_positive/image1.png,XR_WRIST,patient06490,study1_positive,1,image1.png,train,/content/drive/MyDrive/MURA-v1.1/train/XR_WRIST/patient06490/study1_positive/image1.png,train/XR_WRIST/patient06490/study1_positive,1,abnormal,/content/MURA_abnormal_train/XR_WRIST/patient06490/study1_positive/image1.png,True,9209,9209,8,25.358324,0.6104294478527608,intermediate,intermediate,MURA_TT_0023
MURA-v1.1/train/XR_HUMERUS/patient02907/study1_positive/image1.png,XR_HUMERUS,patient02907,study1_positive,1,image1.png,train,/content/drive/MyDrive/MURA-v1.1/train/XR_HUMERUS/patient02907/study1_positive/image1.png,train/XR_HUMERUS/patient02907/study1_positive,1,abnormal,/content/MURA_abnormal_train/XR_HUMERUS/patient02907/study1_positive/image1.png,True,4687,4687,2,26.348768,0.647887323943662,intermediate,intermediate,MURA_TT_0024
MURA-v1.1/train/XR_WRIST/patient06821/study1_positive/image1.png,XR_WRIST,patient06821,study1_positive,1,image1.png,train,/content/drive/MyDrive/MURA-v1.1/train/XR_WRIST/patient06821/study1_positive/image1.png,train/XR_WRIST/patient06821/study1_positive,1,abnormal,/content/MURA_abnormal_train/XR_WRIST/patient06821/study1_positive/image1.png,True,10444,10444,8,20.660576,0.1216768916155419,central,central,MURA_TT_0025
MURA-v1.1/train/XR_ELBOW/patient05245/study1_positive/image1.png,XR_ELBOW,patient05245,study1_positive,1,image1.png,train,/content/drive/MyDrive/MURA-v1.1/train/XR_ELBOW/patient05245/study1_positive/image1.png,train/XR_ELBOW/patient05245/study1_positive,1,abnormal,/content/MURA_abnormal_train/XR_ELBOW/patient05245/study1_positive/image1.png,True,7985,7985,1,23.997263,0.669260700389105,intermediate,intermediate,MURA_TT_0026
MURA-v1.1/train/XR_SHOULDER/patient00502/study1_positive/image5.png,XR_SHOULDER,patient00502,study1_positive,1,image5.png,train,/content/drive/MyDrive/MURA-v1.1/train/XR_SHOULDER/patient00502/study1_positive/image5.png,train/XR_SHOULDER/patient00502/study1_positive,1,abnormal,/content/MURA_abnormal_train/XR_SHOULDER/patient00502/study1_positive/image5.png,True,1521,1521,0,22.46972,0.3825214899713467,central,central,MURA_TT_0027
MURA-v1.1/train/XR_HAND/patient09900/study1_positive/image4.png,XR_HAND,patient09900,study1_positive,1,image4.png,train,/content/drive/MyDrive/MURA-v1.1/train/XR_HAND/patient09900/study1_positive/image4.png,train/XR_HAND/patient09900/study1_positive,1,abnormal,/content/MURA_abnormal_train/XR_HAND/patient09900/study1_positive/image4.png,True,14042,14042,5,21.673695,0.4037037037037037,central,central,MURA_TT_0028
MURA-v1.1/train/XR_HAND/patient10036/study1_positive/image1.png,XR_HAND,patient10036,study1_positive,1,image1.png,train,/content/drive/MyDrive/MURA-v1.1/train/XR_HAND/patient10036/study1_positive/image1.png,train/XR_HAND/patient10036/study1_positive,1,abnormal,/content/MURA_abnormal_train/XR_HAND/patient10036/study1_positive/image1.png,True,14525,14525,1,21.93093,0.0141342756183745,central,central,MURA_TT_0029
MURA-v1.1/train/XR_ELBOW/patient05283/study1_positive/image2.png,XR_ELBOW,patient05283,study1_positive,1,image2.png,train,/content/drive/MyDrive/MURA-v1.1/train/XR_ELBOW/patient05283/study1_positive/image2.png,train/XR_ELBOW/patient05283/study1_positive,1,abnormal,/content/MURA_abnormal_train/XR_ELBOW/patient05283/study1_positive/image2.png,True,8133,8133,0,20.92739,0.0748299319727891,central,central,MURA_TT_0030
MURA-v1.1/train/XR_FOREARM/patient09133/study1_positive/image3.png,XR_FOREARM,patient09133,study1_positive,1,image3.png,train,/content/drive/MyDrive/MURA-v1.1/train/XR_FOREARM/patient09133/study1_positive/image3.png,train/XR_FOREARM/patient09133/study1_positive,1,abnormal,/content/MURA_abnormal_train/XR_FOREARM/patient09133/study1_positive/image3.png,True,12873,12873,2,24.267994,0.4603174603174603,central,central,MURA_TT_0031
MURA-v1.1/train/XR_HAND/patient09862/study1_positive/image1.png,XR_HAND,patient09862,study1_positive,1,image1.png,train,/content/drive/MyDrive/MURA-v1.1/train/XR_HAND/patient09862/study1_positive/image1.png,train/XR_HAND/patient09862/study1_positive,1,abnormal,/content/MURA_abnormal_train/XR_HAND/patient09862/study1_positive/image1.png,True,13873,13873,5,18.817278,0.0703703703703703,central,central,MURA_TT_0032
MURA-v1.1/train/XR_FOREARM/patient09285/study1_positive/image2.png,XR_FOREARM,patient09285,study1_positive,1,image2.png,train,/content/drive/MyDrive/MURA-v1.1/train/XR_FOREARM/patient09285/study1_positive/image2.png,train/XR_FOREARM/patient09285/study1_positive,1,abnormal,/content/MURA_abnormal_train/XR_FOREARM/patient09285/study1_positive/image2.png,True,13338,13338,0,29.870409,0.7747747747747747,intermediate,intermediate,MURA_TT_0033
MURA-v1.1/train/XR_HAND/patient09844/study1_positive/image1.png,XR_HAND,patient09844,study1_positive,1,image1.png,train,/content/drive/MyDrive/MURA-v1.1/train/XR_HAND/patient09844/study1_positive/image1.png,train/XR_HAND/patient09844/study1_positive,1,abnormal,/content/MURA_abnormal_train/XR_HAND/patient09844/study1_positive/image1.png,True,13807,13807,4,22.421509,0.111864406779661,central,central,MURA_TT_0034
MURA-v1.1/train/XR_HUMERUS/patient02764/study1_positive/image2.png,XR_HUMERUS,patient02764,study1_positive,1,image2.png,train,/content/drive/MyDrive/MURA-v1.1/train/XR_HUMERUS/patient02764/study1_positive/image2.png,train/XR_HUMERUS/patient02764/study1_positive,1,abnormal,/content/MURA_abnormal_train/XR_HUMERUS/patient02764/study1_positive/image2.png,True,4339,4339,2,25.021439,0.5352112676056338,intermediate,intermediate,MURA_TT_0035
MURA-v1.1/train/XR_FINGER/patient00440/study1_positive/image1.png,XR_FINGER,patient00440,study1_positive,1,image1.png,train,/content/drive/MyDrive/MURA-v1.1/train/XR_FINGER/patient00440/study1_positive/image1.png,train/XR_FINGER/patient00440/study1_positive,1,abnormal,/content/MURA_abnormal_train/XR_FINGER/patient00440/study1_positive/image1.png,True,5861,5861,3,37.811325,0.9434628975265018,peripheral,peripheral,MURA_TT_0036
MURA-v1.1/train/XR_WRIST/patient02538/study1_positive/image4.png,XR_WRIST,patient02538,study1_positive,1,image4.png,train,/content/drive/MyDrive/MURA-v1.1/train/XR_WRIST/patient02538/study1_positive/image4.png,train/XR_WRIST/patient02538/study1_positive,1,abnormal,/content/MURA_abnormal_train/XR_WRIST/patient02538/study1_positive/image4.png,True,8848,8848,1,24.154022,0.413662239089184,central,central,MURA_TT_0037
MURA-v1.1/train/XR_SHOULDER/patient00527/study1_positive/image1.png,XR_SHOULDER,patient00527,study1_positive,1,image1.png,train,/content/drive/MyDrive/MURA-v1.1/train/XR_SHOULDER/patient00527/study1_positive/image1.png,train/XR_SHOULDER/patient00527/study1_positive,1,abnormal,/content/MURA_abnormal_train/XR_SHOULDER/patient00527/study1_positive/image1.png,True,1598,1598,2,21.818775,0.0435835351089588,central,central,MURA_TT_0038
MURA-v1.1/train/XR_HUMERUS/patient02706/study1_positive/image1.png,XR_HUMERUS,patient02706,study1_positive,1,image1.png,train,/content/drive/MyDrive/MURA-v1.1/train/XR_HUMERUS/patient02706/study1_positive/image1.png,train/XR_HUMERUS/patient02706/study1_positive,1,abnormal,/content/MURA_abnormal_train/XR_HUMERUS/patient02706/study1_positive/image1.png,True,4192,4192,2,24.953608,0.5117370892018779,intermediate,intermediate,MURA_TT_0039
MURA-v1.1/train/XR_ELBOW/patient03844/study1_positive/image4.png,XR_ELBOW,patient03844,study1_positive,1,image4.png,train,/content/drive/MyDrive/MURA-v1.1/train/XR_ELBOW/patient03844/study1_positive/image4.png,train/XR_ELBOW/patient03844/study1_positive,1,abnormal,/content/MURA_abnormal_train/XR_ELBOW/patient03844/study1_positive/image4.png,True,7676,7676,5,27.70405,0.4897360703812317,central,central,MURA_TT_0040
MURA-v1.1/train/XR_ELBOW/patient05016/study1_positive/image2.png,XR_ELBOW,patient05016,study1_positive,1,image2.png,train,/content/drive/MyDrive/MURA-v1.1/train/XR_ELBOW/patient05016/study1_positive/image2.png,train/XR_ELBOW/patient05016/study1_positive,1,abnormal,/content/MURA_abnormal_train/XR_ELBOW/patient05016/study1_positive/image2.png,True,7153,7153,1,25.82853,0.8151750972762646,peripheral,peripheral,MURA_TT_0041
MURA-v1.1/train/XR_WRIST/patient06531/study1_positive/image4.png,XR_WRIST,patient06531,study1_positive,1,image4.png,train,/content/drive/MyDrive/MURA-v1.1/train/XR_WRIST/patient06531/study1_positive/image4.png,train/XR_WRIST/patient06531/study1_positive,1,abnormal,/content/MURA_abnormal_train/XR_WRIST/patient06531/study1_positive/image4.png,True,9351,9351,8,19.28806,0.0378323108384458,central,central,MURA_TT_0042
MURA-v1.1/train/XR_ELBOW/patient04972/study1_positive/image1.png,XR_ELBOW,patient04972,study1_positive,1,image1.png,train,/content/drive/MyDrive/MURA-v1.1/train/XR_ELBOW/patient04972/study1_positive/image1.png,train/XR_ELBOW/patient04972/study1_positive,1,abnormal,/content/MURA_abnormal_train/XR_ELBOW/patient04972/study1_positive/image1.png,True,6985,6985,5,27.597586,0.4838709677419355,central,central,MURA_TT_0043
MURA-v1.1/train/XR_FOREARM/patient09149/study1_positive/image2.png,XR_FOREARM,patient09149,study1_positive,1,image2.png,train,/content/drive/MyDrive/MURA-v1.1/train/XR_FOREARM/patient09149/study1_positive/image2.png,train/XR_FOREARM/patient09149/study1_positive,1,abnormal,/content/MURA_abnormal_train/XR_FOREARM/patient09149/study1_positive/image2.png,True,12911,12911,1,28.106226,0.4756097560975609,central,central,MURA_TT_0044
MURA-v1.1/train/XR_SHOULDER/patient00470/study1_positive/image3.png,XR_SHOULDER,patient00470,study1_positive,1,image3.png,train,/content/drive/MyDrive/MURA-v1.1/train/XR_SHOULDER/patient00470/study1_positive/image3.png,train/XR_SHOULDER/patient00470/study1_positive,1,abnormal,/content/MURA_abnormal_train/XR_SHOULDER/patient00470/study1_positive/image3.png,True,1421,1421,5,24.842934,0.5876777251184834,intermediate,intermediate,MURA_TT_0045
MURA-v1.1/train/XR_HAND/patient09835/study1_positive/image3.png,XR_HAND,patient09835,study1_positive,1,image3.png,train,/content/drive/MyDrive/MURA-v1.1/train/XR_HAND/patient09835/study1_positive/image3.png,train/XR_HAND/patient09835/study1_positive,1,abnormal,/content/MURA_abnormal_train/XR_HAND/patient09835/study1_positive/image3.png,True,13784,13784,2,24.805752,0.3627760252365931,central,central,MURA_TT_0046
MURA-v1.1/train/XR_FINGER/patient03696/study1_positive/image3.png,XR_FINGER,patient03696,study1_positive,1,image3.png,train,/content/drive/MyDrive/MURA-v1.1/train/XR_FINGER/patient03696/study1_positive/image3.png,train/XR_FINGER/patient03696/study1_positive,1,abnormal,/content/MURA_abnormal_train/XR_FINGER/patient03696/study1_positive/image3.png,True,6359,6359,5,21.938066,0.2244897959183673,central,central,MURA_TT_0047
MURA-v1.1/train/XR_HAND/patient10014/study1_positive/image3.png,XR_HAND,patient10014,study1_positive,1,image3.png,train,/content/drive/MyDrive/MURA-v1.1/train/XR_HAND/patient10014/study1_positive/image3.png,train/XR_HAND/patient10014/study1_positive,1,abnormal,/content/MURA_abnormal_train/XR_HAND/patient10014/study1_positive/image3.png,True,14452,14452,3,37.397,0.8901098901098901,peripheral,peripheral,MURA_TT_0048
MURA-v1.1/train/XR_ELBOW/patient04984/study1_positive/image4.png,XR_ELBOW,patient04984,study1_positive,1,image4.png,train,/content/drive/MyDrive/MURA-v1.1/train/XR_ELBOW/patient04984/study1_positive/image4.png,train/XR_ELBOW/patient04984/study1_positive,1,abnormal,/content/MURA_abnormal_train/XR_ELBOW/patient04984/study1_positive/image4.png,True,7034,7034,1,16.892092,0.0350194552529182,central,central,MURA_TT_0049
MURA-v1.1/train/XR_WRIST/patient03129/study1_positive/image3.png,XR_WRIST,patient03129,study1_positive,1,image3.png,train,/content/drive/MyDrive/MURA-v1.1/train/XR_WRIST/patient03129/study1_positive/image3.png,train/XR_WRIST/patient03129/study1_positive,1,abnormal,/content/MURA_abnormal_train/XR_WRIST/patient03129/study1_positive/image3.png,True,11990,11990,1,22.168045,0.1897533206831119,central,central,MURA_TT_0050
MURA-v1.1/train/XR_SHOULDER/patient01405/study1_positive/image2.png,XR_SHOULDER,patient01405,study1_positive,1,image2.png,train,/content/drive/MyDrive/MURA-v1.1/train/XR_SHOULDER/patient01405/study1_positive/image2.png,train/XR_SHOULDER/patient01405/study1_positive,1,abnormal,/content/MURA_abnormal_train/XR_SHOULDER/patient01405/study1_positive/image2.png,True,4131,4131,5,21.886126,0.2559241706161137,central,central,MURA_TT_0051
MURA-v1.1/train/XR_ELBOW/patient05260/study1_positive/image2.png,XR_ELBOW,patient05260,study1_positive,1,image2.png,train,/content/drive/MyDrive/MURA-v1.1/train/XR_ELBOW/patient05260/study1_positive/image2.png,train/XR_ELBOW/patient05260/study1_positive,1,abnormal,/content/MURA_abnormal_train/XR_ELBOW/patient05260/study1_positive/image2.png,True,8047,8047,5,22.753641,0.0586510263929618,central,central,MURA_TT_0052
MURA-v1.1/train/XR_SHOULDER/patient01033/study1_positive/image2.png,XR_SHOULDER,patient01033,study1_positive,1,image2.png,train,/content/drive/MyDrive/MURA-v1.1/train/XR_SHOULDER/patient01033/study1_positive/image2.png,train/XR_SHOULDER/patient01033/study1_positive,1,abnormal,/content/MURA_abnormal_train/XR_SHOULDER/patient01033/study1_positive/image2.png,True,3087,3087,4,28.08064,0.2815734989648033,central,central,MURA_TT_0053
MURA-v1.1/train/XR_ELBOW/patient05227/study1_positive/image1.png,XR_ELBOW,patient05227,study1_positive,1,image1.png,train,/content/drive/MyDrive/MURA-v1.1/train/XR_ELBOW/patient05227/study1_positive/image1.png,train/XR_ELBOW/patient05227/study1_positive,1,abnormal,/content/MURA_abnormal_train/XR_ELBOW/patient05227/study1_positive/image1.png,True,7926,7926,4,30.747461,0.5159574468085106,intermediate,intermediate,MURA_TT_0054
MURA-v1.1/train/XR_HAND/patient09882/study1_positive/image2.png,XR_HAND,patient09882,study1_positive,1,image2.png,train,/content/drive/MyDrive/MURA-v1.1/train/XR_HAND/patient09882/study1_positive/image2.png,train/XR_HAND/patient09882/study1_positive,1,abnormal,/content/MURA_abnormal_train/XR_HAND/patient09882/study1_positive/image2.png,True,13968,13968,4,24.91795,0.4067796610169492,central,central,MURA_TT_0055
MURA-v1.1/train/XR_WRIST/patient06480/study1_positive/image3.png,XR_WRIST,patient06480,study1_positive,1,image3.png,train,/content/drive/MyDrive/MURA-v1.1/train/XR_WRIST/patient06480/study1_positive/image3.png,train/XR_WRIST/patient06480/study1_positive,1,abnormal,/content/MURA_abnormal_train/XR_WRIST/patient06480/study1_positive/image3.png,True,9179,9179,3,27.182858,0.5114942528735632,intermediate,intermediate,MURA_TT_0056
MURA-v1.1/train/XR_SHOULDER/patient00671/study1_positive/image1.png,XR_SHOULDER,patient00671,study1_positive,1,image1.png,train,/content/drive/MyDrive/MURA-v1.1/train/XR_SHOULDER/patient00671/study1_positive/image1.png,train/XR_SHOULDER/patient00671/study1_positive,1,abnormal,/content/MURA_abnormal_train/XR_SHOULDER/patient00671/study1_positive/image1.png,True,2030,2030,1,27.552805,0.1522388059701492,central,central,MURA_TT_0057
MURA-v1.1/train/XR_WRIST/patient00189/study1_positive/image1.png,XR_WRIST,patient00189,study1_positive,1,image1.png,train,/content/drive/MyDrive/MURA-v1.1/train/XR_WRIST/patient00189/study1_positive/image1.png,train/XR_WRIST/patient00189/study1_positive,1,abnormal,/content/MURA_abnormal_train/XR_WRIST/patient00189/study1_positive/image1.png,True,10026,10026,2,32.975067,0.9302832244008714,peripheral,peripheral,MURA_TT_0058
MURA-v1.1/train/XR_SHOULDER/patient01228/study1_positive/image3.png,XR_SHOULDER,patient01228,study1_positive,1,image3.png,train,/content/drive/MyDrive/MURA-v1.1/train/XR_SHOULDER/patient01228/study1_positive/image3.png,train/XR_SHOULDER/patient01228/study1_positive,1,abnormal,/content/MURA_abnormal_train/XR_SHOULDER/patient01228/study1_positive/image3.png,True,3639,3639,0,20.14346,0.16189111747851,central,central,MURA_TT_0059
MURA-v1.1/train/XR_FINGER/patient03634/study1_positive/image1.png,XR_FINGER,patient03634,study1_positive,1,image1.png,train,/content/drive/MyDrive/MURA-v1.1/train/XR_FINGER/patient03634/study1_positive/image1.png,train/XR_FINGER/patient03634/study1_positive,1,abnormal,/content/MURA_abnormal_train/XR_FINGER/patient03634/study1_positive/image1.png,True,6144,6144,1,32.566883,0.9163636363636364,peripheral,peripheral,MURA_TT_0060
MURA-v1.1/train/XR_SHOULDER/patient00074/study1_positive/image1.png,XR_SHOULDER,patient00074,study1_positive,1,image1.png,train,/content/drive/MyDrive/MURA-v1.1/train/XR_SHOULDER/patient00074/study1_positive/image1.png,train/XR_SHOULDER/patient00074/study1_positive,1,abnormal,/content/MURA_abnormal_train/XR_SHOULDER/patient00074/study1_positive/image1.png,True,214,214,4,31.366825,0.650103519668737,intermediate,intermediate,MURA_TT_0061
MURA-v1.1/train/XR_FOREARM/patient09221/study1_positive/image2.png,XR_FOREARM,patient09221,study1_positive,1,image2.png,train,/content/drive/MyDrive/MURA-v1.1/train/XR_FOREARM/patient09221/study1_positive/image2.png,train/XR_FOREARM/patient09221/study1_positive,1,abnormal,/content/MURA_abnormal_train/XR_FOREARM/patient09221/study1_positive/image2.png,True,13159,13159,3,27.863297,0.6814159292035398,intermediate,intermediate,MURA_TT_0062
MURA-v1.1/train/XR_WRIST/patient06908/study1_positive/image1.png,XR_WRIST,patient06908,study1_positive,1,image1.png,train,/content/drive/MyDrive/MURA-v1.1/train/XR_WRIST/patient06908/study1_positive/image1.png,train/XR_WRIST/patient06908/study1_positive,1,abnormal,/content/MURA_abnormal_train/XR_WRIST/patient06908/study1_positive/image1.png,True,10743,10743,1,24.618587,0.4819734345351044,central,central,MURA_TT_0063
MURA-v1.1/train/XR_HUMERUS/patient02849/study1_positive/image3.png,XR_HUMERUS,patient02849,study1_positive,1,image3.png,train,/content/drive/MyDrive/MURA-v1.1/train/XR_HUMERUS/patient02849/study1_positive/image3.png,train/XR_HUMERUS/patient02849/study1_positive,1,abnormal,/content/MURA_abnormal_train/XR_HUMERUS/patient02849/study1_positive/image3.png,True,4547,4547,2,32.77057,0.92018779342723,peripheral,peripheral,MURA_TT_0064
MURA-v1.1/train/XR_WRIST/patient05551/study1_positive/image1.png,XR_WRIST,patient05551,study1_positive,1,image1.png,train,/content/drive/MyDrive/MURA-v1.1/train/XR_WRIST/patient05551/study1_positive/image1.png,train/XR_WRIST/patient05551/study1_positive,1,abnormal,/content/MURA_abnormal_train/XR_WRIST/patient05551/study1_positive/image1.png,True,9000,9000,8,28.47717,0.8578732106339468,peripheral,peripheral,MURA_TT_0065
MURA-v1.1/train/XR_WRIST/patient07310/study1_positive/image2.png,XR_WRIST,patient07310,study1_positive,1,image2.png,train,/content/drive/MyDrive/MURA-v1.1/train/XR_WRIST/patient07310/study1_positive/image2.png,train/XR_WRIST/patient07310/study1_positive,1,abnormal,/content/MURA_abnormal_train/XR_WRIST/patient07310/study1_positive/image2.png,True,12300,12300,5,27.599041,0.8198347107438017,peripheral,peripheral,MURA_TT_0066
MURA-v1.1/train/XR_HUMERUS/patient02797/study1_positive/image2.png,XR_HUMERUS,patient02797,study1_positive,1,image2.png,train,/content/drive/MyDrive/MURA-v1.1/train/XR_HUMERUS/patient02797/study1_positive/image2.png,train/XR_HUMERUS/patient02797/study1_positive,1,abnormal,/content/MURA_abnormal_train/XR_HUMERUS/patient02797/study1_positive/image2.png,True,4419,4419,0,26.046621,0.072992700729927,central,central,MURA_TT_0067
MURA-v1.1/train/XR_SHOULDER/patient01243/study1_positive/image4.png,XR_SHOULDER,patient01243,study1_positive,1,image4.png,train,/content/drive/MyDrive/MURA-v1.1/train/XR_SHOULDER/patient01243/study1_positive/image4.png,train/XR_SHOULDER/patient01243/study1_positive,1,abnormal,/content/MURA_abnormal_train/XR_SHOULDER/patient01243/study1_positive/image4.png,True,3681,3681,5,22.77404,0.3412322274881517,central,central,MURA_TT_0068
MURA-v1.1/train/XR_ELBOW/patient05240/study1_positive/image3.png,XR_ELBOW,patient05240,study1_positive,1,image3.png,train,/content/drive/MyDrive/MURA-v1.1/train/XR_ELBOW/patient05240/study1_positive/image3.png,train/XR_ELBOW/patient05240/study1_positive,1,abnormal,/content/MURA_abnormal_train/XR_ELBOW/patient05240/study1_positive/image3.png,True,7970,7970,1,23.976183,0.6614785992217899,intermediate,intermediate,MURA_TT_0069
MURA-v1.1/train/XR_SHOULDER/patient00828/study1_positive/image2.png,XR_SHOULDER,patient00828,study1_positive,1,image2.png,train,/content/drive/MyDrive/MURA-v1.1/train/XR_SHOULDER/patient00828/study1_positive/image2.png,train/XR_SHOULDER/patient00828/study1_positive,1,abnormal,/content/MURA_abnormal_train/XR_SHOULDER/patient00828/study1_positive/image2.png,True,2493,2493,5,21.753807,0.2417061611374407,central,central,MURA_TT_0070
MURA-v1.1/train/XR_SHOULDER/patient00719/study1_positive/image3.png,XR_SHOULDER,patient00719,study1_positive,1,image3.png,train,/content/drive/MyDrive/MURA-v1.1/train/XR_SHOULDER/patient00719/study1_positive/image3.png,train/XR_SHOULDER/patient00719/study1_positive,1,abnormal,/content/MURA_abnormal_train/XR_SHOULDER/patient00719/study1_positive/image3.png,True,2177,2177,4,26.134077,0.0973084886128364,central,central,MURA_TT_0071
MURA-v1.1/train/XR_FINGER/patient03767/study1_positive/image1.png,XR_FINGER,patient03767,study1_positive,1,image1.png,train,/content/drive/MyDrive/MURA-v1.1/train/XR_FINGER/patient03767/study1_positive/image1.png,train/XR_FINGER/patient03767/study1_positive,1,abnormal,/content/MURA_abnormal_train/XR_FINGER/patient03767/study1_positive/image1.png,True,6602,6602,2,24.728397,0.467966573816156,central,central,MURA_TT_0072
MURA-v1.1/train/XR_SHOULDER/patient00504/study1_positive/image1.png,XR_SHOULDER,patient00504,study1_positive,1,image1.png,train,/content/drive/MyDrive/MURA-v1.1/train/XR_SHOULDER/patient00504/study1_positive/image1.png,train/XR_SHOULDER/patient00504/study1_positive,1,abnormal,/content/MURA_abnormal_train/XR_SHOULDER/patient00504/study1_positive/image1.png,True,1526,1526,3,23.802046,0.1245136186770428,central,central,MURA_TT_0073
MURA-v1.1/train/XR_HUMERUS/patient02829/study1_positive/image1.png,XR_HUMERUS,patient02829,study1_positive,1,image1.png,train,/content/drive/MyDrive/MURA-v1.1/train/XR_HUMERUS/patient02829/study1_positive/image1.png,train/XR_HUMERUS/patient02829/study1_positive,1,abnormal,/content/MURA_abnormal_train/XR_HUMERUS/patient02829/study1_positive/image1.png,True,4495,4495,2,24.782393,0.488262910798122,central,central,MURA_TT_0074
MURA-v1.1/train/XR_HAND/patient08710/study1_positive/image1.png,XR_HAND,patient08710,study1_positive,1,image1.png,train,/content/drive/MyDrive/MURA-v1.1/train/XR_HAND/patient08710/study1_positive/image1.png,train/XR_HAND/patient08710/study1_positive,1,abnormal,/content/MURA_abnormal_train/XR_HAND/patient08710/study1_positive/image1.png,True,13404,13404,0,20.322819,0.1578947368421052,central,central,MURA_TT_0075
MURA-v1.1/train/XR_FINGER/patient03685/study1_positive/image3.png,XR_FINGER,patient03685,study1_positive,1,image3.png,train,/content/drive/MyDrive/MURA-v1.1/train/XR_FINGER/patient03685/study1_positive/image3.png,train/XR_FINGER/patient03685/study1_positive,1,abnormal,/content/MURA_abnormal_train/XR_FINGER/patient03685/study1_positive/image3.png,True,6326,6326,1,23.204298,0.1890909090909091,central,central,MURA_TT_0076
MURA-v1.1/train/XR_WRIST/patient05677/study1_positive/image4.png,XR_WRIST,patient05677,study1_positive,1,image4.png,train,/content/drive/MyDrive/MURA-v1.1/train/XR_WRIST/patient05677/study1_positive/image4.png,train/XR_WRIST/patient05677/study1_positive,1,abnormal,/content/MURA_abnormal_train/XR_WRIST/patient05677/study1_positive/image4.png,True,12671,12671,1,21.296022,0.1138519924098671,central,central,MURA_TT_0077
MURA-v1.1/train/XR_HAND/patient05141/study1_positive/image2.png,XR_HAND,patient05141,study1_positive,1,image2.png,train,/content/drive/MyDrive/MURA-v1.1/train/XR_HAND/patient05141/study1_positive/image2.png,train/XR_HAND/patient05141/study1_positive,1,abnormal,/content/MURA_abnormal_train/XR_HAND/patient05141/study1_positive/image2.png,True,13532,13532,1,24.251917,0.1166077738515901,central,central,MURA_TT_0078
MURA-v1.1/train/XR_FINGER/patient01529/study2_positive/image2.png,XR_FINGER,patient01529,study2_positive,1,image2.png,train,/content/drive/MyDrive/MURA-v1.1/train/XR_FINGER/patient01529/study2_positive/image2.png,train/XR_FINGER/patient01529/study2_positive,1,abnormal,/content/MURA_abnormal_train/XR_FINGER/patient01529/study2_positive/image2.png,True,5008,5008,2,24.167877,0.3871866295264624,central,central,MURA_TT_0079
MURA-v1.1/train/XR_WRIST/patient06857/study1_positive/image3.png,XR_WRIST,patient06857,study1_positive,1,image3.png,train,/content/drive/MyDrive/MURA-v1.1/train/XR_WRIST/patient06857/study1_positive/image3.png,train/XR_WRIST/patient06857/study1_positive,1,abnormal,/content/MURA_abnormal_train/XR_WRIST/patient06857/study1_positive/image3.png,True,10560,10560,5,20.247145,0.1140495867768595,central,central,MURA_TT_0080
MURA-v1.1/train/XR_ELBOW/patient05009/study1_positive/image3.png,XR_ELBOW,patient05009,study1_positive,1,image3.png,train,/content/drive/MyDrive/MURA-v1.1/train/XR_ELBOW/patient05009/study1_positive/image3.png,train/XR_ELBOW/patient05009/study1_positive,1,abnormal,/content/MURA_abnormal_train/XR_ELBOW/patient05009/study1_positive/image3.png,True,7136,7136,1,18.961092,0.1945525291828793,central,central,MURA_TT_0081
MURA-v1.1/train/XR_HAND/patient09850/study1_positive/image1.png,XR_HAND,patient09850,study1_positive,1,image1.png,train,/content/drive/MyDrive/MURA-v1.1/train/XR_HAND/patient09850/study1_positive/image1.png,train/XR_HAND/patient09850/study1_positive,1,abnormal,/content/MURA_abnormal_train/XR_HAND/patient09850/study1_positive/image1.png,True,13828,13828,2,26.655766,0.5205047318611987,intermediate,intermediate,MURA_TT_0082
MURA-v1.1/train/XR_SHOULDER/patient00113/study1_positive/image1.png,XR_SHOULDER,patient00113,study1_positive,1,image1.png,train,/content/drive/MyDrive/MURA-v1.1/train/XR_SHOULDER/patient00113/study1_positive/image1.png,train/XR_SHOULDER/patient00113/study1_positive,1,abnormal,/content/MURA_abnormal_train/XR_SHOULDER/patient00113/study1_positive/image1.png,True,334,334,4,33.232494,0.8157349896480331,peripheral,peripheral,MURA_TT_0083
MURA-v1.1/train/XR_SHOULDER/patient00282/study1_positive/image2.png,XR_SHOULDER,patient00282,study1_positive,1,image2.png,train,/content/drive/MyDrive/MURA-v1.1/train/XR_SHOULDER/patient00282/study1_positive/image2.png,train/XR_SHOULDER/patient00282/study1_positive,1,abnormal,/content/MURA_abnormal_train/XR_SHOULDER/patient00282/study1_positive/image2.png,True,845,845,5,24.199646,0.5090047393364929,intermediate,intermediate,MURA_TT_0084
MURA-v1.1/train/XR_WRIST/patient06774/study1_positive/image2.png,XR_WRIST,patient06774,study1_positive,1,image2.png,train,/content/drive/MyDrive/MURA-v1.1/train/XR_WRIST/patient06774/study1_positive/image2.png,train/XR_WRIST/patient06774/study1_positive,1,abnormal,/content/MURA_abnormal_train/XR_WRIST/patient06774/study1_positive/image2.png,True,10249,10249,2,30.277569,0.8496732026143791,peripheral,peripheral,MURA_TT_0085
MURA-v1.1/train/XR_SHOULDER/patient00439/study1_positive/image1.png,XR_SHOULDER,patient00439,study1_positive,1,image1.png,train,/content/drive/MyDrive/MURA-v1.1/train/XR_SHOULDER/patient00439/study1_positive/image1.png,train/XR_SHOULDER/patient00439/study1_positive,1,abnormal,/content/MURA_abnormal_train/XR_SHOULDER/patient00439/study1_positive/image1.png,True,1333,1333,4,31.481682,0.6666666666666666,intermediate,intermediate,MURA_TT_0086
MURA-v1.1/train/XR_WRIST/patient01761/study1_positive/image1.png,XR_WRIST,patient01761,study1_positive,1,image1.png,train,/content/drive/MyDrive/MURA-v1.1/train/XR_WRIST/patient01761/study1_positive/image1.png,train/XR_WRIST/patient01761/study1_positive,1,abnormal,/content/MURA_abnormal_train/XR_WRIST/patient01761/study1_positive/image1.png,True,12179,12179,5,19.705917,0.0760330578512396,central,central,MURA_TT_0087
MURA-v1.1/train/XR_FINGER/patient03742/study1_positive/image2.png,XR_FINGER,patient03742,study1_positive,1,image2.png,train,/content/drive/MyDrive/MURA-v1.1/train/XR_FINGER/patient03742/study1_positive/image2.png,train/XR_FINGER/patient03742/study1_positive,1,abnormal,/content/MURA_abnormal_train/XR_FINGER/patient03742/study1_positive/image2.png,True,6515,6515,4,18.812777,0.0443864229765013,central,central,MURA_TT_0088
MURA-v1.1/train/XR_FINGER/patient03398/study1_positive/image1.png,XR_FINGER,patient03398,study1_positive,1,image1.png,train,/content/drive/MyDrive/MURA-v1.1/train/XR_FINGER/patient03398/study1_positive/image1.png,train/XR_FINGER/patient03398/study1_positive,1,abnormal,/content/MURA_abnormal_train/XR_FINGER/patient03398/study1_positive/image1.png,True,5362,5362,0,27.625683,0.36,central,central,MURA_TT_0089
MURA-v1.1/train/XR_WRIST/patient06476/study1_positive/image1.png,XR_WRIST,patient06476,study1_positive,1,image1.png,train,/content/drive/MyDrive/MURA-v1.1/train/XR_WRIST/patient06476/study1_positive/image1.png,train/XR_WRIST/patient06476/study1_positive,1,abnormal,/content/MURA_abnormal_train/XR_WRIST/patient06476/study1_positive/image1.png,True,9162,9162,1,31.974775,0.8956356736242884,peripheral,peripheral,MURA_TT_0090
MURA-v1.1/train/XR_SHOULDER/patient00498/study1_positive/image1.png,XR_SHOULDER,patient00498,study1_positive,1,image1.png,train,/content/drive/MyDrive/MURA-v1.1/train/XR_SHOULDER/patient00498/study1_positive/image1.png,train/XR_SHOULDER/patient00498/study1_positive,1,abnormal,/content/MURA_abnormal_train/XR_SHOULDER/patient00498/study1_positive/image1.png,True,1507,1507,5,26.008772,0.7014218009478673,intermediate,intermediate,MURA_TT_0091
MURA-v1.1/train/XR_WRIST/patient06451/study1_positive/image1.png,XR_WRIST,patient06451,study1_positive,1,image1.png,train,/content/drive/MyDrive/MURA-v1.1/train/XR_WRIST/patient06451/study1_positive/image1.png,train/XR_WRIST/patient06451/study1_positive,1,abnormal,/content/MURA_abnormal_train/XR_WRIST/patient06451/study1_positive/image1.png,True,9082,9082,3,25.166162,0.2777777777777778,central,central,MURA_TT_0092
MURA-v1.1/train/XR_ELBOW/patient05109/study1_positive/image2.png,XR_ELBOW,patient05109,study1_positive,1,image2.png,train,/content/drive/MyDrive/MURA-v1.1/train/XR_ELBOW/patient05109/study1_positive/image2.png,train/XR_ELBOW/patient05109/study1_positive,1,abnormal,/content/MURA_abnormal_train/XR_ELBOW/patient05109/study1_positive/image2.png,True,7482,7482,4,25.312029,0.0345744680851063,central,central,MURA_TT_0093
MURA-v1.1/train/XR_FINGER/patient03277/study1_positive/image3.png,XR_FINGER,patient03277,study1_positive,1,image3.png,train,/content/drive/MyDrive/MURA-v1.1/train/XR_FINGER/patient03277/study1_positive/image3.png,train/XR_FINGER/patient03277/study1_positive,1,abnormal,/content/MURA_abnormal_train/XR_FINGER/patient03277/study1_positive/image3.png,True,4951,4951,0,28.63762,0.4707692307692308,central,central,MURA_TT_0094
MURA-v1.1/train/XR_WRIST/patient06666/study1_positive/image2.png,XR_WRIST,patient06666,study1_positive,1,image2.png,train,/content/drive/MyDrive/MURA-v1.1/train/XR_WRIST/patient06666/study1_positive/image2.png,train/XR_WRIST/patient06666/study1_positive,1,abnormal,/content/MURA_abnormal_train/XR_WRIST/patient06666/study1_positive/image2.png,True,9818,9818,6,39.37489,0.9297297297297298,peripheral,peripheral,MURA_TT_0095
MURA-v1.1/train/XR_WRIST/patient07043/study1_positive/image2.png,XR_WRIST,patient07043,study1_positive,1,image2.png,train,/content/drive/MyDrive/MURA-v1.1/train/XR_WRIST/patient07043/study1_positive/image2.png,train/XR_WRIST/patient07043/study1_positive,1,abnormal,/content/MURA_abnormal_train/XR_WRIST/patient07043/study1_positive/image2.png,True,11245,11245,5,24.113043,0.5107438016528926,intermediate,intermediate,MURA_TT_0096
MURA-v1.1/train/XR_FOREARM/patient09168/study1_positive/image1.png,XR_FOREARM,patient09168,study1_positive,1,image1.png,train,/content/drive/MyDrive/MURA-v1.1/train/XR_FOREARM/patient09168/study1_positive/image1.png,train/XR_FOREARM/patient09168/study1_positive,1,abnormal,/content/MURA_abnormal_train/XR_FOREARM/patient09168/study1_positive/image1.png,True,12992,12992,3,22.582851,0.1991150442477876,central,central,MURA_TT_0097
MURA-v1.1/train/XR_SHOULDER/patient00398/study1_positive/image1.png,XR_SHOULDER,patient00398,study1_positive,1,image1.png,train,/content/drive/MyDrive/MURA-v1.1/train/XR_SHOULDER/patient00398/study1_positive/image1.png,train/XR_SHOULDER/patient00398/study1_positive,1,abnormal,/content/MURA_abnormal_train/XR_SHOULDER/patient00398/study1_positive/image1.png,True,1219,1219,0,29.411366,0.8982808022922636,peripheral,peripheral,MURA_TT_0098
MURA-v1.1/train/XR_SHOULDER/patient00003/study1_positive/image3.png,XR_SHOULDER,patient00003,study1_positive,1,image3.png,train,/content/drive/MyDrive/MURA-v1.1/train/XR_SHOULDER/patient00003/study1_positive/image3.png,train/XR_SHOULDER/patient00003/study1_positive,1,abnormal,/content/MURA_abnormal_train/XR_SHOULDER/patient00003/study1_positive/image3.png,True,8,8,5,20.267456,0.1165876777251184,central,central,MURA_TT_0099
MURA-v1.1/train/XR_WRIST/patient06529/study1_positive/image3.png,XR_WRIST,patient06529,study1_positive,1,image3.png,train,/content/drive/MyDrive/MURA-v1.1/train/XR_WRIST/patient06529/study1_positive/image3.png,train/XR_WRIST/patient06529/study1_positive,1,abnormal,/content/MURA_abnormal_train/XR_WRIST/patient06529/study1_positive/image3.png,True,9344,9344,8,22.30691,0.2607361963190184,central,central,MURA_TT_0100
MURA-v1.1/train/XR_HAND/patient07048/study1_positive/image3.png,XR_HAND,patient07048,study1_positive,1,image3.png,train,/content/drive/MyDrive/MURA-v1.1/train/XR_HAND/patient07048/study1_positive/image3.png,train/XR_HAND/patient07048/study1_positive,1,abnormal,/content/MURA_abnormal_train/XR_HAND/patient07048/study1_positive/image3.png,True,13417,13417,4,24.317923,0.3254237288135593,central,central,MURA_TT_0101
MURA-v1.1/train/XR_HUMERUS/patient02792/study1_positive/image2.png,XR_HUMERUS,patient02792,study1_positive,1,image2.png,train,/content/drive/MyDrive/MURA-v1.1/train/XR_HUMERUS/patient02792/study1_positive/image2.png,train/XR_HUMERUS/patient02792/study1_positive,1,abnormal,/content/MURA_abnormal_train/XR_HUMERUS/patient02792/study1_positive/image2.png,True,4406,4406,0,28.908604,0.2846715328467153,central,central,MURA_TT_0102
MURA-v1.1/train/XR_FINGER/patient03722/study1_positive/image1.png,XR_FINGER,patient03722,study1_positive,1,image1.png,train,/content/drive/MyDrive/MURA-v1.1/train/XR_FINGER/patient03722/study1_positive/image1.png,train/XR_FINGER/patient03722/study1_positive,1,abnormal,/content/MURA_abnormal_train/XR_FINGER/patient03722/study1_positive/image1.png,True,6443,6443,3,24.159735,0.4204946996466431,central,central,MURA_TT_0103
MURA-v1.1/train/XR_SHOULDER/patient00928/study1_positive/image1.png,XR_SHOULDER,patient00928,study1_positive,1,image1.png,train,/content/drive/MyDrive/MURA-v1.1/train/XR_SHOULDER/patient00928/study1_positive/image1.png,train/XR_SHOULDER/patient00928/study1_positive,1,abnormal,/content/MURA_abnormal_train/XR_SHOULDER/patient00928/study1_positive/image1.png,True,2786,2786,3,23.889378,0.1309987029831388,central,central,MURA_TT_0104
MURA-v1.1/train/XR_ELBOW/patient01921/study1_positive/image3.png,XR_ELBOW,patient01921,study1_positive,1,image3.png,train,/content/drive/MyDrive/MURA-v1.1/train/XR_ELBOW/patient01921/study1_positive/image3.png,train/XR_ELBOW/patient01921/study1_positive,1,abnormal,/content/MURA_abnormal_train/XR_ELBOW/patient01921/study1_positive/image3.png,True,8035,8035,5,24.856258,0.2111436950146627,central,central,MURA_TT_0105
MURA-v1.1/train/XR_HAND/patient09847/study1_positive/image2.png,XR_HAND,patient09847,study1_positive,1,image2.png,train,/content/drive/MyDrive/MURA-v1.1/train/XR_HAND/patient09847/study1_positive/image2.png,train/XR_HAND/patient09847/study1_positive,1,abnormal,/content/MURA_abnormal_train/XR_HAND/patient09847/study1_positive/image2.png,True,13820,13820,3,22.872171,0.0219780219780219,central,central,MURA_TT_0106
MURA-v1.1/train/XR_FOREARM/patient01419/study1_positive/image1.png,XR_FOREARM,patient01419,study1_positive,1,image1.png,train,/content/drive/MyDrive/MURA-v1.1/train/XR_FOREARM/patient01419/study1_positive/image1.png,train/XR_FOREARM/patient01419/study1_positive,1,abnormal,/content/MURA_abnormal_train/XR_FOREARM/patient01419/study1_positive/image1.png,True,12874,12874,2,23.970709,0.4444444444444444,central,central,MURA_TT_0107
MURA-v1.1/train/XR_ELBOW/patient05039/study1_positive/image1.png,XR_ELBOW,patient05039,study1_positive,1,image1.png,train,/content/drive/MyDrive/MURA-v1.1/train/XR_ELBOW/patient05039/study1_positive/image1.png,train/XR_ELBOW/patient05039/study1_positive,1,abnormal,/content/MURA_abnormal_train/XR_ELBOW/patient05039/study1_positive/image1.png,True,7239,7239,5,24.524183,0.1759530791788856,central,central,MURA_TT_0108
MURA-v1.1/train/XR_FOREARM/patient09087/study1_positive/image2.png,XR_FOREARM,patient09087,study1_positive,1,image2.png,train,/content/drive/MyDrive/MURA-v1.1/train/XR_FOREARM/patient09087/study1_positive/image2.png,train/XR_FOREARM/patient09087/study1_positive,1,abnormal,/content/MURA_abnormal_train/XR_FOREARM/patient09087/study1_positive/image2.png,True,12742,12742,2,17.216303,0.0396825396825396,central,central,MURA_TT_0109
MURA-v1.1/train/XR_FINGER/patient03671/study1_positive/image1.png,XR_FINGER,patient03671,study1_positive,1,image1.png,train,/content/drive/MyDrive/MURA-v1.1/train/XR_FINGER/patient03671/study1_positive/image1.png,train/XR_FINGER/patient03671/study1_positive,1,abnormal,/content/MURA_abnormal_train/XR_FINGER/patient03671/study1_positive/image1.png,True,6281,6281,5,27.982208,0.8309037900874635,peripheral,peripheral,MURA_TT_0110
MURA-v1.1/train/XR_HAND/patient04923/study1_positive/image2.png,XR_HAND,patient04923,study1_positive,1,image2.png,train,/content/drive/MyDrive/MURA-v1.1/train/XR_HAND/patient04923/study1_positive/image2.png,train/XR_HAND/patient04923/study1_positive,1,abnormal,/content/MURA_abnormal_train/XR_HAND/patient04923/study1_positive/image2.png,True,14248,14248,0,27.775406,0.8026315789473685,peripheral,peripheral,MURA_TT_0111
MURA-v1.1/train/XR_SHOULDER/patient01125/study1_positive/image1.png,XR_SHOULDER,patient01125,study1_positive,1,image1.png,train,/content/drive/MyDrive/MURA-v1.1/train/XR_SHOULDER/patient01125/study1_positive/image1.png,train/XR_SHOULDER/patient01125/study1_positive,1,abnormal,/content/MURA_abnormal_train/XR_SHOULDER/patient01125/study1_positive/image1.png,True,3338,3338,3,27.905313,0.522697795071336,intermediate,intermediate,MURA_TT_0112
MURA-v1.1/train/XR_HUMERUS/patient02895/study1_positive/image3.png,XR_HUMERUS,patient02895,study1_positive,1,image3.png,train,/content/drive/MyDrive/MURA-v1.1/train/XR_HUMERUS/patient02895/study1_positive/image3.png,train/XR_HUMERUS/patient02895/study1_positive,1,abnormal,/content/MURA_abnormal_train/XR_HUMERUS/patient02895/study1_positive/image3.png,True,4663,4663,2,21.245913,0.1408450704225352,central,central,MURA_TT_0113
MURA-v1.1/train/XR_WRIST/patient07368/study1_positive/image2.png,XR_WRIST,patient07368,study1_positive,1,image2.png,train,/content/drive/MyDrive/MURA-v1.1/train/XR_WRIST/patient07368/study1_positive/image2.png,train/XR_WRIST/patient07368/study1_positive,1,abnormal,/content/MURA_abnormal_train/XR_WRIST/patient07368/study1_positive/image2.png,True,12486,12486,4,36.58667,0.9106628242074928,peripheral,peripheral,MURA_TT_0114
MURA-v1.1/train/XR_HAND/patient09909/study1_positive/image3.png,XR_HAND,patient09909,study1_positive,1,image3.png,train,/content/drive/MyDrive/MURA-v1.1/train/XR_HAND/patient09909/study1_positive/image3.png,train/XR_HAND/patient09909/study1_positive,1,abnormal,/content/MURA_abnormal_train/XR_HAND/patient09909/study1_positive/image3.png,True,14077,14077,0,20.766024,0.1929824561403508,central,central,MURA_TT_0115
MURA-v1.1/train/XR_FINGER/patient03655/study1_positive/image1.png,XR_FINGER,patient03655,study1_positive,1,image1.png,train,/content/drive/MyDrive/MURA-v1.1/train/XR_FINGER/patient03655/study1_positive/image1.png,train/XR_FINGER/patient03655/study1_positive,1,abnormal,/content/MURA_abnormal_train/XR_FINGER/patient03655/study1_positive/image1.png,True,6217,6217,2,24.09395,0.3816155988857939,central,central,MURA_TT_0116
MURA-v1.1/train/XR_HUMERUS/patient02846/study1_positive/image1.png,XR_HUMERUS,patient02846,study1_positive,1,image1.png,train,/content/drive/MyDrive/MURA-v1.1/train/XR_HUMERUS/patient02846/study1_positive/image1.png,train/XR_HUMERUS/patient02846/study1_positive,1,abnormal,/content/MURA_abnormal_train/XR_HUMERUS/patient02846/study1_positive/image1.png,True,4536,4536,3,22.845785,0.1222707423580786,central,central,MURA_TT_0117
MURA-v1.1/train/XR_HAND/patient09963/study1_positive/image3.png,XR_HAND,patient09963,study1_positive,1,image3.png,train,/content/drive/MyDrive/MURA-v1.1/train/XR_HAND/patient09963/study1_positive/image3.png,train/XR_HAND/patient09963/study1_positive,1,abnormal,/content/MURA_abnormal_train/XR_HAND/patient09963/study1_positive/image3.png,True,14269,14269,5,24.233154,0.7074074074074074,intermediate,intermediate,MURA_TT_0118
MURA-v1.1/train/XR_FINGER/patient03326/study1_positive/image1.png,XR_FINGER,patient03326,study1_positive,1,image1.png,train,/content/drive/MyDrive/MURA-v1.1/train/XR_FINGER/patient03326/study1_positive/image1.png,train/XR_FINGER/patient03326/study1_positive,1,abnormal,/content/MURA_abnormal_train/XR_FINGER/patient03326/study1_positive/image1.png,True,5125,5125,1,28.363102,0.7163636363636363,intermediate,intermediate,MURA_TT_0119
MURA-v1.1/train/XR_WRIST/patient06603/study1_positive/image3.png,XR_WRIST,patient06603,study1_positive,1,image3.png,train,/content/drive/MyDrive/MURA-v1.1/train/XR_WRIST/patient06603/study1_positive/image3.png,train/XR_WRIST/patient06603/study1_positive,1,abnormal,/content/MURA_abnormal_train/XR_WRIST/patient06603/study1_positive/image3.png,True,9600,9600,1,20.384602,0.0607210626185958,central,central,MURA_TT_0120
MURA-v1.1/train/XR_WRIST/patient00214/study1_positive/image2.png,XR_WRIST,patient00214,study1_positive,1,image2.png,train,/content/drive/MyDrive/MURA-v1.1/train/XR_WRIST/patient00214/study1_positive/image2.png,train/XR_WRIST/patient00214/study1_positive,1,abnormal,/content/MURA_abnormal_train/XR_WRIST/patient00214/study1_positive/image2.png,True,9074,9074,5,25.44216,0.656198347107438,intermediate,intermediate,MURA_TT_0121
MURA-v1.1/train/XR_HUMERUS/patient02704/study1_positive/image1.png,XR_HUMERUS,patient02704,study1_positive,1,image1.png,train,/content/drive/MyDrive/MURA-v1.1/train/XR_HUMERUS/patient02704/study1_positive/image1.png,train/XR_HUMERUS/patient02704/study1_positive,1,abnormal,/content/MURA_abnormal_train/XR_HUMERUS/patient02704/study1_positive/image1.png,True,4186,4186,1,40.573666,0.95,peripheral,peripheral,MURA_TT_0122
MURA-v1.1/train/XR_HUMERUS/patient02876/study1_positive/image2.png,XR_HUMERUS,patient02876,study1_positive,1,image2.png,train,/content/drive/MyDrive/MURA-v1.1/train/XR_HUMERUS/patient02876/study1_positive/image2.png,train/XR_HUMERUS/patient02876/study1_positive,1,abnormal,/content/MURA_abnormal_train/XR_HUMERUS/patient02876/study1_positive/image2.png,True,4616,4616,3,25.332346,0.3493449781659388,central,central,MURA_TT_0123
MURA-v1.1/train/XR_FINGER/patient01138/study1_positive/image2.png,XR_FINGER,patient01138,study1_positive,1,image2.png,train,/content/drive/MyDrive/MURA-v1.1/train/XR_FINGER/patient01138/study1_positive/image2.png,train/XR_FINGER/patient01138/study1_positive,1,abnormal,/content/MURA_abnormal_train/XR_FINGER/patient01138/study1_positive/image2.png,True,4822,4822,4,24.693594,0.5822454308093995,intermediate,intermediate,MURA_TT_0124
MURA-v1.1/train/XR_FINGER/patient03272/study1_positive/image3.png,XR_FINGER,patient03272,study1_positive,1,image3.png,train,/content/drive/MyDrive/MURA-v1.1/train/XR_FINGER/patient03272/study1_positive/image3.png,train/XR_FINGER/patient03272/study1_positive,1,abnormal,/content/MURA_abnormal_train/XR_FINGER/patient03272/study1_positive/image3.png,True,4935,4935,2,25.06649,0.5041782729805014,intermediate,intermediate,MURA_TT_0125
MURA-v1.1/train/XR_SHOULDER/patient00643/study1_positive/image1.png,XR_SHOULDER,patient00643,study1_positive,1,image1.png,train,/content/drive/MyDrive/MURA-v1.1/train/XR_SHOULDER/patient00643/study1_positive/image1.png,train/XR_SHOULDER/patient00643/study1_positive,1,abnormal,/content/MURA_abnormal_train/XR_SHOULDER/patient00643/study1_positive/image1.png,True,1942,1942,5,22.899202,0.3535545023696682,central,central,MURA_TT_0126
MURA-v1.1/train/XR_FINGER/patient02723/study1_positive/image2.png,XR_FINGER,patient02723,study1_positive,1,image2.png,train,/content/drive/MyDrive/MURA-v1.1/train/XR_FINGER/patient02723/study1_positive/image2.png,train/XR_FINGER/patient02723/study1_positive,1,abnormal,/content/MURA_abnormal_train/XR_FINGER/patient02723/study1_positive/image2.png,True,6409,6409,4,17.02519,0.0156657963446475,central,central,MURA_TT_0127
MURA-v1.1/train/XR_HAND/patient03501/study2_positive/image2.png,XR_HAND,patient03501,study2_positive,1,image2.png,train,/content/drive/MyDrive/MURA-v1.1/train/XR_HAND/patient03501/study2_positive/image2.png,train/XR_HAND/patient03501/study2_positive,1,abnormal,/content/MURA_abnormal_train/XR_HAND/patient03501/study2_positive/image2.png,True,14230,14230,3,33.816086,0.7142857142857143,intermediate,intermediate,MURA_TT_0128
MURA-v1.1/train/XR_SHOULDER/patient00038/study2_positive/image2.png,XR_SHOULDER,patient00038,study2_positive,1,image2.png,train,/content/drive/MyDrive/MURA-v1.1/train/XR_SHOULDER/patient00038/study2_positive/image2.png,train/XR_SHOULDER/patient00038/study2_positive,1,abnormal,/content/MURA_abnormal_train/XR_SHOULDER/patient00038/study2_positive/image2.png,True,108,108,0,19.972702,0.1461318051575931,central,central,MURA_TT_0129
MURA-v1.1/train/XR_FINGER/patient03611/study1_positive/image2.png,XR_FINGER,patient03611,study1_positive,1,image2.png,train,/content/drive/MyDrive/MURA-v1.1/train/XR_FINGER/patient03611/study1_positive/image2.png,train/XR_FINGER/patient03611/study1_positive,1,abnormal,/content/MURA_abnormal_train/XR_FINGER/patient03611/study1_positive/image2.png,True,6074,6074,2,18.33932,0.0083565459610027,central,central,MURA_TT_0130
MURA-v1.1/train/XR_WRIST/patient07046/study1_positive/image2.png,XR_WRIST,patient07046,study1_positive,1,image2.png,train,/content/drive/MyDrive/MURA-v1.1/train/XR_WRIST/patient07046/study1_positive/image2.png,train/XR_WRIST/patient07046/study1_positive,1,abnormal,/content/MURA_abnormal_train/XR_WRIST/patient07046/study1_positive/image2.png,True,11261,11261,7,27.762522,0.2137931034482758,central,central,MURA_TT_0131
MURA-v1.1/train/XR_WRIST/patient07091/study1_positive/image2.png,XR_WRIST,patient07091,study1_positive,1,image2.png,train,/content/drive/MyDrive/MURA-v1.1/train/XR_WRIST/patient07091/study1_positive/image2.png,train/XR_WRIST/patient07091/study1_positive,1,abnormal,/content/MURA_abnormal_train/XR_WRIST/patient07091/study1_positive/image2.png,True,11444,11444,6,29.738764,0.5594594594594594,intermediate,intermediate,MURA_TT_0132
MURA-v1.1/train/XR_HAND/patient09764/study1_positive/image2.png,XR_HAND,patient09764,study1_positive,1,image2.png,train,/content/drive/MyDrive/MURA-v1.1/train/XR_HAND/patient09764/study1_positive/image2.png,train/XR_HAND/patient09764/study1_positive,1,abnormal,/content/MURA_abnormal_train/XR_HAND/patient09764/study1_positive/image2.png,True,13501,13501,0,23.267939,0.4429824561403508,central,central,MURA_TT_0133
MURA-v1.1/train/XR_FINGER/patient03681/study1_positive/image1.png,XR_FINGER,patient03681,study1_positive,1,image1.png,train,/content/drive/MyDrive/MURA-v1.1/train/XR_FINGER/patient03681/study1_positive/image1.png,train/XR_FINGER/patient03681/study1_positive,1,abnormal,/content/MURA_abnormal_train/XR_FINGER/patient03681/study1_positive/image1.png,True,6313,6313,5,21.923212,0.2215743440233236,central,central,MURA_TT_0134
MURA-v1.1/train/XR_HAND/patient09901/study1_positive/image2.png,XR_HAND,patient09901,study1_positive,1,image2.png,train,/content/drive/MyDrive/MURA-v1.1/train/XR_HAND/patient09901/study1_positive/image2.png,train/XR_HAND/patient09901/study1_positive,1,abnormal,/content/MURA_abnormal_train/XR_HAND/patient09901/study1_positive/image2.png,True,14047,14047,1,27.951077,0.4487632508833922,central,central,MURA_TT_0135
MURA-v1.1/train/XR_SHOULDER/patient00553/study1_positive/image4.png,XR_SHOULDER,patient00553,study1_positive,1,image4.png,train,/content/drive/MyDrive/MURA-v1.1/train/XR_SHOULDER/patient00553/study1_positive/image4.png,train/XR_SHOULDER/patient00553/study1_positive,1,abnormal,/content/MURA_abnormal_train/XR_SHOULDER/patient00553/study1_positive/image4.png,True,1684,1684,0,29.04522,0.8796561604584527,peripheral,peripheral,MURA_TT_0136
MURA-v1.1/train/XR_WRIST/patient06702/study1_positive/image3.png,XR_WRIST,patient06702,study1_positive,1,image3.png,train,/content/drive/MyDrive/MURA-v1.1/train/XR_WRIST/patient06702/study1_positive/image3.png,train/XR_WRIST/patient06702/study1_positive,1,abnormal,/content/MURA_abnormal_train/XR_WRIST/patient06702/study1_positive/image3.png,True,9969,9969,8,26.027994,0.66359918200409,intermediate,intermediate,MURA_TT_0137
MURA-v1.1/train/XR_WRIST/patient07188/study1_positive/image2.png,XR_WRIST,patient07188,study1_positive,1,image2.png,train,/content/drive/MyDrive/MURA-v1.1/train/XR_WRIST/patient07188/study1_positive/image2.png,train/XR_WRIST/patient07188/study1_positive,1,abnormal,/content/MURA_abnormal_train/XR_WRIST/patient07188/study1_positive/image2.png,True,11832,11832,7,31.55688,0.5103448275862069,intermediate,intermediate,MURA_TT_0138
MURA-v1.1/train/XR_WRIST/patient07080/study1_positive/image3.png,XR_WRIST,patient07080,study1_positive,1,image3.png,train,/content/drive/MyDrive/MURA-v1.1/train/XR_WRIST/patient07080/study1_positive/image3.png,train/XR_WRIST/patient07080/study1_positive,1,abnormal,/content/MURA_abnormal_train/XR_WRIST/patient07080/study1_positive/image3.png,True,11408,11408,2,30.400888,0.8627450980392157,peripheral,peripheral,MURA_TT_0139
MURA-v1.1/train/XR_SHOULDER/patient01248/study1_positive/image4.png,XR_SHOULDER,patient01248,study1_positive,1,image4.png,train,/content/drive/MyDrive/MURA-v1.1/train/XR_SHOULDER/patient01248/study1_positive/image4.png,train/XR_SHOULDER/patient01248/study1_positive,1,abnormal,/content/MURA_abnormal_train/XR_SHOULDER/patient01248/study1_positive/image4.png,True,3693,3693,5,21.223255,0.1981042654028436,central,central,MURA_TT_0140
MURA-v1.1/train/XR_SHOULDER/patient00010/study1_positive/image2.png,XR_SHOULDER,patient00010,study1_positive,1,image2.png,train,/content/drive/MyDrive/MURA-v1.1/train/XR_SHOULDER/patient00010/study1_positive/image2.png,train/XR_SHOULDER/patient00010/study1_positive,1,abnormal,/content/MURA_abnormal_train/XR_SHOULDER/patient00010/study1_positive/image2.png,True,24,24,2,22.27745,0.0690072639225181,central,central,MURA_TT_0141
MURA-v1.1/train/XR_FINGER/patient03409/study1_positive/image1.png,XR_FINGER,patient03409,study1_positive,1,image1.png,train,/content/drive/MyDrive/MURA-v1.1/train/XR_FINGER/patient03409/study1_positive/image1.png,train/XR_FINGER/patient03409/study1_positive,1,abnormal,/content/MURA_abnormal_train/XR_FINGER/patient03409/study1_positive/image1.png,True,5394,5394,0,30.715242,0.6523076923076923,intermediate,intermediate,MURA_TT_0142
MURA-v1.1/train/XR_WRIST/patient07191/study1_positive/image2.png,XR_WRIST,patient07191,study1_positive,1,image2.png,train,/content/drive/MyDrive/MURA-v1.1/train/XR_WRIST/patient07191/study1_positive/image2.png,train/XR_WRIST/patient07191/study1_positive,1,abnormal,/content/MURA_abnormal_train/XR_WRIST/patient07191/study1_positive/image2.png,True,11845,11845,2,21.85421,0.1612200435729847,central,central,MURA_TT_0143
MURA-v1.1/train/XR_HAND/patient09920/study1_positive/image2.png,XR_HAND,patient09920,study1_positive,1,image2.png,train,/content/drive/MyDrive/MURA-v1.1/train/XR_HAND/patient09920/study1_positive/image2.png,train/XR_HAND/patient09920/study1_positive,1,abnormal,/content/MURA_abnormal_train/XR_HAND/patient09920/study1_positive/image2.png,True,14110,14110,2,28.504358,0.6719242902208202,intermediate,intermediate,MURA_TT_0144
MURA-v1.1/train/XR_SHOULDER/patient00783/study1_positive/image2.png,XR_SHOULDER,patient00783,study1_positive,1,image2.png,train,/content/drive/MyDrive/MURA-v1.1/train/XR_SHOULDER/patient00783/study1_positive/image2.png,train/XR_SHOULDER/patient00783/study1_positive,1,abnormal,/content/MURA_abnormal_train/XR_SHOULDER/patient00783/study1_positive/image2.png,True,2382,2382,5,24.428392,0.5393364928909953,intermediate,intermediate,MURA_TT_0145
MURA-v1.1/train/XR_FINGER/patient03474/study1_positive/image1.png,XR_FINGER,patient03474,study1_positive,1,image1.png,train,/content/drive/MyDrive/MURA-v1.1/train/XR_FINGER/patient03474/study1_positive/image1.png,train/XR_FINGER/patient03474/study1_positive,1,abnormal,/content/MURA_abnormal_train/XR_FINGER/patient03474/study1_positive/image1.png,True,5611,5611,5,21.397005,0.1632653061224489,central,central,MURA_TT_0146
MURA-v1.1/train/XR_FOREARM/patient09251/study1_positive/image1.png,XR_FOREARM,patient09251,study1_positive,1,image1.png,train,/content/drive/MyDrive/MURA-v1.1/train/XR_FOREARM/patient09251/study1_positive/image1.png,train/XR_FOREARM/patient09251/study1_positive,1,abnormal,/content/MURA_abnormal_train/XR_FOREARM/patient09251/study1_positive/image1.png,True,13238,13238,3,22.727798,0.2079646017699115,central,central,MURA_TT_0147
MURA-v1.1/train/XR_SHOULDER/patient01094/study1_positive/image1.png,XR_SHOULDER,patient01094,study1_positive,1,image1.png,train,/content/drive/MyDrive/MURA-v1.1/train/XR_SHOULDER/patient01094/study1_positive/image1.png,train/XR_SHOULDER/patient01094/study1_positive,1,abnormal,/content/MURA_abnormal_train/XR_SHOULDER/patient01094/study1_positive/image1.png,True,3256,3256,1,31.62856,0.4985074626865671,central,central,MURA_TT_0148
MURA-v1.1/train/XR_ELBOW/patient05305/study1_positive/image5.png,XR_ELBOW,patient05305,study1_positive,1,image5.png,train,/content/drive/MyDrive/MURA-v1.1/train/XR_ELBOW/patient05305/study1_positive/image5.png,train/XR_ELBOW/patient05305/study1_positive,1,abnormal,/content/MURA_abnormal_train/XR_ELBOW/patient05305/study1_positive/image5.png,True,8222,8222,5,27.091022,0.4281524926686217,central,central,MURA_TT_0149
MURA-v1.1/train/XR_ELBOW/patient05035/study1_positive/image1.png,XR_ELBOW,patient05035,study1_positive,1,image1.png,train,/content/drive/MyDrive/MURA-v1.1/train/XR_ELBOW/patient05035/study1_positive/image1.png,train/XR_ELBOW/patient05035/study1_positive,1,abnormal,/content/MURA_abnormal_train/XR_ELBOW/patient05035/study1_positive/image1.png,True,7222,7222,1,26.474771,0.8540856031128404,peripheral,peripheral,MURA_TT_0150
MURA-v1.1/train/XR_WRIST/patient06573/study1_positive/image1.png,XR_WRIST,patient06573,study1_positive,1,image1.png,train,/content/drive/MyDrive/MURA-v1.1/train/XR_WRIST/patient06573/study1_positive/image1.png,train/XR_WRIST/patient06573/study1_positive,1,abnormal,/content/MURA_abnormal_train/XR_WRIST/patient06573/study1_positive/image1.png,True,9492,9492,2,30.508837,0.8671023965141612,peripheral,peripheral,MURA_TT_0151
MURA-v1.1/train/XR_HAND/patient09829/study1_positive/image1.png,XR_HAND,patient09829,study1_positive,1,image1.png,train,/content/drive/MyDrive/MURA-v1.1/train/XR_HAND/patient09829/study1_positive/image1.png,train/XR_HAND/patient09829/study1_positive,1,abnormal,/content/MURA_abnormal_train/XR_HAND/patient09829/study1_positive/image1.png,True,13761,13761,5,21.375763,0.3666666666666666,central,central,MURA_TT_0152
MURA-v1.1/train/XR_FOREARM/patient09176/study1_positive/image1.png,XR_FOREARM,patient09176,study1_positive,1,image1.png,train,/content/drive/MyDrive/MURA-v1.1/train/XR_FOREARM/patient09176/study1_positive/image1.png,train/XR_FOREARM/patient09176/study1_positive,1,abnormal,/content/MURA_abnormal_train/XR_FOREARM/patient09176/study1_positive/image1.png,True,13010,13010,2,23.37484,0.3888888888888889,central,central,MURA_TT_0153
MURA-v1.1/train/XR_SHOULDER/patient00658/study1_positive/image1.png,XR_SHOULDER,patient00658,study1_positive,1,image1.png,train,/content/drive/MyDrive/MURA-v1.1/train/XR_SHOULDER/patient00658/study1_positive/image1.png,train/XR_SHOULDER/patient00658/study1_positive,1,abnormal,/content/MURA_abnormal_train/XR_SHOULDER/patient00658/study1_positive/image1.png,True,1983,1983,0,21.630867,0.3108882521489971,central,central,MURA_TT_0154
MURA-v1.1/train/XR_FINGER/patient03775/study1_positive/image3.png,XR_FINGER,patient03775,study1_positive,1,image3.png,train,/content/drive/MyDrive/MURA-v1.1/train/XR_FINGER/patient03775/study1_positive/image3.png,train/XR_FINGER/patient03775/study1_positive,1,abnormal,/content/MURA_abnormal_train/XR_FINGER/patient03775/study1_positive/image3.png,True,6627,6627,0,32.66167,0.76,intermediate,intermediate,MURA_TT_0155
MURA-v1.1/train/XR_ELBOW/patient05178/study1_positive/image4.png,XR_ELBOW,patient05178,study1_positive,1,image4.png,train,/content/drive/MyDrive/MURA-v1.1/train/XR_ELBOW/patient05178/study1_positive/image4.png,train/XR_ELBOW/patient05178/study1_positive,1,abnormal,/content/MURA_abnormal_train/XR_ELBOW/patient05178/study1_positive/image4.png,True,7751,7751,2,19.300224,0.0346020761245674,central,central,MURA_TT_0156
MURA-v1.1/train/XR_FOREARM/patient04693/study1_positive/image2.png,XR_FOREARM,patient04693,study1_positive,1,image2.png,train,/content/drive/MyDrive/MURA-v1.1/train/XR_FOREARM/patient04693/study1_positive/image2.png,train/XR_FOREARM/patient04693/study1_positive,1,abnormal,/content/MURA_abnormal_train/XR_FOREARM/patient04693/study1_positive/image2.png,True,12817,12817,0,23.669538,0.3243243243243243,central,central,MURA_TT_0157
MURA-v1.1/train/XR_WRIST/patient07061/study1_positive/image3.png,XR_WRIST,patient07061,study1_positive,1,image3.png,train,/content/drive/MyDrive/MURA-v1.1/train/XR_WRIST/patient07061/study1_positive/image3.png,train/XR_WRIST/patient07061/study1_positive,1,abnormal,/content/MURA_abnormal_train/XR_WRIST/patient07061/study1_positive/image3.png,True,11320,11320,2,20.154957,0.0610021786492374,central,central,MURA_TT_0158
MURA-v1.1/train/XR_FOREARM/patient09244/study1_positive/image1.png,XR_FOREARM,patient09244,study1_positive,1,image1.png,train,/content/drive/MyDrive/MURA-v1.1/train/XR_FOREARM/patient09244/study1_positive/image1.png,train/XR_FOREARM/patient09244/study1_positive,1,abnormal,/content/MURA_abnormal_train/XR_FOREARM/patient09244/study1_positive/image1.png,True,13217,13217,0,32.158493,0.8918918918918919,peripheral,peripheral,MURA_TT_0159
MURA-v1.1/train/XR_WRIST/patient07015/study1_positive/image1.png,XR_WRIST,patient07015,study1_positive,1,image1.png,train,/content/drive/MyDrive/MURA-v1.1/train/XR_WRIST/patient07015/study1_positive/image1.png,train/XR_WRIST/patient07015/study1_positive,1,abnormal,/content/MURA_abnormal_train/XR_WRIST/patient07015/study1_positive/image1.png,True,11136,11136,1,27.478065,0.7172675521821632,intermediate,intermediate,MURA_TT_0160
MURA-v1.1/train/XR_FOREARM/patient09109/study1_positive/image2.png,XR_FOREARM,patient09109,study1_positive,1,image2.png,train,/content/drive/MyDrive/MURA-v1.1/train/XR_FOREARM/patient09109/study1_positive/image2.png,train/XR_FOREARM/patient09109/study1_positive,1,abnormal,/content/MURA_abnormal_train/XR_FOREARM/patient09109/study1_positive/image2.png,True,12809,12809,3,21.997936,0.1592920353982301,central,central,MURA_TT_0161
MURA-v1.1/train/XR_HAND/patient09904/study1_positive/image3.png,XR_HAND,patient09904,study1_positive,1,image3.png,train,/content/drive/MyDrive/MURA-v1.1/train/XR_HAND/patient09904/study1_positive/image3.png,train/XR_HAND/patient09904/study1_positive,1,abnormal,/content/MURA_abnormal_train/XR_HAND/patient09904/study1_positive/image3.png,True,14060,14060,2,24.266537,0.3249211356466877,central,central,MURA_TT_0162
MURA-v1.1/train/XR_ELBOW/patient01321/study1_positive/image1.png,XR_ELBOW,patient01321,study1_positive,1,image1.png,train,/content/drive/MyDrive/MURA-v1.1/train/XR_ELBOW/patient01321/study1_positive/image1.png,train/XR_ELBOW/patient01321/study1_positive,1,abnormal,/content/MURA_abnormal_train/XR_ELBOW/patient01321/study1_positive/image1.png,True,6925,6925,1,24.038517,0.6770428015564203,intermediate,intermediate,MURA_TT_0163
MURA-v1.1/train/XR_HUMERUS/patient01754/study1_positive/image1.png,XR_HUMERUS,patient01754,study1_positive,1,image1.png,train,/content/drive/MyDrive/MURA-v1.1/train/XR_HUMERUS/patient01754/study1_positive/image1.png,train/XR_HUMERUS/patient01754/study1_positive,1,abnormal,/content/MURA_abnormal_train/XR_HUMERUS/patient01754/study1_positive/image1.png,True,4497,4497,3,33.739197,0.8995633187772926,peripheral,peripheral,MURA_TT_0164
MURA-v1.1/train/XR_WRIST/patient07086/study1_positive/image2.png,XR_WRIST,patient07086,study1_positive,1,image2.png,train,/content/drive/MyDrive/MURA-v1.1/train/XR_WRIST/patient07086/study1_positive/image2.png,train/XR_WRIST/patient07086/study1_positive,1,abnormal,/content/MURA_abnormal_train/XR_WRIST/patient07086/study1_positive/image2.png,True,11429,11429,8,20.90165,0.147239263803681,central,central,MURA_TT_0165
MURA-v1.1/train/XR_SHOULDER/patient01196/study1_positive/image1.png,XR_SHOULDER,patient01196,study1_positive,1,image1.png,train,/content/drive/MyDrive/MURA-v1.1/train/XR_SHOULDER/patient01196/study1_positive/image1.png,train/XR_SHOULDER/patient01196/study1_positive,1,abnormal,/content/MURA_abnormal_train/XR_SHOULDER/patient01196/study1_positive/image1.png,True,3553,3553,4,27.05811,0.175983436853002,central,central,MURA_TT_0166
MURA-v1.1/train/XR_WRIST/patient07105/study1_positive/image2.png,XR_WRIST,patient07105,study1_positive,1,image2.png,train,/content/drive/MyDrive/MURA-v1.1/train/XR_WRIST/patient07105/study1_positive/image2.png,train/XR_WRIST/patient07105/study1_positive,1,abnormal,/content/MURA_abnormal_train/XR_WRIST/patient07105/study1_positive/image2.png,True,11489,11489,3,25.849567,0.3620689655172414,central,central,MURA_TT_0167
MURA-v1.1/train/XR_SHOULDER/patient00181/study1_positive/image2.png,XR_SHOULDER,patient00181,study1_positive,1,image2.png,train,/content/drive/MyDrive/MURA-v1.1/train/XR_SHOULDER/patient00181/study1_positive/image2.png,train/XR_SHOULDER/patient00181/study1_positive,1,abnormal,/content/MURA_abnormal_train/XR_SHOULDER/patient00181/study1_positive/image2.png,True,545,545,1,29.714645,0.3522388059701492,central,central,MURA_TT_0168
MURA-v1.1/train/XR_ELBOW/patient05097/study1_positive/image2.png,XR_ELBOW,patient05097,study1_positive,1,image2.png,train,/content/drive/MyDrive/MURA-v1.1/train/XR_ELBOW/patient05097/study1_positive/image2.png,train/XR_ELBOW/patient05097/study1_positive,1,abnormal,/content/MURA_abnormal_train/XR_ELBOW/patient05097/study1_positive/image2.png,True,7431,7431,4,33.53397,0.7526595744680851,intermediate,intermediate,MURA_TT_0169
MURA-v1.1/train/XR_WRIST/patient06563/study1_positive/image1.png,XR_WRIST,patient06563,study1_positive,1,image1.png,train,/content/drive/MyDrive/MURA-v1.1/train/XR_WRIST/patient06563/study1_positive/image1.png,train/XR_WRIST/patient06563/study1_positive,1,abnormal,/content/MURA_abnormal_train/XR_WRIST/patient06563/study1_positive/image1.png,True,9459,9459,4,21.882126,0.0605187319884726,central,central,MURA_TT_0170
MURA-v1.1/train/XR_HUMERUS/patient02745/study1_positive/image1.png,XR_HUMERUS,patient02745,study1_positive,1,image1.png,train,/content/drive/MyDrive/MURA-v1.1/train/XR_HUMERUS/patient02745/study1_positive/image1.png,train/XR_HUMERUS/patient02745/study1_positive,1,abnormal,/content/MURA_abnormal_train/XR_HUMERUS/patient02745/study1_positive/image1.png,True,4293,4293,3,26.674221,0.4978165938864629,central,central,MURA_TT_0171
MURA-v1.1/train/XR_FOREARM/patient09134/study1_positive/image2.png,XR_FOREARM,patient09134,study1_positive,1,image2.png,train,/content/drive/MyDrive/MURA-v1.1/train/XR_FOREARM/patient09134/study1_positive/image2.png,train/XR_FOREARM/patient09134/study1_positive,1,abnormal,/content/MURA_abnormal_train/XR_FOREARM/patient09134/study1_positive/image2.png,True,12879,12879,3,25.84121,0.5221238938053098,intermediate,intermediate,MURA_TT_0172
MURA-v1.1/train/XR_WRIST/patient02766/study1_positive/image2.png,XR_WRIST,patient02766,study1_positive,1,image2.png,train,/content/drive/MyDrive/MURA-v1.1/train/XR_WRIST/patient02766/study1_positive/image2.png,train/XR_WRIST/patient02766/study1_positive,1,abnormal,/content/MURA_abnormal_train/XR_WRIST/patient02766/study1_positive/image2.png,True,12654,12654,8,21.02453,0.1554192229038855,central,central,MURA_TT_0173
MURA-v1.1/train/XR_WRIST/patient05095/study1_positive/image2.png,XR_WRIST,patient05095,study1_positive,1,image2.png,train,/content/drive/MyDrive/MURA-v1.1/train/XR_WRIST/patient05095/study1_positive/image2.png,train/XR_WRIST/patient05095/study1_positive,1,abnormal,/content/MURA_abnormal_train/XR_WRIST/patient05095/study1_positive/image2.png,True,9519,9519,5,28.474157,0.8710743801652893,peripheral,peripheral,MURA_TT_0174
MURA-v1.1/train/XR_FINGER/patient03342/study1_positive/image3.png,XR_FINGER,patient03342,study1_positive,1,image3.png,train,/content/drive/MyDrive/MURA-v1.1/train/XR_FINGER/patient03342/study1_positive/image3.png,train/XR_FINGER/patient03342/study1_positive,1,abnormal,/content/MURA_abnormal_train/XR_FINGER/patient03342/study1_positive/image3.png,True,5178,5178,2,32.233223,0.871866295264624,peripheral,peripheral,MURA_TT_0175
MURA-v1.1/train/XR_SHOULDER/patient01203/study1_positive/image2.png,XR_SHOULDER,patient01203,study1_positive,1,image2.png,train,/content/drive/MyDrive/MURA-v1.1/train/XR_SHOULDER/patient01203/study1_positive/image2.png,train/XR_SHOULDER/patient01203/study1_positive,1,abnormal,/content/MURA_abnormal_train/XR_SHOULDER/patient01203/study1_positive/image2.png,True,3571,3571,2,20.533802,0.0060532687651331,central,central,MURA_TT_0176
MURA-v1.1/train/XR_HAND/patient02112/study1_positive/image2.png,XR_HAND,patient02112,study1_positive,1,image2.png,train,/content/drive/MyDrive/MURA-v1.1/train/XR_HAND/patient02112/study1_positive/image2.png,train/XR_HAND/patient02112/study1_positive,1,abnormal,/content/MURA_abnormal_train/XR_HAND/patient02112/study1_positive/image2.png,True,14368,14368,1,27.016203,0.3639575971731448,central,central,MURA_TT_0177
MURA-v1.1/train/XR_SHOULDER/patient00988/study1_positive/image2.png,XR_SHOULDER,patient00988,study1_positive,1,image2.png,train,/content/drive/MyDrive/MURA-v1.1/train/XR_SHOULDER/patient00988/study1_positive/image2.png,train/XR_SHOULDER/patient00988/study1_positive,1,abnormal,/content/MURA_abnormal_train/XR_SHOULDER/patient00988/study1_positive/image2.png,True,2963,2963,2,31.944826,0.887409200968523,peripheral,peripheral,MURA_TT_0178
MURA-v1.1/train/XR_HAND/patient09952/study1_positive/image1.png,XR_HAND,patient09952,study1_positive,1,image1.png,train,/content/drive/MyDrive/MURA-v1.1/train/XR_HAND/patient09952/study1_positive/image1.png,train/XR_HAND/patient09952/study1_positive,1,abnormal,/content/MURA_abnormal_train/XR_HAND/patient09952/study1_positive/image1.png,True,14225,14225,3,30.77116,0.4725274725274725,central,central,MURA_TT_0179
MURA-v1.1/train/XR_WRIST/patient03226/study1_positive/image2.png,XR_WRIST,patient03226,study1_positive,1,image2.png,train,/content/drive/MyDrive/MURA-v1.1/train/XR_WRIST/patient03226/study1_positive/image2.png,train/XR_WRIST/patient03226/study1_positive,1,abnormal,/content/MURA_abnormal_train/XR_WRIST/patient03226/study1_positive/image2.png,True,12114,12114,1,31.529886,0.8842504743833017,peripheral,peripheral,MURA_TT_0180
MURA-v1.1/train/XR_SHOULDER/patient01369/study1_positive/image1.png,XR_SHOULDER,patient01369,study1_positive,1,image1.png,train,/content/drive/MyDrive/MURA-v1.1/train/XR_SHOULDER/patient01369/study1_positive/image1.png,train/XR_SHOULDER/patient01369/study1_positive,1,abnormal,/content/MURA_abnormal_train/XR_SHOULDER/patient01369/study1_positive/image1.png,True,4040,4040,2,23.327662,0.1440677966101695,central,central,MURA_TT_0181
MURA-v1.1/train/XR_HAND/patient10043/study1_positive/image2.png,XR_HAND,patient10043,study1_positive,1,image2.png,train,/content/drive/MyDrive/MURA-v1.1/train/XR_HAND/patient10043/study1_positive/image2.png,train/XR_HAND/patient10043/study1_positive,1,abnormal,/content/MURA_abnormal_train/XR_HAND/patient10043/study1_positive/image2.png,True,14544,14544,1,28.306076,0.4911660777385159,central,central,MURA_TT_0182
MURA-v1.1/train/XR_WRIST/patient03991/study1_positive/image3.png,XR_WRIST,patient03991,study1_positive,1,image3.png,train,/content/drive/MyDrive/MURA-v1.1/train/XR_WRIST/patient03991/study1_positive/image3.png,train/XR_WRIST/patient03991/study1_positive,1,abnormal,/content/MURA_abnormal_train/XR_WRIST/patient03991/study1_positive/image3.png,True,10069,10069,5,19.393957,0.0512396694214876,central,central,MURA_TT_0183
MURA-v1.1/train/XR_SHOULDER/patient00105/study1_positive/image2.png,XR_SHOULDER,patient00105,study1_positive,1,image2.png,train,/content/drive/MyDrive/MURA-v1.1/train/XR_SHOULDER/patient00105/study1_positive/image2.png,train/XR_SHOULDER/patient00105/study1_positive,1,abnormal,/content/MURA_abnormal_train/XR_SHOULDER/patient00105/study1_positive/image2.png,True,307,307,0,19.216686,0.0902578796561604,central,central,MURA_TT_0184
MURA-v1.1/train/XR_HAND/patient10046/study1_positive/image1.png,XR_HAND,patient10046,study1_positive,1,image1.png,train,/content/drive/MyDrive/MURA-v1.1/train/XR_HAND/patient10046/study1_positive/image1.png,train/XR_HAND/patient10046/study1_positive,1,abnormal,/content/MURA_abnormal_train/XR_HAND/patient10046/study1_positive/image1.png,True,14550,14550,1,34.063877,0.7985865724381626,intermediate,intermediate,MURA_TT_0185
MURA-v1.1/train/XR_FOREARM/patient09245/study1_positive/image1.png,XR_FOREARM,patient09245,study1_positive,1,image1.png,train,/content/drive/MyDrive/MURA-v1.1/train/XR_FOREARM/patient09245/study1_positive/image1.png,train/XR_FOREARM/patient09245/study1_positive,1,abnormal,/content/MURA_abnormal_train/XR_FOREARM/patient09245/study1_positive/image1.png,True,13219,13219,5,20.353445,0.0784313725490196,central,central,MURA_TT_0186
MURA-v1.1/train/XR_WRIST/patient06955/study1_positive/image2.png,XR_WRIST,patient06955,study1_positive,1,image2.png,train,/content/drive/MyDrive/MURA-v1.1/train/XR_WRIST/patient06955/study1_positive/image2.png,train/XR_WRIST/patient06955/study1_positive,1,abnormal,/content/MURA_abnormal_train/XR_WRIST/patient06955/study1_positive/image2.png,True,10925,10925,8,27.91728,0.8292433537832311,peripheral,peripheral,MURA_TT_0187
MURA-v1.1/train/XR_WRIST/patient06478/study1_positive/image4.png,XR_WRIST,patient06478,study1_positive,1,image4.png,train,/content/drive/MyDrive/MURA-v1.1/train/XR_WRIST/patient06478/study1_positive/image4.png,train/XR_WRIST/patient06478/study1_positive,1,abnormal,/content/MURA_abnormal_train/XR_WRIST/patient06478/study1_positive/image4.png,True,9172,9172,2,22.159988,0.1938997821350762,central,central,MURA_TT_0188
MURA-v1.1/train/XR_SHOULDER/patient00326/study1_positive/image2.png,XR_SHOULDER,patient00326,study1_positive,1,image2.png,train,/content/drive/MyDrive/MURA-v1.1/train/XR_SHOULDER/patient00326/study1_positive/image2.png,train/XR_SHOULDER/patient00326/study1_positive,1,abnormal,/content/MURA_abnormal_train/XR_SHOULDER/patient00326/study1_positive/image2.png,True,1006,1006,0,20.148764,0.163323782234957,central,central,MURA_TT_0189
MURA-v1.1/train/XR_SHOULDER/patient00953/study1_positive/image1.png,XR_SHOULDER,patient00953,study1_positive,1,image1.png,train,/content/drive/MyDrive/MURA-v1.1/train/XR_SHOULDER/patient00953/study1_positive/image1.png,train/XR_SHOULDER/patient00953/study1_positive,1,abnormal,/content/MURA_abnormal_train/XR_SHOULDER/patient00953/study1_positive/image1.png,True,2860,2860,0,28.30646,0.8524355300859598,peripheral,peripheral,MURA_TT_0190
MURA-v1.1/train/XR_FOREARM/patient09253/study1_positive/image2.png,XR_FOREARM,patient09253,study1_positive,1,image2.png,train,/content/drive/MyDrive/MURA-v1.1/train/XR_FOREARM/patient09253/study1_positive/image2.png,train/XR_FOREARM/patient09253/study1_positive,1,abnormal,/content/MURA_abnormal_train/XR_FOREARM/patient09253/study1_positive/image2.png,True,13252,13252,1,29.090933,0.573170731707317,intermediate,intermediate,MURA_TT_0191
MURA-v1.1/train/XR_ELBOW/patient02932/study1_positive/image3.png,XR_ELBOW,patient02932,study1_positive,1,image3.png,train,/content/drive/MyDrive/MURA-v1.1/train/XR_ELBOW/patient02932/study1_positive/image3.png,train/XR_ELBOW/patient02932/study1_positive,1,abnormal,/content/MURA_abnormal_train/XR_ELBOW/patient02932/study1_positive/image3.png,True,8193,8193,5,35.208954,0.9442815249266864,peripheral,peripheral,MURA_TT_0192
MURA-v1.1/train/XR_SHOULDER/patient00002/study1_positive/image2.png,XR_SHOULDER,patient00002,study1_positive,1,image2.png,train,/content/drive/MyDrive/MURA-v1.1/train/XR_SHOULDER/patient00002/study1_positive/image2.png,train/XR_SHOULDER/patient00002/study1_positive,1,abnormal,/content/MURA_abnormal_train/XR_SHOULDER/patient00002/study1_positive/image2.png,True,4,4,3,22.951979,0.0687418936446173,central,central,MURA_TT_0193
MURA-v1.1/train/XR_ELBOW/patient05341/study1_positive/image2.png,XR_ELBOW,patient05341,study1_positive,1,image2.png,train,/content/drive/MyDrive/MURA-v1.1/train/XR_ELBOW/patient05341/study1_positive/image2.png,train/XR_ELBOW/patient05341/study1_positive,1,abnormal,/content/MURA_abnormal_train/XR_ELBOW/patient05341/study1_positive/image2.png,True,8346,8346,5,26.50466,0.3724340175953079,central,central,MURA_TT_0194
MURA-v1.1/train/XR_ELBOW/patient04906/study1_positive/image1.png,XR_ELBOW,patient04906,study1_positive,1,image1.png,train,/content/drive/MyDrive/MURA-v1.1/train/XR_ELBOW/patient04906/study1_positive/image1.png,train/XR_ELBOW/patient04906/study1_positive,1,abnormal,/content/MURA_abnormal_train/XR_ELBOW/patient04906/study1_positive/image1.png,True,6740,6740,0,30.803415,0.8820861678004536,peripheral,peripheral,MURA_TT_0195
MURA-v1.1/train/XR_FINGER/patient03604/study1_positive/image3.png,XR_FINGER,patient03604,study1_positive,1,image3.png,train,/content/drive/MyDrive/MURA-v1.1/train/XR_FINGER/patient03604/study1_positive/image3.png,train/XR_FINGER/patient03604/study1_positive,1,abnormal,/content/MURA_abnormal_train/XR_FINGER/patient03604/study1_positive/image3.png,True,6054,6054,4,21.017817,0.1644908616187989,central,central,MURA_TT_0196
MURA-v1.1/train/XR_HUMERUS/patient02713/study1_positive/image2.png,XR_HUMERUS,patient02713,study1_positive,1,image2.png,train,/content/drive/MyDrive/MURA-v1.1/train/XR_HUMERUS/patient02713/study1_positive/image2.png,train/XR_HUMERUS/patient02713/study1_positive,1,abnormal,/content/MURA_abnormal_train/XR_HUMERUS/patient02713/study1_positive/image2.png,True,4211,4211,3,25.601997,0.3799126637554585,central,central,MURA_TT_0197
MURA-v1.1/train/XR_HAND/patient10047/study1_positive/image3.png,XR_HAND,patient10047,study1_positive,1,image3.png,train,/content/drive/MyDrive/MURA-v1.1/train/XR_HAND/patient10047/study1_positive/image3.png,train/XR_HAND/patient10047/study1_positive,1,abnormal,/content/MURA_abnormal_train/XR_HAND/patient10047/study1_positive/image3.png,True,14555,14555,2,27.025312,0.5709779179810726,intermediate,intermediate,MURA_TT_0198
MURA-v1.1/train/XR_FOREARM/patient00501/study1_positive/image1.png,XR_FOREARM,patient00501,study1_positive,1,image1.png,train,/content/drive/MyDrive/MURA-v1.1/train/XR_FOREARM/patient00501/study1_positive/image1.png,train/XR_FOREARM/patient00501/study1_positive,1,abnormal,/content/MURA_abnormal_train/XR_FOREARM/patient00501/study1_positive/image1.png,True,13027,13027,3,33.768353,0.9070796460176992,peripheral,peripheral,MURA_TT_0199
MURA-v1.1/train/XR_SHOULDER/patient00035/study1_positive/image3.png,XR_SHOULDER,patient00035,study1_positive,1,image3.png,train,/content/drive/MyDrive/MURA-v1.1/train/XR_SHOULDER/patient00035/study1_positive/image3.png,train/XR_SHOULDER/patient00035/study1_positive,1,abnormal,/content/MURA_abnormal_train/XR_SHOULDER/patient00035/study1_positive/image3.png,True,97,97,5,25.61376,0.6587677725118484,intermediate,intermediate,MURA_TT_0200
MURA-v1.1/train/XR_WRIST/patient01740/study1_positive/image2.png,XR_WRIST,patient01740,study1_positive,1,image2.png,train,/content/drive/MyDrive/MURA-v1.1/train/XR_WRIST/patient01740/study1_positive/image2.png,train/XR_WRIST/patient01740/study1_positive,1,abnormal,/content/MURA_abnormal_train/XR_WRIST/patient01740/study1_positive/image2.png,True,10129,10129,6,27.144712,0.2324324324324324,central,central,MURA_TT_0201
MURA-v1.1/train/XR_FINGER/patient03251/study1_positive/image1.png,XR_FINGER,patient03251,study1_positive,1,image1.png,train,/content/drive/MyDrive/MURA-v1.1/train/XR_FINGER/patient03251/study1_positive/image1.png,train/XR_FINGER/patient03251/study1_positive,1,abnormal,/content/MURA_abnormal_train/XR_FINGER/patient03251/study1_positive/image1.png,True,4857,4857,5,24.06439,0.4810495626822157,central,central,MURA_TT_0202
MURA-v1.1/train/XR_ELBOW/patient05193/study1_positive/image3.png,XR_ELBOW,patient05193,study1_positive,1,image3.png,train,/content/drive/MyDrive/MURA-v1.1/train/XR_ELBOW/patient05193/study1_positive/image3.png,train/XR_ELBOW/patient05193/study1_positive,1,abnormal,/content/MURA_abnormal_train/XR_ELBOW/patient05193/study1_positive/image3.png,True,7800,7800,3,26.784132,0.0888888888888888,central,central,MURA_TT_0203
MURA-v1.1/train/XR_FOREARM/patient09167/study1_positive/image2.png,XR_FOREARM,patient09167,study1_positive,1,image2.png,train,/content/drive/MyDrive/MURA-v1.1/train/XR_FOREARM/patient09167/study1_positive/image2.png,train/XR_FOREARM/patient09167/study1_positive,1,abnormal,/content/MURA_abnormal_train/XR_FOREARM/patient09167/study1_positive/image2.png,True,12988,12988,5,25.162289,0.4509803921568627,central,central,MURA_TT_0204
MURA-v1.1/train/XR_FINGER/patient03390/study1_positive/image3.png,XR_FINGER,patient03390,study1_positive,1,image3.png,train,/content/drive/MyDrive/MURA-v1.1/train/XR_FINGER/patient03390/study1_positive/image3.png,train/XR_FINGER/patient03390/study1_positive,1,abnormal,/content/MURA_abnormal_train/XR_FINGER/patient03390/study1_positive/image3.png,True,5338,5338,3,24.101585,0.4169611307420495,central,central,MURA_TT_0205
MURA-v1.1/train/XR_ELBOW/patient05426/study1_positive/image2.png,XR_ELBOW,patient05426,study1_positive,1,image2.png,train,/content/drive/MyDrive/MURA-v1.1/train/XR_ELBOW/patient05426/study1_positive/image2.png,train/XR_ELBOW/patient05426/study1_positive,1,abnormal,/content/MURA_abnormal_train/XR_ELBOW/patient05426/study1_positive/image2.png,True,8629,8629,5,25.720827,0.2903225806451613,central,central,MURA_TT_0206
MURA-v1.1/train/XR_SHOULDER/patient00726/study1_positive/image1.png,XR_SHOULDER,patient00726,study1_positive,1,image1.png,train,/content/drive/MyDrive/MURA-v1.1/train/XR_SHOULDER/patient00726/study1_positive/image1.png,train/XR_SHOULDER/patient00726/study1_positive,1,abnormal,/content/MURA_abnormal_train/XR_SHOULDER/patient00726/study1_positive/image1.png,True,2197,2197,4,30.379807,0.546583850931677,intermediate,intermediate,MURA_TT_0207
MURA-v1.1/train/XR_SHOULDER/patient01217/study1_positive/image1.png,XR_SHOULDER,patient01217,study1_positive,1,image1.png,train,/content/drive/MyDrive/MURA-v1.1/train/XR_SHOULDER/patient01217/study1_positive/image1.png,train/XR_SHOULDER/patient01217/study1_positive,1,abnormal,/content/MURA_abnormal_train/XR_SHOULDER/patient01217/study1_positive/image1.png,True,3608,3608,2,28.1947,0.6234866828087167,intermediate,intermediate,MURA_TT_0208
MURA-v1.1/train/XR_HUMERUS/patient02887/study1_positive/image3.png,XR_HUMERUS,patient02887,study1_positive,1,image3.png,train,/content/drive/MyDrive/MURA-v1.1/train/XR_HUMERUS/patient02887/study1_positive/image3.png,train/XR_HUMERUS/patient02887/study1_positive,1,abnormal,/content/MURA_abnormal_train/XR_HUMERUS/patient02887/study1_positive/image3.png,True,4643,4643,2,20.827717,0.107981220657277,central,central,MURA_TT_0209
MURA-v1.1/train/XR_ELBOW/patient04956/study1_positive/image2.png,XR_ELBOW,patient04956,study1_positive,1,image2.png,train,/content/drive/MyDrive/MURA-v1.1/train/XR_ELBOW/patient04956/study1_positive/image2.png,train/XR_ELBOW/patient04956/study1_positive,1,abnormal,/content/MURA_abnormal_train/XR_ELBOW/patient04956/study1_positive/image2.png,True,6939,6939,0,23.281641,0.2947845804988662,central,central,MURA_TT_0210
MURA-v1.1/train/XR_WRIST/patient06742/study1_positive/image1.png,XR_WRIST,patient06742,study1_positive,1,image1.png,train,/content/drive/MyDrive/MURA-v1.1/train/XR_WRIST/patient06742/study1_positive/image1.png,train/XR_WRIST/patient06742/study1_positive,1,abnormal,/content/MURA_abnormal_train/XR_WRIST/patient06742/study1_positive/image1.png,True,10134,10134,4,26.185347,0.4034582132564842,central,central,MURA_TT_0211
MURA-v1.1/train/XR_ELBOW/patient04924/study1_positive/image3.png,XR_ELBOW,patient04924,study1_positive,1,image3.png,train,/content/drive/MyDrive/MURA-v1.1/train/XR_ELBOW/patient04924/study1_positive/image3.png,train/XR_ELBOW/patient04924/study1_positive,1,abnormal,/content/MURA_abnormal_train/XR_ELBOW/patient04924/study1_positive/image3.png,True,6803,6803,1,17.44151,0.0758754863813229,central,central,MURA_TT_0212
MURA-v1.1/train/XR_FINGER/patient02434/study1_positive/image1.png,XR_FINGER,patient02434,study1_positive,1,image1.png,train,/content/drive/MyDrive/MURA-v1.1/train/XR_FINGER/patient02434/study1_positive/image1.png,train/XR_FINGER/patient02434/study1_positive,1,abnormal,/content/MURA_abnormal_train/XR_FINGER/patient02434/study1_positive/image1.png,True,5723,5723,0,26.078142,0.2215384615384615,central,central,MURA_TT_0213
MURA-v1.1/train/XR_ELBOW/patient05338/study1_positive/image2.png,XR_ELBOW,patient05338,study1_positive,1,image2.png,train,/content/drive/MyDrive/MURA-v1.1/train/XR_ELBOW/patient05338/study1_positive/image2.png,train/XR_ELBOW/patient05338/study1_positive,1,abnormal,/content/MURA_abnormal_train/XR_ELBOW/patient05338/study1_positive/image2.png,True,8335,8335,4,26.767889,0.1196808510638298,central,central,MURA_TT_0214
MURA-v1.1/train/XR_FOREARM/patient09153/study1_positive/image1.png,XR_FOREARM,patient09153,study1_positive,1,image1.png,train,/content/drive/MyDrive/MURA-v1.1/train/XR_FOREARM/patient09153/study1_positive/image1.png,train/XR_FOREARM/patient09153/study1_positive,1,abnormal,/content/MURA_abnormal_train/XR_FOREARM/patient09153/study1_positive/image1.png,True,12922,12922,4,28.867916,0.4285714285714285,central,central,MURA_TT_0215
MURA-v1.1/train/XR_WRIST/patient07360/study1_positive/image1.png,XR_WRIST,patient07360,study1_positive,1,image1.png,train,/content/drive/MyDrive/MURA-v1.1/train/XR_WRIST/patient07360/study1_positive/image1.png,train/XR_WRIST/patient07360/study1_positive,1,abnormal,/content/MURA_abnormal_train/XR_WRIST/patient07360/study1_positive/image1.png,True,12460,12460,5,21.73205,0.2495867768595041,central,central,MURA_TT_0216
MURA-v1.1/train/XR_HUMERUS/patient02878/study1_positive/image2.png,XR_HUMERUS,patient02878,study1_positive,1,image2.png,train,/content/drive/MyDrive/MURA-v1.1/train/XR_HUMERUS/patient02878/study1_positive/image2.png,train/XR_HUMERUS/patient02878/study1_positive,1,abnormal,/content/MURA_abnormal_train/XR_HUMERUS/patient02878/study1_positive/image2.png,True,4621,4621,3,20.718575,0.0218340611353711,central,central,MURA_TT_0217
MURA-v1.1/train/XR_FINGER/patient03265/study1_positive/image3.png,XR_FINGER,patient03265,study1_positive,1,image3.png,train,/content/drive/MyDrive/MURA-v1.1/train/XR_FINGER/patient03265/study1_positive/image3.png,train/XR_FINGER/patient03265/study1_positive,1,abnormal,/content/MURA_abnormal_train/XR_FINGER/patient03265/study1_positive/image3.png,True,4912,4912,1,28.181562,0.6872727272727273,intermediate,intermediate,MURA_TT_0218
MURA-v1.1/train/XR_FINGER/patient03636/study1_positive/image1.png,XR_FINGER,patient03636,study1_positive,1,image1.png,train,/content/drive/MyDrive/MURA-v1.1/train/XR_FINGER/patient03636/study1_positive/image1.png,train/XR_FINGER/patient03636/study1_positive,1,abnormal,/content/MURA_abnormal_train/XR_FINGER/patient03636/study1_positive/image1.png,True,6150,6150,3,22.47609,0.2508833922261484,central,central,MURA_TT_0219
MURA-v1.1/train/XR_SHOULDER/patient00859/study1_positive/image2.png,XR_SHOULDER,patient00859,study1_positive,1,image2.png,train,/content/drive/MyDrive/MURA-v1.1/train/XR_SHOULDER/patient00859/study1_positive/image2.png,train/XR_SHOULDER/patient00859/study1_positive,1,abnormal,/content/MURA_abnormal_train/XR_SHOULDER/patient00859/study1_positive/image2.png,True,2584,2584,1,26.817423,0.0985074626865671,central,central,MURA_TT_0220
MURA-v1.1/train/XR_HAND/patient09758/study1_positive/image1.png,XR_HAND,patient09758,study1_positive,1,image1.png,train,/content/drive/MyDrive/MURA-v1.1/train/XR_HAND/patient09758/study1_positive/image1.png,train/XR_HAND/patient09758/study1_positive,1,abnormal,/content/MURA_abnormal_train/XR_HAND/patient09758/study1_positive/image1.png,True,13476,13476,4,27.855017,0.711864406779661,intermediate,intermediate,MURA_TT_0221
MURA-v1.1/train/XR_ELBOW/patient04991/study1_positive/image3.png,XR_ELBOW,patient04991,study1_positive,1,image3.png,train,/content/drive/MyDrive/MURA-v1.1/train/XR_ELBOW/patient04991/study1_positive/image3.png,train/XR_ELBOW/patient04991/study1_positive,1,abnormal,/content/MURA_abnormal_train/XR_ELBOW/patient04991/study1_positive/image3.png,True,7064,7064,4,30.038198,0.4308510638297872,central,central,MURA_TT_0222
MURA-v1.1/train/XR_FOREARM/patient09091/study1_positive/image1.png,XR_FOREARM,patient09091,study1_positive,1,image1.png,train,/content/drive/MyDrive/MURA-v1.1/train/XR_FOREARM/patient09091/study1_positive/image1.png,train/XR_FOREARM/patient09091/study1_positive,1,abnormal,/content/MURA_abnormal_train/XR_FOREARM/patient09091/study1_positive/image1.png,True,12752,12752,0,30.840006,0.8018018018018018,peripheral,peripheral,MURA_TT_0223
MURA-v1.1/train/XR_HUMERUS/patient01856/study1_positive/image1.png,XR_HUMERUS,patient01856,study1_positive,1,image1.png,train,/content/drive/MyDrive/MURA-v1.1/train/XR_HUMERUS/patient01856/study1_positive/image1.png,train/XR_HUMERUS/patient01856/study1_positive,1,abnormal,/content/MURA_abnormal_train/XR_HUMERUS/patient01856/study1_positive/image1.png,True,4702,4702,3,24.764519,0.2794759825327511,central,central,MURA_TT_0224
MURA-v1.1/train/XR_WRIST/patient06886/study1_positive/image3.png,XR_WRIST,patient06886,study1_positive,1,image3.png,train,/content/drive/MyDrive/MURA-v1.1/train/XR_WRIST/patient06886/study1_positive/image3.png,train/XR_WRIST/patient06886/study1_positive,1,abnormal,/content/MURA_abnormal_train/XR_WRIST/patient06886/study1_positive/image3.png,True,10669,10669,5,16.999018,0.0016528925619834,central,central,MURA_TT_0225
MURA-v1.1/train/XR_WRIST/patient01521/study1_positive/image4.png,XR_WRIST,patient01521,study1_positive,1,image4.png,train,/content/drive/MyDrive/MURA-v1.1/train/XR_WRIST/patient01521/study1_positive/image4.png,train/XR_WRIST/patient01521/study1_positive,1,abnormal,/content/MURA_abnormal_train/XR_WRIST/patient01521/study1_positive/image4.png,True,10862,10862,8,18.9492,0.0224948875255623,central,central,MURA_TT_0226
MURA-v1.1/train/XR_FINGER/patient03486/study1_positive/image3.png,XR_FINGER,patient03486,study1_positive,1,image3.png,train,/content/drive/MyDrive/MURA-v1.1/train/XR_FINGER/patient03486/study1_positive/image3.png,train/XR_FINGER/patient03486/study1_positive,1,abnormal,/content/MURA_abnormal_train/XR_FINGER/patient03486/study1_positive/image3.png,True,5653,5653,3,19.724995,0.03886925795053,central,central,MURA_TT_0227
MURA-v1.1/train/XR_ELBOW/patient05446/study1_positive/image1.png,XR_ELBOW,patient05446,study1_positive,1,image1.png,train,/content/drive/MyDrive/MURA-v1.1/train/XR_ELBOW/patient05446/study1_positive/image1.png,train/XR_ELBOW/patient05446/study1_positive,1,abnormal,/content/MURA_abnormal_train/XR_ELBOW/patient05446/study1_positive/image1.png,True,8697,8697,1,24.24595,0.7042801556420234,intermediate,intermediate,MURA_TT_0228
MURA-v1.1/train/XR_WRIST/patient06670/study1_positive/image2.png,XR_WRIST,patient06670,study1_positive,1,image2.png,train,/content/drive/MyDrive/MURA-v1.1/train/XR_WRIST/patient06670/study1_positive/image2.png,train/XR_WRIST/patient06670/study1_positive,1,abnormal,/content/MURA_abnormal_train/XR_WRIST/patient06670/study1_positive/image2.png,True,9833,9833,2,22.194614,0.2004357298474945,central,central,MURA_TT_0229
MURA-v1.1/train/XR_FINGER/patient03566/study1_positive/image3.png,XR_FINGER,patient03566,study1_positive,1,image3.png,train,/content/drive/MyDrive/MURA-v1.1/train/XR_FINGER/patient03566/study1_positive/image3.png,train/XR_FINGER/patient03566/study1_positive,1,abnormal,/content/MURA_abnormal_train/XR_FINGER/patient03566/study1_positive/image3.png,True,5923,5923,2,29.96143,0.7910863509749304,intermediate,intermediate,MURA_TT_0230
MURA-v1.1/train/XR_WRIST/patient06524/study1_positive/image3.png,XR_WRIST,patient06524,study1_positive,1,image3.png,train,/content/drive/MyDrive/MURA-v1.1/train/XR_WRIST/patient06524/study1_positive/image3.png,train/XR_WRIST/patient06524/study1_positive,1,abnormal,/content/MURA_abnormal_train/XR_WRIST/patient06524/study1_positive/image3.png,True,9327,9327,8,22.153364,0.2494887525562372,central,central,MURA_TT_0231
MURA-v1.1/train/XR_ELBOW/patient05127/study1_positive/image3.png,XR_ELBOW,patient05127,study1_positive,1,image3.png,train,/content/drive/MyDrive/MURA-v1.1/train/XR_ELBOW/patient05127/study1_positive/image3.png,train/XR_ELBOW/patient05127/study1_positive,1,abnormal,/content/MURA_abnormal_train/XR_ELBOW/patient05127/study1_positive/image3.png,True,7559,7559,4,31.528248,0.601063829787234,intermediate,intermediate,MURA_TT_0232
MURA-v1.1/train/XR_WRIST/patient07209/study1_positive/image1.png,XR_WRIST,patient07209,study1_positive,1,image1.png,train,/content/drive/MyDrive/MURA-v1.1/train/XR_WRIST/patient07209/study1_positive/image1.png,train/XR_WRIST/patient07209/study1_positive,1,abnormal,/content/MURA_abnormal_train/XR_WRIST/patient07209/study1_positive/image1.png,True,11908,11908,2,23.354967,0.3376906318082788,central,central,MURA_TT_0233
MURA-v1.1/train/XR_SHOULDER/patient01368/study1_positive/image2.png,XR_SHOULDER,patient01368,study1_positive,1,image2.png,train,/content/drive/MyDrive/MURA-v1.1/train/XR_SHOULDER/patient01368/study1_positive/image2.png,train/XR_SHOULDER/patient01368/study1_positive,1,abnormal,/content/MURA_abnormal_train/XR_SHOULDER/patient01368/study1_positive/image2.png,True,4037,4037,5,22.303297,0.3004739336492891,central,central,MURA_TT_0234
MURA-v1.1/train/XR_WRIST/patient07285/study1_positive/image2.png,XR_WRIST,patient07285,study1_positive,1,image2.png,train,/content/drive/MyDrive/MURA-v1.1/train/XR_WRIST/patient07285/study1_positive/image2.png,train/XR_WRIST/patient07285/study1_positive,1,abnormal,/content/MURA_abnormal_train/XR_WRIST/patient07285/study1_positive/image2.png,True,12200,12200,4,34.84709,0.8789625360230547,peripheral,peripheral,MURA_TT_0235
MURA-v1.1/train/XR_FINGER/patient03607/study1_positive/image2.png,XR_FINGER,patient03607,study1_positive,1,image2.png,train,/content/drive/MyDrive/MURA-v1.1/train/XR_FINGER/patient03607/study1_positive/image2.png,train/XR_FINGER/patient03607/study1_positive,1,abnormal,/content/MURA_abnormal_train/XR_FINGER/patient03607/study1_positive/image2.png,True,6063,6063,1,25.34384,0.3781818181818182,central,central,MURA_TT_0236
MURA-v1.1/train/XR_HUMERUS/patient02724/study1_positive/image4.png,XR_HUMERUS,patient02724,study1_positive,1,image4.png,train,/content/drive/MyDrive/MURA-v1.1/train/XR_HUMERUS/patient02724/study1_positive/image4.png,train/XR_HUMERUS/patient02724/study1_positive,1,abnormal,/content/MURA_abnormal_train/XR_HUMERUS/patient02724/study1_positive/image4.png,True,4243,4243,1,28.996395,0.35,central,central,MURA_TT_0237
MURA-v1.1/train/XR_HAND/patient10083/study1_positive/image1.png,XR_HAND,patient10083,study1_positive,1,image1.png,train,/content/drive/MyDrive/MURA-v1.1/train/XR_HAND/patient10083/study1_positive/image1.png,train/XR_HAND/patient10083/study1_positive,1,abnormal,/content/MURA_abnormal_train/XR_HAND/patient10083/study1_positive/image1.png,True,14678,14678,3,31.750923,0.5494505494505495,intermediate,intermediate,MURA_TT_0238
MURA-v1.1/train/XR_SHOULDER/patient00490/study1_positive/image3.png,XR_SHOULDER,patient00490,study1_positive,1,image3.png,train,/content/drive/MyDrive/MURA-v1.1/train/XR_SHOULDER/patient00490/study1_positive/image3.png,train/XR_SHOULDER/patient00490/study1_positive,1,abnormal,/content/MURA_abnormal_train/XR_SHOULDER/patient00490/study1_positive/image3.png,True,1485,1485,2,32.407772,0.9031476997578692,peripheral,peripheral,MURA_TT_0239
MURA-v1.1/train/XR_FINGER/patient03521/study1_positive/image2.png,XR_FINGER,patient03521,study1_positive,1,image2.png,train,/content/drive/MyDrive/MURA-v1.1/train/XR_FINGER/patient03521/study1_positive/image2.png,train/XR_FINGER/patient03521/study1_positive,1,abnormal,/content/MURA_abnormal_train/XR_FINGER/patient03521/study1_positive/image2.png,True,5766,5766,5,27.944769,0.8279883381924198,peripheral,peripheral,MURA_TT_0240
MURA-v1.1/train/XR_HAND/patient02722/study1_positive/image1.png,XR_HAND,patient02722,study1_positive,1,image1.png,train,/content/drive/MyDrive/MURA-v1.1/train/XR_HAND/patient02722/study1_positive/image1.png,train/XR_HAND/patient02722/study1_positive,1,abnormal,/content/MURA_abnormal_train/XR_HAND/patient02722/study1_positive/image1.png,True,14383,14383,0,19.556414,0.0921052631578947,central,central,MURA_TT_0241
MURA-v1.1/train/XR_SHOULDER/patient00934/study1_positive/image1.png,XR_SHOULDER,patient00934,study1_positive,1,image1.png,train,/content/drive/MyDrive/MURA-v1.1/train/XR_SHOULDER/patient00934/study1_positive/image1.png,train/XR_SHOULDER/patient00934/study1_positive,1,abnormal,/content/MURA_abnormal_train/XR_SHOULDER/patient00934/study1_positive/image1.png,True,2804,2804,5,24.056194,0.4919431279620853,central,central,MURA_TT_0242
MURA-v1.1/train/XR_FINGER/patient03727/study1_positive/image1.png,XR_FINGER,patient03727,study1_positive,1,image1.png,train,/content/drive/MyDrive/MURA-v1.1/train/XR_FINGER/patient03727/study1_positive/image1.png,train/XR_FINGER/patient03727/study1_positive,1,abnormal,/content/MURA_abnormal_train/XR_FINGER/patient03727/study1_positive/image1.png,True,6461,6461,5,24.266027,0.5160349854227405,intermediate,intermediate,MURA_TT_0243
MURA-v1.1/train/XR_HAND/patient09815/study1_positive/image2.png,XR_HAND,patient09815,study1_positive,1,image2.png,train,/content/drive/MyDrive/MURA-v1.1/train/XR_HAND/patient09815/study1_positive/image2.png,train/XR_HAND/patient09815/study1_positive,1,abnormal,/content/MURA_abnormal_train/XR_HAND/patient09815/study1_positive/image2.png,True,13703,13703,4,22.867075,0.1525423728813559,central,central,MURA_TT_0244
MURA-v1.1/train/XR_SHOULDER/patient00551/study3_positive/image3.png,XR_SHOULDER,patient00551,study3_positive,1,image3.png,train,/content/drive/MyDrive/MURA-v1.1/train/XR_SHOULDER/patient00551/study3_positive/image3.png,train/XR_SHOULDER/patient00551/study3_positive,1,abnormal,/content/MURA_abnormal_train/XR_SHOULDER/patient00551/study3_positive/image3.png,True,1669,1669,3,26.703123,0.3955901426718547,central,central,MURA_TT_0245
MURA-v1.1/train/XR_ELBOW/patient05143/study1_positive/image2.png,XR_ELBOW,patient05143,study1_positive,1,image2.png,train,/content/drive/MyDrive/MURA-v1.1/train/XR_ELBOW/patient05143/study1_positive/image2.png,train/XR_ELBOW/patient05143/study1_positive,1,abnormal,/content/MURA_abnormal_train/XR_ELBOW/patient05143/study1_positive/image2.png,True,7613,7613,1,26.085745,0.8424124513618677,peripheral,peripheral,MURA_TT_0246
MURA-v1.1/train/XR_HAND/patient09988/study1_positive/image2.png,XR_HAND,patient09988,study1_positive,1,image2.png,train,/content/drive/MyDrive/MURA-v1.1/train/XR_HAND/patient09988/study1_positive/image2.png,train/XR_HAND/patient09988/study1_positive,1,abnormal,/content/MURA_abnormal_train/XR_HAND/patient09988/study1_positive/image2.png,True,14345,14345,2,21.88536,0.1041009463722397,central,central,MURA_TT_0247
MURA-v1.1/train/XR_WRIST/patient06428/study1_positive/image1.png,XR_WRIST,patient06428,study1_positive,1,image1.png,train,/content/drive/MyDrive/MURA-v1.1/train/XR_WRIST/patient06428/study1_positive/image1.png,train/XR_WRIST/patient06428/study1_positive,1,abnormal,/content/MURA_abnormal_train/XR_WRIST/patient06428/study1_positive/image1.png,True,9003,9003,8,22.92321,0.3333333333333333,central,central,MURA_TT_0248
MURA-v1.1/train/XR_HAND/patient09860/study1_positive/image1.png,XR_HAND,patient09860,study1_positive,1,image1.png,train,/content/drive/MyDrive/MURA-v1.1/train/XR_HAND/patient09860/study1_positive/image1.png,train/XR_HAND/patient09860/study1_positive,1,abnormal,/content/MURA_abnormal_train/XR_HAND/patient09860/study1_positive/image1.png,True,13859,13859,1,31.92928,0.7067137809187279,intermediate,intermediate,MURA_TT_0249
MURA-v1.1/train/XR_SHOULDER/patient01210/study1_positive/image3.png,XR_SHOULDER,patient01210,study1_positive,1,image3.png,train,/content/drive/MyDrive/MURA-v1.1/train/XR_SHOULDER/patient01210/study1_positive/image3.png,train/XR_SHOULDER/patient01210/study1_positive,1,abnormal,/content/MURA_abnormal_train/XR_SHOULDER/patient01210/study1_positive/image3.png,True,3590,3590,2,21.243567,0.0290556900726392,central,central,MURA_TT_0250
MURA-v1.1/train/XR_HUMERUS/patient02772/study1_positive/image3.png,XR_HUMERUS,patient02772,study1_positive,1,image3.png,train,/content/drive/MyDrive/MURA-v1.1/train/XR_HUMERUS/patient02772/study1_positive/image3.png,train/XR_HUMERUS/patient02772/study1_positive,1,abnormal,/content/MURA_abnormal_train/XR_HUMERUS/patient02772/study1_positive/image3.png,True,4360,4360,0,28.258501,0.2262773722627737,central,central,MURA_TT_0251
MURA-v1.1/train/XR_FINGER/patient03515/study1_positive/image3.png,XR_FINGER,patient03515,study1_positive,1,image3.png,train,/content/drive/MyDrive/MURA-v1.1/train/XR_FINGER/patient03515/study1_positive/image3.png,train/XR_FINGER/patient03515/study1_positive,1,abnormal,/content/MURA_abnormal_train/XR_FINGER/patient03515/study1_positive/image3.png,True,5748,5748,0,31.12525,0.6861538461538461,intermediate,intermediate,MURA_TT_0252
MURA-v1.1/train/XR_HUMERUS/patient02703/study1_positive/image1.png,XR_HUMERUS,patient02703,study1_positive,1,image1.png,train,/content/drive/MyDrive/MURA-v1.1/train/XR_HUMERUS/patient02703/study1_positive/image1.png,train/XR_HUMERUS/patient02703/study1_positive,1,abnormal,/content/MURA_abnormal_train/XR_HUMERUS/patient02703/study1_positive/image1.png,True,4184,4184,3,23.594645,0.1834061135371179,central,central,MURA_TT_0253
MURA-v1.1/train/XR_FINGER/patient03454/study1_positive/image3.png,XR_FINGER,patient03454,study1_positive,1,image3.png,train,/content/drive/MyDrive/MURA-v1.1/train/XR_FINGER/patient03454/study1_positive/image3.png,train/XR_FINGER/patient03454/study1_positive,1,abnormal,/content/MURA_abnormal_train/XR_FINGER/patient03454/study1_positive/image3.png,True,5548,5548,4,23.514608,0.4516971279373368,central,central,MURA_TT_0254
MURA-v1.1/train/XR_SHOULDER/patient00109/study1_positive/image4.png,XR_SHOULDER,patient00109,study1_positive,1,image4.png,train,/content/drive/MyDrive/MURA-v1.1/train/XR_SHOULDER/patient00109/study1_positive/image4.png,train/XR_SHOULDER/patient00109/study1_positive,1,abnormal,/content/MURA_abnormal_train/XR_SHOULDER/patient00109/study1_positive/image4.png,True,323,323,3,34.392433,0.906614785992218,peripheral,peripheral,MURA_TT_0255
MURA-v1.1/train/XR_HUMERUS/patient02920/study1_positive/image2.png,XR_HUMERUS,patient02920,study1_positive,1,image2.png,train,/content/drive/MyDrive/MURA-v1.1/train/XR_HUMERUS/patient02920/study1_positive/image2.png,train/XR_HUMERUS/patient02920/study1_positive,1,abnormal,/content/MURA_abnormal_train/XR_HUMERUS/patient02920/study1_positive/image2.png,True,4720,4720,2,25.183462,0.568075117370892,intermediate,intermediate,MURA_TT_0256
MURA-v1.1/train/XR_FOREARM/patient09236/study1_positive/image2.png,XR_FOREARM,patient09236,study1_positive,1,image2.png,train,/content/drive/MyDrive/MURA-v1.1/train/XR_FOREARM/patient09236/study1_positive/image2.png,train/XR_FOREARM/patient09236/study1_positive,1,abnormal,/content/MURA_abnormal_train/XR_FOREARM/patient09236/study1_positive/image2.png,True,13199,13199,0,25.709467,0.4774774774774775,central,central,MURA_TT_0257
MURA-v1.1/train/XR_FOREARM/patient09291/study1_positive/image2.png,XR_FOREARM,patient09291,study1_positive,1,image2.png,train,/content/drive/MyDrive/MURA-v1.1/train/XR_FOREARM/patient09291/study1_positive/image2.png,train/XR_FOREARM/patient09291/study1_positive,1,abnormal,/content/MURA_abnormal_train/XR_FOREARM/patient09291/study1_positive/image2.png,True,13359,13359,2,17.141153,0.0317460317460317,central,central,MURA_TT_0258
MURA-v1.1/train/XR_WRIST/patient07124/study1_positive/image3.png,XR_WRIST,patient07124,study1_positive,1,image3.png,train,/content/drive/MyDrive/MURA-v1.1/train/XR_WRIST/patient07124/study1_positive/image3.png,train/XR_WRIST/patient07124/study1_positive,1,abnormal,/content/MURA_abnormal_train/XR_WRIST/patient07124/study1_positive/image3.png,True,11563,11563,7,24.332893,0.0413793103448275,central,central,MURA_TT_0259
MURA-v1.1/train/XR_SHOULDER/patient00261/study1_positive/image3.png,XR_SHOULDER,patient00261,study1_positive,1,image3.png,train,/content/drive/MyDrive/MURA-v1.1/train/XR_SHOULDER/patient00261/study1_positive/image3.png,train/XR_SHOULDER/patient00261/study1_positive,1,abnormal,/content/MURA_abnormal_train/XR_SHOULDER/patient00261/study1_positive/image3.png,True,784,784,1,33.866272,0.6447761194029851,intermediate,intermediate,MURA_TT_0260
MURA-v1.1/train/XR_ELBOW/patient01112/study1_positive/image1.png,XR_ELBOW,patient01112,study1_positive,1,image1.png,train,/content/drive/MyDrive/MURA-v1.1/train/XR_ELBOW/patient01112/study1_positive/image1.png,train/XR_ELBOW/patient01112/study1_positive,1,abnormal,/content/MURA_abnormal_train/XR_ELBOW/patient01112/study1_positive/image1.png,True,8652,8652,1,19.450031,0.235408560311284,central,central,MURA_TT_0261
MURA-v1.1/train/XR_WRIST/patient06541/study1_positive/image4.png,XR_WRIST,patient06541,study1_positive,1,image4.png,train,/content/drive/MyDrive/MURA-v1.1/train/XR_WRIST/patient06541/study1_positive/image4.png,train/XR_WRIST/patient06541/study1_positive,1,abnormal,/content/MURA_abnormal_train/XR_WRIST/patient06541/study1_positive/image4.png,True,9383,9383,8,17.325537,0.0030674846625766,central,central,MURA_TT_0262
MURA-v1.1/train/XR_ELBOW/patient02626/study1_positive/image1.png,XR_ELBOW,patient02626,study1_positive,1,image1.png,train,/content/drive/MyDrive/MURA-v1.1/train/XR_ELBOW/patient02626/study1_positive/image1.png,train/XR_ELBOW/patient02626/study1_positive,1,abnormal,/content/MURA_abnormal_train/XR_ELBOW/patient02626/study1_positive/image1.png,True,7740,7740,0,24.799417,0.4512471655328798,central,central,MURA_TT_0263
MURA-v1.1/train/XR_SHOULDER/patient00582/study1_positive/image3.png,XR_SHOULDER,patient00582,study1_positive,1,image3.png,train,/content/drive/MyDrive/MURA-v1.1/train/XR_SHOULDER/patient00582/study1_positive/image3.png,train/XR_SHOULDER/patient00582/study1_positive,1,abnormal,/content/MURA_abnormal_train/XR_SHOULDER/patient00582/study1_positive/image3.png,True,1769,1769,5,20.148582,0.1052132701421801,central,central,MURA_TT_0264
MURA-v1.1/train/XR_HUMERUS/patient02704/study1_positive/image2.png,XR_HUMERUS,patient02704,study1_positive,1,image2.png,train,/content/drive/MyDrive/MURA-v1.1/train/XR_HUMERUS/patient02704/study1_positive/image2.png,train/XR_HUMERUS/patient02704/study1_positive,1,abnormal,/content/MURA_abnormal_train/XR_HUMERUS/patient02704/study1_positive/image2.png,True,4187,4187,1,33.032772,0.8,intermediate,intermediate,MURA_TT_0265
MURA-v1.1/train/XR_SHOULDER/patient00377/study1_positive/image2.png,XR_SHOULDER,patient00377,study1_positive,1,image2.png,train,/content/drive/MyDrive/MURA-v1.1/train/XR_SHOULDER/patient00377/study1_positive/image2.png,train/XR_SHOULDER/patient00377/study1_positive,1,abnormal,/content/MURA_abnormal_train/XR_SHOULDER/patient00377/study1_positive/image2.png,True,1158,1158,5,24.971695,0.6,intermediate,intermediate,MURA_TT_0266
MURA-v1.1/train/XR_FINGER/patient03459/study1_positive/image3.png,XR_FINGER,patient03459,study1_positive,1,image3.png,train,/content/drive/MyDrive/MURA-v1.1/train/XR_FINGER/patient03459/study1_positive/image3.png,train/XR_FINGER/patient03459/study1_positive,1,abnormal,/content/MURA_abnormal_train/XR_FINGER/patient03459/study1_positive/image3.png,True,5567,5567,1,28.70254,0.7381818181818182,intermediate,intermediate,MURA_TT_0267
MURA-v1.1/train/XR_ELBOW/patient05445/study1_positive/image2.png,XR_ELBOW,patient05445,study1_positive,1,image2.png,train,/content/drive/MyDrive/MURA-v1.1/train/XR_ELBOW/patient05445/study1_positive/image2.png,train/XR_ELBOW/patient05445/study1_positive,1,abnormal,/content/MURA_abnormal_train/XR_ELBOW/patient05445/study1_positive/image2.png,True,8695,8695,2,30.4458,0.8719723183391004,peripheral,peripheral,MURA_TT_0268
MURA-v1.1/train/XR_ELBOW/patient04236/study1_positive/image3.png,XR_ELBOW,patient04236,study1_positive,1,image3.png,train,/content/drive/MyDrive/MURA-v1.1/train/XR_ELBOW/patient04236/study1_positive/image3.png,train/XR_ELBOW/patient04236/study1_positive,1,abnormal,/content/MURA_abnormal_train/XR_ELBOW/patient04236/study1_positive/image3.png,True,8551,8551,4,29.042515,0.3218085106382978,central,central,MURA_TT_0269
MURA-v1.1/train/XR_HUMERUS/patient02892/study1_positive/image1.png,XR_HUMERUS,patient02892,study1_positive,1,image1.png,train,/content/drive/MyDrive/MURA-v1.1/train/XR_HUMERUS/patient02892/study1_positive/image1.png,train/XR_HUMERUS/patient02892/study1_positive,1,abnormal,/content/MURA_abnormal_train/XR_HUMERUS/patient02892/study1_positive/image1.png,True,4652,4652,2,24.849922,0.4976525821596244,central,central,MURA_TT_0270
MURA-v1.1/train/XR_SHOULDER/patient00132/study1_positive/image2.png,XR_SHOULDER,patient00132,study1_positive,1,image2.png,train,/content/drive/MyDrive/MURA-v1.1/train/XR_SHOULDER/patient00132/study1_positive/image2.png,train/XR_SHOULDER/patient00132/study1_positive,1,abnormal,/content/MURA_abnormal_train/XR_SHOULDER/patient00132/study1_positive/image2.png,True,400,400,3,25.57876,0.2710765239948119,central,central,MURA_TT_0271
MURA-v1.1/train/XR_WRIST/patient06832/study1_positive/image3.png,XR_WRIST,patient06832,study1_positive,1,image3.png,train,/content/drive/MyDrive/MURA-v1.1/train/XR_WRIST/patient06832/study1_positive/image3.png,train/XR_WRIST/patient06832/study1_positive,1,abnormal,/content/MURA_abnormal_train/XR_WRIST/patient06832/study1_positive/image3.png,True,10483,10483,8,25.099268,0.581799591002045,intermediate,intermediate,MURA_TT_0272
MURA-v1.1/train/XR_FINGER/patient03242/study1_positive/image1.png,XR_FINGER,patient03242,study1_positive,1,image1.png,train,/content/drive/MyDrive/MURA-v1.1/train/XR_FINGER/patient03242/study1_positive/image1.png,train/XR_FINGER/patient03242/study1_positive,1,abnormal,/content/MURA_abnormal_train/XR_FINGER/patient03242/study1_positive/image1.png,True,4827,4827,4,31.326675,0.9451697127937336,peripheral,peripheral,MURA_TT_0273
MURA-v1.1/train/XR_WRIST/patient06782/study1_positive/image3.png,XR_WRIST,patient06782,study1_positive,1,image3.png,train,/content/drive/MyDrive/MURA-v1.1/train/XR_WRIST/patient06782/study1_positive/image3.png,train/XR_WRIST/patient06782/study1_positive,1,abnormal,/content/MURA_abnormal_train/XR_WRIST/patient06782/study1_positive/image3.png,True,10285,10285,1,23.709623,0.3434535104364326,central,central,MURA_TT_0274
MURA-v1.1/train/XR_WRIST/patient06954/study1_positive/image2.png,XR_WRIST,patient06954,study1_positive,1,image2.png,train,/content/drive/MyDrive/MURA-v1.1/train/XR_WRIST/patient06954/study1_positive/image2.png,train/XR_WRIST/patient06954/study1_positive,1,abnormal,/content/MURA_abnormal_train/XR_WRIST/patient06954/study1_positive/image2.png,True,10922,10922,8,26.368599,0.7044989775051125,intermediate,intermediate,MURA_TT_0275
MURA-v1.1/train/XR_WRIST/patient07192/study1_positive/image4.png,XR_WRIST,patient07192,study1_positive,1,image4.png,train,/content/drive/MyDrive/MURA-v1.1/train/XR_WRIST/patient07192/study1_positive/image4.png,train/XR_WRIST/patient07192/study1_positive,1,abnormal,/content/MURA_abnormal_train/XR_WRIST/patient07192/study1_positive/image4.png,True,11850,11850,8,19.04426,0.025562372188139,central,central,MURA_TT_0276
MURA-v1.1/train/XR_FOREARM/patient09283/study1_positive/image2.png,XR_FOREARM,patient09283,study1_positive,1,image2.png,train,/content/drive/MyDrive/MURA-v1.1/train/XR_FOREARM/patient09283/study1_positive/image2.png,train/XR_FOREARM/patient09283/study1_positive,1,abnormal,/content/MURA_abnormal_train/XR_FOREARM/patient09283/study1_positive/image2.png,True,13332,13332,2,19.478355,0.119047619047619,central,central,MURA_TT_0277
MURA-v1.1/train/XR_FINGER/patient03233/study1_positive/image2.png,XR_FINGER,patient03233,study1_positive,1,image2.png,train,/content/drive/MyDrive/MURA-v1.1/train/XR_FINGER/patient03233/study1_positive/image2.png,train/XR_FINGER/patient03233/study1_positive,1,abnormal,/content/MURA_abnormal_train/XR_FINGER/patient03233/study1_positive/image2.png,True,4797,4797,3,20.096443,0.0671378091872791,central,central,MURA_TT_0278
MURA-v1.1/train/XR_SHOULDER/patient00786/study1_positive/image3.png,XR_SHOULDER,patient00786,study1_positive,1,image3.png,train,/content/drive/MyDrive/MURA-v1.1/train/XR_SHOULDER/patient00786/study1_positive/image3.png,train/XR_SHOULDER/patient00786/study1_positive,1,abnormal,/content/MURA_abnormal_train/XR_SHOULDER/patient00786/study1_positive/image3.png,True,2388,2388,5,19.444689,0.0616113744075829,central,central,MURA_TT_0279
MURA-v1.1/train/XR_ELBOW/patient04961/study1_positive/image1.png,XR_ELBOW,patient04961,study1_positive,1,image1.png,train,/content/drive/MyDrive/MURA-v1.1/train/XR_ELBOW/patient04961/study1_positive/image1.png,train/XR_ELBOW/patient04961/study1_positive,1,abnormal,/content/MURA_abnormal_train/XR_ELBOW/patient04961/study1_positive/image1.png,True,6952,6952,4,33.44236,0.7446808510638298,intermediate,intermediate,MURA_TT_0280
MURA-v1.1/train/XR_WRIST/patient06488/study1_positive/image2.png,XR_WRIST,patient06488,study1_positive,1,image2.png,train,/content/drive/MyDrive/MURA-v1.1/train/XR_WRIST/patient06488/study1_positive/image2.png,train/XR_WRIST/patient06488/study1_positive,1,abnormal,/content/MURA_abnormal_train/XR_WRIST/patient06488/study1_positive/image2.png,True,9203,9203,8,20.705751,0.1257668711656441,central,central,MURA_TT_0281
MURA-v1.1/train/XR_SHOULDER/patient00151/study1_positive/image2.png,XR_SHOULDER,patient00151,study1_positive,1,image2.png,train,/content/drive/MyDrive/MURA-v1.1/train/XR_SHOULDER/patient00151/study1_positive/image2.png,train/XR_SHOULDER/patient00151/study1_positive,1,abnormal,/content/MURA_abnormal_train/XR_SHOULDER/patient00151/study1_positive/image2.png,True,459,459,4,29.841593,0.484472049689441,central,central,MURA_TT_0282
MURA-v1.1/train/XR_FOREARM/patient08953/study1_positive/image1.png,XR_FOREARM,patient08953,study1_positive,1,image1.png,train,/content/drive/MyDrive/MURA-v1.1/train/XR_FOREARM/patient08953/study1_positive/image1.png,train/XR_FOREARM/patient08953/study1_positive,1,abnormal,/content/MURA_abnormal_train/XR_FOREARM/patient08953/study1_positive/image1.png,True,13034,13034,2,26.10172,0.6746031746031746,intermediate,intermediate,MURA_TT_0283
MURA-v1.1/train/XR_SHOULDER/patient00221/study1_positive/image1.png,XR_SHOULDER,patient00221,study1_positive,1,image1.png,train,/content/drive/MyDrive/MURA-v1.1/train/XR_SHOULDER/patient00221/study1_positive/image1.png,train/XR_SHOULDER/patient00221/study1_positive,1,abnormal,/content/MURA_abnormal_train/XR_SHOULDER/patient00221/study1_positive/image1.png,True,666,666,3,21.443455,0.0168612191958495,central,central,MURA_TT_0284
MURA-v1.1/train/XR_SHOULDER/patient00317/study1_positive/image5.png,XR_SHOULDER,patient00317,study1_positive,1,image5.png,train,/content/drive/MyDrive/MURA-v1.1/train/XR_SHOULDER/patient00317/study1_positive/image5.png,train/XR_SHOULDER/patient00317/study1_positive,1,abnormal,/content/MURA_abnormal_train/XR_SHOULDER/patient00317/study1_positive/image5.png,True,979,979,2,24.209293,0.2203389830508474,central,central,MURA_TT_0285
MURA-v1.1/train/XR_ELBOW/patient05294/study1_positive/image4.png,XR_ELBOW,patient05294,study1_positive,1,image4.png,train,/content/drive/MyDrive/MURA-v1.1/train/XR_ELBOW/patient05294/study1_positive/image4.png,train/XR_ELBOW/patient05294/study1_positive,1,abnormal,/content/MURA_abnormal_train/XR_ELBOW/patient05294/study1_positive/image4.png,True,8173,8173,1,21.675192,0.4221789883268482,central,central,MURA_TT_0286
MURA-v1.1/train/XR_FINGER/patient03495/study1_positive/image1.png,XR_FINGER,patient03495,study1_positive,1,image1.png,train,/content/drive/MyDrive/MURA-v1.1/train/XR_FINGER/patient03495/study1_positive/image1.png,train/XR_FINGER/patient03495/study1_positive,1,abnormal,/content/MURA_abnormal_train/XR_FINGER/patient03495/study1_positive/image1.png,True,5677,5677,0,24.650976,0.1353846153846153,central,central,MURA_TT_0287
MURA-v1.1/train/XR_WRIST/patient06514/study1_positive/image1.png,XR_WRIST,patient06514,study1_positive,1,image1.png,train,/content/drive/MyDrive/MURA-v1.1/train/XR_WRIST/patient06514/study1_positive/image1.png,train/XR_WRIST/patient06514/study1_positive,1,abnormal,/content/MURA_abnormal_train/XR_WRIST/patient06514/study1_positive/image1.png,True,9294,9294,3,25.033205,0.2681992337164751,central,central,MURA_TT_0288
MURA-v1.1/train/XR_ELBOW/patient05406/study1_positive/image3.png,XR_ELBOW,patient05406,study1_positive,1,image3.png,train,/content/drive/MyDrive/MURA-v1.1/train/XR_ELBOW/patient05406/study1_positive/image3.png,train/XR_ELBOW/patient05406/study1_positive,1,abnormal,/content/MURA_abnormal_train/XR_ELBOW/patient05406/study1_positive/image3.png,True,8563,8563,1,17.585274,0.0894941634241245,central,central,MURA_TT_0289
MURA-v1.1/train/XR_ELBOW/patient05391/study1_positive/image3.png,XR_ELBOW,patient05391,study1_positive,1,image3.png,train,/content/drive/MyDrive/MURA-v1.1/train/XR_ELBOW/patient05391/study1_positive/image3.png,train/XR_ELBOW/patient05391/study1_positive,1,abnormal,/content/MURA_abnormal_train/XR_ELBOW/patient05391/study1_positive/image3.png,True,8507,8507,2,29.327692,0.8166089965397924,peripheral,peripheral,MURA_TT_0290
MURA-v1.1/train/XR_SHOULDER/patient00609/study1_positive/image4.png,XR_SHOULDER,patient00609,study1_positive,1,image4.png,train,/content/drive/MyDrive/MURA-v1.1/train/XR_SHOULDER/patient00609/study1_positive/image4.png,train/XR_SHOULDER/patient00609/study1_positive,1,abnormal,/content/MURA_abnormal_train/XR_SHOULDER/patient00609/study1_positive/image4.png,True,1843,1843,1,41.740067,0.8388059701492537,peripheral,peripheral,MURA_TT_0291
MURA-v1.1/train/XR_WRIST/patient07317/study1_positive/image2.png,XR_WRIST,patient07317,study1_positive,1,image2.png,train,/content/drive/MyDrive/MURA-v1.1/train/XR_WRIST/patient07317/study1_positive/image2.png,train/XR_WRIST/patient07317/study1_positive,1,abnormal,/content/MURA_abnormal_train/XR_WRIST/patient07317/study1_positive/image2.png,True,12324,12324,0,29.017807,0.2647058823529412,central,central,MURA_TT_0292
MURA-v1.1/train/XR_SHOULDER/patient00008/study1_positive/image2.png,XR_SHOULDER,patient00008,study1_positive,1,image2.png,train,/content/drive/MyDrive/MURA-v1.1/train/XR_SHOULDER/patient00008/study1_positive/image2.png,train/XR_SHOULDER/patient00008/study1_positive,1,abnormal,/content/MURA_abnormal_train/XR_SHOULDER/patient00008/study1_positive/image2.png,True,20,20,3,33.419247,0.8715953307392996,peripheral,peripheral,MURA_TT_0293
MURA-v1.1/train/XR_WRIST/patient06791/study1_positive/image1.png,XR_WRIST,patient06791,study1_positive,1,image1.png,train,/content/drive/MyDrive/MURA-v1.1/train/XR_WRIST/patient06791/study1_positive/image1.png,train/XR_WRIST/patient06791/study1_positive,1,abnormal,/content/MURA_abnormal_train/XR_WRIST/patient06791/study1_positive/image1.png,True,10336,10336,1,23.699759,0.3396584440227704,central,central,MURA_TT_0294
MURA-v1.1/train/XR_FOREARM/patient09148/study1_positive/image1.png,XR_FOREARM,patient09148,study1_positive,1,image1.png,train,/content/drive/MyDrive/MURA-v1.1/train/XR_FOREARM/patient09148/study1_positive/image1.png,train/XR_FOREARM/patient09148/study1_positive,1,abnormal,/content/MURA_abnormal_train/XR_FOREARM/patient09148/study1_positive/image1.png,True,12908,12908,1,25.879175,0.2073170731707317,central,central,MURA_TT_0295
MURA-v1.1/train/XR_FINGER/patient02363/study1_positive/image1.png,XR_FINGER,patient02363,study1_positive,1,image1.png,train,/content/drive/MyDrive/MURA-v1.1/train/XR_FINGER/patient02363/study1_positive/image1.png,train/XR_FINGER/patient02363/study1_positive,1,abnormal,/content/MURA_abnormal_train/XR_FINGER/patient02363/study1_positive/image1.png,True,5619,5619,0,34.784317,0.8492307692307692,peripheral,peripheral,MURA_TT_0296
MURA-v1.1/train/XR_ELBOW/patient05067/study1_positive/image3.png,XR_ELBOW,patient05067,study1_positive,1,image3.png,train,/content/drive/MyDrive/MURA-v1.1/train/XR_ELBOW/patient05067/study1_positive/image3.png,train/XR_ELBOW/patient05067/study1_positive,1,abnormal,/content/MURA_abnormal_train/XR_ELBOW/patient05067/study1_positive/image3.png,True,7336,7336,0,25.816824,0.5600907029478458,intermediate,intermediate,MURA_TT_0297
MURA-v1.1/train/XR_WRIST/patient00604/study1_positive/image3.png,XR_WRIST,patient00604,study1_positive,1,image3.png,train,/content/drive/MyDrive/MURA-v1.1/train/XR_WRIST/patient00604/study1_positive/image3.png,train/XR_WRIST/patient00604/study1_positive,1,abnormal,/content/MURA_abnormal_train/XR_WRIST/patient00604/study1_positive/image3.png,True,11742,11742,3,25.508236,0.3237547892720306,central,central,MURA_TT_0298
MURA-v1.1/train/XR_WRIST/patient01158/study1_positive/image2.png,XR_WRIST,patient01158,study1_positive,1,image2.png,train,/content/drive/MyDrive/MURA-v1.1/train/XR_WRIST/patient01158/study1_positive/image2.png,train/XR_WRIST/patient01158/study1_positive,1,abnormal,/content/MURA_abnormal_train/XR_WRIST/patient01158/study1_positive/image2.png,True,9249,9249,5,25.392447,0.6479338842975206,intermediate,intermediate,MURA_TT_0299
MURA-v1.1/train/XR_FINGER/patient03799/study1_positive/image2.png,XR_FINGER,patient03799,study1_positive,1,image2.png,train,/content/drive/MyDrive/MURA-v1.1/train/XR_FINGER/patient03799/study1_positive/image2.png,train/XR_FINGER/patient03799/study1_positive,1,abnormal,/content/MURA_abnormal_train/XR_FINGER/patient03799/study1_positive/image2.png,True,6708,6708,3,22.28437,0.2332155477031802,central,central,MURA_TT_0300
MURA-v1.1/train/XR_FOREARM/patient09270/study1_positive/image2.png,XR_FOREARM,patient09270,study1_positive,1,image2.png,train,/content/drive/MyDrive/MURA-v1.1/train/XR_FOREARM/patient09270/study1_positive/image2.png,train/XR_FOREARM/patient09270/study1_positive,1,abnormal,/content/MURA_abnormal_train/XR_FOREARM/patient09270/study1_positive/image2.png,True,13294,13294,0,33.437973,0.9369369369369368,peripheral,peripheral,MURA_TT_0301
MURA-v1.1/train/XR_ELBOW/patient04949/study1_positive/image2.png,XR_ELBOW,patient04949,study1_positive,1,image2.png,train,/content/drive/MyDrive/MURA-v1.1/train/XR_ELBOW/patient04949/study1_positive/image2.png,train/XR_ELBOW/patient04949/study1_positive,1,abnormal,/content/MURA_abnormal_train/XR_ELBOW/patient04949/study1_positive/image2.png,True,6897,6897,1,21.937141,0.4552529182879377,central,central,MURA_TT_0302
MURA-v1.1/train/XR_WRIST/patient06425/study1_positive/image1.png,XR_WRIST,patient06425,study1_positive,1,image1.png,train,/content/drive/MyDrive/MURA-v1.1/train/XR_WRIST/patient06425/study1_positive/image1.png,train/XR_WRIST/patient06425/study1_positive,1,abnormal,/content/MURA_abnormal_train/XR_WRIST/patient06425/study1_positive/image1.png,True,8989,8989,8,20.870382,0.1411042944785276,central,central,MURA_TT_0303
MURA-v1.1/train/XR_SHOULDER/patient01082/study1_positive/image2.png,XR_SHOULDER,patient01082,study1_positive,1,image2.png,train,/content/drive/MyDrive/MURA-v1.1/train/XR_SHOULDER/patient01082/study1_positive/image2.png,train/XR_SHOULDER/patient01082/study1_positive,1,abnormal,/content/MURA_abnormal_train/XR_SHOULDER/patient01082/study1_positive/image2.png,True,3222,3222,3,29.014013,0.6173800259403373,intermediate,intermediate,MURA_TT_0304
MURA-v1.1/train/XR_HAND/patient09424/study2_positive/image2.png,XR_HAND,patient09424,study2_positive,1,image2.png,train,/content/drive/MyDrive/MURA-v1.1/train/XR_HAND/patient09424/study2_positive/image2.png,train/XR_HAND/patient09424/study2_positive,1,abnormal,/content/MURA_abnormal_train/XR_HAND/patient09424/study2_positive/image2.png,True,13724,13724,1,24.74232,0.1484098939929328,central,central,MURA_TT_0305
MURA-v1.1/train/XR_WRIST/patient06868/study1_positive/image2.png,XR_WRIST,patient06868,study1_positive,1,image2.png,train,/content/drive/MyDrive/MURA-v1.1/train/XR_WRIST/patient06868/study1_positive/image2.png,train/XR_WRIST/patient06868/study1_positive,1,abnormal,/content/MURA_abnormal_train/XR_WRIST/patient06868/study1_positive/image2.png,True,10603,10603,8,23.835863,0.4406952965235173,central,central,MURA_TT_0306
MURA-v1.1/train/XR_SHOULDER/patient00950/study1_positive/image3.png,XR_SHOULDER,patient00950,study1_positive,1,image3.png,train,/content/drive/MyDrive/MURA-v1.1/train/XR_SHOULDER/patient00950/study1_positive/image3.png,train/XR_SHOULDER/patient00950/study1_positive,1,abnormal,/content/MURA_abnormal_train/XR_SHOULDER/patient00950/study1_positive/image3.png,True,2856,2856,0,18.497038,0.0530085959885386,central,central,MURA_TT_0307
MURA-v1.1/train/XR_SHOULDER/patient00267/study2_positive/image1.png,XR_SHOULDER,patient00267,study2_positive,1,image1.png,train,/content/drive/MyDrive/MURA-v1.1/train/XR_SHOULDER/patient00267/study2_positive/image1.png,train/XR_SHOULDER/patient00267/study2_positive,1,abnormal,/content/MURA_abnormal_train/XR_SHOULDER/patient00267/study2_positive/image1.png,True,794,794,2,26.279749,0.4225181598062954,central,central,MURA_TT_0308
MURA-v1.1/train/XR_HAND/patient05677/study1_positive/image2.png,XR_HAND,patient05677,study1_positive,1,image2.png,train,/content/drive/MyDrive/MURA-v1.1/train/XR_HAND/patient05677/study1_positive/image2.png,train/XR_HAND/patient05677/study1_positive,1,abnormal,/content/MURA_abnormal_train/XR_HAND/patient05677/study1_positive/image2.png,True,13632,13632,4,30.634573,0.8983050847457628,peripheral,peripheral,MURA_TT_0309
MURA-v1.1/train/XR_ELBOW/patient05183/study1_positive/image2.png,XR_ELBOW,patient05183,study1_positive,1,image2.png,train,/content/drive/MyDrive/MURA-v1.1/train/XR_ELBOW/patient05183/study1_positive/image2.png,train/XR_ELBOW/patient05183/study1_positive,1,abnormal,/content/MURA_abnormal_train/XR_ELBOW/patient05183/study1_positive/image2.png,True,7764,7764,0,23.740307,0.3378684807256236,central,central,MURA_TT_0310
MURA-v1.1/train/XR_HUMERUS/patient02850/study1_positive/image2.png,XR_HUMERUS,patient02850,study1_positive,1,image2.png,train,/content/drive/MyDrive/MURA-v1.1/train/XR_HUMERUS/patient02850/study1_positive/image2.png,train/XR_HUMERUS/patient02850/study1_positive,1,abnormal,/content/MURA_abnormal_train/XR_HUMERUS/patient02850/study1_positive/image2.png,True,4551,4551,2,32.169266,0.9014084507042254,peripheral,peripheral,MURA_TT_0311
MURA-v1.1/train/XR_WRIST/patient07095/study1_positive/image2.png,XR_WRIST,patient07095,study1_positive,1,image2.png,train,/content/drive/MyDrive/MURA-v1.1/train/XR_WRIST/patient07095/study1_positive/image2.png,train/XR_WRIST/patient07095/study1_positive,1,abnormal,/content/MURA_abnormal_train/XR_WRIST/patient07095/study1_positive/image2.png,True,11455,11455,1,21.032871,0.0910815939278937,central,central,MURA_TT_0312
MURA-v1.1/train/XR_SHOULDER/patient01411/study1_positive/image4.png,XR_SHOULDER,patient01411,study1_positive,1,image4.png,train,/content/drive/MyDrive/MURA-v1.1/train/XR_SHOULDER/patient01411/study1_positive/image4.png,train/XR_SHOULDER/patient01411/study1_positive,1,abnormal,/content/MURA_abnormal_train/XR_SHOULDER/patient01411/study1_positive/image4.png,True,4145,4145,0,30.155012,0.9240687679083096,peripheral,peripheral,MURA_TT_0313
MURA-v1.1/train/XR_HAND/patient09873/study1_positive/image2.png,XR_HAND,patient09873,study1_positive,1,image2.png,train,/content/drive/MyDrive/MURA-v1.1/train/XR_HAND/patient09873/study1_positive/image2.png,train/XR_HAND/patient09873/study1_positive,1,abnormal,/content/MURA_abnormal_train/XR_HAND/patient09873/study1_positive/image2.png,True,13918,13918,5,25.013323,0.7888888888888889,intermediate,intermediate,MURA_TT_0314
MURA-v1.1/train/XR_HUMERUS/patient02719/study1_positive/image1.png,XR_HUMERUS,patient02719,study1_positive,1,image1.png,train,/content/drive/MyDrive/MURA-v1.1/train/XR_HUMERUS/patient02719/study1_positive/image1.png,train/XR_HUMERUS/patient02719/study1_positive,1,abnormal,/content/MURA_abnormal_train/XR_HUMERUS/patient02719/study1_positive/image1.png,True,4228,4228,2,26.912537,0.6948356807511737,intermediate,intermediate,MURA_TT_0315
MURA-v1.1/train/XR_FINGER/patient03258/study1_positive/image2.png,XR_FINGER,patient03258,study1_positive,1,image2.png,train,/content/drive/MyDrive/MURA-v1.1/train/XR_FINGER/patient03258/study1_positive/image2.png,train/XR_FINGER/patient03258/study1_positive,1,abnormal,/content/MURA_abnormal_train/XR_FINGER/patient03258/study1_positive/image2.png,True,4888,4888,5,19.02472,0.0262390670553935,central,central,MURA_TT_0316
MURA-v1.1/train/XR_SHOULDER/patient01200/study1_positive/image1.png,XR_SHOULDER,patient01200,study1_positive,1,image1.png,train,/content/drive/MyDrive/MURA-v1.1/train/XR_SHOULDER/patient01200/study1_positive/image1.png,train/XR_SHOULDER/patient01200/study1_positive,1,abnormal,/content/MURA_abnormal_train/XR_SHOULDER/patient01200/study1_positive/image1.png,True,3562,3562,5,24.787605,0.5819905213270142,intermediate,intermediate,MURA_TT_0317
MURA-v1.1/train/XR_SHOULDER/patient00889/study1_positive/image3.png,XR_SHOULDER,patient00889,study1_positive,1,image3.png,train,/content/drive/MyDrive/MURA-v1.1/train/XR_SHOULDER/patient00889/study1_positive/image3.png,train/XR_SHOULDER/patient00889/study1_positive,1,abnormal,/content/MURA_abnormal_train/XR_SHOULDER/patient00889/study1_positive/image3.png,True,2672,2672,5,24.495417,0.5450236966824644,intermediate,intermediate,MURA_TT_0318
MURA-v1.1/train/XR_WRIST/patient06054/study1_positive/image1.png,XR_WRIST,patient06054,study1_positive,1,image1.png,train,/content/drive/MyDrive/MURA-v1.1/train/XR_WRIST/patient06054/study1_positive/image1.png,train/XR_WRIST/patient06054/study1_positive,1,abnormal,/content/MURA_abnormal_train/XR_WRIST/patient06054/study1_positive/image1.png,True,10717,10717,5,23.549034,0.4446280991735537,central,central,MURA_TT_0319
MURA-v1.1/train/XR_SHOULDER/patient01227/study1_positive/image4.png,XR_SHOULDER,patient01227,study1_positive,1,image4.png,train,/content/drive/MyDrive/MURA-v1.1/train/XR_SHOULDER/patient01227/study1_positive/image4.png,train/XR_SHOULDER/patient01227/study1_positive,1,abnormal,/content/MURA_abnormal_train/XR_SHOULDER/patient01227/study1_positive/image4.png,True,3636,3636,5,29.578632,0.913744075829384,peripheral,peripheral,MURA_TT_0320
MURA-v1.1/train/XR_ELBOW/patient04987/study1_positive/image2.png,XR_ELBOW,patient04987,study1_positive,1,image2.png,train,/content/drive/MyDrive/MURA-v1.1/train/XR_ELBOW/patient04987/study1_positive/image2.png,train/XR_ELBOW/patient04987/study1_positive,1,abnormal,/content/MURA_abnormal_train/XR_ELBOW/patient04987/study1_positive/image2.png,True,7046,7046,0,28.221346,0.7437641723356009,intermediate,intermediate,MURA_TT_0321
MURA-v1.1/train/XR_WRIST/patient07190/study2_positive/image2.png,XR_WRIST,patient07190,study2_positive,1,image2.png,train,/content/drive/MyDrive/MURA-v1.1/train/XR_WRIST/patient07190/study2_positive/image2.png,train/XR_WRIST/patient07190/study2_positive,1,abnormal,/content/MURA_abnormal_train/XR_WRIST/patient07190/study2_positive/image2.png,True,11842,11842,2,26.300898,0.6143790849673203,intermediate,intermediate,MURA_TT_0322
MURA-v1.1/train/XR_ELBOW/patient05080/study1_positive/image6.png,XR_ELBOW,patient05080,study1_positive,1,image6.png,train,/content/drive/MyDrive/MURA-v1.1/train/XR_ELBOW/patient05080/study1_positive/image6.png,train/XR_ELBOW/patient05080/study1_positive,1,abnormal,/content/MURA_abnormal_train/XR_ELBOW/patient05080/study1_positive/image6.png,True,7377,7377,3,29.337595,0.2444444444444444,central,central,MURA_TT_0323
MURA-v1.1/train/XR_FINGER/patient03405/study1_positive/image1.png,XR_FINGER,patient03405,study1_positive,1,image1.png,train,/content/drive/MyDrive/MURA-v1.1/train/XR_FINGER/patient03405/study1_positive/image1.png,train/XR_FINGER/patient03405/study1_positive,1,abnormal,/content/MURA_abnormal_train/XR_FINGER/patient03405/study1_positive/image1.png,True,5380,5380,0,26.70258,0.2769230769230769,central,central,MURA_TT_0324
MURA-v1.1/train/XR_HUMERUS/patient02727/study1_positive/image3.png,XR_HUMERUS,patient02727,study1_positive,1,image3.png,train,/content/drive/MyDrive/MURA-v1.1/train/XR_HUMERUS/patient02727/study1_positive/image3.png,train/XR_HUMERUS/patient02727/study1_positive,1,abnormal,/content/MURA_abnormal_train/XR_HUMERUS/patient02727/study1_positive/image3.png,True,4253,4253,0,30.77113,0.4306569343065693,central,central,MURA_TT_0325
MURA-v1.1/train/XR_FOREARM/patient09171/study1_positive/image2.png,XR_FOREARM,patient09171,study1_positive,1,image2.png,train,/content/drive/MyDrive/MURA-v1.1/train/XR_FOREARM/patient09171/study1_positive/image2.png,train/XR_FOREARM/patient09171/study1_positive,1,abnormal,/content/MURA_abnormal_train/XR_FOREARM/patient09171/study1_positive/image2.png,True,13001,13001,0,22.18471,0.1351351351351351,central,central,MURA_TT_0326
MURA-v1.1/train/XR_WRIST/patient05302/study1_positive/image3.png,XR_WRIST,patient05302,study1_positive,1,image3.png,train,/content/drive/MyDrive/MURA-v1.1/train/XR_WRIST/patient05302/study1_positive/image3.png,train/XR_WRIST/patient05302/study1_positive,1,abnormal,/content/MURA_abnormal_train/XR_WRIST/patient05302/study1_positive/image3.png,True,12125,12125,8,23.690075,0.4253578732106339,central,central,MURA_TT_0327
MURA-v1.1/train/XR_FOREARM/patient01789/study1_positive/image3.png,XR_FOREARM,patient01789,study1_positive,1,image3.png,train,/content/drive/MyDrive/MURA-v1.1/train/XR_FOREARM/patient01789/study1_positive/image3.png,train/XR_FOREARM/patient01789/study1_positive,1,abnormal,/content/MURA_abnormal_train/XR_FOREARM/patient01789/study1_positive/image3.png,True,12937,12937,1,32.516293,0.8292682926829268,peripheral,peripheral,MURA_TT_0328
MURA-v1.1/train/XR_WRIST/patient07417/study1_positive/image1.png,XR_WRIST,patient07417,study1_positive,1,image1.png,train,/content/drive/MyDrive/MURA-v1.1/train/XR_WRIST/patient07417/study1_positive/image1.png,train/XR_WRIST/patient07417/study1_positive,1,abnormal,/content/MURA_abnormal_train/XR_WRIST/patient07417/study1_positive/image1.png,True,12672,12672,1,20.712076,0.0721062618595825,central,central,MURA_TT_0329
MURA-v1.1/train/XR_HAND/patient08143/study1_positive/image1.png,XR_HAND,patient08143,study1_positive,1,image1.png,train,/content/drive/MyDrive/MURA-v1.1/train/XR_HAND/patient08143/study1_positive/image1.png,train/XR_HAND/patient08143/study1_positive,1,abnormal,/content/MURA_abnormal_train/XR_HAND/patient08143/study1_positive/image1.png,True,13680,13680,0,22.064165,0.3245614035087719,central,central,MURA_TT_0330
MURA-v1.1/train/XR_FINGER/patient03235/study1_positive/image2.png,XR_FINGER,patient03235,study1_positive,1,image2.png,train,/content/drive/MyDrive/MURA-v1.1/train/XR_FINGER/patient03235/study1_positive/image2.png,train/XR_FINGER/patient03235/study1_positive,1,abnormal,/content/MURA_abnormal_train/XR_FINGER/patient03235/study1_positive/image2.png,True,4803,4803,3,26.826128,0.6643109540636042,intermediate,intermediate,MURA_TT_0331
MURA-v1.1/train/XR_FOREARM/patient04363/study1_positive/image1.png,XR_FOREARM,patient04363,study1_positive,1,image1.png,train,/content/drive/MyDrive/MURA-v1.1/train/XR_FOREARM/patient04363/study1_positive/image1.png,train/XR_FOREARM/patient04363/study1_positive,1,abnormal,/content/MURA_abnormal_train/XR_FOREARM/patient04363/study1_positive/image1.png,True,13059,13059,0,33.087658,0.918918918918919,peripheral,peripheral,MURA_TT_0332
MURA-v1.1/train/XR_SHOULDER/patient00072/study1_positive/image1.png,XR_SHOULDER,patient00072,study1_positive,1,image1.png,train,/content/drive/MyDrive/MURA-v1.1/train/XR_SHOULDER/patient00072/study1_positive/image1.png,train/XR_SHOULDER/patient00072/study1_positive,1,abnormal,/content/MURA_abnormal_train/XR_SHOULDER/patient00072/study1_positive/image1.png,True,208,208,5,20.080666,0.1014218009478673,central,central,MURA_TT_0333
MURA-v1.1/train/XR_FINGER/patient03618/study1_positive/image2.png,XR_FINGER,patient03618,study1_positive,1,image2.png,train,/content/drive/MyDrive/MURA-v1.1/train/XR_FINGER/patient03618/study1_positive/image2.png,train/XR_FINGER/patient03618/study1_positive,1,abnormal,/content/MURA_abnormal_train/XR_FINGER/patient03618/study1_positive/image2.png,True,6096,6096,5,22.20234,0.2623906705539358,central,central,MURA_TT_0334
MURA-v1.1/train/XR_FINGER/patient03253/study1_positive/image3.png,XR_FINGER,patient03253,study1_positive,1,image3.png,train,/content/drive/MyDrive/MURA-v1.1/train/XR_FINGER/patient03253/study1_positive/image3.png,train/XR_FINGER/patient03253/study1_positive,1,abnormal,/content/MURA_abnormal_train/XR_FINGER/patient03253/study1_positive/image3.png,True,4869,4869,1,25.99384,0.4545454545454545,central,central,MURA_TT_0335
MURA-v1.1/train/XR_WRIST/patient07129/study1_positive/image3.png,XR_WRIST,patient07129,study1_positive,1,image3.png,train,/content/drive/MyDrive/MURA-v1.1/train/XR_WRIST/patient07129/study1_positive/image3.png,train/XR_WRIST/patient07129/study1_positive,1,abnormal,/content/MURA_abnormal_train/XR_WRIST/patient07129/study1_positive/image3.png,True,11585,11585,3,27.278687,0.524904214559387,intermediate,intermediate,MURA_TT_0336
MURA-v1.1/train/XR_FINGER/patient03467/study1_positive/image1.png,XR_FINGER,patient03467,study1_positive,1,image1.png,train,/content/drive/MyDrive/MURA-v1.1/train/XR_FINGER/patient03467/study1_positive/image1.png,train/XR_FINGER/patient03467/study1_positive,1,abnormal,/content/MURA_abnormal_train/XR_FINGER/patient03467/study1_positive/image1.png,True,5586,5586,2,21.721474,0.128133704735376,central,central,MURA_TT_0337
MURA-v1.1/train/XR_ELBOW/patient05224/study1_positive/image2.png,XR_ELBOW,patient05224,study1_positive,1,image2.png,train,/content/drive/MyDrive/MURA-v1.1/train/XR_ELBOW/patient05224/study1_positive/image2.png,train/XR_ELBOW/patient05224/study1_positive,1,abnormal,/content/MURA_abnormal_train/XR_ELBOW/patient05224/study1_positive/image2.png,True,7917,7917,4,29.71741,0.3989361702127659,central,central,MURA_TT_0338
MURA-v1.1/train/XR_HUMERUS/patient02715/study1_positive/image2.png,XR_HUMERUS,patient02715,study1_positive,1,image2.png,train,/content/drive/MyDrive/MURA-v1.1/train/XR_HUMERUS/patient02715/study1_positive/image2.png,train/XR_HUMERUS/patient02715/study1_positive,1,abnormal,/content/MURA_abnormal_train/XR_HUMERUS/patient02715/study1_positive/image2.png,True,4215,4215,3,22.946527,0.131004366812227,central,central,MURA_TT_0339
MURA-v1.1/train/XR_WRIST/patient06743/study1_positive/image2.png,XR_WRIST,patient06743,study1_positive,1,image2.png,train,/content/drive/MyDrive/MURA-v1.1/train/XR_WRIST/patient06743/study1_positive/image2.png,train/XR_WRIST/patient06743/study1_positive,1,abnormal,/content/MURA_abnormal_train/XR_WRIST/patient06743/study1_positive/image2.png,True,10140,10140,4,24.454134,0.2449567723342939,central,central,MURA_TT_0340
MURA-v1.1/train/XR_SHOULDER/patient01328/study1_positive/image2.png,XR_SHOULDER,patient01328,study1_positive,1,image2.png,train,/content/drive/MyDrive/MURA-v1.1/train/XR_SHOULDER/patient01328/study1_positive/image2.png,train/XR_SHOULDER/patient01328/study1_positive,1,abnormal,/content/MURA_abnormal_train/XR_SHOULDER/patient01328/study1_positive/image2.png,True,3923,3923,3,34.015263,0.893644617380026,peripheral,peripheral,MURA_TT_0341
MURA-v1.1/train/XR_FINGER/patient03255/study1_positive/image2.png,XR_FINGER,patient03255,study1_positive,1,image2.png,train,/content/drive/MyDrive/MURA-v1.1/train/XR_FINGER/patient03255/study1_positive/image2.png,train/XR_FINGER/patient03255/study1_positive,1,abnormal,/content/MURA_abnormal_train/XR_FINGER/patient03255/study1_positive/image2.png,True,4874,4874,0,28.222769,0.4338461538461538,central,central,MURA_TT_0342
MURA-v1.1/train/XR_WRIST/patient06873/study1_positive/image3.png,XR_WRIST,patient06873,study1_positive,1,image3.png,train,/content/drive/MyDrive/MURA-v1.1/train/XR_WRIST/patient06873/study1_positive/image3.png,train/XR_WRIST/patient06873/study1_positive,1,abnormal,/content/MURA_abnormal_train/XR_WRIST/patient06873/study1_positive/image3.png,True,10626,10626,7,34.402355,0.7310344827586207,intermediate,intermediate,MURA_TT_0343
MURA-v1.1/train/XR_HAND/patient09867/study1_positive/image1.png,XR_HAND,patient09867,study1_positive,1,image1.png,train,/content/drive/MyDrive/MURA-v1.1/train/XR_HAND/patient09867/study1_positive/image1.png,train/XR_HAND/patient09867/study1_positive,1,abnormal,/content/MURA_abnormal_train/XR_HAND/patient09867/study1_positive/image1.png,True,13891,13891,2,22.27605,0.1514195583596214,central,central,MURA_TT_0344
MURA-v1.1/train/XR_FINGER/patient03758/study1_positive/image1.png,XR_FINGER,patient03758,study1_positive,1,image1.png,train,/content/drive/MyDrive/MURA-v1.1/train/XR_FINGER/patient03758/study1_positive/image1.png,train/XR_FINGER/patient03758/study1_positive,1,abnormal,/content/MURA_abnormal_train/XR_FINGER/patient03758/study1_positive/image1.png,True,6564,6564,5,25.302393,0.6122448979591837,intermediate,intermediate,MURA_TT_0345
MURA-v1.1/train/XR_WRIST/patient07402/study1_positive/image1.png,XR_WRIST,patient07402,study1_positive,1,image1.png,train,/content/drive/MyDrive/MURA-v1.1/train/XR_WRIST/patient07402/study1_positive/image1.png,train/XR_WRIST/patient07402/study1_positive,1,abnormal,/content/MURA_abnormal_train/XR_WRIST/patient07402/study1_positive/image1.png,True,12605,12605,0,41.37826,0.8823529411764706,peripheral,peripheral,MURA_TT_0346
MURA-v1.1/train/XR_FINGER/patient03381/study1_positive/image2.png,XR_FINGER,patient03381,study1_positive,1,image2.png,train,/content/drive/MyDrive/MURA-v1.1/train/XR_FINGER/patient03381/study1_positive/image2.png,train/XR_FINGER/patient03381/study1_positive,1,abnormal,/content/MURA_abnormal_train/XR_FINGER/patient03381/study1_positive/image2.png,True,5300,5300,1,26.387926,0.5127272727272727,intermediate,intermediate,MURA_TT_0347
MURA-v1.1/train/XR_WRIST/patient01395/study1_positive/image4.png,XR_WRIST,patient01395,study1_positive,1,image4.png,train,/content/drive/MyDrive/MURA-v1.1/train/XR_WRIST/patient01395/study1_positive/image4.png,train/XR_WRIST/patient01395/study1_positive,1,abnormal,/content/MURA_abnormal_train/XR_WRIST/patient01395/study1_positive/image4.png,True,9980,9980,8,22.615591,0.2934560327198364,central,central,MURA_TT_0348
MURA-v1.1/train/XR_SHOULDER/patient00879/study1_positive/image3.png,XR_SHOULDER,patient00879,study1_positive,1,image3.png,train,/content/drive/MyDrive/MURA-v1.1/train/XR_SHOULDER/patient00879/study1_positive/image3.png,train/XR_SHOULDER/patient00879/study1_positive,1,abnormal,/content/MURA_abnormal_train/XR_SHOULDER/patient00879/study1_positive/image3.png,True,2647,2647,5,19.296019,0.0530805687203791,central,central,MURA_TT_0349
MURA-v1.1/train/XR_HAND/patient10067/study1_positive/image3.png,XR_HAND,patient10067,study1_positive,1,image3.png,train,/content/drive/MyDrive/MURA-v1.1/train/XR_HAND/patient10067/study1_positive/image3.png,train/XR_HAND/patient10067/study1_positive,1,abnormal,/content/MURA_abnormal_train/XR_HAND/patient10067/study1_positive/image3.png,True,14623,14623,5,26.523254,0.8740740740740741,peripheral,peripheral,MURA_TT_0350
MURA-v1.1/train/XR_ELBOW/patient04923/study1_positive/image2.png,XR_ELBOW,patient04923,study1_positive,1,image2.png,train,/content/drive/MyDrive/MURA-v1.1/train/XR_ELBOW/patient04923/study1_positive/image2.png,train/XR_ELBOW/patient04923/study1_positive,1,abnormal,/content/MURA_abnormal_train/XR_ELBOW/patient04923/study1_positive/image2.png,True,6800,6800,3,35.051594,0.6222222222222222,intermediate,intermediate,MURA_TT_0351
MURA-v1.1/train/XR_FINGER/patient03514/study1_positive/image2.png,XR_FINGER,patient03514,study1_positive,1,image2.png,train,/content/drive/MyDrive/MURA-v1.1/train/XR_FINGER/patient03514/study1_positive/image2.png,train/XR_FINGER/patient03514/study1_positive,1,abnormal,/content/MURA_abnormal_train/XR_FINGER/patient03514/study1_positive/image2.png,True,5744,5744,4,21.439484,0.1984334203655352,central,central,MURA_TT_0352
MURA-v1.1/train/XR_SHOULDER/patient00124/study1_positive/image1.png,XR_SHOULDER,patient00124,study1_positive,1,image1.png,train,/content/drive/MyDrive/MURA-v1.1/train/XR_SHOULDER/patient00124/study1_positive/image1.png,train/XR_SHOULDER/patient00124/study1_positive,1,abnormal,/content/MURA_abnormal_train/XR_SHOULDER/patient00124/study1_positive/image1.png,True,367,367,3,29.230146,0.6329442282749675,intermediate,intermediate,MURA_TT_0353
MURA-v1.1/train/XR_WRIST/patient06758/study1_positive/image3.png,XR_WRIST,patient06758,study1_positive,1,image3.png,train,/content/drive/MyDrive/MURA-v1.1/train/XR_WRIST/patient06758/study1_positive/image3.png,train/XR_WRIST/patient06758/study1_positive,1,abnormal,/content/MURA_abnormal_train/XR_WRIST/patient06758/study1_positive/image3.png,True,10192,10192,1,23.505547,0.3225806451612903,central,central,MURA_TT_0354
MURA-v1.1/train/XR_ELBOW/patient05264/study1_positive/image1.png,XR_ELBOW,patient05264,study1_positive,1,image1.png,train,/content/drive/MyDrive/MURA-v1.1/train/XR_ELBOW/patient05264/study1_positive/image1.png,train/XR_ELBOW/patient05264/study1_positive,1,abnormal,/content/MURA_abnormal_train/XR_ELBOW/patient05264/study1_positive/image1.png,True,8057,8057,1,27.313467,0.9027237354085604,peripheral,peripheral,MURA_TT_0355
MURA-v1.1/train/XR_FOREARM/patient09160/study1_positive/image1.png,XR_FOREARM,patient09160,study1_positive,1,image1.png,train,/content/drive/MyDrive/MURA-v1.1/train/XR_FOREARM/patient09160/study1_positive/image1.png,train/XR_FOREARM/patient09160/study1_positive,1,abnormal,/content/MURA_abnormal_train/XR_FOREARM/patient09160/study1_positive/image1.png,True,12958,12958,1,29.514732,0.6219512195121951,intermediate,intermediate,MURA_TT_0356
MURA-v1.1/train/XR_WRIST/patient06571/study1_positive/image2.png,XR_WRIST,patient06571,study1_positive,1,image2.png,train,/content/drive/MyDrive/MURA-v1.1/train/XR_WRIST/patient06571/study1_positive/image2.png,train/XR_WRIST/patient06571/study1_positive,1,abnormal,/content/MURA_abnormal_train/XR_WRIST/patient06571/study1_positive/image2.png,True,9485,9485,5,22.915724,0.3735537190082644,central,central,MURA_TT_0357
MURA-v1.1/train/XR_WRIST/patient06621/study1_positive/image3.png,XR_WRIST,patient06621,study1_positive,1,image3.png,train,/content/drive/MyDrive/MURA-v1.1/train/XR_WRIST/patient06621/study1_positive/image3.png,train/XR_WRIST/patient06621/study1_positive,1,abnormal,/content/MURA_abnormal_train/XR_WRIST/patient06621/study1_positive/image3.png,True,9661,9661,3,31.808064,0.8524904214559387,peripheral,peripheral,MURA_TT_0358
MURA-v1.1/train/XR_SHOULDER/patient00031/study1_positive/image2.png,XR_SHOULDER,patient00031,study1_positive,1,image2.png,train,/content/drive/MyDrive/MURA-v1.1/train/XR_SHOULDER/patient00031/study1_positive/image2.png,train/XR_SHOULDER/patient00031/study1_positive,1,abnormal,/content/MURA_abnormal_train/XR_SHOULDER/patient00031/study1_positive/image2.png,True,84,84,3,26.254025,0.3437094682230869,central,central,MURA_TT_0359
MURA-v1.1/train/XR_SHOULDER/patient00471/study1_positive/image2.png,XR_SHOULDER,patient00471,study1_positive,1,image2.png,train,/content/drive/MyDrive/MURA-v1.1/train/XR_SHOULDER/patient00471/study1_positive/image2.png,train/XR_SHOULDER/patient00471/study1_positive,1,abnormal,/content/MURA_abnormal_train/XR_SHOULDER/patient00471/study1_positive/image2.png,True,1424,1424,0,22.315702,0.3724928366762177,central,central,MURA_TT_0360
MURA-v1.1/train/XR_FINGER/patient03473/study1_positive/image1.png,XR_FINGER,patient03473,study1_positive,1,image1.png,train,/content/drive/MyDrive/MURA-v1.1/train/XR_FINGER/patient03473/study1_positive/image1.png,train/XR_FINGER/patient03473/study1_positive,1,abnormal,/content/MURA_abnormal_train/XR_FINGER/patient03473/study1_positive/image1.png,True,5605,5605,4,26.109653,0.7049608355091384,intermediate,intermediate,MURA_TT_0361
MURA-v1.1/train/XR_FINGER/patient03601/study1_positive/image3.png,XR_FINGER,patient03601,study1_positive,1,image3.png,train,/content/drive/MyDrive/MURA-v1.1/train/XR_FINGER/patient03601/study1_positive/image3.png,train/XR_FINGER/patient03601/study1_positive,1,abnormal,/content/MURA_abnormal_train/XR_FINGER/patient03601/study1_positive/image3.png,True,6045,6045,1,24.111763,0.2654545454545454,central,central,MURA_TT_0362
MURA-v1.1/train/XR_HAND/patient09809/study1_positive/image1.png,XR_HAND,patient09809,study1_positive,1,image1.png,train,/content/drive/MyDrive/MURA-v1.1/train/XR_HAND/patient09809/study1_positive/image1.png,train/XR_HAND/patient09809/study1_positive,1,abnormal,/content/MURA_abnormal_train/XR_HAND/patient09809/study1_positive/image1.png,True,13676,13676,1,25.601065,0.2049469964664311,central,central,MURA_TT_0363
MURA-v1.1/train/XR_ELBOW/patient05238/study1_positive/image2.png,XR_ELBOW,patient05238,study1_positive,1,image2.png,train,/content/drive/MyDrive/MURA-v1.1/train/XR_ELBOW/patient05238/study1_positive/image2.png,train/XR_ELBOW/patient05238/study1_positive,1,abnormal,/content/MURA_abnormal_train/XR_ELBOW/patient05238/study1_positive/image2.png,True,7960,7960,4,29.913465,0.425531914893617,central,central,MURA_TT_0364
MURA-v1.1/train/XR_FOREARM/patient09090/study1_positive/image2.png,XR_FOREARM,patient09090,study1_positive,1,image2.png,train,/content/drive/MyDrive/MURA-v1.1/train/XR_FOREARM/patient09090/study1_positive/image2.png,train/XR_FOREARM/patient09090/study1_positive,1,abnormal,/content/MURA_abnormal_train/XR_FOREARM/patient09090/study1_positive/image2.png,True,12751,12751,2,30.778082,0.9047619047619048,peripheral,peripheral,MURA_TT_0365
MURA-v1.1/train/XR_FINGER/patient03321/study1_positive/image1.png,XR_FINGER,patient03321,study1_positive,1,image1.png,train,/content/drive/MyDrive/MURA-v1.1/train/XR_FINGER/patient03321/study1_positive/image1.png,train/XR_FINGER/patient03321/study1_positive,1,abnormal,/content/MURA_abnormal_train/XR_FINGER/patient03321/study1_positive/image1.png,True,5103,5103,4,21.513891,0.2114882506527415,central,central,MURA_TT_0366
MURA-v1.1/train/XR_WRIST/patient07227/study1_positive/image1.png,XR_WRIST,patient07227,study1_positive,1,image1.png,train,/content/drive/MyDrive/MURA-v1.1/train/XR_WRIST/patient07227/study1_positive/image1.png,train/XR_WRIST/patient07227/study1_positive,1,abnormal,/content/MURA_abnormal_train/XR_WRIST/patient07227/study1_positive/image1.png,True,11976,11976,3,22.88078,0.0708812260536398,central,central,MURA_TT_0367
MURA-v1.1/train/XR_FINGER/patient03472/study1_positive/image3.png,XR_FINGER,patient03472,study1_positive,1,image3.png,train,/content/drive/MyDrive/MURA-v1.1/train/XR_FINGER/patient03472/study1_positive/image3.png,train/XR_FINGER/patient03472/study1_positive,1,abnormal,/content/MURA_abnormal_train/XR_FINGER/patient03472/study1_positive/image3.png,True,5604,5604,0,35.597927,0.8861538461538462,peripheral,peripheral,MURA_TT_0368
MURA-v1.1/train/XR_SHOULDER/patient01209/study1_positive/image1.png,XR_SHOULDER,patient01209,study1_positive,1,image1.png,train,/content/drive/MyDrive/MURA-v1.1/train/XR_SHOULDER/patient01209/study1_positive/image1.png,train/XR_SHOULDER/patient01209/study1_positive,1,abnormal,/content/MURA_abnormal_train/XR_SHOULDER/patient01209/study1_positive/image1.png,True,3584,3584,0,22.59749,0.3968481375358166,central,central,MURA_TT_0369
MURA-v1.1/train/XR_ELBOW/patient05436/study1_positive/image2.png,XR_ELBOW,patient05436,study1_positive,1,image2.png,train,/content/drive/MyDrive/MURA-v1.1/train/XR_ELBOW/patient05436/study1_positive/image2.png,train/XR_ELBOW/patient05436/study1_positive,1,abnormal,/content/MURA_abnormal_train/XR_ELBOW/patient05436/study1_positive/image2.png,True,8668,8668,5,28.640629,0.6011730205278593,intermediate,intermediate,MURA_TT_0370
MURA-v1.1/train/XR_SHOULDER/patient00841/study1_positive/image2.png,XR_SHOULDER,patient00841,study1_positive,1,image2.png,train,/content/drive/MyDrive/MURA-v1.1/train/XR_SHOULDER/patient00841/study1_positive/image2.png,train/XR_SHOULDER/patient00841/study1_positive,1,abnormal,/content/MURA_abnormal_train/XR_SHOULDER/patient00841/study1_positive/image2.png,True,2530,2530,5,24.087366,0.4947867298578199,central,central,MURA_TT_0371
MURA-v1.1/train/XR_WRIST/patient06972/study1_positive/image3.png,XR_WRIST,patient06972,study1_positive,1,image3.png,train,/content/drive/MyDrive/MURA-v1.1/train/XR_WRIST/patient06972/study1_positive/image3.png,train/XR_WRIST/patient06972/study1_positive,1,abnormal,/content/MURA_abnormal_train/XR_WRIST/patient06972/study1_positive/image3.png,True,10977,10977,5,20.171711,0.1107438016528925,central,central,MURA_TT_0372
MURA-v1.1/train/XR_ELBOW/patient05145/study1_positive/image3.png,XR_ELBOW,patient05145,study1_positive,1,image3.png,train,/content/drive/MyDrive/MURA-v1.1/train/XR_ELBOW/patient05145/study1_positive/image3.png,train/XR_ELBOW/patient05145/study1_positive,1,abnormal,/content/MURA_abnormal_train/XR_ELBOW/patient05145/study1_positive/image3.png,True,7622,7622,1,19.198753,0.2140077821011673,central,central,MURA_TT_0373
MURA-v1.1/train/XR_WRIST/patient01456/study1_positive/image3.png,XR_WRIST,patient01456,study1_positive,1,image3.png,train,/content/drive/MyDrive/MURA-v1.1/train/XR_WRIST/patient01456/study1_positive/image3.png,train/XR_WRIST/patient01456/study1_positive,1,abnormal,/content/MURA_abnormal_train/XR_WRIST/patient01456/study1_positive/image3.png,True,12229,12229,3,27.148579,0.5057471264367817,intermediate,intermediate,MURA_TT_0374
MURA-v1.1/train/XR_WRIST/patient07402/study1_positive/image7.png,XR_WRIST,patient07402,study1_positive,1,image7.png,train,/content/drive/MyDrive/MURA-v1.1/train/XR_WRIST/patient07402/study1_positive/image7.png,train/XR_WRIST/patient07402/study1_positive,1,abnormal,/content/MURA_abnormal_train/XR_WRIST/patient07402/study1_positive/image7.png,True,12611,12611,0,27.145731,0.1176470588235294,central,central,MURA_TT_0375
MURA-v1.1/train/XR_SHOULDER/patient00552/study1_positive/image1.png,XR_SHOULDER,patient00552,study1_positive,1,image1.png,train,/content/drive/MyDrive/MURA-v1.1/train/XR_SHOULDER/patient00552/study1_positive/image1.png,train/XR_SHOULDER/patient00552/study1_positive,1,abnormal,/content/MURA_abnormal_train/XR_SHOULDER/patient00552/study1_positive/image1.png,True,1676,1676,5,24.505035,0.5497630331753555,intermediate,intermediate,MURA_TT_0376
MURA-v1.1/train/XR_FINGER/patient03244/study1_positive/image1.png,XR_FINGER,patient03244,study1_positive,1,image1.png,train,/content/drive/MyDrive/MURA-v1.1/train/XR_FINGER/patient03244/study1_positive/image1.png,train/XR_FINGER/patient03244/study1_positive,1,abnormal,/content/MURA_abnormal_train/XR_FINGER/patient03244/study1_positive/image1.png,True,4834,4834,4,22.463867,0.3107049608355091,central,central,MURA_TT_0377
MURA-v1.1/train/XR_WRIST/patient04439/study1_positive/image3.png,XR_WRIST,patient04439,study1_positive,1,image3.png,train,/content/drive/MyDrive/MURA-v1.1/train/XR_WRIST/patient04439/study1_positive/image3.png,train/XR_WRIST/patient04439/study1_positive,1,abnormal,/content/MURA_abnormal_train/XR_WRIST/patient04439/study1_positive/image3.png,True,9853,9853,4,24.959759,0.2881844380403458,central,central,MURA_TT_0378
MURA-v1.1/train/XR_WRIST/patient07267/study1_positive/image1.png,XR_WRIST,patient07267,study1_positive,1,image1.png,train,/content/drive/MyDrive/MURA-v1.1/train/XR_WRIST/patient07267/study1_positive/image1.png,train/XR_WRIST/patient07267/study1_positive,1,abnormal,/content/MURA_abnormal_train/XR_WRIST/patient07267/study1_positive/image1.png,True,12137,12137,8,23.262938,0.3824130879345603,central,central,MURA_TT_0379
MURA-v1.1/train/XR_SHOULDER/patient01102/study1_positive/image1.png,XR_SHOULDER,patient01102,study1_positive,1,image1.png,train,/content/drive/MyDrive/MURA-v1.1/train/XR_SHOULDER/patient01102/study1_positive/image1.png,train/XR_SHOULDER/patient01102/study1_positive,1,abnormal,/content/MURA_abnormal_train/XR_SHOULDER/patient01102/study1_positive/image1.png,True,3278,3278,4,27.998142,0.2712215320910973,central,central,MURA_TT_0380
MURA-v1.1/train/XR_SHOULDER/patient00411/study1_positive/image1.png,XR_SHOULDER,patient00411,study1_positive,1,image1.png,train,/content/drive/MyDrive/MURA-v1.1/train/XR_SHOULDER/patient00411/study1_positive/image1.png,train/XR_SHOULDER/patient00411/study1_positive,1,abnormal,/content/MURA_abnormal_train/XR_SHOULDER/patient00411/study1_positive/image1.png,True,1259,1259,4,29.394115,0.4265010351966873,central,central,MURA_TT_0381
MURA-v1.1/train/XR_HAND/patient09907/study1_positive/image2.png,XR_HAND,patient09907,study1_positive,1,image2.png,train,/content/drive/MyDrive/MURA-v1.1/train/XR_HAND/patient09907/study1_positive/image2.png,train/XR_HAND/patient09907/study1_positive,1,abnormal,/content/MURA_abnormal_train/XR_HAND/patient09907/study1_positive/image2.png,True,14071,14071,3,32.711895,0.6153846153846154,intermediate,intermediate,MURA_TT_0382
MURA-v1.1/train/XR_FINGER/patient03378/study1_positive/image2.png,XR_FINGER,patient03378,study1_positive,1,image2.png,train,/content/drive/MyDrive/MURA-v1.1/train/XR_FINGER/patient03378/study1_positive/image2.png,train/XR_FINGER/patient03378/study1_positive,1,abnormal,/content/MURA_abnormal_train/XR_FINGER/patient03378/study1_positive/image2.png,True,5290,5290,3,22.80233,0.2826855123674912,central,central,MURA_TT_0383
MURA-v1.1/train/XR_WRIST/patient07313/study1_positive/image1.png,XR_WRIST,patient07313,study1_positive,1,image1.png,train,/content/drive/MyDrive/MURA-v1.1/train/XR_WRIST/patient07313/study1_positive/image1.png,train/XR_WRIST/patient07313/study1_positive,1,abnormal,/content/MURA_abnormal_train/XR_WRIST/patient07313/study1_positive/image1.png,True,12309,12309,2,24.32425,0.4226579520697168,central,central,MURA_TT_0384
MURA-v1.1/train/XR_SHOULDER/patient00799/study1_positive/image1.png,XR_SHOULDER,patient00799,study1_positive,1,image1.png,train,/content/drive/MyDrive/MURA-v1.1/train/XR_SHOULDER/patient00799/study1_positive/image1.png,train/XR_SHOULDER/patient00799/study1_positive,1,abnormal,/content/MURA_abnormal_train/XR_SHOULDER/patient00799/study1_positive/image1.png,True,2416,2416,4,26.986664,0.1718426501035196,central,central,MURA_TT_0385
MURA-v1.1/train/XR_HAND/patient09781/study1_positive/image2.png,XR_HAND,patient09781,study1_positive,1,image2.png,train,/content/drive/MyDrive/MURA-v1.1/train/XR_HAND/patient09781/study1_positive/image2.png,train/XR_HAND/patient09781/study1_positive,1,abnormal,/content/MURA_abnormal_train/XR_HAND/patient09781/study1_positive/image2.png,True,13559,13559,0,24.744286,0.5877192982456141,intermediate,intermediate,MURA_TT_0386
MURA-v1.1/train/XR_FINGER/patient03701/study1_positive/image2.png,XR_FINGER,patient03701,study1_positive,1,image2.png,train,/content/drive/MyDrive/MURA-v1.1/train/XR_FINGER/patient03701/study1_positive/image2.png,train/XR_FINGER/patient03701/study1_positive,1,abnormal,/content/MURA_abnormal_train/XR_FINGER/patient03701/study1_positive/image2.png,True,6372,6372,5,22.412987,0.2886297376093295,central,central,MURA_TT_0387
MURA-v1.1/train/XR_SHOULDER/patient00681/study1_positive/image2.png,XR_SHOULDER,patient00681,study1_positive,1,image2.png,train,/content/drive/MyDrive/MURA-v1.1/train/XR_SHOULDER/patient00681/study1_positive/image2.png,train/XR_SHOULDER/patient00681/study1_positive,1,abnormal,/content/MURA_abnormal_train/XR_SHOULDER/patient00681/study1_positive/image2.png,True,2058,2058,3,33.60417,0.8780804150453956,peripheral,peripheral,MURA_TT_0388
MURA-v1.1/train/XR_FOREARM/patient09118/study1_positive/image3.png,XR_FOREARM,patient09118,study1_positive,1,image3.png,train,/content/drive/MyDrive/MURA-v1.1/train/XR_FOREARM/patient09118/study1_positive/image3.png,train/XR_FOREARM/patient09118/study1_positive,1,abnormal,/content/MURA_abnormal_train/XR_FOREARM/patient09118/study1_positive/image3.png,True,12830,12830,2,18.831446,0.0952380952380952,central,central,MURA_TT_0389
MURA-v1.1/train/XR_SHOULDER/patient00412/study1_positive/image2.png,XR_SHOULDER,patient00412,study1_positive,1,image2.png,train,/content/drive/MyDrive/MURA-v1.1/train/XR_SHOULDER/patient00412/study1_positive/image2.png,train/XR_SHOULDER/patient00412/study1_positive,1,abnormal,/content/MURA_abnormal_train/XR_SHOULDER/patient00412/study1_positive/image2.png,True,1261,1261,5,20.761219,0.1582938388625592,central,central,MURA_TT_0390
MURA-v1.1/train/XR_WRIST/patient06580/study1_positive/image3.png,XR_WRIST,patient06580,study1_positive,1,image3.png,train,/content/drive/MyDrive/MURA-v1.1/train/XR_WRIST/patient06580/study1_positive/image3.png,train/XR_WRIST/patient06580/study1_positive,1,abnormal,/content/MURA_abnormal_train/XR_WRIST/patient06580/study1_positive/image3.png,True,9516,9516,4,30.702703,0.7579250720461095,intermediate,intermediate,MURA_TT_0391
MURA-v1.1/train/XR_WRIST/patient07293/study1_positive/image3.png,XR_WRIST,patient07293,study1_positive,1,image3.png,train,/content/drive/MyDrive/MURA-v1.1/train/XR_WRIST/patient07293/study1_positive/image3.png,train/XR_WRIST/patient07293/study1_positive,1,abnormal,/content/MURA_abnormal_train/XR_WRIST/patient07293/study1_positive/image3.png,True,12226,12226,2,22.783363,0.2657952069716776,central,central,MURA_TT_0392
MURA-v1.1/train/XR_FINGER/patient03707/study1_positive/image2.png,XR_FINGER,patient03707,study1_positive,1,image2.png,train,/content/drive/MyDrive/MURA-v1.1/train/XR_FINGER/patient03707/study1_positive/image2.png,train/XR_FINGER/patient03707/study1_positive,1,abnormal,/content/MURA_abnormal_train/XR_FINGER/patient03707/study1_positive/image2.png,True,6392,6392,4,21.923525,0.2558746736292428,central,central,MURA_TT_0393
MURA-v1.1/train/XR_FOREARM/patient09256/study1_positive/image2.png,XR_FOREARM,patient09256,study1_positive,1,image2.png,train,/content/drive/MyDrive/MURA-v1.1/train/XR_FOREARM/patient09256/study1_positive/image2.png,train/XR_FOREARM/patient09256/study1_positive,1,abnormal,/content/MURA_abnormal_train/XR_FOREARM/patient09256/study1_positive/image2.png,True,13259,13259,5,28.593756,0.6764705882352942,intermediate,intermediate,MURA_TT_0394
MURA-v1.1/train/XR_FINGER/patient03612/study1_positive/image4.png,XR_FINGER,patient03612,study1_positive,1,image4.png,train,/content/drive/MyDrive/MURA-v1.1/train/XR_FINGER/patient03612/study1_positive/image4.png,train/XR_FINGER/patient03612/study1_positive,1,abnormal,/content/MURA_abnormal_train/XR_FINGER/patient03612/study1_positive/image4.png,True,6079,6079,5,26.976717,0.7725947521865889,intermediate,intermediate,MURA_TT_0395
MURA-v1.1/train/XR_HAND/patient09820/study1_positive/image1.png,XR_HAND,patient09820,study1_positive,1,image1.png,train,/content/drive/MyDrive/MURA-v1.1/train/XR_HAND/patient09820/study1_positive/image1.png,train/XR_HAND/patient09820/study1_positive,1,abnormal,/content/MURA_abnormal_train/XR_HAND/patient09820/study1_positive/image1.png,True,13728,13728,5,18.996359,0.1037037037037037,central,central,MURA_TT_0396
MURA-v1.1/train/XR_SHOULDER/patient01050/study1_positive/image1.png,XR_SHOULDER,patient01050,study1_positive,1,image1.png,train,/content/drive/MyDrive/MURA-v1.1/train/XR_SHOULDER/patient01050/study1_positive/image1.png,train/XR_SHOULDER/patient01050/study1_positive,1,abnormal,/content/MURA_abnormal_train/XR_SHOULDER/patient01050/study1_positive/image1.png,True,3126,3126,2,26.634375,0.4612590799031477,central,central,MURA_TT_0397
MURA-v1.1/train/XR_WRIST/patient06517/study1_positive/image1.png,XR_WRIST,patient06517,study1_positive,1,image1.png,train,/content/drive/MyDrive/MURA-v1.1/train/XR_WRIST/patient06517/study1_positive/image1.png,train/XR_WRIST/patient06517/study1_positive,1,abnormal,/content/MURA_abnormal_train/XR_WRIST/patient06517/study1_positive/image1.png,True,9302,9302,3,28.019941,0.5881226053639846,intermediate,intermediate,MURA_TT_0398
MURA-v1.1/train/XR_ELBOW/patient05111/study1_positive/image5.png,XR_ELBOW,patient05111,study1_positive,1,image5.png,train,/content/drive/MyDrive/MURA-v1.1/train/XR_ELBOW/patient05111/study1_positive/image5.png,train/XR_ELBOW/patient05111/study1_positive,1,abnormal,/content/MURA_abnormal_train/XR_ELBOW/patient05111/study1_positive/image5.png,True,7489,7489,5,28.476456,0.5806451612903226,intermediate,intermediate,MURA_TT_0399
MURA-v1.1/train/XR_FINGER/patient03595/study1_positive/image2.png,XR_FINGER,patient03595,study1_positive,1,image2.png,train,/content/drive/MyDrive/MURA-v1.1/train/XR_FINGER/patient03595/study1_positive/image2.png,train/XR_FINGER/patient03595/study1_positive,1,abnormal,/content/MURA_abnormal_train/XR_FINGER/patient03595/study1_positive/image2.png,True,6025,6025,5,24.389639,0.5247813411078717,intermediate,intermediate,MURA_TT_0400
MURA-v1.1/train/XR_HAND/patient09819/study1_positive/image1.png,XR_HAND,patient09819,study1_positive,1,image1.png,train,/content/drive/MyDrive/MURA-v1.1/train/XR_HAND/patient09819/study1_positive/image1.png,train/XR_HAND/patient09819/study1_positive,1,abnormal,/content/MURA_abnormal_train/XR_HAND/patient09819/study1_positive/image1.png,True,13725,13725,5,23.544657,0.6259259259259259,intermediate,intermediate,MURA_TT_0401
MURA-v1.1/train/XR_ELBOW/patient05101/study1_positive/image3.png,XR_ELBOW,patient05101,study1_positive,1,image3.png,train,/content/drive/MyDrive/MURA-v1.1/train/XR_ELBOW/patient05101/study1_positive/image3.png,train/XR_ELBOW/patient05101/study1_positive,1,abnormal,/content/MURA_abnormal_train/XR_ELBOW/patient05101/study1_positive/image3.png,True,7452,7452,5,25.166605,0.2434017595307918,central,central,MURA_TT_0402
MURA-v1.1/train/XR_HAND/patient04822/study1_positive/image2.png,XR_HAND,patient04822,study1_positive,1,image2.png,train,/content/drive/MyDrive/MURA-v1.1/train/XR_HAND/patient04822/study1_positive/image2.png,train/XR_HAND/patient04822/study1_positive,1,abnormal,/content/MURA_abnormal_train/XR_HAND/patient04822/study1_positive/image2.png,True,13872,13872,1,36.82961,0.8833922261484098,peripheral,peripheral,MURA_TT_0403
MURA-v1.1/train/XR_FOREARM/patient09231/study1_positive/image1.png,XR_FOREARM,patient09231,study1_positive,1,image1.png,train,/content/drive/MyDrive/MURA-v1.1/train/XR_FOREARM/patient09231/study1_positive/image1.png,train/XR_FOREARM/patient09231/study1_positive,1,abnormal,/content/MURA_abnormal_train/XR_FOREARM/patient09231/study1_positive/image1.png,True,13187,13187,3,30.512451,0.8185840707964602,peripheral,peripheral,MURA_TT_0404
MURA-v1.1/train/XR_FINGER/patient01210/study1_positive/image2.png,XR_FINGER,patient01210,study1_positive,1,image2.png,train,/content/drive/MyDrive/MURA-v1.1/train/XR_FINGER/patient01210/study1_positive/image2.png,train/XR_FINGER/patient01210/study1_positive,1,abnormal,/content/MURA_abnormal_train/XR_FINGER/patient01210/study1_positive/image2.png,True,6683,6683,3,21.51152,0.1908127208480565,central,central,MURA_TT_0405
MURA-v1.1/train/XR_HUMERUS/patient02854/study1_positive/image1.png,XR_HUMERUS,patient02854,study1_positive,1,image1.png,train,/content/drive/MyDrive/MURA-v1.1/train/XR_HUMERUS/patient02854/study1_positive/image1.png,train/XR_HUMERUS/patient02854/study1_positive,1,abnormal,/content/MURA_abnormal_train/XR_HUMERUS/patient02854/study1_positive/image1.png,True,4560,4560,2,25.17328,0.5633802816901409,intermediate,intermediate,MURA_TT_0406
MURA-v1.1/train/XR_WRIST/patient06574/study1_positive/image3.png,XR_WRIST,patient06574,study1_positive,1,image3.png,train,/content/drive/MyDrive/MURA-v1.1/train/XR_WRIST/patient06574/study1_positive/image3.png,train/XR_WRIST/patient06574/study1_positive,1,abnormal,/content/MURA_abnormal_train/XR_WRIST/patient06574/study1_positive/image3.png,True,9497,9497,8,30.5593,0.9468302658486708,peripheral,peripheral,MURA_TT_0407
MURA-v1.1/train/XR_FINGER/patient03429/study1_positive/image3.png,XR_FINGER,patient03429,study1_positive,1,image3.png,train,/content/drive/MyDrive/MURA-v1.1/train/XR_FINGER/patient03429/study1_positive/image3.png,train/XR_FINGER/patient03429/study1_positive,1,abnormal,/content/MURA_abnormal_train/XR_FINGER/patient03429/study1_positive/image3.png,True,5462,5462,2,21.45907,0.1086350974930362,central,central,MURA_TT_0408
MURA-v1.1/train/XR_HUMERUS/patient02737/study1_positive/image1.png,XR_HUMERUS,patient02737,study1_positive,1,image1.png,train,/content/drive/MyDrive/MURA-v1.1/train/XR_HUMERUS/patient02737/study1_positive/image1.png,train/XR_HUMERUS/patient02737/study1_positive,1,abnormal,/content/MURA_abnormal_train/XR_HUMERUS/patient02737/study1_positive/image1.png,True,4274,4274,0,38.571934,0.8613138686131386,peripheral,peripheral,MURA_TT_0409
MURA-v1.1/train/XR_SHOULDER/patient00422/study1_positive/image1.png,XR_SHOULDER,patient00422,study1_positive,1,image1.png,train,/content/drive/MyDrive/MURA-v1.1/train/XR_SHOULDER/patient00422/study1_positive/image1.png,train/XR_SHOULDER/patient00422/study1_positive,1,abnormal,/content/MURA_abnormal_train/XR_SHOULDER/patient00422/study1_positive/image1.png,True,1287,1287,1,28.14659,0.2208955223880597,central,central,MURA_TT_0410
MURA-v1.1/train/XR_FOREARM/patient09287/study1_positive/image1.png,XR_FOREARM,patient09287,study1_positive,1,image1.png,train,/content/drive/MyDrive/MURA-v1.1/train/XR_FOREARM/patient09287/study1_positive/image1.png,train/XR_FOREARM/patient09287/study1_positive,1,abnormal,/content/MURA_abnormal_train/XR_FOREARM/patient09287/study1_positive/image1.png,True,13346,13346,1,26.700565,0.3170731707317073,central,central,MURA_TT_0411
MURA-v1.1/train/XR_FOREARM/patient09278/study1_positive/image3.png,XR_FOREARM,patient09278,study1_positive,1,image3.png,train,/content/drive/MyDrive/MURA-v1.1/train/XR_FOREARM/patient09278/study1_positive/image3.png,train/XR_FOREARM/patient09278/study1_positive,1,abnormal,/content/MURA_abnormal_train/XR_FOREARM/patient09278/study1_positive/image3.png,True,13321,13321,5,35.192528,0.9411764705882352,peripheral,peripheral,MURA_TT_0412
MURA-v1.1/train/XR_WRIST/patient06953/study1_positive/image1.png,XR_WRIST,patient06953,study1_positive,1,image1.png,train,/content/drive/MyDrive/MURA-v1.1/train/XR_WRIST/patient06953/study1_positive/image1.png,train/XR_WRIST/patient06953/study1_positive,1,abnormal,/content/MURA_abnormal_train/XR_WRIST/patient06953/study1_positive/image1.png,True,10917,10917,4,25.5421,0.345821325648415,central,central,MURA_TT_0413
MURA-v1.1/train/XR_HAND/patient09931/study1_positive/image1.png,XR_HAND,patient09931,study1_positive,1,image1.png,train,/content/drive/MyDrive/MURA-v1.1/train/XR_HAND/patient09931/study1_positive/image1.png,train/XR_HAND/patient09931/study1_positive,1,abnormal,/content/MURA_abnormal_train/XR_HAND/patient09931/study1_positive/image1.png,True,14144,14144,5,19.09589,0.1222222222222222,central,central,MURA_TT_0414
MURA-v1.1/train/XR_ELBOW/patient05263/study1_positive/image2.png,XR_ELBOW,patient05263,study1_positive,1,image2.png,train,/content/drive/MyDrive/MURA-v1.1/train/XR_ELBOW/patient05263/study1_positive/image2.png,train/XR_ELBOW/patient05263/study1_positive,1,abnormal,/content/MURA_abnormal_train/XR_ELBOW/patient05263/study1_positive/image2.png,True,8055,8055,1,21.02476,0.377431906614786,central,central,MURA_TT_0415
MURA-v1.1/train/XR_SHOULDER/patient00104/study1_positive/image2.png,XR_SHOULDER,patient00104,study1_positive,1,image2.png,train,/content/drive/MyDrive/MURA-v1.1/train/XR_SHOULDER/patient00104/study1_positive/image2.png,train/XR_SHOULDER/patient00104/study1_positive,1,abnormal,/content/MURA_abnormal_train/XR_SHOULDER/patient00104/study1_positive/image2.png,True,303,303,3,29.752487,0.6783398184176395,intermediate,intermediate,MURA_TT_0416
MURA-v1.1/train/XR_ELBOW/patient05056/study1_positive/image4.png,XR_ELBOW,patient05056,study1_positive,1,image4.png,train,/content/drive/MyDrive/MURA-v1.1/train/XR_ELBOW/patient05056/study1_positive/image4.png,train/XR_ELBOW/patient05056/study1_positive,1,abnormal,/content/MURA_abnormal_train/XR_ELBOW/patient05056/study1_positive/image4.png,True,7300,7300,5,28.985415,0.6304985337243402,intermediate,intermediate,MURA_TT_0417
MURA-v1.1/train/XR_ELBOW/patient04960/study1_positive/image1.png,XR_ELBOW,patient04960,study1_positive,1,image1.png,train,/content/drive/MyDrive/MURA-v1.1/train/XR_ELBOW/patient04960/study1_positive/image1.png,train/XR_ELBOW/patient04960/study1_positive,1,abnormal,/content/MURA_abnormal_train/XR_ELBOW/patient04960/study1_positive/image1.png,True,6947,6947,0,29.649338,0.8299319727891157,peripheral,peripheral,MURA_TT_0418
MURA-v1.1/train/XR_ELBOW/patient05121/study1_positive/image2.png,XR_ELBOW,patient05121,study1_positive,1,image2.png,train,/content/drive/MyDrive/MURA-v1.1/train/XR_ELBOW/patient05121/study1_positive/image2.png,train/XR_ELBOW/patient05121/study1_positive,1,abnormal,/content/MURA_abnormal_train/XR_ELBOW/patient05121/study1_positive/image2.png,True,7537,7537,4,28.270103,0.226063829787234,central,central,MURA_TT_0419
MURA-v1.1/train/XR_WRIST/patient04738/study1_positive/image2.png,XR_WRIST,patient04738,study1_positive,1,image2.png,train,/content/drive/MyDrive/MURA-v1.1/train/XR_WRIST/patient04738/study1_positive/image2.png,train/XR_WRIST/patient04738/study1_positive,1,abnormal,/content/MURA_abnormal_train/XR_WRIST/patient04738/study1_positive/image2.png,True,10172,10172,4,36.582443,0.9077809798270894,peripheral,peripheral,MURA_TT_0420
MURA-v1.1/train/XR_FOREARM/patient09199/study1_positive/image1.png,XR_FOREARM,patient09199,study1_positive,1,image1.png,train,/content/drive/MyDrive/MURA-v1.1/train/XR_FOREARM/patient09199/study1_positive/image1.png,train/XR_FOREARM/patient09199/study1_positive,1,abnormal,/content/MURA_abnormal_train/XR_FOREARM/patient09199/study1_positive/image1.png,True,13100,13100,3,23.501202,0.2964601769911504,central,central,MURA_TT_0421
MURA-v1.1/train/XR_FINGER/patient03600/study1_positive/image2.png,XR_FINGER,patient03600,study1_positive,1,image2.png,train,/content/drive/MyDrive/MURA-v1.1/train/XR_FINGER/patient03600/study1_positive/image2.png,train/XR_FINGER/patient03600/study1_positive,1,abnormal,/content/MURA_abnormal_train/XR_FINGER/patient03600/study1_positive/image2.png,True,6041,6041,1,23.704405,0.2181818181818181,central,central,MURA_TT_0422
MURA-v1.1/train/XR_SHOULDER/patient00880/study1_positive/image1.png,XR_SHOULDER,patient00880,study1_positive,1,image1.png,train,/content/drive/MyDrive/MURA-v1.1/train/XR_SHOULDER/patient00880/study1_positive/image1.png,train/XR_SHOULDER/patient00880/study1_positive,1,abnormal,/content/MURA_abnormal_train/XR_SHOULDER/patient00880/study1_positive/image1.png,True,2649,2649,3,21.90775,0.0259403372243839,central,central,MURA_TT_0423
MURA-v1.1/train/XR_FOREARM/patient09130/study1_positive/image1.png,XR_FOREARM,patient09130,study1_positive,1,image1.png,train,/content/drive/MyDrive/MURA-v1.1/train/XR_FOREARM/patient09130/study1_positive/image1.png,train/XR_FOREARM/patient09130/study1_positive,1,abnormal,/content/MURA_abnormal_train/XR_FOREARM/patient09130/study1_positive/image1.png,True,12863,12863,1,26.776588,0.3414634146341463,central,central,MURA_TT_0424
MURA-v1.1/train/XR_SHOULDER/patient01075/study1_positive/image1.png,XR_SHOULDER,patient01075,study1_positive,1,image1.png,train,/content/drive/MyDrive/MURA-v1.1/train/XR_SHOULDER/patient01075/study1_positive/image1.png,train/XR_SHOULDER/patient01075/study1_positive,1,abnormal,/content/MURA_abnormal_train/XR_SHOULDER/patient01075/study1_positive/image1.png,True,3200,3200,3,25.57595,0.2697795071335927,central,central,MURA_TT_0425
MURA-v1.1/train/XR_WRIST/patient01856/study1_positive/image3.png,XR_WRIST,patient01856,study1_positive,1,image3.png,train,/content/drive/MyDrive/MURA-v1.1/train/XR_WRIST/patient01856/study1_positive/image3.png,train/XR_WRIST/patient01856/study1_positive,1,abnormal,/content/MURA_abnormal_train/XR_WRIST/patient01856/study1_positive/image3.png,True,8799,8799,5,20.887733,0.1669421487603306,central,central,MURA_TT_0426
MURA-v1.1/train/XR_SHOULDER/patient00451/study1_positive/image1.png,XR_SHOULDER,patient00451,study1_positive,1,image1.png,train,/content/drive/MyDrive/MURA-v1.1/train/XR_SHOULDER/patient00451/study1_positive/image1.png,train/XR_SHOULDER/patient00451/study1_positive,1,abnormal,/content/MURA_abnormal_train/XR_SHOULDER/patient00451/study1_positive/image1.png,True,1365,1365,2,23.074577,0.12227602905569,central,central,MURA_TT_0427
MURA-v1.1/train/XR_HUMERUS/patient02852/study1_positive/image2.png,XR_HUMERUS,patient02852,study1_positive,1,image2.png,train,/content/drive/MyDrive/MURA-v1.1/train/XR_HUMERUS/patient02852/study1_positive/image2.png,train/XR_HUMERUS/patient02852/study1_positive,1,abnormal,/content/MURA_abnormal_train/XR_HUMERUS/patient02852/study1_positive/image2.png,True,4555,4555,3,26.226555,0.4410480349344978,central,central,MURA_TT_0428
MURA-v1.1/train/XR_HUMERUS/patient02805/study1_positive/image3.png,XR_HUMERUS,patient02805,study1_positive,1,image3.png,train,/content/drive/MyDrive/MURA-v1.1/train/XR_HUMERUS/patient02805/study1_positive/image3.png,train/XR_HUMERUS/patient02805/study1_positive,1,abnormal,/content/MURA_abnormal_train/XR_HUMERUS/patient02805/study1_positive/image3.png,True,4441,4441,0,29.104366,0.2992700729927007,central,central,MURA_TT_0429
MURA-v1.1/train/XR_SHOULDER/patient00020/study1_positive/image4.png,XR_SHOULDER,patient00020,study1_positive,1,image4.png,train,/content/drive/MyDrive/MURA-v1.1/train/XR_SHOULDER/patient00020/study1_positive/image4.png,train/XR_SHOULDER/patient00020/study1_positive,1,abnormal,/content/MURA_abnormal_train/XR_SHOULDER/patient00020/study1_positive/image4.png,True,51,51,2,27.408539,0.5447941888619855,intermediate,intermediate,MURA_TT_0430
MURA-v1.1/train/XR_FINGER/patient03802/study1_positive/image1.png,XR_FINGER,patient03802,study1_positive,1,image1.png,train,/content/drive/MyDrive/MURA-v1.1/train/XR_FINGER/patient03802/study1_positive/image1.png,train/XR_FINGER/patient03802/study1_positive,1,abnormal,/content/MURA_abnormal_train/XR_FINGER/patient03802/study1_positive/image1.png,True,6717,6717,3,23.439959,0.3639575971731448,central,central,MURA_TT_0431
MURA-v1.1/train/XR_SHOULDER/patient00341/study1_positive/image3.png,XR_SHOULDER,patient00341,study1_positive,1,image3.png,train,/content/drive/MyDrive/MURA-v1.1/train/XR_SHOULDER/patient00341/study1_positive/image3.png,train/XR_SHOULDER/patient00341/study1_positive,1,abnormal,/content/MURA_abnormal_train/XR_SHOULDER/patient00341/study1_positive/image3.png,True,1053,1053,5,25.413069,0.6360189573459716,intermediate,intermediate,MURA_TT_0432
MURA-v1.1/train/XR_SHOULDER/patient00613/study1_positive/image1.png,XR_SHOULDER,patient00613,study1_positive,1,image1.png,train,/content/drive/MyDrive/MURA-v1.1/train/XR_SHOULDER/patient00613/study1_positive/image1.png,train/XR_SHOULDER/patient00613/study1_positive,1,abnormal,/content/MURA_abnormal_train/XR_SHOULDER/patient00613/study1_positive/image1.png,True,1852,1852,2,23.072844,0.1210653753026634,central,central,MURA_TT_0433
MURA-v1.1/train/XR_FOREARM/patient09117/study1_positive/image1.png,XR_FOREARM,patient09117,study1_positive,1,image1.png,train,/content/drive/MyDrive/MURA-v1.1/train/XR_FOREARM/patient09117/study1_positive/image1.png,train/XR_FOREARM/patient09117/study1_positive,1,abnormal,/content/MURA_abnormal_train/XR_FOREARM/patient09117/study1_positive/image1.png,True,12826,12826,1,26.346912,0.2804878048780488,central,central,MURA_TT_0434
MURA-v1.1/train/XR_WRIST/patient06503/study1_positive/image1.png,XR_WRIST,patient06503,study1_positive,1,image1.png,train,/content/drive/MyDrive/MURA-v1.1/train/XR_WRIST/patient06503/study1_positive/image1.png,train/XR_WRIST/patient06503/study1_positive,1,abnormal,/content/MURA_abnormal_train/XR_WRIST/patient06503/study1_positive/image1.png,True,9254,9254,8,22.362953,0.2678936605316973,central,central,MURA_TT_0435
MURA-v1.1/train/XR_WRIST/patient06610/study1_positive/image1.png,XR_WRIST,patient06610,study1_positive,1,image1.png,train,/content/drive/MyDrive/MURA-v1.1/train/XR_WRIST/patient06610/study1_positive/image1.png,train/XR_WRIST/patient06610/study1_positive,1,abnormal,/content/MURA_abnormal_train/XR_WRIST/patient06610/study1_positive/image1.png,True,9628,9628,8,25.593885,0.6319018404907976,intermediate,intermediate,MURA_TT_0436
MURA-v1.1/train/XR_HUMERUS/patient02837/study1_positive/image1.png,XR_HUMERUS,patient02837,study1_positive,1,image1.png,train,/content/drive/MyDrive/MURA-v1.1/train/XR_HUMERUS/patient02837/study1_positive/image1.png,train/XR_HUMERUS/patient02837/study1_positive,1,abnormal,/content/MURA_abnormal_train/XR_HUMERUS/patient02837/study1_positive/image1.png,True,4516,4516,3,26.005392,0.4323144104803493,central,central,MURA_TT_0437
MURA-v1.1/train/XR_HUMERUS/patient02720/study1_positive/image2.png,XR_HUMERUS,patient02720,study1_positive,1,image2.png,train,/content/drive/MyDrive/MURA-v1.1/train/XR_HUMERUS/patient02720/study1_positive/image2.png,train/XR_HUMERUS/patient02720/study1_positive,1,abnormal,/content/MURA_abnormal_train/XR_HUMERUS/patient02720/study1_positive/image2.png,True,4231,4231,0,27.122208,0.1532846715328467,central,central,MURA_TT_0438
MURA-v1.1/train/XR_FINGER/patient03760/study1_positive/image2.png,XR_FINGER,patient03760,study1_positive,1,image2.png,train,/content/drive/MyDrive/MURA-v1.1/train/XR_FINGER/patient03760/study1_positive/image2.png,train/XR_FINGER/patient03760/study1_positive,1,abnormal,/content/MURA_abnormal_train/XR_FINGER/patient03760/study1_positive/image2.png,True,6580,6580,2,25.854563,0.584958217270195,intermediate,intermediate,MURA_TT_0439
MURA-v1.1/train/XR_SHOULDER/patient00438/study1_positive/image3.png,XR_SHOULDER,patient00438,study1_positive,1,image3.png,train,/content/drive/MyDrive/MURA-v1.1/train/XR_SHOULDER/patient00438/study1_positive/image3.png,train/XR_SHOULDER/patient00438/study1_positive,1,abnormal,/content/MURA_abnormal_train/XR_SHOULDER/patient00438/study1_positive/image3.png,True,1331,1331,5,22.12517,0.2815165876777251,central,central,MURA_TT_0440
MURA-v1.1/train/XR_FINGER/patient03301/study1_positive/image1.png,XR_FINGER,patient03301,study1_positive,1,image1.png,train,/content/drive/MyDrive/MURA-v1.1/train/XR_FINGER/patient03301/study1_positive/image1.png,train/XR_FINGER/patient03301/study1_positive,1,abnormal,/content/MURA_abnormal_train/XR_FINGER/patient03301/study1_positive/image1.png,True,5038,5038,3,20.808353,0.127208480565371,central,central,MURA_TT_0441
MURA-v1.1/train/XR_ELBOW/patient05360/study1_positive/image1.png,XR_ELBOW,patient05360,study1_positive,1,image1.png,train,/content/drive/MyDrive/MURA-v1.1/train/XR_ELBOW/patient05360/study1_positive/image1.png,train/XR_ELBOW/patient05360/study1_positive,1,abnormal,/content/MURA_abnormal_train/XR_ELBOW/patient05360/study1_positive/image1.png,True,8401,8401,4,30.570469,0.4973404255319149,central,central,MURA_TT_0442
MURA-v1.1/train/XR_SHOULDER/patient00148/study1_positive/image2.png,XR_SHOULDER,patient00148,study1_positive,1,image2.png,train,/content/drive/MyDrive/MURA-v1.1/train/XR_SHOULDER/patient00148/study1_positive/image2.png,train/XR_SHOULDER/patient00148/study1_positive,1,abnormal,/content/MURA_abnormal_train/XR_SHOULDER/patient00148/study1_positive/image2.png,True,454,454,4,27.584545,0.2236024844720497,central,central,MURA_TT_0443
MURA-v1.1/train/XR_FOREARM/patient06841/study1_positive/image1.png,XR_FOREARM,patient06841,study1_positive,1,image1.png,train,/content/drive/MyDrive/MURA-v1.1/train/XR_FOREARM/patient06841/study1_positive/image1.png,train/XR_FOREARM/patient06841/study1_positive,1,abnormal,/content/MURA_abnormal_train/XR_FOREARM/patient06841/study1_positive/image1.png,True,13085,13085,2,21.079296,0.2142857142857142,central,central,MURA_TT_0444
MURA-v1.1/train/XR_SHOULDER/patient01355/study1_positive/image1.png,XR_SHOULDER,patient01355,study1_positive,1,image1.png,train,/content/drive/MyDrive/MURA-v1.1/train/XR_SHOULDER/patient01355/study1_positive/image1.png,train/XR_SHOULDER/patient01355/study1_positive,1,abnormal,/content/MURA_abnormal_train/XR_SHOULDER/patient01355/study1_positive/image1.png,True,3995,3995,5,21.778383,0.2454976303317535,central,central,MURA_TT_0445
MURA-v1.1/train/XR_FOREARM/patient09111/study1_positive/image2.png,XR_FOREARM,patient09111,study1_positive,1,image2.png,train,/content/drive/MyDrive/MURA-v1.1/train/XR_FOREARM/patient09111/study1_positive/image2.png,train/XR_FOREARM/patient09111/study1_positive,1,abnormal,/content/MURA_abnormal_train/XR_FOREARM/patient09111/study1_positive/image2.png,True,12813,12813,0,28.317142,0.6666666666666666,intermediate,intermediate,MURA_TT_0446
MURA-v1.1/train/XR_HUMERUS/patient02736/study1_positive/image3.png,XR_HUMERUS,patient02736,study1_positive,1,image3.png,train,/content/drive/MyDrive/MURA-v1.1/train/XR_HUMERUS/patient02736/study1_positive/image3.png,train/XR_HUMERUS/patient02736/study1_positive,1,abnormal,/content/MURA_abnormal_train/XR_HUMERUS/patient02736/study1_positive/image3.png,True,4271,4271,0,27.168928,0.1678832116788321,central,central,MURA_TT_0447
MURA-v1.1/train/XR_SHOULDER/patient00190/study1_positive/image4.png,XR_SHOULDER,patient00190,study1_positive,1,image4.png,train,/content/drive/MyDrive/MURA-v1.1/train/XR_SHOULDER/patient00190/study1_positive/image4.png,train/XR_SHOULDER/patient00190/study1_positive,1,abnormal,/content/MURA_abnormal_train/XR_SHOULDER/patient00190/study1_positive/image4.png,True,572,572,3,34.173714,0.8988326848249028,peripheral,peripheral,MURA_TT_0448
MURA-v1.1/train/XR_FOREARM/patient09153/study1_positive/image7.png,XR_FOREARM,patient09153,study1_positive,1,image7.png,train,/content/drive/MyDrive/MURA-v1.1/train/XR_FOREARM/patient09153/study1_positive/image7.png,train/XR_FOREARM/patient09153/study1_positive,1,abnormal,/content/MURA_abnormal_train/XR_FOREARM/patient09153/study1_positive/image7.png,True,12928,12928,4,24.794975,0.1428571428571428,central,central,MURA_TT_0449
MURA-v1.1/train/XR_SHOULDER/patient00076/study1_positive/image1.png,XR_SHOULDER,patient00076,study1_positive,1,image1.png,train,/content/drive/MyDrive/MURA-v1.1/train/XR_SHOULDER/patient00076/study1_positive/image1.png,train/XR_SHOULDER/patient00076/study1_positive,1,abnormal,/content/MURA_abnormal_train/XR_SHOULDER/patient00076/study1_positive/image1.png,True,222,222,1,29.061842,0.3014925373134328,central,central,MURA_TT_0450
MURA-v1.1/train/XR_ELBOW/patient00310/study1_positive/image1.png,XR_ELBOW,patient00310,study1_positive,1,image1.png,train,/content/drive/MyDrive/MURA-v1.1/train/XR_ELBOW/patient00310/study1_positive/image1.png,train/XR_ELBOW/patient00310/study1_positive,1,abnormal,/content/MURA_abnormal_train/XR_ELBOW/patient00310/study1_positive/image1.png,True,6933,6933,2,23.40416,0.3529411764705882,central,central,MURA_TT_0451
MURA-v1.1/train/XR_SHOULDER/patient00888/study1_positive/image2.png,XR_SHOULDER,patient00888,study1_positive,1,image2.png,train,/content/drive/MyDrive/MURA-v1.1/train/XR_SHOULDER/patient00888/study1_positive/image2.png,train/XR_SHOULDER/patient00888/study1_positive,1,abnormal,/content/MURA_abnormal_train/XR_SHOULDER/patient00888/study1_positive/image2.png,True,2669,2669,2,32.965694,0.9116222760290555,peripheral,peripheral,MURA_TT_0452
MURA-v1.1/train/XR_ELBOW/patient00990/study1_positive/image5.png,XR_ELBOW,patient00990,study1_positive,1,image5.png,train,/content/drive/MyDrive/MURA-v1.1/train/XR_ELBOW/patient00990/study1_positive/image5.png,train/XR_ELBOW/patient00990/study1_positive,1,abnormal,/content/MURA_abnormal_train/XR_ELBOW/patient00990/study1_positive/image5.png,True,7611,7611,0,23.643425,0.3265306122448979,central,central,MURA_TT_0453
MURA-v1.1/train/XR_SHOULDER/patient01406/study1_positive/image1.png,XR_SHOULDER,patient01406,study1_positive,1,image1.png,train,/content/drive/MyDrive/MURA-v1.1/train/XR_SHOULDER/patient01406/study1_positive/image1.png,train/XR_SHOULDER/patient01406/study1_positive,1,abnormal,/content/MURA_abnormal_train/XR_SHOULDER/patient01406/study1_positive/image1.png,True,4132,4132,0,26.799843,0.7636103151862464,intermediate,intermediate,MURA_TT_0454
MURA-v1.1/train/XR_WRIST/patient07116/study1_positive/image2.png,XR_WRIST,patient07116,study1_positive,1,image2.png,train,/content/drive/MyDrive/MURA-v1.1/train/XR_WRIST/patient07116/study1_positive/image2.png,train/XR_WRIST/patient07116/study1_positive,1,abnormal,/content/MURA_abnormal_train/XR_WRIST/patient07116/study1_positive/image2.png,True,11526,11526,6,29.109907,0.4972972972972973,central,central,MURA_TT_0455
MURA-v1.1/train/XR_WRIST/patient06432/study1_positive/image2.png,XR_WRIST,patient06432,study1_positive,1,image2.png,train,/content/drive/MyDrive/MURA-v1.1/train/XR_WRIST/patient06432/study1_positive/image2.png,train/XR_WRIST/patient06432/study1_positive,1,abnormal,/content/MURA_abnormal_train/XR_WRIST/patient06432/study1_positive/image2.png,True,9015,9015,1,24.516357,0.4686907020872865,central,central,MURA_TT_0456
MURA-v1.1/train/XR_FINGER/patient03773/study1_positive/image2.png,XR_FINGER,patient03773,study1_positive,1,image2.png,train,/content/drive/MyDrive/MURA-v1.1/train/XR_FINGER/patient03773/study1_positive/image2.png,train/XR_FINGER/patient03773/study1_positive,1,abnormal,/content/MURA_abnormal_train/XR_FINGER/patient03773/study1_positive/image2.png,True,6620,6620,1,24.010351,0.2545454545454545,central,central,MURA_TT_0457
MURA-v1.1/train/XR_WRIST/patient02812/study1_positive/image3.png,XR_WRIST,patient02812,study1_positive,1,image3.png,train,/content/drive/MyDrive/MURA-v1.1/train/XR_WRIST/patient02812/study1_positive/image3.png,train/XR_WRIST/patient02812/study1_positive,1,abnormal,/content/MURA_abnormal_train/XR_WRIST/patient02812/study1_positive/image3.png,True,9881,9881,4,23.875622,0.1988472622478386,central,central,MURA_TT_0458
MURA-v1.1/train/XR_SHOULDER/patient00566/study1_positive/image2.png,XR_SHOULDER,patient00566,study1_positive,1,image2.png,train,/content/drive/MyDrive/MURA-v1.1/train/XR_SHOULDER/patient00566/study1_positive/image2.png,train/XR_SHOULDER/patient00566/study1_positive,1,abnormal,/content/MURA_abnormal_train/XR_SHOULDER/patient00566/study1_positive/image2.png,True,1720,1720,5,22.767149,0.3402843601895735,central,central,MURA_TT_0459
MURA-v1.1/train/XR_FINGER/patient01516/study1_positive/image2.png,XR_FINGER,patient01516,study1_positive,1,image2.png,train,/content/drive/MyDrive/MURA-v1.1/train/XR_FINGER/patient01516/study1_positive/image2.png,train/XR_FINGER/patient01516/study1_positive,1,abnormal,/content/MURA_abnormal_train/XR_FINGER/patient01516/study1_positive/image2.png,True,6469,6469,4,20.52315,0.1227154046997389,central,central,MURA_TT_0460
MURA-v1.1/train/XR_ELBOW/patient05058/study1_positive/image2.png,XR_ELBOW,patient05058,study1_positive,1,image2.png,train,/content/drive/MyDrive/MURA-v1.1/train/XR_ELBOW/patient05058/study1_positive/image2.png,train/XR_ELBOW/patient05058/study1_positive,1,abnormal,/content/MURA_abnormal_train/XR_ELBOW/patient05058/study1_positive/image2.png,True,7305,7305,5,28.625532,0.5953079178885631,intermediate,intermediate,MURA_TT_0461
MURA-v1.1/train/XR_FINGER/patient03480/study1_positive/image1.png,XR_FINGER,patient03480,study1_positive,1,image1.png,train,/content/drive/MyDrive/MURA-v1.1/train/XR_FINGER/patient03480/study1_positive/image1.png,train/XR_FINGER/patient03480/study1_positive,1,abnormal,/content/MURA_abnormal_train/XR_FINGER/patient03480/study1_positive/image1.png,True,5633,5633,2,23.225458,0.3008356545961003,central,central,MURA_TT_0462
MURA-v1.1/train/XR_HAND/patient09745/study1_positive/image1.png,XR_HAND,patient09745,study1_positive,1,image1.png,train,/content/drive/MyDrive/MURA-v1.1/train/XR_HAND/patient09745/study1_positive/image1.png,train/XR_HAND/patient09745/study1_positive,1,abnormal,/content/MURA_abnormal_train/XR_HAND/patient09745/study1_positive/image1.png,True,13429,13429,0,22.790934,0.4166666666666667,central,central,MURA_TT_0463
MURA-v1.1/train/XR_HUMERUS/patient02936/study1_positive/image1.png,XR_HUMERUS,patient02936,study1_positive,1,image1.png,train,/content/drive/MyDrive/MURA-v1.1/train/XR_HUMERUS/patient02936/study1_positive/image1.png,train/XR_HUMERUS/patient02936/study1_positive,1,abnormal,/content/MURA_abnormal_train/XR_HUMERUS/patient02936/study1_positive/image1.png,True,4756,4756,0,32.831337,0.6496350364963503,intermediate,intermediate,MURA_TT_0464
MURA-v1.1/train/XR_FINGER/patient03399/study1_positive/image2.png,XR_FINGER,patient03399,study1_positive,1,image2.png,train,/content/drive/MyDrive/MURA-v1.1/train/XR_FINGER/patient03399/study1_positive/image2.png,train/XR_FINGER/patient03399/study1_positive,1,abnormal,/content/MURA_abnormal_train/XR_FINGER/patient03399/study1_positive/image2.png,True,5366,5366,3,27.213818,0.696113074204947,intermediate,intermediate,MURA_TT_0465
MURA-v1.1/train/XR_ELBOW/patient05349/study1_positive/image4.png,XR_ELBOW,patient05349,study1_positive,1,image4.png,train,/content/drive/MyDrive/MURA-v1.1/train/XR_ELBOW/patient05349/study1_positive/image4.png,train/XR_ELBOW/patient05349/study1_positive,1,abnormal,/content/MURA_abnormal_train/XR_ELBOW/patient05349/study1_positive/image4.png,True,8374,8374,5,30.975395,0.8211143695014663,peripheral,peripheral,MURA_TT_0466
MURA-v1.1/train/XR_ELBOW/patient05119/study1_positive/image2.png,XR_ELBOW,patient05119,study1_positive,1,image2.png,train,/content/drive/MyDrive/MURA-v1.1/train/XR_ELBOW/patient05119/study1_positive/image2.png,train/XR_ELBOW/patient05119/study1_positive,1,abnormal,/content/MURA_abnormal_train/XR_ELBOW/patient05119/study1_positive/image2.png,True,7529,7529,4,26.059566,0.0558510638297872,central,central,MURA_TT_0467
MURA-v1.1/train/XR_HAND/patient09792/study1_positive/image2.png,XR_HAND,patient09792,study1_positive,1,image2.png,train,/content/drive/MyDrive/MURA-v1.1/train/XR_HAND/patient09792/study1_positive/image2.png,train/XR_HAND/patient09792/study1_positive,1,abnormal,/content/MURA_abnormal_train/XR_HAND/patient09792/study1_positive/image2.png,True,13609,13609,4,29.718317,0.8610169491525423,peripheral,peripheral,MURA_TT_0468
MURA-v1.1/train/XR_ELBOW/patient05043/study1_positive/image1.png,XR_ELBOW,patient05043,study1_positive,1,image1.png,train,/content/drive/MyDrive/MURA-v1.1/train/XR_ELBOW/patient05043/study1_positive/image1.png,train/XR_ELBOW/patient05043/study1_positive,1,abnormal,/content/MURA_abnormal_train/XR_ELBOW/patient05043/study1_positive/image1.png,True,7254,7254,5,25.84646,0.3049853372434017,central,central,MURA_TT_0469
MURA-v1.1/train/XR_HAND/patient07033/study1_positive/image1.png,XR_HAND,patient07033,study1_positive,1,image1.png,train,/content/drive/MyDrive/MURA-v1.1/train/XR_HAND/patient07033/study1_positive/image1.png,train/XR_HAND/patient07033/study1_positive,1,abnormal,/content/MURA_abnormal_train/XR_HAND/patient07033/study1_positive/image1.png,True,14574,14574,4,31.230927,0.9254237288135592,peripheral,peripheral,MURA_TT_0470
MURA-v1.1/train/XR_FINGER/patient03623/study1_positive/image3.png,XR_FINGER,patient03623,study1_positive,1,image3.png,train,/content/drive/MyDrive/MURA-v1.1/train/XR_FINGER/patient03623/study1_positive/image3.png,train/XR_FINGER/patient03623/study1_positive,1,abnormal,/content/MURA_abnormal_train/XR_FINGER/patient03623/study1_positive/image3.png,True,6112,6112,3,31.263557,0.8515901060070671,peripheral,peripheral,MURA_TT_0471
MURA-v1.1/train/XR_FOREARM/patient09162/study1_positive/image1.png,XR_FOREARM,patient09162,study1_positive,1,image1.png,train,/content/drive/MyDrive/MURA-v1.1/train/XR_FOREARM/patient09162/study1_positive/image1.png,train/XR_FOREARM/patient09162/study1_positive,1,abnormal,/content/MURA_abnormal_train/XR_FOREARM/patient09162/study1_positive/image1.png,True,12967,12967,1,22.027437,0.048780487804878,central,central,MURA_TT_0472
MURA-v1.1/train/XR_HAND/patient09757/study1_positive/image2.png,XR_HAND,patient09757,study1_positive,1,image2.png,train,/content/drive/MyDrive/MURA-v1.1/train/XR_HAND/patient09757/study1_positive/image2.png,train/XR_HAND/patient09757/study1_positive,1,abnormal,/content/MURA_abnormal_train/XR_HAND/patient09757/study1_positive/image2.png,True,13474,13474,1,38.397976,0.9081272084805654,peripheral,peripheral,MURA_TT_0473
MURA-v1.1/train/XR_SHOULDER/patient00388/study1_positive/image1.png,XR_SHOULDER,patient00388,study1_positive,1,image1.png,train,/content/drive/MyDrive/MURA-v1.1/train/XR_SHOULDER/patient00388/study1_positive/image1.png,train/XR_SHOULDER/patient00388/study1_positive,1,abnormal,/content/MURA_abnormal_train/XR_SHOULDER/patient00388/study1_positive/image1.png,True,1185,1185,1,47.390083,0.9373134328358208,peripheral,peripheral,MURA_TT_0474
MURA-v1.1/train/XR_WRIST/patient01946/study1_positive/image2.png,XR_WRIST,patient01946,study1_positive,1,image2.png,train,/content/drive/MyDrive/MURA-v1.1/train/XR_WRIST/patient01946/study1_positive/image2.png,train/XR_WRIST/patient01946/study1_positive,1,abnormal,/content/MURA_abnormal_train/XR_WRIST/patient01946/study1_positive/image2.png,True,10728,10728,2,24.872763,0.485838779956427,central,central,MURA_TT_0475
MURA-v1.1/train/XR_FINGER/patient02055/study1_positive/image1.png,XR_FINGER,patient02055,study1_positive,1,image1.png,train,/content/drive/MyDrive/MURA-v1.1/train/XR_FINGER/patient02055/study1_positive/image1.png,train/XR_FINGER/patient02055/study1_positive,1,abnormal,/content/MURA_abnormal_train/XR_FINGER/patient02055/study1_positive/image1.png,True,4988,4988,4,26.348713,0.7232375979112271,intermediate,intermediate,MURA_TT_0476
MURA-v1.1/train/XR_FOREARM/patient02976/study1_positive/image2.png,XR_FOREARM,patient02976,study1_positive,1,image2.png,train,/content/drive/MyDrive/MURA-v1.1/train/XR_FOREARM/patient02976/study1_positive/image2.png,train/XR_FOREARM/patient02976/study1_positive,1,abnormal,/content/MURA_abnormal_train/XR_FOREARM/patient02976/study1_positive/image2.png,True,12767,12767,3,26.674639,0.5663716814159292,intermediate,intermediate,MURA_TT_0477
MURA-v1.1/train/XR_FINGER/patient03465/study1_positive/image2.png,XR_FINGER,patient03465,study1_positive,1,image2.png,train,/content/drive/MyDrive/MURA-v1.1/train/XR_FINGER/patient03465/study1_positive/image2.png,train/XR_FINGER/patient03465/study1_positive,1,abnormal,/content/MURA_abnormal_train/XR_FINGER/patient03465/study1_positive/image2.png,True,5582,5582,3,23.23039,0.3180212014134275,central,central,MURA_TT_0478
MURA-v1.1/train/XR_ELBOW/patient05251/study1_positive/image2.png,XR_ELBOW,patient05251,study1_positive,1,image2.png,train,/content/drive/MyDrive/MURA-v1.1/train/XR_ELBOW/patient05251/study1_positive/image2.png,train/XR_ELBOW/patient05251/study1_positive,1,abnormal,/content/MURA_abnormal_train/XR_ELBOW/patient05251/study1_positive/image2.png,True,8012,8012,5,33.516438,0.9032258064516128,peripheral,peripheral,MURA_TT_0479
MURA-v1.1/train/XR_SHOULDER/patient00967/study1_positive/image1.png,XR_SHOULDER,patient00967,study1_positive,1,image1.png,train,/content/drive/MyDrive/MURA-v1.1/train/XR_SHOULDER/patient00967/study1_positive/image1.png,train/XR_SHOULDER/patient00967/study1_positive,1,abnormal,/content/MURA_abnormal_train/XR_SHOULDER/patient00967/study1_positive/image1.png,True,2903,2903,4,32.244728,0.7287784679089027,intermediate,intermediate,MURA_TT_0480
MURA-v1.1/train/XR_WRIST/patient07235/study1_positive/image3.png,XR_WRIST,patient07235,study1_positive,1,image3.png,train,/content/drive/MyDrive/MURA-v1.1/train/XR_WRIST/patient07235/study1_positive/image3.png,train/XR_WRIST/patient07235/study1_positive,1,abnormal,/content/MURA_abnormal_train/XR_WRIST/patient07235/study1_positive/image3.png,True,12009,12009,5,25.655352,0.6793388429752066,intermediate,intermediate,MURA_TT_0481
MURA-v1.1/train/XR_SHOULDER/patient00217/study1_positive/image3.png,XR_SHOULDER,patient00217,study1_positive,1,image3.png,train,/content/drive/MyDrive/MURA-v1.1/train/XR_SHOULDER/patient00217/study1_positive/image3.png,train/XR_SHOULDER/patient00217/study1_positive,1,abnormal,/content/MURA_abnormal_train/XR_SHOULDER/patient00217/study1_positive/image3.png,True,652,652,4,27.111414,0.1821946169772256,central,central,MURA_TT_0482
MURA-v1.1/train/XR_ELBOW/patient04968/study1_positive/image2.png,XR_ELBOW,patient04968,study1_positive,1,image2.png,train,/content/drive/MyDrive/MURA-v1.1/train/XR_ELBOW/patient04968/study1_positive/image2.png,train/XR_ELBOW/patient04968/study1_positive,1,abnormal,/content/MURA_abnormal_train/XR_ELBOW/patient04968/study1_positive/image2.png,True,6974,6974,5,26.479864,0.3636363636363636,central,central,MURA_TT_0483
MURA-v1.1/train/XR_FINGER/patient01822/study1_positive/image1.png,XR_FINGER,patient01822,study1_positive,1,image1.png,train,/content/drive/MyDrive/MURA-v1.1/train/XR_FINGER/patient01822/study1_positive/image1.png,train/XR_FINGER/patient01822/study1_positive,1,abnormal,/content/MURA_abnormal_train/XR_FINGER/patient01822/study1_positive/image1.png,True,6275,6275,3,23.931284,0.4063604240282685,central,central,MURA_TT_0484
MURA-v1.1/train/XR_SHOULDER/patient01088/study1_positive/image1.png,XR_SHOULDER,patient01088,study1_positive,1,image1.png,train,/content/drive/MyDrive/MURA-v1.1/train/XR_SHOULDER/patient01088/study1_positive/image1.png,train/XR_SHOULDER/patient01088/study1_positive,1,abnormal,/content/MURA_abnormal_train/XR_SHOULDER/patient01088/study1_positive/image1.png,True,3236,3236,3,26.478437,0.3735408560311284,central,central,MURA_TT_0485
MURA-v1.1/train/XR_SHOULDER/patient00945/study1_positive/image3.png,XR_SHOULDER,patient00945,study1_positive,1,image3.png,train,/content/drive/MyDrive/MURA-v1.1/train/XR_SHOULDER/patient00945/study1_positive/image3.png,train/XR_SHOULDER/patient00945/study1_positive,1,abnormal,/content/MURA_abnormal_train/XR_SHOULDER/patient00945/study1_positive/image3.png,True,2840,2840,2,26.4197,0.4406779661016949,central,central,MURA_TT_0486
MURA-v1.1/train/XR_FOREARM/patient09106/study1_positive/image1.png,XR_FOREARM,patient09106,study1_positive,1,image1.png,train,/content/drive/MyDrive/MURA-v1.1/train/XR_FOREARM/patient09106/study1_positive/image1.png,train/XR_FOREARM/patient09106/study1_positive,1,abnormal,/content/MURA_abnormal_train/XR_FOREARM/patient09106/study1_positive/image1.png,True,12796,12796,5,20.548664,0.088235294117647,central,central,MURA_TT_0487
MURA-v1.1/train/XR_FINGER/patient03678/study1_positive/image1.png,XR_FINGER,patient03678,study1_positive,1,image1.png,train,/content/drive/MyDrive/MURA-v1.1/train/XR_FINGER/patient03678/study1_positive/image1.png,train/XR_FINGER/patient03678/study1_positive,1,abnormal,/content/MURA_abnormal_train/XR_FINGER/patient03678/study1_positive/image1.png,True,6303,6303,0,32.193462,0.7446153846153846,intermediate,intermediate,MURA_TT_0488
MURA-v1.1/train/XR_HAND/patient09734/study1_positive/image3.png,XR_HAND,patient09734,study1_positive,1,image3.png,train,/content/drive/MyDrive/MURA-v1.1/train/XR_HAND/patient09734/study1_positive/image3.png,train/XR_HAND/patient09734/study1_positive,1,abnormal,/content/MURA_abnormal_train/XR_HAND/patient09734/study1_positive/image3.png,True,13391,13391,4,26.832037,0.6338983050847458,intermediate,intermediate,MURA_TT_0489
MURA-v1.1/train/XR_FINGER/patient03238/study1_positive/image2.png,XR_FINGER,patient03238,study1_positive,1,image2.png,train,/content/drive/MyDrive/MURA-v1.1/train/XR_FINGER/patient03238/study1_positive/image2.png,train/XR_FINGER/patient03238/study1_positive,1,abnormal,/content/MURA_abnormal_train/XR_FINGER/patient03238/study1_positive/image2.png,True,4810,4810,2,17.862072,0.0055710306406685,central,central,MURA_TT_0490
MURA-v1.1/train/XR_SHOULDER/patient00935/study1_positive/image3.png,XR_SHOULDER,patient00935,study1_positive,1,image3.png,train,/content/drive/MyDrive/MURA-v1.1/train/XR_SHOULDER/patient00935/study1_positive/image3.png,train/XR_SHOULDER/patient00935/study1_positive,1,abnormal,/content/MURA_abnormal_train/XR_SHOULDER/patient00935/study1_positive/image3.png,True,2810,2810,5,24.913582,0.5943127962085308,intermediate,intermediate,MURA_TT_0491
MURA-v1.1/train/XR_FINGER/patient03680/study1_positive/image3.png,XR_FINGER,patient03680,study1_positive,1,image3.png,train,/content/drive/MyDrive/MURA-v1.1/train/XR_FINGER/patient03680/study1_positive/image3.png,train/XR_FINGER/patient03680/study1_positive,1,abnormal,/content/MURA_abnormal_train/XR_FINGER/patient03680/study1_positive/image3.png,True,6312,6312,3,23.411346,0.3604240282685512,central,central,MURA_TT_0492
MURA-v1.1/train/XR_WRIST/patient06499/study1_positive/image3.png,XR_WRIST,patient06499,study1_positive,1,image3.png,train,/content/drive/MyDrive/MURA-v1.1/train/XR_WRIST/patient06499/study1_positive/image3.png,train/XR_WRIST/patient06499/study1_positive,1,abnormal,/content/MURA_abnormal_train/XR_WRIST/patient06499/study1_positive/image3.png,True,9242,9242,6,29.85287,0.5675675675675675,intermediate,intermediate,MURA_TT_0493
MURA-v1.1/train/XR_FINGER/patient03446/study1_positive/image1.png,XR_FINGER,patient03446,study1_positive,1,image1.png,train,/content/drive/MyDrive/MURA-v1.1/train/XR_FINGER/patient03446/study1_positive/image1.png,train/XR_FINGER/patient03446/study1_positive,1,abnormal,/content/MURA_abnormal_train/XR_FINGER/patient03446/study1_positive/image1.png,True,5515,5515,5,21.52176,0.1720116618075801,central,central,MURA_TT_0494
MURA-v1.1/train/XR_HAND/patient10048/study1_positive/image1.png,XR_HAND,patient10048,study1_positive,1,image1.png,train,/content/drive/MyDrive/MURA-v1.1/train/XR_HAND/patient10048/study1_positive/image1.png,train/XR_HAND/patient10048/study1_positive,1,abnormal,/content/MURA_abnormal_train/XR_HAND/patient10048/study1_positive/image1.png,True,14556,14556,0,21.506428,0.25,central,central,MURA_TT_0495
MURA-v1.1/train/XR_HAND/patient09799/study1_positive/image1.png,XR_HAND,patient09799,study1_positive,1,image1.png,train,/content/drive/MyDrive/MURA-v1.1/train/XR_HAND/patient09799/study1_positive/image1.png,train/XR_HAND/patient09799/study1_positive,1,abnormal,/content/MURA_abnormal_train/XR_HAND/patient09799/study1_positive/image1.png,True,13642,13642,0,26.004759,0.6754385964912281,intermediate,intermediate,MURA_TT_0496
MURA-v1.1/train/XR_SHOULDER/patient01291/study1_positive/image2.png,XR_SHOULDER,patient01291,study1_positive,1,image2.png,train,/content/drive/MyDrive/MURA-v1.1/train/XR_SHOULDER/patient01291/study1_positive/image2.png,train/XR_SHOULDER/patient01291/study1_positive,1,abnormal,/content/MURA_abnormal_train/XR_SHOULDER/patient01291/study1_positive/image2.png,True,3808,3808,2,32.92167,0.9092009685230024,peripheral,peripheral,MURA_TT_0497
MURA-v1.1/train/XR_FINGER/patient03776/study1_positive/image3.png,XR_FINGER,patient03776,study1_positive,1,image3.png,train,/content/drive/MyDrive/MURA-v1.1/train/XR_FINGER/patient03776/study1_positive/image3.png,train/XR_FINGER/patient03776/study1_positive,1,abnormal,/content/MURA_abnormal_train/XR_FINGER/patient03776/study1_positive/image3.png,True,6630,6630,2,30.653288,0.8356545961002786,peripheral,peripheral,MURA_TT_0498
MURA-v1.1/train/XR_WRIST/patient07266/study1_positive/image2.png,XR_WRIST,patient07266,study1_positive,1,image2.png,train,/content/drive/MyDrive/MURA-v1.1/train/XR_WRIST/patient07266/study1_positive/image2.png,train/XR_WRIST/patient07266/study1_positive,1,abnormal,/content/MURA_abnormal_train/XR_WRIST/patient07266/study1_positive/image2.png,True,12134,12134,1,21.414268,0.1233396584440227,central,central,MURA_TT_0499
MURA-v1.1/train/XR_FOREARM/patient05730/study1_positive/image1.png,XR_FOREARM,patient05730,study1_positive,1,image1.png,train,/content/drive/MyDrive/MURA-v1.1/train/XR_FOREARM/patient05730/study1_positive/image1.png,train/XR_FOREARM/patient05730/study1_positive,1,abnormal,/content/MURA_abnormal_train/XR_FOREARM/patient05730/study1_positive/image1.png,True,12777,12777,3,30.999886,0.8451327433628318,peripheral,peripheral,MURA_TT_0500
MURA-v1.1/train/XR_WRIST/patient07333/study1_positive/image1.png,XR_WRIST,patient07333,study1_positive,1,image1.png,train,/content/drive/MyDrive/MURA-v1.1/train/XR_WRIST/patient07333/study1_positive/image1.png,train/XR_WRIST/patient07333/study1_positive,1,abnormal,/content/MURA_abnormal_train/XR_WRIST/patient07333/study1_positive/image1.png,True,12378,12378,3,28.453007,0.6264367816091954,intermediate,intermediate,MURA_TT_0501
MURA-v1.1/train/XR_FINGER/patient03551/study1_positive/image4.png,XR_FINGER,patient03551,study1_positive,1,image4.png,train,/content/drive/MyDrive/MURA-v1.1/train/XR_FINGER/patient03551/study1_positive/image4.png,train/XR_FINGER/patient03551/study1_positive,1,abnormal,/content/MURA_abnormal_train/XR_FINGER/patient03551/study1_positive/image4.png,True,5871,5871,5,28.48591,0.8658892128279884,peripheral,peripheral,MURA_TT_0502
MURA-v1.1/train/XR_HAND/patient09846/study1_positive/image1.png,XR_HAND,patient09846,study1_positive,1,image1.png,train,/content/drive/MyDrive/MURA-v1.1/train/XR_HAND/patient09846/study1_positive/image1.png,train/XR_HAND/patient09846/study1_positive,1,abnormal,/content/MURA_abnormal_train/XR_HAND/patient09846/study1_positive/image1.png,True,13816,13816,4,29.440788,0.8338983050847457,peripheral,peripheral,MURA_TT_0503
MURA-v1.1/train/XR_SHOULDER/patient00186/study1_positive/image4.png,XR_SHOULDER,patient00186,study1_positive,1,image4.png,train,/content/drive/MyDrive/MURA-v1.1/train/XR_SHOULDER/patient00186/study1_positive/image4.png,train/XR_SHOULDER/patient00186/study1_positive,1,abnormal,/content/MURA_abnormal_train/XR_SHOULDER/patient00186/study1_positive/image4.png,True,561,561,3,26.875872,0.4137483787289234,central,central,MURA_TT_0504
MURA-v1.1/train/XR_WRIST/patient07032/study1_positive/image3.png,XR_WRIST,patient07032,study1_positive,1,image3.png,train,/content/drive/MyDrive/MURA-v1.1/train/XR_WRIST/patient07032/study1_positive/image3.png,train/XR_WRIST/patient07032/study1_positive,1,abnormal,/content/MURA_abnormal_train/XR_WRIST/patient07032/study1_positive/image3.png,True,11197,11197,1,23.928816,0.3757115749525617,central,central,MURA_TT_0505
MURA-v1.1/train/XR_WRIST/patient06363/study1_positive/image1.png,XR_WRIST,patient06363,study1_positive,1,image1.png,train,/content/drive/MyDrive/MURA-v1.1/train/XR_WRIST/patient06363/study1_positive/image1.png,train/XR_WRIST/patient06363/study1_positive,1,abnormal,/content/MURA_abnormal_train/XR_WRIST/patient06363/study1_positive/image1.png,True,8757,8757,8,23.780313,0.4335378323108384,central,central,MURA_TT_0506
MURA-v1.1/train/XR_SHOULDER/patient00521/study1_positive/image1.png,XR_SHOULDER,patient00521,study1_positive,1,image1.png,train,/content/drive/MyDrive/MURA-v1.1/train/XR_SHOULDER/patient00521/study1_positive/image1.png,train/XR_SHOULDER/patient00521/study1_positive,1,abnormal,/content/MURA_abnormal_train/XR_SHOULDER/patient00521/study1_positive/image1.png,True,1579,1579,4,33.379524,0.8198757763975155,peripheral,peripheral,MURA_TT_0507
MURA-v1.1/train/XR_ELBOW/patient04953/study1_positive/image1.png,XR_ELBOW,patient04953,study1_positive,1,image1.png,train,/content/drive/MyDrive/MURA-v1.1/train/XR_ELBOW/patient04953/study1_positive/image1.png,train/XR_ELBOW/patient04953/study1_positive,1,abnormal,/content/MURA_abnormal_train/XR_ELBOW/patient04953/study1_positive/image1.png,True,6918,6918,4,27.201674,0.1489361702127659,central,central,MURA_TT_0508
MURA-v1.1/train/XR_WRIST/patient06865/study1_positive/image2.png,XR_WRIST,patient06865,study1_positive,1,image2.png,train,/content/drive/MyDrive/MURA-v1.1/train/XR_WRIST/patient06865/study1_positive/image2.png,train/XR_WRIST/patient06865/study1_positive,1,abnormal,/content/MURA_abnormal_train/XR_WRIST/patient06865/study1_positive/image2.png,True,10594,10594,8,22.868038,0.3251533742331288,central,central,MURA_TT_0509
MURA-v1.1/train/XR_HUMERUS/patient02777/study1_positive/image1.png,XR_HUMERUS,patient02777,study1_positive,1,image1.png,train,/content/drive/MyDrive/MURA-v1.1/train/XR_HUMERUS/patient02777/study1_positive/image1.png,train/XR_HUMERUS/patient02777/study1_positive,1,abnormal,/content/MURA_abnormal_train/XR_HUMERUS/patient02777/study1_positive/image1.png,True,4371,4371,3,33.405563,0.8820960698689956,peripheral,peripheral,MURA_TT_0510
MURA-v1.1/train/XR_ELBOW/patient05186/study1_positive/image2.png,XR_ELBOW,patient05186,study1_positive,1,image2.png,train,/content/drive/MyDrive/MURA-v1.1/train/XR_ELBOW/patient05186/study1_positive/image2.png,train/XR_ELBOW/patient05186/study1_positive,1,abnormal,/content/MURA_abnormal_train/XR_ELBOW/patient05186/study1_positive/image2.png,True,7771,7771,3,24.878502,0.0222222222222222,central,central,MURA_TT_0511
MURA-v1.1/train/XR_FINGER/patient03295/study1_positive/image1.png,XR_FINGER,patient03295,study1_positive,1,image1.png,train,/content/drive/MyDrive/MURA-v1.1/train/XR_FINGER/patient03295/study1_positive/image1.png,train/XR_FINGER/patient03295/study1_positive,1,abnormal,/content/MURA_abnormal_train/XR_FINGER/patient03295/study1_positive/image1.png,True,5019,5019,0,27.444855,0.3476923076923077,central,central,MURA_TT_0512
MURA-v1.1/train/XR_FOREARM/patient09169/study1_positive/image2.png,XR_FOREARM,patient09169,study1_positive,1,image2.png,train,/content/drive/MyDrive/MURA-v1.1/train/XR_FOREARM/patient09169/study1_positive/image2.png,train/XR_FOREARM/patient09169/study1_positive,1,abnormal,/content/MURA_abnormal_train/XR_FOREARM/patient09169/study1_positive/image2.png,True,12996,12996,0,22.009516,0.09009009009009,central,central,MURA_TT_0513
MURA-v1.1/train/XR_SHOULDER/patient00188/study1_positive/image1.png,XR_SHOULDER,patient00188,study1_positive,1,image1.png,train,/content/drive/MyDrive/MURA-v1.1/train/XR_SHOULDER/patient00188/study1_positive/image1.png,train/XR_SHOULDER/patient00188/study1_positive,1,abnormal,/content/MURA_abnormal_train/XR_SHOULDER/patient00188/study1_positive/image1.png,True,565,565,4,28.167774,0.2939958592132505,central,central,MURA_TT_0514
MURA-v1.1/train/XR_WRIST/patient07131/study1_positive/image3.png,XR_WRIST,patient07131,study1_positive,1,image3.png,train,/content/drive/MyDrive/MURA-v1.1/train/XR_WRIST/patient07131/study1_positive/image3.png,train/XR_WRIST/patient07131/study1_positive,1,abnormal,/content/MURA_abnormal_train/XR_WRIST/patient07131/study1_positive/image3.png,True,11594,11594,6,32.963943,0.7810810810810811,intermediate,intermediate,MURA_TT_0515
MURA-v1.1/train/XR_WRIST/patient07063/study1_positive/image1.png,XR_WRIST,patient07063,study1_positive,1,image1.png,train,/content/drive/MyDrive/MURA-v1.1/train/XR_WRIST/patient07063/study1_positive/image1.png,train/XR_WRIST/patient07063/study1_positive,1,abnormal,/content/MURA_abnormal_train/XR_WRIST/patient07063/study1_positive/image1.png,True,11325,11325,1,32.33047,0.905123339658444,peripheral,peripheral,MURA_TT_0516
MURA-v1.1/train/XR_HAND/patient09924/study1_positive/image3.png,XR_HAND,patient09924,study1_positive,1,image3.png,train,/content/drive/MyDrive/MURA-v1.1/train/XR_HAND/patient09924/study1_positive/image3.png,train/XR_HAND/patient09924/study1_positive,1,abnormal,/content/MURA_abnormal_train/XR_HAND/patient09924/study1_positive/image3.png,True,14126,14126,2,20.448666,0.0347003154574132,central,central,MURA_TT_0517
MURA-v1.1/train/XR_ELBOW/patient00466/study1_positive/image3.png,XR_ELBOW,patient00466,study1_positive,1,image3.png,train,/content/drive/MyDrive/MURA-v1.1/train/XR_ELBOW/patient00466/study1_positive/image3.png,train/XR_ELBOW/patient00466/study1_positive,1,abnormal,/content/MURA_abnormal_train/XR_ELBOW/patient00466/study1_positive/image3.png,True,7313,7313,5,32.62322,0.8885630498533724,peripheral,peripheral,MURA_TT_0518
MURA-v1.1/train/XR_SHOULDER/patient01308/study1_positive/image1.png,XR_SHOULDER,patient01308,study1_positive,1,image1.png,train,/content/drive/MyDrive/MURA-v1.1/train/XR_SHOULDER/patient01308/study1_positive/image1.png,train/XR_SHOULDER/patient01308/study1_positive,1,abnormal,/content/MURA_abnormal_train/XR_SHOULDER/patient01308/study1_positive/image1.png,True,3860,3860,5,26.479744,0.7412322274881517,intermediate,intermediate,MURA_TT_0519
MURA-v1.1/train/XR_HUMERUS/patient02721/study1_positive/image2.png,XR_HUMERUS,patient02721,study1_positive,1,image2.png,train,/content/drive/MyDrive/MURA-v1.1/train/XR_HUMERUS/patient02721/study1_positive/image2.png,train/XR_HUMERUS/patient02721/study1_positive,1,abnormal,/content/MURA_abnormal_train/XR_HUMERUS/patient02721/study1_positive/image2.png,True,4235,4235,1,32.22041,0.7,intermediate,intermediate,MURA_TT_0520
MURA-v1.1/train/XR_WRIST/patient06960/study1_positive/image3.png,XR_WRIST,patient06960,study1_positive,1,image3.png,train,/content/drive/MyDrive/MURA-v1.1/train/XR_WRIST/patient06960/study1_positive/image3.png,train/XR_WRIST/patient06960/study1_positive,1,abnormal,/content/MURA_abnormal_train/XR_WRIST/patient06960/study1_positive/image3.png,True,10943,10943,3,33.52832,0.921455938697318,peripheral,peripheral,MURA_TT_0521
MURA-v1.1/train/XR_FINGER/patient03433/study1_positive/image1.png,XR_FINGER,patient03433,study1_positive,1,image1.png,train,/content/drive/MyDrive/MURA-v1.1/train/XR_FINGER/patient03433/study1_positive/image1.png,train/XR_FINGER/patient03433/study1_positive,1,abnormal,/content/MURA_abnormal_train/XR_FINGER/patient03433/study1_positive/image1.png,True,5472,5472,2,24.01539,0.3649025069637883,central,central,MURA_TT_0522
MURA-v1.1/train/XR_WRIST/patient00077/study1_positive/image2.png,XR_WRIST,patient00077,study1_positive,1,image2.png,train,/content/drive/MyDrive/MURA-v1.1/train/XR_WRIST/patient00077/study1_positive/image2.png,train/XR_WRIST/patient00077/study1_positive,1,abnormal,/content/MURA_abnormal_train/XR_WRIST/patient00077/study1_positive/image2.png,True,11120,11120,2,24.814674,0.4727668845315904,central,central,MURA_TT_0523
MURA-v1.1/train/XR_FOREARM/patient09154/study1_positive/image2.png,XR_FOREARM,patient09154,study1_positive,1,image2.png,train,/content/drive/MyDrive/MURA-v1.1/train/XR_FOREARM/patient09154/study1_positive/image2.png,train/XR_FOREARM/patient09154/study1_positive,1,abnormal,/content/MURA_abnormal_train/XR_FOREARM/patient09154/study1_positive/image2.png,True,12930,12930,5,22.081219,0.1862745098039215,central,central,MURA_TT_0524
MURA-v1.1/train/XR_FOREARM/patient09132/study1_positive/image2.png,XR_FOREARM,patient09132,study1_positive,1,image2.png,train,/content/drive/MyDrive/MURA-v1.1/train/XR_FOREARM/patient09132/study1_positive/image2.png,train/XR_FOREARM/patient09132/study1_positive,1,abnormal,/content/MURA_abnormal_train/XR_FOREARM/patient09132/study1_positive/image2.png,True,12870,12870,5,29.612692,0.7450980392156863,intermediate,intermediate,MURA_TT_0525
MURA-v1.1/train/XR_HAND/patient08897/study1_positive/image1.png,XR_HAND,patient08897,study1_positive,1,image1.png,train,/content/drive/MyDrive/MURA-v1.1/train/XR_HAND/patient08897/study1_positive/image1.png,train/XR_HAND/patient08897/study1_positive,1,abnormal,/content/MURA_abnormal_train/XR_HAND/patient08897/study1_positive/image1.png,True,14779,14779,0,28.348408,0.8464912280701754,peripheral,peripheral,MURA_TT_0526
MURA-v1.1/train/XR_FINGER/patient03298/study1_positive/image1.png,XR_FINGER,patient03298,study1_positive,1,image1.png,train,/content/drive/MyDrive/MURA-v1.1/train/XR_FINGER/patient03298/study1_positive/image1.png,train/XR_FINGER/patient03298/study1_positive,1,abnormal,/content/MURA_abnormal_train/XR_FINGER/patient03298/study1_positive/image1.png,True,5029,5029,5,22.844555,0.3440233236151603,central,central,MURA_TT_0527
MURA-v1.1/train/XR_FINGER/patient03544/study1_positive/image2.png,XR_FINGER,patient03544,study1_positive,1,image2.png,train,/content/drive/MyDrive/MURA-v1.1/train/XR_FINGER/patient03544/study1_positive/image2.png,train/XR_FINGER/patient03544/study1_positive,1,abnormal,/content/MURA_abnormal_train/XR_FINGER/patient03544/study1_positive/image2.png,True,5847,5847,1,25.835922,0.4290909090909091,central,central,MURA_TT_0528
MURA-v1.1/train/XR_HAND/patient09857/study1_positive/image1.png,XR_HAND,patient09857,study1_positive,1,image1.png,train,/content/drive/MyDrive/MURA-v1.1/train/XR_HAND/patient09857/study1_positive/image1.png,train/XR_HAND/patient09857/study1_positive,1,abnormal,/content/MURA_abnormal_train/XR_HAND/patient09857/study1_positive/image1.png,True,13852,13852,2,23.413765,0.2334384858044164,central,central,MURA_TT_0529
MURA-v1.1/train/XR_SHOULDER/patient00211/study1_positive/image1.png,XR_SHOULDER,patient00211,study1_positive,1,image1.png,train,/content/drive/MyDrive/MURA-v1.1/train/XR_SHOULDER/patient00211/study1_positive/image1.png,train/XR_SHOULDER/patient00211/study1_positive,1,abnormal,/content/MURA_abnormal_train/XR_SHOULDER/patient00211/study1_positive/image1.png,True,633,633,1,26.538378,0.0865671641791044,central,central,MURA_TT_0530
MURA-v1.1/train/XR_HUMERUS/patient02864/study1_positive/image1.png,XR_HUMERUS,patient02864,study1_positive,1,image1.png,train,/content/drive/MyDrive/MURA-v1.1/train/XR_HUMERUS/patient02864/study1_positive/image1.png,train/XR_HUMERUS/patient02864/study1_positive,1,abnormal,/content/MURA_abnormal_train/XR_HUMERUS/patient02864/study1_positive/image1.png,True,4583,4583,2,19.818966,0.0422535211267605,central,central,MURA_TT_0531
MURA-v1.1/train/XR_WRIST/patient07259/study1_positive/image1.png,XR_WRIST,patient07259,study1_positive,1,image1.png,train,/content/drive/MyDrive/MURA-v1.1/train/XR_WRIST/patient07259/study1_positive/image1.png,train/XR_WRIST/patient07259/study1_positive,1,abnormal,/content/MURA_abnormal_train/XR_WRIST/patient07259/study1_positive/image1.png,True,12100,12100,8,23.506298,0.4069529652351738,central,central,MURA_TT_0532
MURA-v1.1/train/XR_ELBOW/patient05455/study1_positive/image3.png,XR_ELBOW,patient05455,study1_positive,1,image3.png,train,/content/drive/MyDrive/MURA-v1.1/train/XR_ELBOW/patient05455/study1_positive/image3.png,train/XR_ELBOW/patient05455/study1_positive,1,abnormal,/content/MURA_abnormal_train/XR_ELBOW/patient05455/study1_positive/image3.png,True,8730,8730,0,22.708307,0.2199546485260771,central,central,MURA_TT_0533
MURA-v1.1/train/XR_FOREARM/patient04136/study1_positive/image3.png,XR_FOREARM,patient04136,study1_positive,1,image3.png,train,/content/drive/MyDrive/MURA-v1.1/train/XR_FOREARM/patient04136/study1_positive/image3.png,train/XR_FOREARM/patient04136/study1_positive,1,abnormal,/content/MURA_abnormal_train/XR_FOREARM/patient04136/study1_positive/image3.png,True,13244,13244,4,32.04091,0.7142857142857143,intermediate,intermediate,MURA_TT_0534
MURA-v1.1/train/XR_HAND/patient09820/study2_positive/image2.png,XR_HAND,patient09820,study2_positive,1,image2.png,train,/content/drive/MyDrive/MURA-v1.1/train/XR_HAND/patient09820/study2_positive/image2.png,train/XR_HAND/patient09820/study2_positive,1,abnormal,/content/MURA_abnormal_train/XR_HAND/patient09820/study2_positive/image2.png,True,13732,13732,4,25.516106,0.4983050847457627,central,central,MURA_TT_0535
MURA-v1.1/train/XR_WRIST/patient06549/study1_positive/image2.png,XR_WRIST,patient06549,study1_positive,1,image2.png,train,/content/drive/MyDrive/MURA-v1.1/train/XR_WRIST/patient06549/study1_positive/image2.png,train/XR_WRIST/patient06549/study1_positive,1,abnormal,/content/MURA_abnormal_train/XR_WRIST/patient06549/study1_positive/image2.png,True,9410,9410,8,27.128504,0.7740286298568507,intermediate,intermediate,MURA_TT_0536
MURA-v1.1/train/XR_SHOULDER/patient00793/study1_positive/image4.png,XR_SHOULDER,patient00793,study1_positive,1,image4.png,train,/content/drive/MyDrive/MURA-v1.1/train/XR_SHOULDER/patient00793/study1_positive/image4.png,train/XR_SHOULDER/patient00793/study1_positive,1,abnormal,/content/MURA_abnormal_train/XR_SHOULDER/patient00793/study1_positive/image4.png,True,2402,2402,5,30.019682,0.9260663507109004,peripheral,peripheral,MURA_TT_0537
MURA-v1.1/train/XR_HAND/patient09994/study1_positive/image1.png,XR_HAND,patient09994,study1_positive,1,image1.png,train,/content/drive/MyDrive/MURA-v1.1/train/XR_HAND/patient09994/study1_positive/image1.png,train/XR_HAND/patient09994/study1_positive,1,abnormal,/content/MURA_abnormal_train/XR_HAND/patient09994/study1_positive/image1.png,True,14370,14370,4,23.671854,0.2508474576271186,central,central,MURA_TT_0538
MURA-v1.1/train/XR_FINGER/patient03570/study1_positive/image1.png,XR_FINGER,patient03570,study1_positive,1,image1.png,train,/content/drive/MyDrive/MURA-v1.1/train/XR_FINGER/patient03570/study1_positive/image1.png,train/XR_FINGER/patient03570/study1_positive,1,abnormal,/content/MURA_abnormal_train/XR_FINGER/patient03570/study1_positive/image1.png,True,5934,5934,4,23.757107,0.4882506527415143,central,central,MURA_TT_0539
MURA-v1.1/train/XR_WRIST/patient07364/study1_positive/image2.png,XR_WRIST,patient07364,study1_positive,1,image2.png,train,/content/drive/MyDrive/MURA-v1.1/train/XR_WRIST/patient07364/study1_positive/image2.png,train/XR_WRIST/patient07364/study1_positive,1,abnormal,/content/MURA_abnormal_train/XR_WRIST/patient07364/study1_positive/image2.png,True,12473,12473,8,26.328325,0.6973415132924335,intermediate,intermediate,MURA_TT_0540
MURA-v1.1/train/XR_ELBOW/patient03799/study1_positive/image2.png,XR_ELBOW,patient03799,study1_positive,1,image2.png,train,/content/drive/MyDrive/MURA-v1.1/train/XR_ELBOW/patient03799/study1_positive/image2.png,train/XR_ELBOW/patient03799/study1_positive,1,abnormal,/content/MURA_abnormal_train/XR_ELBOW/patient03799/study1_positive/image2.png,True,8557,8557,4,24.502945,0.0159574468085106,central,central,MURA_TT_0541
MURA-v1.1/train/XR_SHOULDER/patient00440/study1_positive/image3.png,XR_SHOULDER,patient00440,study1_positive,1,image3.png,train,/content/drive/MyDrive/MURA-v1.1/train/XR_SHOULDER/patient00440/study1_positive/image3.png,train/XR_SHOULDER/patient00440/study1_positive,1,abnormal,/content/MURA_abnormal_train/XR_SHOULDER/patient00440/study1_positive/image3.png,True,1339,1339,0,18.424469,0.0458452722063037,central,central,MURA_TT_0542
MURA-v1.1/train/XR_HUMERUS/patient02810/study1_positive/image1.png,XR_HUMERUS,patient02810,study1_positive,1,image1.png,train,/content/drive/MyDrive/MURA-v1.1/train/XR_HUMERUS/patient02810/study1_positive/image1.png,train/XR_HUMERUS/patient02810/study1_positive,1,abnormal,/content/MURA_abnormal_train/XR_HUMERUS/patient02810/study1_positive/image1.png,True,4451,4451,2,20.162153,0.0704225352112676,central,central,MURA_TT_0543
MURA-v1.1/train/XR_HUMERUS/patient02822/study1_positive/image1.png,XR_HUMERUS,patient02822,study1_positive,1,image1.png,train,/content/drive/MyDrive/MURA-v1.1/train/XR_HUMERUS/patient02822/study1_positive/image1.png,train/XR_HUMERUS/patient02822/study1_positive,1,abnormal,/content/MURA_abnormal_train/XR_HUMERUS/patient02822/study1_positive/image1.png,True,4478,4478,3,25.840326,0.4192139737991266,central,central,MURA_TT_0544
MURA-v1.1/train/XR_SHOULDER/patient00356/study1_positive/image3.png,XR_SHOULDER,patient00356,study1_positive,1,image3.png,train,/content/drive/MyDrive/MURA-v1.1/train/XR_SHOULDER/patient00356/study1_positive/image3.png,train/XR_SHOULDER/patient00356/study1_positive,1,abnormal,/content/MURA_abnormal_train/XR_SHOULDER/patient00356/study1_positive/image3.png,True,1101,1101,3,27.602245,0.4773022049286641,central,central,MURA_TT_0545
MURA-v1.1/train/XR_HUMERUS/patient02894/study1_positive/image1.png,XR_HUMERUS,patient02894,study1_positive,1,image1.png,train,/content/drive/MyDrive/MURA-v1.1/train/XR_HUMERUS/patient02894/study1_positive/image1.png,train/XR_HUMERUS/patient02894/study1_positive,1,abnormal,/content/MURA_abnormal_train/XR_HUMERUS/patient02894/study1_positive/image1.png,True,4657,4657,0,27.590418,0.1824817518248175,central,central,MURA_TT_0546
MURA-v1.1/train/XR_FOREARM/patient09208/study1_positive/image1.png,XR_FOREARM,patient09208,study1_positive,1,image1.png,train,/content/drive/MyDrive/MURA-v1.1/train/XR_FOREARM/patient09208/study1_positive/image1.png,train/XR_FOREARM/patient09208/study1_positive,1,abnormal,/content/MURA_abnormal_train/XR_FOREARM/patient09208/study1_positive/image1.png,True,13124,13124,5,24.523035,0.4019607843137255,central,central,MURA_TT_0547
MURA-v1.1/train/XR_WRIST/patient06602/study1_positive/image2.png,XR_WRIST,patient06602,study1_positive,1,image2.png,train,/content/drive/MyDrive/MURA-v1.1/train/XR_WRIST/patient06602/study1_positive/image2.png,train/XR_WRIST/patient06602/study1_positive,1,abnormal,/content/MURA_abnormal_train/XR_WRIST/patient06602/study1_positive/image2.png,True,9596,9596,4,26.383446,0.4178674351585014,central,central,MURA_TT_0548
MURA-v1.1/train/XR_WRIST/patient06426/study1_positive/image1.png,XR_WRIST,patient06426,study1_positive,1,image1.png,train,/content/drive/MyDrive/MURA-v1.1/train/XR_WRIST/patient06426/study1_positive/image1.png,train/XR_WRIST/patient06426/study1_positive,1,abnormal,/content/MURA_abnormal_train/XR_WRIST/patient06426/study1_positive/image1.png,True,8993,8993,7,37.261486,0.8551724137931035,peripheral,peripheral,MURA_TT_0549
MURA-v1.1/train/XR_WRIST/patient07055/study1_positive/image1.png,XR_WRIST,patient07055,study1_positive,1,image1.png,train,/content/drive/MyDrive/MURA-v1.1/train/XR_WRIST/patient07055/study1_positive/image1.png,train/XR_WRIST/patient07055/study1_positive,1,abnormal,/content/MURA_abnormal_train/XR_WRIST/patient07055/study1_positive/image1.png,True,11291,11291,5,22.215364,0.2991735537190083,central,central,MURA_TT_0550
MURA-v1.1/train/XR_FOREARM/patient04196/study1_positive/image2.png,XR_FOREARM,patient04196,study1_positive,1,image2.png,train,/content/drive/MyDrive/MURA-v1.1/train/XR_FOREARM/patient04196/study1_positive/image2.png,train/XR_FOREARM/patient04196/study1_positive,1,abnormal,/content/MURA_abnormal_train/XR_FOREARM/patient04196/study1_positive/image2.png,True,13094,13094,0,22.949532,0.2252252252252252,central,central,MURA_TT_0551
MURA-v1.1/train/XR_ELBOW/patient02260/study1_positive/image1.png,XR_ELBOW,patient02260,study1_positive,1,image1.png,train,/content/drive/MyDrive/MURA-v1.1/train/XR_ELBOW/patient02260/study1_positive/image1.png,train/XR_ELBOW/patient02260/study1_positive,1,abnormal,/content/MURA_abnormal_train/XR_ELBOW/patient02260/study1_positive/image1.png,True,7660,7660,0,28.603935,0.7687074829931972,intermediate,intermediate,MURA_TT_0552
MURA-v1.1/train/XR_ELBOW/patient05091/study1_positive/image3.png,XR_ELBOW,patient05091,study1_positive,1,image3.png,train,/content/drive/MyDrive/MURA-v1.1/train/XR_ELBOW/patient05091/study1_positive/image3.png,train/XR_ELBOW/patient05091/study1_positive,1,abnormal,/content/MURA_abnormal_train/XR_ELBOW/patient05091/study1_positive/image3.png,True,7404,7404,5,34.15272,0.9237536656891496,peripheral,peripheral,MURA_TT_0553
MURA-v1.1/train/XR_HUMERUS/patient00577/study1_positive/image2.png,XR_HUMERUS,patient00577,study1_positive,1,image2.png,train,/content/drive/MyDrive/MURA-v1.1/train/XR_HUMERUS/patient00577/study1_positive/image2.png,train/XR_HUMERUS/patient00577/study1_positive,1,abnormal,/content/MURA_abnormal_train/XR_HUMERUS/patient00577/study1_positive/image2.png,True,4549,4549,2,34.196457,0.9389671361502347,peripheral,peripheral,MURA_TT_0554
MURA-v1.1/train/XR_ELBOW/patient05287/study1_positive/image1.png,XR_ELBOW,patient05287,study1_positive,1,image1.png,train,/content/drive/MyDrive/MURA-v1.1/train/XR_ELBOW/patient05287/study1_positive/image1.png,train/XR_ELBOW/patient05287/study1_positive,1,abnormal,/content/MURA_abnormal_train/XR_ELBOW/patient05287/study1_positive/image1.png,True,8146,8146,1,22.77917,0.5505836575875487,intermediate,intermediate,MURA_TT_0555
MURA-v1.1/train/XR_SHOULDER/patient00250/study1_positive/image1.png,XR_SHOULDER,patient00250,study1_positive,1,image1.png,train,/content/drive/MyDrive/MURA-v1.1/train/XR_SHOULDER/patient00250/study1_positive/image1.png,train/XR_SHOULDER/patient00250/study1_positive,1,abnormal,/content/MURA_abnormal_train/XR_SHOULDER/patient00250/study1_positive/image1.png,True,753,753,0,27.996744,0.826647564469914,peripheral,peripheral,MURA_TT_0556
MURA-v1.1/train/XR_WRIST/patient06939/study1_positive/image1.png,XR_WRIST,patient06939,study1_positive,1,image1.png,train,/content/drive/MyDrive/MURA-v1.1/train/XR_WRIST/patient06939/study1_positive/image1.png,train/XR_WRIST/patient06939/study1_positive,1,abnormal,/content/MURA_abnormal_train/XR_WRIST/patient06939/study1_positive/image1.png,True,10869,10869,3,25.208027,0.2816091954022988,central,central,MURA_TT_0557
MURA-v1.1/train/XR_WRIST/patient06730/study1_positive/image3.png,XR_WRIST,patient06730,study1_positive,1,image3.png,train,/content/drive/MyDrive/MURA-v1.1/train/XR_WRIST/patient06730/study1_positive/image3.png,train/XR_WRIST/patient06730/study1_positive,1,abnormal,/content/MURA_abnormal_train/XR_WRIST/patient06730/study1_positive/image3.png,True,10096,10096,5,25.266813,0.631404958677686,intermediate,intermediate,MURA_TT_0558
MURA-v1.1/train/XR_ELBOW/patient05221/study1_positive/image1.png,XR_ELBOW,patient05221,study1_positive,1,image1.png,train,/content/drive/MyDrive/MURA-v1.1/train/XR_ELBOW/patient05221/study1_positive/image1.png,train/XR_ELBOW/patient05221/study1_positive,1,abnormal,/content/MURA_abnormal_train/XR_ELBOW/patient05221/study1_positive/image1.png,True,7907,7907,1,25.517843,0.7976653696498055,intermediate,intermediate,MURA_TT_0559
MURA-v1.1/train/XR_WRIST/patient06385/study1_positive/image1.png,XR_WRIST,patient06385,study1_positive,1,image1.png,train,/content/drive/MyDrive/MURA-v1.1/train/XR_WRIST/patient06385/study1_positive/image1.png,train/XR_WRIST/patient06385/study1_positive,1,abnormal,/content/MURA_abnormal_train/XR_WRIST/patient06385/study1_positive/image1.png,True,8841,8841,1,18.93566,0.0113851992409867,central,central,MURA_TT_0560
MURA-v1.1/train/XR_FINGER/patient03805/study1_positive/image1.png,XR_FINGER,patient03805,study1_positive,1,image1.png,train,/content/drive/MyDrive/MURA-v1.1/train/XR_FINGER/patient03805/study1_positive/image1.png,train/XR_FINGER/patient03805/study1_positive,1,abnormal,/content/MURA_abnormal_train/XR_FINGER/patient03805/study1_positive/image1.png,True,6726,6726,4,27.742535,0.8093994778067886,peripheral,peripheral,MURA_TT_0561
MURA-v1.1/train/XR_WRIST/patient07093/study1_positive/image2.png,XR_WRIST,patient07093,study1_positive,1,image2.png,train,/content/drive/MyDrive/MURA-v1.1/train/XR_WRIST/patient07093/study1_positive/image2.png,train/XR_WRIST/patient07093/study1_positive,1,abnormal,/content/MURA_abnormal_train/XR_WRIST/patient07093/study1_positive/image2.png,True,11451,11451,8,25.303816,0.6053169734151329,intermediate,intermediate,MURA_TT_0562
MURA-v1.1/train/XR_HAND/patient09770/study1_positive/image2.png,XR_HAND,patient09770,study1_positive,1,image2.png,train,/content/drive/MyDrive/MURA-v1.1/train/XR_HAND/patient09770/study1_positive/image2.png,train/XR_HAND/patient09770/study1_positive,1,abnormal,/content/MURA_abnormal_train/XR_HAND/patient09770/study1_positive/image2.png,True,13522,13522,3,27.87399,0.1978021978021978,central,central,MURA_TT_0563
MURA-v1.1/train/XR_HAND/patient10009/study1_positive/image3.png,XR_HAND,patient10009,study1_positive,1,image3.png,train,/content/drive/MyDrive/MURA-v1.1/train/XR_HAND/patient10009/study1_positive/image3.png,train/XR_HAND/patient10009/study1_positive,1,abnormal,/content/MURA_abnormal_train/XR_HAND/patient10009/study1_positive/image3.png,True,14437,14437,0,20.82055,0.1973684210526315,central,central,MURA_TT_0564
MURA-v1.1/train/XR_FOREARM/patient09273/study1_positive/image2.png,XR_FOREARM,patient09273,study1_positive,1,image2.png,train,/content/drive/MyDrive/MURA-v1.1/train/XR_FOREARM/patient09273/study1_positive/image2.png,train/XR_FOREARM/patient09273/study1_positive,1,abnormal,/content/MURA_abnormal_train/XR_FOREARM/patient09273/study1_positive/image2.png,True,13303,13303,2,23.169481,0.3571428571428571,central,central,MURA_TT_0565
MURA-v1.1/train/XR_HUMERUS/patient02910/study1_positive/image1.png,XR_HUMERUS,patient02910,study1_positive,1,image1.png,train,/content/drive/MyDrive/MURA-v1.1/train/XR_HUMERUS/patient02910/study1_positive/image1.png,train/XR_HUMERUS/patient02910/study1_positive,1,abnormal,/content/MURA_abnormal_train/XR_HUMERUS/patient02910/study1_positive/image1.png,True,4693,4693,3,21.573095,0.0611353711790393,central,central,MURA_TT_0566
MURA-v1.1/train/XR_WRIST/patient01038/study1_positive/image2.png,XR_WRIST,patient01038,study1_positive,1,image2.png,train,/content/drive/MyDrive/MURA-v1.1/train/XR_WRIST/patient01038/study1_positive/image2.png,train/XR_WRIST/patient01038/study1_positive,1,abnormal,/content/MURA_abnormal_train/XR_WRIST/patient01038/study1_positive/image2.png,True,11214,11214,8,20.895895,0.1462167689161554,central,central,MURA_TT_0567
MURA-v1.1/train/XR_HAND/patient07687/study1_positive/image2.png,XR_HAND,patient07687,study1_positive,1,image2.png,train,/content/drive/MyDrive/MURA-v1.1/train/XR_HAND/patient07687/study1_positive/image2.png,train/XR_HAND/patient07687/study1_positive,1,abnormal,/content/MURA_abnormal_train/XR_HAND/patient07687/study1_positive/image2.png,True,13626,13626,1,33.190994,0.7632508833922261,intermediate,intermediate,MURA_TT_0568
MURA-v1.1/train/XR_HUMERUS/patient02718/study1_positive/image4.png,XR_HUMERUS,patient02718,study1_positive,1,image4.png,train,/content/drive/MyDrive/MURA-v1.1/train/XR_HUMERUS/patient02718/study1_positive/image4.png,train/XR_HUMERUS/patient02718/study1_positive,1,abnormal,/content/MURA_abnormal_train/XR_HUMERUS/patient02718/study1_positive/image4.png,True,4222,4222,1,33.348053,0.85,peripheral,peripheral,MURA_TT_0569
MURA-v1.1/train/XR_ELBOW/patient05140/study1_positive/image4.png,XR_ELBOW,patient05140,study1_positive,1,image4.png,train,/content/drive/MyDrive/MURA-v1.1/train/XR_ELBOW/patient05140/study1_positive/image4.png,train/XR_ELBOW/patient05140/study1_positive,1,abnormal,/content/MURA_abnormal_train/XR_ELBOW/patient05140/study1_positive/image4.png,True,7599,7599,1,20.906027,0.3657587548638132,central,central,MURA_TT_0570
MURA-v1.1/train/XR_SHOULDER/patient00856/study1_positive/image2.png,XR_SHOULDER,patient00856,study1_positive,1,image2.png,train,/content/drive/MyDrive/MURA-v1.1/train/XR_SHOULDER/patient00856/study1_positive/image2.png,train/XR_SHOULDER/patient00856/study1_positive,1,abnormal,/content/MURA_abnormal_train/XR_SHOULDER/patient00856/study1_positive/image2.png,True,2573,2573,2,22.261946,0.0677966101694915,central,central,MURA_TT_0571
MURA-v1.1/train/XR_SHOULDER/patient01375/study1_positive/image1.png,XR_SHOULDER,patient01375,study1_positive,1,image1.png,train,/content/drive/MyDrive/MURA-v1.1/train/XR_SHOULDER/patient01375/study1_positive/image1.png,train/XR_SHOULDER/patient01375/study1_positive,1,abnormal,/content/MURA_abnormal_train/XR_SHOULDER/patient01375/study1_positive/image1.png,True,4058,4058,1,45.675774,0.8955223880597015,peripheral,peripheral,MURA_TT_0572
MURA-v1.1/train/XR_SHOULDER/patient01293/study1_positive/image2.png,XR_SHOULDER,patient01293,study1_positive,1,image2.png,train,/content/drive/MyDrive/MURA-v1.1/train/XR_SHOULDER/patient01293/study1_positive/image2.png,train/XR_SHOULDER/patient01293/study1_positive,1,abnormal,/content/MURA_abnormal_train/XR_SHOULDER/patient01293/study1_positive/image2.png,True,3812,3812,2,29.687119,0.7469733656174334,intermediate,intermediate,MURA_TT_0573
MURA-v1.1/train/XR_SHOULDER/patient00972/study1_positive/image1.png,XR_SHOULDER,patient00972,study1_positive,1,image1.png,train,/content/drive/MyDrive/MURA-v1.1/train/XR_SHOULDER/patient00972/study1_positive/image1.png,train/XR_SHOULDER/patient00972/study1_positive,1,abnormal,/content/MURA_abnormal_train/XR_SHOULDER/patient00972/study1_positive/image1.png,True,2918,2918,4,28.815598,0.3726708074534161,central,central,MURA_TT_0574
MURA-v1.1/train/XR_FINGER/patient00848/study1_positive/image3.png,XR_FINGER,patient00848,study1_positive,1,image3.png,train,/content/drive/MyDrive/MURA-v1.1/train/XR_FINGER/patient00848/study1_positive/image3.png,train/XR_FINGER/patient00848/study1_positive,1,abnormal,/content/MURA_abnormal_train/XR_FINGER/patient00848/study1_positive/image3.png,True,6158,6158,4,23.637293,0.4725848563968668,central,central,MURA_TT_0575
MURA-v1.1/train/XR_HUMERUS/patient02927/study1_positive/image1.png,XR_HUMERUS,patient02927,study1_positive,1,image1.png,train,/content/drive/MyDrive/MURA-v1.1/train/XR_HUMERUS/patient02927/study1_positive/image1.png,train/XR_HUMERUS/patient02927/study1_positive,1,abnormal,/content/MURA_abnormal_train/XR_HUMERUS/patient02927/study1_positive/image1.png,True,4735,4735,2,22.819687,0.2676056338028169,central,central,MURA_TT_0576
MURA-v1.1/train/XR_FINGER/patient03400/study1_positive/image2.png,XR_FINGER,patient03400,study1_positive,1,image2.png,train,/content/drive/MyDrive/MURA-v1.1/train/XR_FINGER/patient03400/study1_positive/image2.png,train/XR_FINGER/patient03400/study1_positive,1,abnormal,/content/MURA_abnormal_train/XR_FINGER/patient03400/study1_positive/image2.png,True,5368,5368,5,24.095407,0.4868804664723032,central,central,MURA_TT_0577
MURA-v1.1/train/XR_SHOULDER/patient00810/study1_positive/image1.png,XR_SHOULDER,patient00810,study1_positive,1,image1.png,train,/content/drive/MyDrive/MURA-v1.1/train/XR_SHOULDER/patient00810/study1_positive/image1.png,train/XR_SHOULDER/patient00810/study1_positive,1,abnormal,/content/MURA_abnormal_train/XR_SHOULDER/patient00810/study1_positive/image1.png,True,2447,2447,1,30.733395,0.444776119402985,central,central,MURA_TT_0578
MURA-v1.1/train/XR_WRIST/patient07342/study1_positive/image3.png,XR_WRIST,patient07342,study1_positive,1,image3.png,train,/content/drive/MyDrive/MURA-v1.1/train/XR_WRIST/patient07342/study1_positive/image3.png,train/XR_WRIST/patient07342/study1_positive,1,abnormal,/content/MURA_abnormal_train/XR_WRIST/patient07342/study1_positive/image3.png,True,12409,12409,6,27.353872,0.254054054054054,central,central,MURA_TT_0579
MURA-v1.1/train/XR_WRIST/patient06581/study1_positive/image2.png,XR_WRIST,patient06581,study1_positive,1,image2.png,train,/content/drive/MyDrive/MURA-v1.1/train/XR_WRIST/patient06581/study1_positive/image2.png,train/XR_WRIST/patient06581/study1_positive,1,abnormal,/content/MURA_abnormal_train/XR_WRIST/patient06581/study1_positive/image2.png,True,9522,9522,8,28.134962,0.8466257668711656,peripheral,peripheral,MURA_TT_0580
MURA-v1.1/train/XR_SHOULDER/patient00595/study1_positive/image1.png,XR_SHOULDER,patient00595,study1_positive,1,image1.png,train,/content/drive/MyDrive/MURA-v1.1/train/XR_SHOULDER/patient00595/study1_positive/image1.png,train/XR_SHOULDER/patient00595/study1_positive,1,abnormal,/content/MURA_abnormal_train/XR_SHOULDER/patient00595/study1_positive/image1.png,True,1797,1797,4,31.723915,0.6894409937888198,intermediate,intermediate,MURA_TT_0581
MURA-v1.1/train/XR_WRIST/patient06731/study1_positive/image3.png,XR_WRIST,patient06731,study1_positive,1,image3.png,train,/content/drive/MyDrive/MURA-v1.1/train/XR_WRIST/patient06731/study1_positive/image3.png,train/XR_WRIST/patient06731/study1_positive,1,abnormal,/content/MURA_abnormal_train/XR_WRIST/patient06731/study1_positive/image3.png,True,10100,10100,6,28.4739,0.4054054054054054,central,central,MURA_TT_0582
MURA-v1.1/train/XR_SHOULDER/patient00121/study1_positive/image1.png,XR_SHOULDER,patient00121,study1_positive,1,image1.png,train,/content/drive/MyDrive/MURA-v1.1/train/XR_SHOULDER/patient00121/study1_positive/image1.png,train/XR_SHOULDER/patient00121/study1_positive,1,abnormal,/content/MURA_abnormal_train/XR_SHOULDER/patient00121/study1_positive/image1.png,True,358,358,4,28.723602,0.3581780538302277,central,central,MURA_TT_0583
MURA-v1.1/train/XR_FINGER/patient03526/study1_positive/image1.png,XR_FINGER,patient03526,study1_positive,1,image1.png,train,/content/drive/MyDrive/MURA-v1.1/train/XR_FINGER/patient03526/study1_positive/image1.png,train/XR_FINGER/patient03526/study1_positive,1,abnormal,/content/MURA_abnormal_train/XR_FINGER/patient03526/study1_positive/image1.png,True,5782,5782,0,30.404343,0.6153846153846154,intermediate,intermediate,MURA_TT_0584
MURA-v1.1/train/XR_HAND/patient07365/study1_positive/image1.png,XR_HAND,patient07365,study1_positive,1,image1.png,train,/content/drive/MyDrive/MURA-v1.1/train/XR_HAND/patient07365/study1_positive/image1.png,train/XR_HAND/patient07365/study1_positive,1,abnormal,/content/MURA_abnormal_train/XR_HAND/patient07365/study1_positive/image1.png,True,13395,13395,5,22.113255,0.4814814814814814,central,central,MURA_TT_0585
MURA-v1.1/train/XR_FINGER/patient03339/study1_positive/image1.png,XR_FINGER,patient03339,study1_positive,1,image1.png,train,/content/drive/MyDrive/MURA-v1.1/train/XR_FINGER/patient03339/study1_positive/image1.png,train/XR_FINGER/patient03339/study1_positive,1,abnormal,/content/MURA_abnormal_train/XR_FINGER/patient03339/study1_positive/image1.png,True,5167,5167,2,31.790266,0.8635097493036211,peripheral,peripheral,MURA_TT_0586
MURA-v1.1/train/XR_SHOULDER/patient00979/study1_positive/image2.png,XR_SHOULDER,patient00979,study1_positive,1,image2.png,train,/content/drive/MyDrive/MURA-v1.1/train/XR_SHOULDER/patient00979/study1_positive/image2.png,train/XR_SHOULDER/patient00979/study1_positive,1,abnormal,/content/MURA_abnormal_train/XR_SHOULDER/patient00979/study1_positive/image2.png,True,2940,2940,2,28.011887,0.6016949152542372,intermediate,intermediate,MURA_TT_0587
MURA-v1.1/train/XR_WRIST/patient06416/study1_positive/image2.png,XR_WRIST,patient06416,study1_positive,1,image2.png,train,/content/drive/MyDrive/MURA-v1.1/train/XR_WRIST/patient06416/study1_positive/image2.png,train/XR_WRIST/patient06416/study1_positive,1,abnormal,/content/MURA_abnormal_train/XR_WRIST/patient06416/study1_positive/image2.png,True,8953,8953,1,29.000307,0.8121442125237192,peripheral,peripheral,MURA_TT_0588
MURA-v1.1/train/XR_FINGER/patient03638/study1_positive/image2.png,XR_FINGER,patient03638,study1_positive,1,image2.png,train,/content/drive/MyDrive/MURA-v1.1/train/XR_FINGER/patient03638/study1_positive/image2.png,train/XR_FINGER/patient03638/study1_positive,1,abnormal,/content/MURA_abnormal_train/XR_FINGER/patient03638/study1_positive/image2.png,True,6160,6160,0,31.189667,0.6953846153846154,intermediate,intermediate,MURA_TT_0589
MURA-v1.1/train/XR_ELBOW/patient01219/study1_positive/image1.png,XR_ELBOW,patient01219,study1_positive,1,image1.png,train,/content/drive/MyDrive/MURA-v1.1/train/XR_ELBOW/patient01219/study1_positive/image1.png,train/XR_ELBOW/patient01219/study1_positive,1,abnormal,/content/MURA_abnormal_train/XR_ELBOW/patient01219/study1_positive/image1.png,True,8721,8721,4,34.82497,0.8351063829787234,peripheral,peripheral,MURA_TT_0590
MURA-v1.1/train/XR_WRIST/patient07030/study1_positive/image3.png,XR_WRIST,patient07030,study1_positive,1,image3.png,train,/content/drive/MyDrive/MURA-v1.1/train/XR_WRIST/patient07030/study1_positive/image3.png,train/XR_WRIST/patient07030/study1_positive,1,abnormal,/content/MURA_abnormal_train/XR_WRIST/patient07030/study1_positive/image3.png,True,11187,11187,6,22.98451,0.0351351351351351,central,central,MURA_TT_0591
MURA-v1.1/train/XR_FOREARM/patient09142/study1_positive/image1.png,XR_FOREARM,patient09142,study1_positive,1,image1.png,train,/content/drive/MyDrive/MURA-v1.1/train/XR_FOREARM/patient09142/study1_positive/image1.png,train/XR_FOREARM/patient09142/study1_positive,1,abnormal,/content/MURA_abnormal_train/XR_FOREARM/patient09142/study1_positive/image1.png,True,12896,12896,4,34.77493,0.8571428571428571,peripheral,peripheral,MURA_TT_0592
MURA-v1.1/train/XR_WRIST/patient07187/study1_positive/image3.png,XR_WRIST,patient07187,study1_positive,1,image3.png,train,/content/drive/MyDrive/MURA-v1.1/train/XR_WRIST/patient07187/study1_positive/image3.png,train/XR_WRIST/patient07187/study1_positive,1,abnormal,/content/MURA_abnormal_train/XR_WRIST/patient07187/study1_positive/image3.png,True,11829,11829,8,22.343935,0.263803680981595,central,central,MURA_TT_0593
MURA-v1.1/train/XR_SHOULDER/patient01302/study1_positive/image4.png,XR_SHOULDER,patient01302,study1_positive,1,image4.png,train,/content/drive/MyDrive/MURA-v1.1/train/XR_SHOULDER/patient01302/study1_positive/image4.png,train/XR_SHOULDER/patient01302/study1_positive,1,abnormal,/content/MURA_abnormal_train/XR_SHOULDER/patient01302/study1_positive/image4.png,True,3842,3842,3,22.876305,0.0635538261997405,central,central,MURA_TT_0594
MURA-v1.1/train/XR_WRIST/patient07356/study1_positive/image2.png,XR_WRIST,patient07356,study1_positive,1,image2.png,train,/content/drive/MyDrive/MURA-v1.1/train/XR_WRIST/patient07356/study1_positive/image2.png,train/XR_WRIST/patient07356/study1_positive,1,abnormal,/content/MURA_abnormal_train/XR_WRIST/patient07356/study1_positive/image2.png,True,12447,12447,4,37.68424,0.9452449567723344,peripheral,peripheral,MURA_TT_0595
MURA-v1.1/train/XR_ELBOW/patient05033/study1_positive/image2.png,XR_ELBOW,patient05033,study1_positive,1,image2.png,train,/content/drive/MyDrive/MURA-v1.1/train/XR_ELBOW/patient05033/study1_positive/image2.png,train/XR_ELBOW/patient05033/study1_positive,1,abnormal,/content/MURA_abnormal_train/XR_ELBOW/patient05033/study1_positive/image2.png,True,7216,7216,2,18.2423,0.0173010380622837,central,central,MURA_TT_0596
MURA-v1.1/train/XR_SHOULDER/patient00830/study1_positive/image2.png,XR_SHOULDER,patient00830,study1_positive,1,image2.png,train,/content/drive/MyDrive/MURA-v1.1/train/XR_SHOULDER/patient00830/study1_positive/image2.png,train/XR_SHOULDER/patient00830/study1_positive,1,abnormal,/content/MURA_abnormal_train/XR_SHOULDER/patient00830/study1_positive/image2.png,True,2500,2500,5,26.974504,0.7838862559241706,intermediate,intermediate,MURA_TT_0597
MURA-v1.1/train/XR_WRIST/patient07253/study1_positive/image1.png,XR_WRIST,patient07253,study1_positive,1,image1.png,train,/content/drive/MyDrive/MURA-v1.1/train/XR_WRIST/patient07253/study1_positive/image1.png,train/XR_WRIST/patient07253/study1_positive,1,abnormal,/content/MURA_abnormal_train/XR_WRIST/patient07253/study1_positive/image1.png,True,12076,12076,8,23.470043,0.4038854805725971,central,central,MURA_TT_0598
MURA-v1.1/train/XR_HAND/patient09928/study1_positive/image2.png,XR_HAND,patient09928,study1_positive,1,image2.png,train,/content/drive/MyDrive/MURA-v1.1/train/XR_HAND/patient09928/study1_positive/image2.png,train/XR_HAND/patient09928/study1_positive,1,abnormal,/content/MURA_abnormal_train/XR_HAND/patient09928/study1_positive/image2.png,True,14137,14137,4,28.25487,0.752542372881356,intermediate,intermediate,MURA_TT_0599
MURA-v1.1/train/XR_HAND/patient01870/study1_positive/image2.png,XR_HAND,patient01870,study1_positive,1,image2.png,train,/content/drive/MyDrive/MURA-v1.1/train/XR_HAND/patient01870/study1_positive/image2.png,train/XR_HAND/patient01870/study1_positive,1,abnormal,/content/MURA_abnormal_train/XR_HAND/patient01870/study1_positive/image2.png,True,14590,14590,5,21.559944,0.3851851851851852,central,central,MURA_TT_0600
MURA-v1.1/train/XR_HAND/patient09803/study1_positive/image2.png,XR_HAND,patient09803,study1_positive,1,image2.png,train,/content/drive/MyDrive/MURA-v1.1/train/XR_HAND/patient09803/study1_positive/image2.png,train/XR_HAND/patient09803/study1_positive,1,abnormal,/content/MURA_abnormal_train/XR_HAND/patient09803/study1_positive/image2.png,True,13654,13654,2,23.613594,0.2429022082018927,central,central,MURA_TT_0601
MURA-v1.1/train/XR_FOREARM/patient09177/study1_positive/image2.png,XR_FOREARM,patient09177,study1_positive,1,image2.png,train,/content/drive/MyDrive/MURA-v1.1/train/XR_FOREARM/patient09177/study1_positive/image2.png,train/XR_FOREARM/patient09177/study1_positive,1,abnormal,/content/MURA_abnormal_train/XR_FOREARM/patient09177/study1_positive/image2.png,True,13020,13020,0,28.327154,0.6846846846846847,intermediate,intermediate,MURA_TT_0602
MURA-v1.1/train/XR_FOREARM/patient00729/study1_positive/image1.png,XR_FOREARM,patient00729,study1_positive,1,image1.png,train,/content/drive/MyDrive/MURA-v1.1/train/XR_FOREARM/patient00729/study1_positive/image1.png,train/XR_FOREARM/patient00729/study1_positive,1,abnormal,/content/MURA_abnormal_train/XR_FOREARM/patient00729/study1_positive/image1.png,True,13362,13362,0,25.336853,0.4594594594594595,central,central,MURA_TT_0603
MURA-v1.1/train/XR_SHOULDER/patient01201/study1_positive/image1.png,XR_SHOULDER,patient01201,study1_positive,1,image1.png,train,/content/drive/MyDrive/MURA-v1.1/train/XR_SHOULDER/patient01201/study1_positive/image1.png,train/XR_SHOULDER/patient01201/study1_positive,1,abnormal,/content/MURA_abnormal_train/XR_SHOULDER/patient01201/study1_positive/image1.png,True,3566,3566,0,28.166258,0.83810888252149,peripheral,peripheral,MURA_TT_0604
MURA-v1.1/train/XR_SHOULDER/patient01299/study1_positive/image4.png,XR_SHOULDER,patient01299,study1_positive,1,image4.png,train,/content/drive/MyDrive/MURA-v1.1/train/XR_SHOULDER/patient01299/study1_positive/image4.png,train/XR_SHOULDER/patient01299/study1_positive,1,abnormal,/content/MURA_abnormal_train/XR_SHOULDER/patient01299/study1_positive/image4.png,True,3833,3833,3,26.188805,0.3372243839169909,central,central,MURA_TT_0605
MURA-v1.1/train/XR_SHOULDER/patient01379/study1_positive/image2.png,XR_SHOULDER,patient01379,study1_positive,1,image2.png,train,/content/drive/MyDrive/MURA-v1.1/train/XR_SHOULDER/patient01379/study1_positive/image2.png,train/XR_SHOULDER/patient01379/study1_positive,1,abnormal,/content/MURA_abnormal_train/XR_SHOULDER/patient01379/study1_positive/image2.png,True,4070,4070,2,30.962788,0.8401937046004843,peripheral,peripheral,MURA_TT_0606
MURA-v1.1/train/XR_HUMERUS/patient02930/study1_positive/image1.png,XR_HUMERUS,patient02930,study1_positive,1,image1.png,train,/content/drive/MyDrive/MURA-v1.1/train/XR_HUMERUS/patient02930/study1_positive/image1.png,train/XR_HUMERUS/patient02930/study1_positive,1,abnormal,/content/MURA_abnormal_train/XR_HUMERUS/patient02930/study1_positive/image1.png,True,4743,4743,3,31.64198,0.8165938864628821,peripheral,peripheral,MURA_TT_0607
MURA-v1.1/train/XR_SHOULDER/patient00056/study1_positive/image3.png,XR_SHOULDER,patient00056,study1_positive,1,image3.png,train,/content/drive/MyDrive/MURA-v1.1/train/XR_SHOULDER/patient00056/study1_positive/image3.png,train/XR_SHOULDER/patient00056/study1_positive,1,abnormal,/content/MURA_abnormal_train/XR_SHOULDER/patient00056/study1_positive/image3.png,True,167,167,4,26.25445,0.1159420289855072,central,central,MURA_TT_0608
MURA-v1.1/train/XR_FINGER/patient03550/study1_positive/image3.png,XR_FINGER,patient03550,study1_positive,1,image3.png,train,/content/drive/MyDrive/MURA-v1.1/train/XR_FINGER/patient03550/study1_positive/image3.png,train/XR_FINGER/patient03550/study1_positive,1,abnormal,/content/MURA_abnormal_train/XR_FINGER/patient03550/study1_positive/image3.png,True,5867,5867,0,27.889776,0.3876923076923076,central,central,MURA_TT_0609
MURA-v1.1/train/XR_WRIST/patient07297/study1_positive/image1.png,XR_WRIST,patient07297,study1_positive,1,image1.png,train,/content/drive/MyDrive/MURA-v1.1/train/XR_WRIST/patient07297/study1_positive/image1.png,train/XR_WRIST/patient07297/study1_positive,1,abnormal,/content/MURA_abnormal_train/XR_WRIST/patient07297/study1_positive/image1.png,True,12245,12245,1,20.331165,0.0588235294117647,central,central,MURA_TT_0610
MURA-v1.1/train/XR_HUMERUS/patient02848/study1_positive/image1.png,XR_HUMERUS,patient02848,study1_positive,1,image1.png,train,/content/drive/MyDrive/MURA-v1.1/train/XR_HUMERUS/patient02848/study1_positive/image1.png,train/XR_HUMERUS/patient02848/study1_positive,1,abnormal,/content/MURA_abnormal_train/XR_HUMERUS/patient02848/study1_positive/image1.png,True,4540,4540,2,24.088804,0.4131455399061033,central,central,MURA_TT_0611
MURA-v1.1/train/XR_FOREARM/patient09266/study1_positive/image2.png,XR_FOREARM,patient09266,study1_positive,1,image2.png,train,/content/drive/MyDrive/MURA-v1.1/train/XR_FOREARM/patient09266/study1_positive/image2.png,train/XR_FOREARM/patient09266/study1_positive,1,abnormal,/content/MURA_abnormal_train/XR_FOREARM/patient09266/study1_positive/image2.png,True,13283,13283,1,24.79409,0.1463414634146341,central,central,MURA_TT_0612
MURA-v1.1/train/XR_HAND/patient09911/study1_positive/image1.png,XR_HAND,patient09911,study1_positive,1,image1.png,train,/content/drive/MyDrive/MURA-v1.1/train/XR_HAND/patient09911/study1_positive/image1.png,train/XR_HAND/patient09911/study1_positive,1,abnormal,/content/MURA_abnormal_train/XR_HAND/patient09911/study1_positive/image1.png,True,14082,14082,4,28.927557,0.8033898305084746,peripheral,peripheral,MURA_TT_0613
MURA-v1.1/train/XR_SHOULDER/patient00528/study1_positive/image1.png,XR_SHOULDER,patient00528,study1_positive,1,image1.png,train,/content/drive/MyDrive/MURA-v1.1/train/XR_SHOULDER/patient00528/study1_positive/image1.png,train/XR_SHOULDER/patient00528/study1_positive,1,abnormal,/content/MURA_abnormal_train/XR_SHOULDER/patient00528/study1_positive/image1.png,True,1599,1599,4,27.553354,0.2194616977225673,central,central,MURA_TT_0614
MURA-v1.1/train/XR_WRIST/patient06513/study1_positive/image2.png,XR_WRIST,patient06513,study1_positive,1,image2.png,train,/content/drive/MyDrive/MURA-v1.1/train/XR_WRIST/patient06513/study1_positive/image2.png,train/XR_WRIST/patient06513/study1_positive,1,abnormal,/content/MURA_abnormal_train/XR_WRIST/patient06513/study1_positive/image2.png,True,9289,9289,1,24.983732,0.50853889943074,intermediate,intermediate,MURA_TT_0615
MURA-v1.1/train/XR_SHOULDER/patient00436/study1_positive/image3.png,XR_SHOULDER,patient00436,study1_positive,1,image3.png,train,/content/drive/MyDrive/MURA-v1.1/train/XR_SHOULDER/patient00436/study1_positive/image3.png,train/XR_SHOULDER/patient00436/study1_positive,1,abnormal,/content/MURA_abnormal_train/XR_SHOULDER/patient00436/study1_positive/image3.png,True,1323,1323,5,27.369808,0.814218009478673,peripheral,peripheral,MURA_TT_0616
MURA-v1.1/train/XR_HUMERUS/patient02722/study1_positive/image1.png,XR_HUMERUS,patient02722,study1_positive,1,image1.png,train,/content/drive/MyDrive/MURA-v1.1/train/XR_HUMERUS/patient02722/study1_positive/image1.png,train/XR_HUMERUS/patient02722/study1_positive,1,abnormal,/content/MURA_abnormal_train/XR_HUMERUS/patient02722/study1_positive/image1.png,True,4236,4236,2,22.130602,0.2065727699530516,central,central,MURA_TT_0617
MURA-v1.1/train/XR_SHOULDER/patient00748/study1_positive/image3.png,XR_SHOULDER,patient00748,study1_positive,1,image3.png,train,/content/drive/MyDrive/MURA-v1.1/train/XR_SHOULDER/patient00748/study1_positive/image3.png,train/XR_SHOULDER/patient00748/study1_positive,1,abnormal,/content/MURA_abnormal_train/XR_SHOULDER/patient00748/study1_positive/image3.png,True,2274,2274,0,30.797188,0.9369627507163324,peripheral,peripheral,MURA_TT_0618
MURA-v1.1/train/XR_HAND/patient09735/study1_positive/image1.png,XR_HAND,patient09735,study1_positive,1,image1.png,train,/content/drive/MyDrive/MURA-v1.1/train/XR_HAND/patient09735/study1_positive/image1.png,train/XR_HAND/patient09735/study1_positive,1,abnormal,/content/MURA_abnormal_train/XR_HAND/patient09735/study1_positive/image1.png,True,13392,13392,1,29.03897,0.5618374558303887,intermediate,intermediate,MURA_TT_0619
MURA-v1.1/train/XR_HAND/patient09908/study1_positive/image2.png,XR_HAND,patient09908,study1_positive,1,image2.png,train,/content/drive/MyDrive/MURA-v1.1/train/XR_HAND/patient09908/study1_positive/image2.png,train/XR_HAND/patient09908/study1_positive,1,abnormal,/content/MURA_abnormal_train/XR_HAND/patient09908/study1_positive/image2.png,True,14073,14073,4,25.12652,0.4508474576271186,central,central,MURA_TT_0620
MURA-v1.1/train/XR_WRIST/patient06783/study2_positive/image1.png,XR_WRIST,patient06783,study2_positive,1,image1.png,train,/content/drive/MyDrive/MURA-v1.1/train/XR_WRIST/patient06783/study2_positive/image1.png,train/XR_WRIST/patient06783/study2_positive,1,abnormal,/content/MURA_abnormal_train/XR_WRIST/patient06783/study2_positive/image1.png,True,10290,10290,2,23.267323,0.3224400871459695,central,central,MURA_TT_0621
MURA-v1.1/train/XR_SHOULDER/patient00854/study1_positive/image1.png,XR_SHOULDER,patient00854,study1_positive,1,image1.png,train,/content/drive/MyDrive/MURA-v1.1/train/XR_SHOULDER/patient00854/study1_positive/image1.png,train/XR_SHOULDER/patient00854/study1_positive,1,abnormal,/content/MURA_abnormal_train/XR_SHOULDER/patient00854/study1_positive/image1.png,True,2565,2565,0,21.325912,0.2736389684813753,central,central,MURA_TT_0622
MURA-v1.1/train/XR_HAND/patient10104/study1_positive/image2.png,XR_HAND,patient10104,study1_positive,1,image2.png,train,/content/drive/MyDrive/MURA-v1.1/train/XR_HAND/patient10104/study1_positive/image2.png,train/XR_HAND/patient10104/study1_positive,1,abnormal,/content/MURA_abnormal_train/XR_HAND/patient10104/study1_positive/image2.png,True,14757,14757,0,24.997477,0.6008771929824561,intermediate,intermediate,MURA_TT_0623
MURA-v1.1/train/XR_FOREARM/patient09292/study1_positive/image3.png,XR_FOREARM,patient09292,study1_positive,1,image3.png,train,/content/drive/MyDrive/MURA-v1.1/train/XR_FOREARM/patient09292/study1_positive/image3.png,train/XR_FOREARM/patient09292/study1_positive,1,abnormal,/content/MURA_abnormal_train/XR_FOREARM/patient09292/study1_positive/image3.png,True,13368,13368,2,14.642874,0.0079365079365079,central,central,MURA_TT_0624
MURA-v1.1/train/XR_WRIST/patient03777/study1_positive/image1.png,XR_WRIST,patient03777,study1_positive,1,image1.png,train,/content/drive/MyDrive/MURA-v1.1/train/XR_WRIST/patient03777/study1_positive/image1.png,train/XR_WRIST/patient03777/study1_positive,1,abnormal,/content/MURA_abnormal_train/XR_WRIST/patient03777/study1_positive/image1.png,True,12451,12451,8,27.499567,0.8016359918200409,peripheral,peripheral,MURA_TT_0625
MURA-v1.1/train/XR_SHOULDER/patient01412/study1_positive/image4.png,XR_SHOULDER,patient01412,study1_positive,1,image4.png,train,/content/drive/MyDrive/MURA-v1.1/train/XR_SHOULDER/patient01412/study1_positive/image4.png,train/XR_SHOULDER/patient01412/study1_positive,1,abnormal,/content/MURA_abnormal_train/XR_SHOULDER/patient01412/study1_positive/image4.png,True,4149,4149,5,24.832779,0.5848341232227489,intermediate,intermediate,MURA_TT_0626
MURA-v1.1/train/XR_SHOULDER/patient00574/study1_positive/image3.png,XR_SHOULDER,patient00574,study1_positive,1,image3.png,train,/content/drive/MyDrive/MURA-v1.1/train/XR_SHOULDER/patient00574/study1_positive/image3.png,train/XR_SHOULDER/patient00574/study1_positive,1,abnormal,/content/MURA_abnormal_train/XR_SHOULDER/patient00574/study1_positive/image3.png,True,1749,1749,3,32.769974,0.8443579766536965,peripheral,peripheral,MURA_TT_0627
MURA-v1.1/train/XR_HUMERUS/patient02802/study1_positive/image3.png,XR_HUMERUS,patient02802,study1_positive,1,image3.png,train,/content/drive/MyDrive/MURA-v1.1/train/XR_HUMERUS/patient02802/study1_positive/image3.png,train/XR_HUMERUS/patient02802/study1_positive,1,abnormal,/content/MURA_abnormal_train/XR_HUMERUS/patient02802/study1_positive/image3.png,True,4434,4434,0,31.663877,0.5036496350364964,intermediate,intermediate,MURA_TT_0628
MURA-v1.1/train/XR_FINGER/patient03335/study2_positive/image3.png,XR_FINGER,patient03335,study2_positive,1,image3.png,train,/content/drive/MyDrive/MURA-v1.1/train/XR_FINGER/patient03335/study2_positive/image3.png,train/XR_FINGER/patient03335/study2_positive,1,abnormal,/content/MURA_abnormal_train/XR_FINGER/patient03335/study2_positive/image3.png,True,5157,5157,4,24.773859,0.5953002610966057,intermediate,intermediate,MURA_TT_0629
MURA-v1.1/train/XR_SHOULDER/patient01186/study1_positive/image1.png,XR_SHOULDER,patient01186,study1_positive,1,image1.png,train,/content/drive/MyDrive/MURA-v1.1/train/XR_SHOULDER/patient01186/study1_positive/image1.png,train/XR_SHOULDER/patient01186/study1_positive,1,abnormal,/content/MURA_abnormal_train/XR_SHOULDER/patient01186/study1_positive/image1.png,True,3519,3519,2,21.905804,0.0520581113801452,central,central,MURA_TT_0630
MURA-v1.1/train/XR_ELBOW/patient05071/study1_positive/image1.png,XR_ELBOW,patient05071,study1_positive,1,image1.png,train,/content/drive/MyDrive/MURA-v1.1/train/XR_ELBOW/patient05071/study1_positive/image1.png,train/XR_ELBOW/patient05071/study1_positive,1,abnormal,/content/MURA_abnormal_train/XR_ELBOW/patient05071/study1_positive/image1.png,True,7346,7346,5,31.188963,0.8299120234604106,peripheral,peripheral,MURA_TT_0631
MURA-v1.1/train/XR_WRIST/patient04416/study1_positive/image2.png,XR_WRIST,patient04416,study1_positive,1,image2.png,train,/content/drive/MyDrive/MURA-v1.1/train/XR_WRIST/patient04416/study1_positive/image2.png,train/XR_WRIST/patient04416/study1_positive,1,abnormal,/content/MURA_abnormal_train/XR_WRIST/patient04416/study1_positive/image2.png,True,10588,10588,5,29.106886,0.8909090909090909,peripheral,peripheral,MURA_TT_0632
MURA-v1.1/train/XR_FINGER/patient03791/study1_positive/image3.png,XR_FINGER,patient03791,study1_positive,1,image3.png,train,/content/drive/MyDrive/MURA-v1.1/train/XR_FINGER/patient03791/study1_positive/image3.png,train/XR_FINGER/patient03791/study1_positive,1,abnormal,/content/MURA_abnormal_train/XR_FINGER/patient03791/study1_positive/image3.png,True,6687,6687,1,31.854849,0.8981818181818182,peripheral,peripheral,MURA_TT_0633
MURA-v1.1/train/XR_HUMERUS/patient02626/study1_positive/image2.png,XR_HUMERUS,patient02626,study1_positive,1,image2.png,train,/content/drive/MyDrive/MURA-v1.1/train/XR_HUMERUS/patient02626/study1_positive/image2.png,train/XR_HUMERUS/patient02626/study1_positive,1,abnormal,/content/MURA_abnormal_train/XR_HUMERUS/patient02626/study1_positive/image2.png,True,4170,4170,3,25.791866,0.4061135371179039,central,central,MURA_TT_0634
MURA-v1.1/train/XR_ELBOW/patient05409/study1_positive/image2.png,XR_ELBOW,patient05409,study1_positive,1,image2.png,train,/content/drive/MyDrive/MURA-v1.1/train/XR_ELBOW/patient05409/study1_positive/image2.png,train/XR_ELBOW/patient05409/study1_positive,1,abnormal,/content/MURA_abnormal_train/XR_ELBOW/patient05409/study1_positive/image2.png,True,8573,8573,5,25.88239,0.3108504398826979,central,central,MURA_TT_0635
MURA-v1.1/train/XR_FINGER/patient03275/study1_positive/image1.png,XR_FINGER,patient03275,study1_positive,1,image1.png,train,/content/drive/MyDrive/MURA-v1.1/train/XR_FINGER/patient03275/study1_positive/image1.png,train/XR_FINGER/patient03275/study1_positive,1,abnormal,/content/MURA_abnormal_train/XR_FINGER/patient03275/study1_positive/image1.png,True,4942,4942,5,28.200592,0.8571428571428571,peripheral,peripheral,MURA_TT_0636
MURA-v1.1/train/XR_WRIST/patient07237/study1_positive/image1.png,XR_WRIST,patient07237,study1_positive,1,image1.png,train,/content/drive/MyDrive/MURA-v1.1/train/XR_WRIST/patient07237/study1_positive/image1.png,train/XR_WRIST/patient07237/study1_positive,1,abnormal,/content/MURA_abnormal_train/XR_WRIST/patient07237/study1_positive/image1.png,True,12016,12016,6,29.006393,0.4837837837837838,central,central,MURA_TT_0637
MURA-v1.1/train/XR_WRIST/patient06435/study1_positive/image2.png,XR_WRIST,patient06435,study1_positive,1,image2.png,train,/content/drive/MyDrive/MURA-v1.1/train/XR_WRIST/patient06435/study1_positive/image2.png,train/XR_WRIST/patient06435/study1_positive,1,abnormal,/content/MURA_abnormal_train/XR_WRIST/patient06435/study1_positive/image2.png,True,9025,9025,5,21.152712,0.1900826446280991,central,central,MURA_TT_0638
MURA-v1.1/train/XR_ELBOW/patient05141/study1_positive/image1.png,XR_ELBOW,patient05141,study1_positive,1,image1.png,train,/content/drive/MyDrive/MURA-v1.1/train/XR_ELBOW/patient05141/study1_positive/image1.png,train/XR_ELBOW/patient05141/study1_positive,1,abnormal,/content/MURA_abnormal_train/XR_ELBOW/patient05141/study1_positive/image1.png,True,7600,7600,4,30.398502,0.4680851063829787,central,central,MURA_TT_0639
MURA-v1.1/train/XR_SHOULDER/patient00298/study1_positive/image1.png,XR_SHOULDER,patient00298,study1_positive,1,image1.png,train,/content/drive/MyDrive/MURA-v1.1/train/XR_SHOULDER/patient00298/study1_positive/image1.png,train/XR_SHOULDER/patient00298/study1_positive,1,abnormal,/content/MURA_abnormal_train/XR_SHOULDER/patient00298/study1_positive/image1.png,True,915,915,3,25.750225,0.2931258106355383,central,central,MURA_TT_0640
MURA-v1.1/train/XR_SHOULDER/patient00769/study1_positive/image1.png,XR_SHOULDER,patient00769,study1_positive,1,image1.png,train,/content/drive/MyDrive/MURA-v1.1/train/XR_SHOULDER/patient00769/study1_positive/image1.png,train/XR_SHOULDER/patient00769/study1_positive,1,abnormal,/content/MURA_abnormal_train/XR_SHOULDER/patient00769/study1_positive/image1.png,True,2339,2339,5,26.875496,0.7744075829383886,intermediate,intermediate,MURA_TT_0641
MURA-v1.1/train/XR_ELBOW/patient05270/study1_positive/image2.png,XR_ELBOW,patient05270,study1_positive,1,image2.png,train,/content/drive/MyDrive/MURA-v1.1/train/XR_ELBOW/patient05270/study1_positive/image2.png,train/XR_ELBOW/patient05270/study1_positive,1,abnormal,/content/MURA_abnormal_train/XR_ELBOW/patient05270/study1_positive/image2.png,True,8088,8088,1,20.457287,0.321011673151751,central,central,MURA_TT_0642
MURA-v1.1/train/XR_FOREARM/patient09161/study1_positive/image3.png,XR_FOREARM,patient09161,study1_positive,1,image3.png,train,/content/drive/MyDrive/MURA-v1.1/train/XR_FOREARM/patient09161/study1_positive/image3.png,train/XR_FOREARM/patient09161/study1_positive,1,abnormal,/content/MURA_abnormal_train/XR_FOREARM/patient09161/study1_positive/image3.png,True,12962,12962,2,24.96488,0.5714285714285714,intermediate,intermediate,MURA_TT_0643
MURA-v1.1/train/XR_WRIST/patient06920/study1_positive/image4.png,XR_WRIST,patient06920,study1_positive,1,image4.png,train,/content/drive/MyDrive/MURA-v1.1/train/XR_WRIST/patient06920/study1_positive/image4.png,train/XR_WRIST/patient06920/study1_positive,1,abnormal,/content/MURA_abnormal_train/XR_WRIST/patient06920/study1_positive/image4.png,True,10795,10795,8,21.600058,0.1922290388548057,central,central,MURA_TT_0644
MURA-v1.1/train/XR_WRIST/patient06941/study1_positive/image2.png,XR_WRIST,patient06941,study1_positive,1,image2.png,train,/content/drive/MyDrive/MURA-v1.1/train/XR_WRIST/patient06941/study1_positive/image2.png,train/XR_WRIST/patient06941/study1_positive,1,abnormal,/content/MURA_abnormal_train/XR_WRIST/patient06941/study1_positive/image2.png,True,10876,10876,6,25.810284,0.1459459459459459,central,central,MURA_TT_0645
MURA-v1.1/train/XR_WRIST/patient06634/study1_positive/image2.png,XR_WRIST,patient06634,study1_positive,1,image2.png,train,/content/drive/MyDrive/MURA-v1.1/train/XR_WRIST/patient06634/study1_positive/image2.png,train/XR_WRIST/patient06634/study1_positive,1,abnormal,/content/MURA_abnormal_train/XR_WRIST/patient06634/study1_positive/image2.png,True,9701,9701,5,22.710522,0.3553719008264462,central,central,MURA_TT_0646
MURA-v1.1/train/XR_FINGER/patient03468/study1_positive/image1.png,XR_FINGER,patient03468,study1_positive,1,image1.png,train,/content/drive/MyDrive/MURA-v1.1/train/XR_FINGER/patient03468/study1_positive/image1.png,train/XR_FINGER/patient03468/study1_positive,1,abnormal,/content/MURA_abnormal_train/XR_FINGER/patient03468/study1_positive/image1.png,True,5590,5590,2,23.986235,0.362116991643454,central,central,MURA_TT_0647
MURA-v1.1/train/XR_FINGER/patient03579/study1_positive/image3.png,XR_FINGER,patient03579,study1_positive,1,image3.png,train,/content/drive/MyDrive/MURA-v1.1/train/XR_FINGER/patient03579/study1_positive/image3.png,train/XR_FINGER/patient03579/study1_positive,1,abnormal,/content/MURA_abnormal_train/XR_FINGER/patient03579/study1_positive/image3.png,True,5967,5967,5,20.685757,0.0874635568513119,central,central,MURA_TT_0648
MURA-v1.1/train/XR_HUMERUS/patient02743/study1_positive/image2.png,XR_HUMERUS,patient02743,study1_positive,1,image2.png,train,/content/drive/MyDrive/MURA-v1.1/train/XR_HUMERUS/patient02743/study1_positive/image2.png,train/XR_HUMERUS/patient02743/study1_positive,1,abnormal,/content/MURA_abnormal_train/XR_HUMERUS/patient02743/study1_positive/image2.png,True,4288,4288,3,34.486603,0.9082969432314412,peripheral,peripheral,MURA_TT_0649
MURA-v1.1/train/XR_HUMERUS/patient02922/study1_positive/image2.png,XR_HUMERUS,patient02922,study1_positive,1,image2.png,train,/content/drive/MyDrive/MURA-v1.1/train/XR_HUMERUS/patient02922/study1_positive/image2.png,train/XR_HUMERUS/patient02922/study1_positive,1,abnormal,/content/MURA_abnormal_train/XR_HUMERUS/patient02922/study1_positive/image2.png,True,4726,4726,3,23.53547,0.1790393013100436,central,central,MURA_TT_0650
MURA-v1.1/train/XR_WRIST/patient06392/study1_positive/image2.png,XR_WRIST,patient06392,study1_positive,1,image2.png,train,/content/drive/MyDrive/MURA-v1.1/train/XR_WRIST/patient06392/study1_positive/image2.png,train/XR_WRIST/patient06392/study1_positive,1,abnormal,/content/MURA_abnormal_train/XR_WRIST/patient06392/study1_positive/image2.png,True,8868,8868,1,23.45516,0.3130929791271347,central,central,MURA_TT_0651
MURA-v1.1/train/XR_SHOULDER/patient01179/study1_positive/image3.png,XR_SHOULDER,patient01179,study1_positive,1,image3.png,train,/content/drive/MyDrive/MURA-v1.1/train/XR_SHOULDER/patient01179/study1_positive/image3.png,train/XR_SHOULDER/patient01179/study1_positive,1,abnormal,/content/MURA_abnormal_train/XR_SHOULDER/patient01179/study1_positive/image3.png,True,3499,3499,0,26.442453,0.7478510028653295,intermediate,intermediate,MURA_TT_0652
MURA-v1.1/train/XR_HUMERUS/patient02911/study1_positive/image1.png,XR_HUMERUS,patient02911,study1_positive,1,image1.png,train,/content/drive/MyDrive/MURA-v1.1/train/XR_HUMERUS/patient02911/study1_positive/image1.png,train/XR_HUMERUS/patient02911/study1_positive,1,abnormal,/content/MURA_abnormal_train/XR_HUMERUS/patient02911/study1_positive/image1.png,True,4696,4696,3,27.839233,0.6200873362445415,intermediate,intermediate,MURA_TT_0653
MURA-v1.1/train/XR_HUMERUS/patient02710/study1_positive/image1.png,XR_HUMERUS,patient02710,study1_positive,1,image1.png,train,/content/drive/MyDrive/MURA-v1.1/train/XR_HUMERUS/patient02710/study1_positive/image1.png,train/XR_HUMERUS/patient02710/study1_positive,1,abnormal,/content/MURA_abnormal_train/XR_HUMERUS/patient02710/study1_positive/image1.png,True,4200,4200,3,24.351671,0.2401746724890829,central,central,MURA_TT_0654
MURA-v1.1/train/XR_WRIST/patient07274/study1_positive/image1.png,XR_WRIST,patient07274,study1_positive,1,image1.png,train,/content/drive/MyDrive/MURA-v1.1/train/XR_WRIST/patient07274/study1_positive/image1.png,train/XR_WRIST/patient07274/study1_positive,1,abnormal,/content/MURA_abnormal_train/XR_WRIST/patient07274/study1_positive/image1.png,True,12161,12161,0,25.414793,0.0588235294117647,central,central,MURA_TT_0655
MURA-v1.1/train/XR_ELBOW/patient05218/study1_positive/image1.png,XR_ELBOW,patient05218,study1_positive,1,image1.png,train,/content/drive/MyDrive/MURA-v1.1/train/XR_ELBOW/patient05218/study1_positive/image1.png,train/XR_ELBOW/patient05218/study1_positive,1,abnormal,/content/MURA_abnormal_train/XR_ELBOW/patient05218/study1_positive/image1.png,True,7896,7896,1,26.274714,0.8482490272373541,peripheral,peripheral,MURA_TT_0656
MURA-v1.1/train/XR_SHOULDER/patient00530/study2_positive/image3.png,XR_SHOULDER,patient00530,study2_positive,1,image3.png,train,/content/drive/MyDrive/MURA-v1.1/train/XR_SHOULDER/patient00530/study2_positive/image3.png,train/XR_SHOULDER/patient00530/study2_positive,1,abnormal,/content/MURA_abnormal_train/XR_SHOULDER/patient00530/study2_positive/image3.png,True,1608,1608,1,28.39882,0.2537313432835821,central,central,MURA_TT_0657
MURA-v1.1/train/XR_WRIST/patient06826/study1_positive/image1.png,XR_WRIST,patient06826,study1_positive,1,image1.png,train,/content/drive/MyDrive/MURA-v1.1/train/XR_WRIST/patient06826/study1_positive/image1.png,train/XR_WRIST/patient06826/study1_positive,1,abnormal,/content/MURA_abnormal_train/XR_WRIST/patient06826/study1_positive/image1.png,True,10460,10460,8,29.186846,0.8916155419222904,peripheral,peripheral,MURA_TT_0658
MURA-v1.1/train/XR_FINGER/patient03719/study1_positive/image1.png,XR_FINGER,patient03719,study1_positive,1,image1.png,train,/content/drive/MyDrive/MURA-v1.1/train/XR_FINGER/patient03719/study1_positive/image1.png,train/XR_FINGER/patient03719/study1_positive,1,abnormal,/content/MURA_abnormal_train/XR_FINGER/patient03719/study1_positive/image1.png,True,6436,6436,5,20.931438,0.1137026239067055,central,central,MURA_TT_0659
MURA-v1.1/train/XR_FINGER/patient03385/study1_positive/image2.png,XR_FINGER,patient03385,study1_positive,1,image2.png,train,/content/drive/MyDrive/MURA-v1.1/train/XR_FINGER/patient03385/study1_positive/image2.png,train/XR_FINGER/patient03385/study1_positive,1,abnormal,/content/MURA_abnormal_train/XR_FINGER/patient03385/study1_positive/image2.png,True,5313,5313,5,20.925787,0.1107871720116618,central,central,MURA_TT_0660
MURA-v1.1/train/XR_ELBOW/patient05458/study1_positive/image1.png,XR_ELBOW,patient05458,study1_positive,1,image1.png,train,/content/drive/MyDrive/MURA-v1.1/train/XR_ELBOW/patient05458/study1_positive/image1.png,train/XR_ELBOW/patient05458/study1_positive,1,abnormal,/content/MURA_abnormal_train/XR_ELBOW/patient05458/study1_positive/image1.png,True,8736,8736,1,18.679277,0.1750972762645914,central,central,MURA_TT_0661
MURA-v1.1/train/XR_HAND/patient09810/study1_positive/image2.png,XR_HAND,patient09810,study1_positive,1,image2.png,train,/content/drive/MyDrive/MURA-v1.1/train/XR_HAND/patient09810/study1_positive/image2.png,train/XR_HAND/patient09810/study1_positive,1,abnormal,/content/MURA_abnormal_train/XR_HAND/patient09810/study1_positive/image2.png,True,13684,13684,4,23.25691,0.1966101694915254,central,central,MURA_TT_0662
MURA-v1.1/train/XR_HUMERUS/patient02885/study1_positive/image2.png,XR_HUMERUS,patient02885,study1_positive,1,image2.png,train,/content/drive/MyDrive/MURA-v1.1/train/XR_HUMERUS/patient02885/study1_positive/image2.png,train/XR_HUMERUS/patient02885/study1_positive,1,abnormal,/content/MURA_abnormal_train/XR_HUMERUS/patient02885/study1_positive/image2.png,True,4637,4637,0,41.465755,0.9343065693430656,peripheral,peripheral,MURA_TT_0663
MURA-v1.1/train/XR_FINGER/patient03323/study1_positive/image2.png,XR_FINGER,patient03323,study1_positive,1,image2.png,train,/content/drive/MyDrive/MURA-v1.1/train/XR_FINGER/patient03323/study1_positive/image2.png,train/XR_FINGER/patient03323/study1_positive,1,abnormal,/content/MURA_abnormal_train/XR_FINGER/patient03323/study1_positive/image2.png,True,5111,5111,2,22.062641,0.1754874651810584,central,central,MURA_TT_0664
MURA-v1.1/train/XR_HUMERUS/patient02871/study1_positive/image2.png,XR_HUMERUS,patient02871,study1_positive,1,image2.png,train,/content/drive/MyDrive/MURA-v1.1/train/XR_HUMERUS/patient02871/study1_positive/image2.png,train/XR_HUMERUS/patient02871/study1_positive,1,abnormal,/content/MURA_abnormal_train/XR_HUMERUS/patient02871/study1_positive/image2.png,True,4601,4601,1,25.983688,0.15,central,central,MURA_TT_0665
MURA-v1.1/train/XR_WRIST/patient00990/study1_positive/image1.png,XR_WRIST,patient00990,study1_positive,1,image1.png,train,/content/drive/MyDrive/MURA-v1.1/train/XR_WRIST/patient00990/study1_positive/image1.png,train/XR_WRIST/patient00990/study1_positive,1,abnormal,/content/MURA_abnormal_train/XR_WRIST/patient00990/study1_positive/image1.png,True,10257,10257,2,29.078653,0.7930283224400871,intermediate,intermediate,MURA_TT_0666
MURA-v1.1/train/XR_ELBOW/patient04936/study1_positive/image1.png,XR_ELBOW,patient04936,study1_positive,1,image1.png,train,/content/drive/MyDrive/MURA-v1.1/train/XR_ELBOW/patient04936/study1_positive/image1.png,train/XR_ELBOW/patient04936/study1_positive,1,abnormal,/content/MURA_abnormal_train/XR_ELBOW/patient04936/study1_positive/image1.png,True,6843,6843,1,18.715153,0.1809338521400778,central,central,MURA_TT_0667
MURA-v1.1/train/XR_WRIST/patient06461/study1_positive/image3.png,XR_WRIST,patient06461,study1_positive,1,image3.png,train,/content/drive/MyDrive/MURA-v1.1/train/XR_WRIST/patient06461/study1_positive/image3.png,train/XR_WRIST/patient06461/study1_positive,1,abnormal,/content/MURA_abnormal_train/XR_WRIST/patient06461/study1_positive/image3.png,True,9113,9113,2,22.74426,0.2636165577342048,central,central,MURA_TT_0668
MURA-v1.1/train/XR_FINGER/patient01179/study1_positive/image2.png,XR_FINGER,patient01179,study1_positive,1,image2.png,train,/content/drive/MyDrive/MURA-v1.1/train/XR_FINGER/patient01179/study1_positive/image2.png,train/XR_FINGER/patient01179/study1_positive,1,abnormal,/content/MURA_abnormal_train/XR_FINGER/patient01179/study1_positive/image2.png,True,5815,5815,1,24.085743,0.2618181818181818,central,central,MURA_TT_0669
MURA-v1.1/train/XR_ELBOW/patient05327/study1_positive/image3.png,XR_ELBOW,patient05327,study1_positive,1,image3.png,train,/content/drive/MyDrive/MURA-v1.1/train/XR_ELBOW/patient05327/study1_positive/image3.png,train/XR_ELBOW/patient05327/study1_positive,1,abnormal,/content/MURA_abnormal_train/XR_ELBOW/patient05327/study1_positive/image3.png,True,8302,8302,0,21.718401,0.1111111111111111,central,central,MURA_TT_0670
MURA-v1.1/train/XR_HAND/patient09866/study1_positive/image3.png,XR_HAND,patient09866,study1_positive,1,image3.png,train,/content/drive/MyDrive/MURA-v1.1/train/XR_HAND/patient09866/study1_positive/image3.png,train/XR_HAND/patient09866/study1_positive,1,abnormal,/content/MURA_abnormal_train/XR_HAND/patient09866/study1_positive/image3.png,True,13890,13890,0,18.880827,0.0614035087719298,central,central,MURA_TT_0671
MURA-v1.1/train/XR_SHOULDER/patient00777/study1_positive/image4.png,XR_SHOULDER,patient00777,study1_positive,1,image4.png,train,/content/drive/MyDrive/MURA-v1.1/train/XR_SHOULDER/patient00777/study1_positive/image4.png,train/XR_SHOULDER/patient00777/study1_positive,1,abnormal,/content/MURA_abnormal_train/XR_SHOULDER/patient00777/study1_positive/image4.png,True,2366,2366,5,25.648193,0.6597156398104266,intermediate,intermediate,MURA_TT_0672
MURA-v1.1/train/XR_HAND/patient10051/study1_positive/image2.png,XR_HAND,patient10051,study1_positive,1,image2.png,train,/content/drive/MyDrive/MURA-v1.1/train/XR_HAND/patient10051/study1_positive/image2.png,train/XR_HAND/patient10051/study1_positive,1,abnormal,/content/MURA_abnormal_train/XR_HAND/patient10051/study1_positive/image2.png,True,14566,14566,4,20.894796,0.0305084745762711,central,central,MURA_TT_0673
MURA-v1.1/train/XR_HAND/patient10078/study1_positive/image2.png,XR_HAND,patient10078,study1_positive,1,image2.png,train,/content/drive/MyDrive/MURA-v1.1/train/XR_HAND/patient10078/study1_positive/image2.png,train/XR_HAND/patient10078/study1_positive,1,abnormal,/content/MURA_abnormal_train/XR_HAND/patient10078/study1_positive/image2.png,True,14661,14661,3,29.493309,0.3296703296703296,central,central,MURA_TT_0674
MURA-v1.1/train/XR_FINGER/patient03644/study1_positive/image3.png,XR_FINGER,patient03644,study1_positive,1,image3.png,train,/content/drive/MyDrive/MURA-v1.1/train/XR_FINGER/patient03644/study1_positive/image3.png,train/XR_FINGER/patient03644/study1_positive,1,abnormal,/content/MURA_abnormal_train/XR_FINGER/patient03644/study1_positive/image3.png,True,6179,6179,3,31.401632,0.8586572438162544,peripheral,peripheral,MURA_TT_0675
MURA-v1.1/train/XR_FINGER/patient03740/study1_positive/image4.png,XR_FINGER,patient03740,study1_positive,1,image4.png,train,/content/drive/MyDrive/MURA-v1.1/train/XR_FINGER/patient03740/study1_positive/image4.png,train/XR_FINGER/patient03740/study1_positive,1,abnormal,/content/MURA_abnormal_train/XR_FINGER/patient03740/study1_positive/image4.png,True,6510,6510,4,24.850702,0.6057441253263708,intermediate,intermediate,MURA_TT_0676
MURA-v1.1/train/XR_SHOULDER/patient00026/study1_positive/image1.png,XR_SHOULDER,patient00026,study1_positive,1,image1.png,train,/content/drive/MyDrive/MURA-v1.1/train/XR_SHOULDER/patient00026/study1_positive/image1.png,train/XR_SHOULDER/patient00026/study1_positive,1,abnormal,/content/MURA_abnormal_train/XR_SHOULDER/patient00026/study1_positive/image1.png,True,69,69,4,33.455128,0.8240165631469979,peripheral,peripheral,MURA_TT_0677
MURA-v1.1/train/XR_FINGER/patient03725/study1_positive/image3.png,XR_FINGER,patient03725,study1_positive,1,image3.png,train,/content/drive/MyDrive/MURA-v1.1/train/XR_FINGER/patient03725/study1_positive/image3.png,train/XR_FINGER/patient03725/study1_positive,1,abnormal,/content/MURA_abnormal_train/XR_FINGER/patient03725/study1_positive/image3.png,True,6455,6455,0,24.037352,0.08,central,central,MURA_TT_0678
MURA-v1.1/train/XR_HAND/patient09859/study1_positive/image1.png,XR_HAND,patient09859,study1_positive,1,image1.png,train,/content/drive/MyDrive/MURA-v1.1/train/XR_HAND/patient09859/study1_positive/image1.png,train/XR_HAND/patient09859/study1_positive,1,abnormal,/content/MURA_abnormal_train/XR_HAND/patient09859/study1_positive/image1.png,True,13857,13857,5,18.236118,0.037037037037037,central,central,MURA_TT_0679
MURA-v1.1/train/XR_WRIST/patient06481/study1_positive/image2.png,XR_WRIST,patient06481,study1_positive,1,image2.png,train,/content/drive/MyDrive/MURA-v1.1/train/XR_WRIST/patient06481/study1_positive/image2.png,train/XR_WRIST/patient06481/study1_positive,1,abnormal,/content/MURA_abnormal_train/XR_WRIST/patient06481/study1_positive/image2.png,True,9181,9181,8,30.491829,0.9447852760736196,peripheral,peripheral,MURA_TT_0680
MURA-v1.1/train/XR_SHOULDER/patient00441/study1_positive/image2.png,XR_SHOULDER,patient00441,study1_positive,1,image2.png,train,/content/drive/MyDrive/MURA-v1.1/train/XR_SHOULDER/patient00441/study1_positive/image2.png,train/XR_SHOULDER/patient00441/study1_positive,1,abnormal,/content/MURA_abnormal_train/XR_SHOULDER/patient00441/study1_positive/image2.png,True,1341,1341,3,26.258602,0.3450064850843061,central,central,MURA_TT_0681
MURA-v1.1/train/XR_HUMERUS/patient02916/study1_positive/image1.png,XR_HUMERUS,patient02916,study1_positive,1,image1.png,train,/content/drive/MyDrive/MURA-v1.1/train/XR_HUMERUS/patient02916/study1_positive/image1.png,train/XR_HUMERUS/patient02916/study1_positive,1,abnormal,/content/MURA_abnormal_train/XR_HUMERUS/patient02916/study1_positive/image1.png,True,4710,4710,3,30.382935,0.7510917030567685,intermediate,intermediate,MURA_TT_0682
MURA-v1.1/train/XR_FOREARM/patient09153/study1_positive/image3.png,XR_FOREARM,patient09153,study1_positive,1,image3.png,train,/content/drive/MyDrive/MURA-v1.1/train/XR_FOREARM/patient09153/study1_positive/image3.png,train/XR_FOREARM/patient09153/study1_positive,1,abnormal,/content/MURA_abnormal_train/XR_FOREARM/patient09153/study1_positive/image3.png,True,12924,12924,4,24.922934,0.2142857142857142,central,central,MURA_TT_0683
MURA-v1.1/train/XR_WRIST/patient07300/study1_positive/image3.png,XR_WRIST,patient07300,study1_positive,1,image3.png,train,/content/drive/MyDrive/MURA-v1.1/train/XR_WRIST/patient07300/study1_positive/image3.png,train/XR_WRIST/patient07300/study1_positive,1,abnormal,/content/MURA_abnormal_train/XR_WRIST/patient07300/study1_positive/image3.png,True,12263,12263,3,26.941576,0.4789272030651341,central,central,MURA_TT_0684
MURA-v1.1/train/XR_WRIST/patient07027/study1_positive/image3.png,XR_WRIST,patient07027,study1_positive,1,image3.png,train,/content/drive/MyDrive/MURA-v1.1/train/XR_WRIST/patient07027/study1_positive/image3.png,train/XR_WRIST/patient07027/study1_positive,1,abnormal,/content/MURA_abnormal_train/XR_WRIST/patient07027/study1_positive/image3.png,True,11179,11179,3,26.594494,0.4367816091954023,central,central,MURA_TT_0685
MURA-v1.1/train/XR_WRIST/patient00512/study1_positive/image3.png,XR_WRIST,patient00512,study1_positive,1,image3.png,train,/content/drive/MyDrive/MURA-v1.1/train/XR_WRIST/patient00512/study1_positive/image3.png,train/XR_WRIST/patient00512/study1_positive,1,abnormal,/content/MURA_abnormal_train/XR_WRIST/patient00512/study1_positive/image3.png,True,11556,11556,1,23.402386,0.3036053130929791,central,central,MURA_TT_0686
MURA-v1.1/train/XR_WRIST/patient06606/study1_positive/image7.png,XR_WRIST,patient06606,study1_positive,1,image7.png,train,/content/drive/MyDrive/MURA-v1.1/train/XR_WRIST/patient06606/study1_positive/image7.png,train/XR_WRIST/patient06606/study1_positive,1,abnormal,/content/MURA_abnormal_train/XR_WRIST/patient06606/study1_positive/image7.png,True,9612,9612,0,38.90168,0.8235294117647058,peripheral,peripheral,MURA_TT_0687
MURA-v1.1/train/XR_SHOULDER/patient00306/study1_positive/image2.png,XR_SHOULDER,patient00306,study1_positive,1,image2.png,train,/content/drive/MyDrive/MURA-v1.1/train/XR_SHOULDER/patient00306/study1_positive/image2.png,train/XR_SHOULDER/patient00306/study1_positive,1,abnormal,/content/MURA_abnormal_train/XR_SHOULDER/patient00306/study1_positive/image2.png,True,941,941,5,19.585129,0.0701421800947867,central,central,MURA_TT_0688
MURA-v1.1/train/XR_SHOULDER/patient00355/study1_positive/image2.png,XR_SHOULDER,patient00355,study1_positive,1,image2.png,train,/content/drive/MyDrive/MURA-v1.1/train/XR_SHOULDER/patient00355/study1_positive/image2.png,train/XR_SHOULDER/patient00355/study1_positive,1,abnormal,/content/MURA_abnormal_train/XR_SHOULDER/patient00355/study1_positive/image2.png,True,1097,1097,3,28.781109,0.5901426718547341,intermediate,intermediate,MURA_TT_0689
MURA-v1.1/train/XR_WRIST/patient06504/study1_positive/image1.png,XR_WRIST,patient06504,study1_positive,1,image1.png,train,/content/drive/MyDrive/MURA-v1.1/train/XR_WRIST/patient06504/study1_positive/image1.png,train/XR_WRIST/patient06504/study1_positive,1,abnormal,/content/MURA_abnormal_train/XR_WRIST/patient06504/study1_positive/image1.png,True,9257,9257,1,35.65493,0.9392789373814042,peripheral,peripheral,MURA_TT_0690
MURA-v1.1/train/XR_FINGER/patient03749/study1_positive/image3.png,XR_FINGER,patient03749,study1_positive,1,image3.png,train,/content/drive/MyDrive/MURA-v1.1/train/XR_FINGER/patient03749/study1_positive/image3.png,train/XR_FINGER/patient03749/study1_positive,1,abnormal,/content/MURA_abnormal_train/XR_FINGER/patient03749/study1_positive/image3.png,True,6539,6539,1,20.945433,0.0545454545454545,central,central,MURA_TT_0691
MURA-v1.1/train/XR_FINGER/patient03389/study1_positive/image3.png,XR_FINGER,patient03389,study1_positive,1,image3.png,train,/content/drive/MyDrive/MURA-v1.1/train/XR_FINGER/patient03389/study1_positive/image3.png,train/XR_FINGER/patient03389/study1_positive,1,abnormal,/content/MURA_abnormal_train/XR_FINGER/patient03389/study1_positive/image3.png,True,5329,5329,3,26.440117,0.6431095406360424,intermediate,intermediate,MURA_TT_0692
MURA-v1.1/train/XR_HAND/patient04952/study1_positive/image2.png,XR_HAND,patient04952,study1_positive,1,image2.png,train,/content/drive/MyDrive/MURA-v1.1/train/XR_HAND/patient04952/study1_positive/image2.png,train/XR_HAND/patient04952/study1_positive,1,abnormal,/content/MURA_abnormal_train/XR_HAND/patient04952/study1_positive/image2.png,True,14017,14017,0,29.130219,0.8728070175438597,peripheral,peripheral,MURA_TT_0693
MURA-v1.1/train/XR_HUMERUS/patient02843/study1_positive/image2.png,XR_HUMERUS,patient02843,study1_positive,1,image2.png,train,/content/drive/MyDrive/MURA-v1.1/train/XR_HUMERUS/patient02843/study1_positive/image2.png,train/XR_HUMERUS/patient02843/study1_positive,1,abnormal,/content/MURA_abnormal_train/XR_HUMERUS/patient02843/study1_positive/image2.png,True,4530,4530,2,25.15875,0.5586854460093896,intermediate,intermediate,MURA_TT_0694
MURA-v1.1/train/XR_SHOULDER/patient01276/study1_positive/image3.png,XR_SHOULDER,patient01276,study1_positive,1,image3.png,train,/content/drive/MyDrive/MURA-v1.1/train/XR_SHOULDER/patient01276/study1_positive/image3.png,train/XR_SHOULDER/patient01276/study1_positive,1,abnormal,/content/MURA_abnormal_train/XR_SHOULDER/patient01276/study1_positive/image3.png,True,3770,3770,0,27.128334,0.7836676217765043,intermediate,intermediate,MURA_TT_0695
MURA-v1.1/train/XR_WRIST/patient07418/study1_positive/image3.png,XR_WRIST,patient07418,study1_positive,1,image3.png,train,/content/drive/MyDrive/MURA-v1.1/train/XR_WRIST/patient07418/study1_positive/image3.png,train/XR_WRIST/patient07418/study1_positive,1,abnormal,/content/MURA_abnormal_train/XR_WRIST/patient07418/study1_positive/image3.png,True,12677,12677,1,27.671253,0.7400379506641366,intermediate,intermediate,MURA_TT_0696
MURA-v1.1/train/XR_ELBOW/patient05106/study1_positive/image1.png,XR_ELBOW,patient05106,study1_positive,1,image1.png,train,/content/drive/MyDrive/MURA-v1.1/train/XR_ELBOW/patient05106/study1_positive/image1.png,train/XR_ELBOW/patient05106/study1_positive,1,abnormal,/content/MURA_abnormal_train/XR_ELBOW/patient05106/study1_positive/image1.png,True,7473,7473,3,47.37541,0.9333333333333332,peripheral,peripheral,MURA_TT_0697
MURA-v1.1/train/XR_SHOULDER/patient00313/study1_positive/image2.png,XR_SHOULDER,patient00313,study1_positive,1,image2.png,train,/content/drive/MyDrive/MURA-v1.1/train/XR_SHOULDER/patient00313/study1_positive/image2.png,train/XR_SHOULDER/patient00313/study1_positive,1,abnormal,/content/MURA_abnormal_train/XR_SHOULDER/patient00313/study1_positive/image2.png,True,963,963,2,24.69623,0.261501210653753,central,central,MURA_TT_0698
MURA-v1.1/train/XR_FOREARM/patient09153/study1_positive/image5.png,XR_FOREARM,patient09153,study1_positive,1,image5.png,train,/content/drive/MyDrive/MURA-v1.1/train/XR_FOREARM/patient09153/study1_positive/image5.png,train/XR_FOREARM/patient09153/study1_positive,1,abnormal,/content/MURA_abnormal_train/XR_FOREARM/patient09153/study1_positive/image5.png,True,12926,12926,4,27.345053,0.3571428571428571,central,central,MURA_TT_0699
MURA-v1.1/train/XR_ELBOW/patient05102/study1_positive/image5.png,XR_ELBOW,patient05102,study1_positive,1,image5.png,train,/content/drive/MyDrive/MURA-v1.1/train/XR_ELBOW/patient05102/study1_positive/image5.png,train/XR_ELBOW/patient05102/study1_positive,1,abnormal,/content/MURA_abnormal_train/XR_ELBOW/patient05102/study1_positive/image5.png,True,7464,7464,1,21.181,0.38715953307393,central,central,MURA_TT_0700
MURA-v1.1/train/XR_WRIST/patient07084/study1_positive/image1.png,XR_WRIST,patient07084,study1_positive,1,image1.png,train,/content/drive/MyDrive/MURA-v1.1/train/XR_WRIST/patient07084/study1_positive/image1.png,train/XR_WRIST/patient07084/study1_positive,1,abnormal,/content/MURA_abnormal_train/XR_WRIST/patient07084/study1_positive/image1.png,True,11419,11419,6,35.304127,0.8513513513513513,peripheral,peripheral,MURA_TT_0701
MURA-v1.1/train/XR_WRIST/patient06799/study1_positive/image2.png,XR_WRIST,patient06799,study1_positive,1,image2.png,train,/content/drive/MyDrive/MURA-v1.1/train/XR_WRIST/patient06799/study1_positive/image2.png,train/XR_WRIST/patient06799/study1_positive,1,abnormal,/content/MURA_abnormal_train/XR_WRIST/patient06799/study1_positive/image2.png,True,10366,10366,8,23.855688,0.4417177914110429,central,central,MURA_TT_0702
MURA-v1.1/train/XR_FINGER/patient03430/study1_positive/image1.png,XR_FINGER,patient03430,study1_positive,1,image1.png,train,/content/drive/MyDrive/MURA-v1.1/train/XR_FINGER/patient03430/study1_positive/image1.png,train/XR_FINGER/patient03430/study1_positive,1,abnormal,/content/MURA_abnormal_train/XR_FINGER/patient03430/study1_positive/image1.png,True,5463,5463,4,21.976248,0.2663185378590078,central,central,MURA_TT_0703
MURA-v1.1/train/XR_WRIST/patient06937/study1_positive/image2.png,XR_WRIST,patient06937,study1_positive,1,image2.png,train,/content/drive/MyDrive/MURA-v1.1/train/XR_WRIST/patient06937/study1_positive/image2.png,train/XR_WRIST/patient06937/study1_positive,1,abnormal,/content/MURA_abnormal_train/XR_WRIST/patient06937/study1_positive/image2.png,True,10857,10857,5,27.211855,0.8,intermediate,intermediate,MURA_TT_0704
MURA-v1.1/train/XR_ELBOW/patient04992/study1_positive/image1.png,XR_ELBOW,patient04992,study1_positive,1,image1.png,train,/content/drive/MyDrive/MURA-v1.1/train/XR_ELBOW/patient04992/study1_positive/image1.png,train/XR_ELBOW/patient04992/study1_positive,1,abnormal,/content/MURA_abnormal_train/XR_ELBOW/patient04992/study1_positive/image1.png,True,7065,7065,0,32.41895,0.927437641723356,peripheral,peripheral,MURA_TT_0705
MURA-v1.1/train/XR_SHOULDER/patient00529/study1_positive/image1.png,XR_SHOULDER,patient00529,study1_positive,1,image1.png,train,/content/drive/MyDrive/MURA-v1.1/train/XR_SHOULDER/patient00529/study1_positive/image1.png,train/XR_SHOULDER/patient00529/study1_positive,1,abnormal,/content/MURA_abnormal_train/XR_SHOULDER/patient00529/study1_positive/image1.png,True,1601,1601,5,23.49011,0.4274881516587677,central,central,MURA_TT_0706
MURA-v1.1/train/XR_FOREARM/patient04307/study1_positive/image2.png,XR_FOREARM,patient04307,study1_positive,1,image2.png,train,/content/drive/MyDrive/MURA-v1.1/train/XR_FOREARM/patient04307/study1_positive/image2.png,train/XR_FOREARM/patient04307/study1_positive,1,abnormal,/content/MURA_abnormal_train/XR_FOREARM/patient04307/study1_positive/image2.png,True,13141,13141,2,28.13233,0.8015873015873016,peripheral,peripheral,MURA_TT_0707
MURA-v1.1/train/XR_FOREARM/patient08872/study1_positive/image2.png,XR_FOREARM,patient08872,study1_positive,1,image2.png,train,/content/drive/MyDrive/MURA-v1.1/train/XR_FOREARM/patient08872/study1_positive/image2.png,train/XR_FOREARM/patient08872/study1_positive,1,abnormal,/content/MURA_abnormal_train/XR_FOREARM/patient08872/study1_positive/image2.png,True,13063,13063,3,25.063843,0.4601769911504424,central,central,MURA_TT_0708
MURA-v1.1/train/XR_ELBOW/patient04910/study1_positive/image2.png,XR_ELBOW,patient04910,study1_positive,1,image2.png,train,/content/drive/MyDrive/MURA-v1.1/train/XR_ELBOW/patient04910/study1_positive/image2.png,train/XR_ELBOW/patient04910/study1_positive,1,abnormal,/content/MURA_abnormal_train/XR_ELBOW/patient04910/study1_positive/image2.png,True,6753,6753,4,34.772038,0.8324468085106383,peripheral,peripheral,MURA_TT_0709
MURA-v1.1/train/XR_ELBOW/patient05054/study1_positive/image4.png,XR_ELBOW,patient05054,study1_positive,1,image4.png,train,/content/drive/MyDrive/MURA-v1.1/train/XR_ELBOW/patient05054/study1_positive/image4.png,train/XR_ELBOW/patient05054/study1_positive,1,abnormal,/content/MURA_abnormal_train/XR_ELBOW/patient05054/study1_positive/image4.png,True,7292,7292,1,26.553116,0.8618677042801557,peripheral,peripheral,MURA_TT_0710
MURA-v1.1/train/XR_HAND/patient10005/study1_positive/image3.png,XR_HAND,patient10005,study1_positive,1,image3.png,train,/content/drive/MyDrive/MURA-v1.1/train/XR_HAND/patient10005/study1_positive/image3.png,train/XR_HAND/patient10005/study1_positive,1,abnormal,/content/MURA_abnormal_train/XR_HAND/patient10005/study1_positive/image3.png,True,14426,14426,5,25.703506,0.8222222222222222,peripheral,peripheral,MURA_TT_0711
MURA-v1.1/train/XR_SHOULDER/patient01260/study1_positive/image1.png,XR_SHOULDER,patient01260,study1_positive,1,image1.png,train,/content/drive/MyDrive/MURA-v1.1/train/XR_SHOULDER/patient01260/study1_positive/image1.png,train/XR_SHOULDER/patient01260/study1_positive,1,abnormal,/content/MURA_abnormal_train/XR_SHOULDER/patient01260/study1_positive/image1.png,True,3725,3725,0,30.073526,0.9197707736389684,peripheral,peripheral,MURA_TT_0712
MURA-v1.1/train/XR_HUMERUS/patient02873/study1_positive/image1.png,XR_HUMERUS,patient02873,study1_positive,1,image1.png,train,/content/drive/MyDrive/MURA-v1.1/train/XR_HUMERUS/patient02873/study1_positive/image1.png,train/XR_HUMERUS/patient02873/study1_positive,1,abnormal,/content/MURA_abnormal_train/XR_HUMERUS/patient02873/study1_positive/image1.png,True,4607,4607,0,30.916193,0.4452554744525547,central,central,MURA_TT_0713
MURA-v1.1/train/XR_ELBOW/patient04903/study1_positive/image1.png,XR_ELBOW,patient04903,study1_positive,1,image1.png,train,/content/drive/MyDrive/MURA-v1.1/train/XR_ELBOW/patient04903/study1_positive/image1.png,train/XR_ELBOW/patient04903/study1_positive,1,abnormal,/content/MURA_abnormal_train/XR_ELBOW/patient04903/study1_positive/image1.png,True,6735,6735,3,38.017696,0.6888888888888889,intermediate,intermediate,MURA_TT_0714
MURA-v1.1/train/XR_HAND/patient09869/study1_positive/image3.png,XR_HAND,patient09869,study1_positive,1,image3.png,train,/content/drive/MyDrive/MURA-v1.1/train/XR_HAND/patient09869/study1_positive/image3.png,train/XR_HAND/patient09869/study1_positive,1,abnormal,/content/MURA_abnormal_train/XR_HAND/patient09869/study1_positive/image3.png,True,13902,13902,1,25.91116,0.2332155477031802,central,central,MURA_TT_0715
MURA-v1.1/train/XR_FOREARM/patient09220/study1_positive/image2.png,XR_FOREARM,patient09220,study1_positive,1,image2.png,train,/content/drive/MyDrive/MURA-v1.1/train/XR_FOREARM/patient09220/study1_positive/image2.png,train/XR_FOREARM/patient09220/study1_positive,1,abnormal,/content/MURA_abnormal_train/XR_FOREARM/patient09220/study1_positive/image2.png,True,13157,13157,1,26.277933,0.2560975609756097,central,central,MURA_TT_0716
MURA-v1.1/train/XR_SHOULDER/patient00734/study1_positive/image1.png,XR_SHOULDER,patient00734,study1_positive,1,image1.png,train,/content/drive/MyDrive/MURA-v1.1/train/XR_SHOULDER/patient00734/study1_positive/image1.png,train/XR_SHOULDER/patient00734/study1_positive,1,abnormal,/content/MURA_abnormal_train/XR_SHOULDER/patient00734/study1_positive/image1.png,True,2229,2229,5,25.501297,0.6454976303317536,intermediate,intermediate,MURA_TT_0717
MURA-v1.1/train/XR_ELBOW/patient05402/study1_positive/image3.png,XR_ELBOW,patient05402,study1_positive,1,image3.png,train,/content/drive/MyDrive/MURA-v1.1/train/XR_ELBOW/patient05402/study1_positive/image3.png,train/XR_ELBOW/patient05402/study1_positive,1,abnormal,/content/MURA_abnormal_train/XR_ELBOW/patient05402/study1_positive/image3.png,True,8542,8542,0,22.88068,0.2517006802721088,central,central,MURA_TT_0718
MURA-v1.1/train/XR_FINGER/patient03443/study1_positive/image3.png,XR_FINGER,patient03443,study1_positive,1,image3.png,train,/content/drive/MyDrive/MURA-v1.1/train/XR_FINGER/patient03443/study1_positive/image3.png,train/XR_FINGER/patient03443/study1_positive,1,abnormal,/content/MURA_abnormal_train/XR_FINGER/patient03443/study1_positive/image3.png,True,5508,5508,3,24.799675,0.4770318021201413,central,central,MURA_TT_0719
MURA-v1.1/train/XR_SHOULDER/patient00860/study1_positive/image2.png,XR_SHOULDER,patient00860,study1_positive,1,image2.png,train,/content/drive/MyDrive/MURA-v1.1/train/XR_SHOULDER/patient00860/study1_positive/image2.png,train/XR_SHOULDER/patient00860/study1_positive,1,abnormal,/content/MURA_abnormal_train/XR_SHOULDER/patient00860/study1_positive/image2.png,True,2586,2586,2,32.00251,0.8934624697336562,peripheral,peripheral,MURA_TT_0720
MURA-v1.1/train/XR_FINGER/patient03387/study1_positive/image1.png,XR_FINGER,patient03387,study1_positive,1,image1.png,train,/content/drive/MyDrive/MURA-v1.1/train/XR_FINGER/patient03387/study1_positive/image1.png,train/XR_FINGER/patient03387/study1_positive,1,abnormal,/content/MURA_abnormal_train/XR_FINGER/patient03387/study1_positive/image1.png,True,5318,5318,0,28.44075,0.4492307692307692,central,central,MURA_TT_0721
MURA-v1.1/train/XR_SHOULDER/patient00085/study1_positive/image2.png,XR_SHOULDER,patient00085,study1_positive,1,image2.png,train,/content/drive/MyDrive/MURA-v1.1/train/XR_SHOULDER/patient00085/study1_positive/image2.png,train/XR_SHOULDER/patient00085/study1_positive,1,abnormal,/content/MURA_abnormal_train/XR_SHOULDER/patient00085/study1_positive/image2.png,True,248,248,5,29.829802,0.9203791469194312,peripheral,peripheral,MURA_TT_0722
MURA-v1.1/train/XR_FINGER/patient03267/study1_positive/image2.png,XR_FINGER,patient03267,study1_positive,1,image2.png,train,/content/drive/MyDrive/MURA-v1.1/train/XR_FINGER/patient03267/study1_positive/image2.png,train/XR_FINGER/patient03267/study1_positive,1,abnormal,/content/MURA_abnormal_train/XR_FINGER/patient03267/study1_positive/image2.png,True,4915,4915,3,19.628582,0.0353356890459364,central,central,MURA_TT_0723
MURA-v1.1/train/XR_SHOULDER/patient00884/study1_positive/image1.png,XR_SHOULDER,patient00884,study1_positive,1,image1.png,train,/content/drive/MyDrive/MURA-v1.1/train/XR_SHOULDER/patient00884/study1_positive/image1.png,train/XR_SHOULDER/patient00884/study1_positive,1,abnormal,/content/MURA_abnormal_train/XR_SHOULDER/patient00884/study1_positive/image1.png,True,2656,2656,5,23.354391,0.4151658767772512,central,central,MURA_TT_0724
MURA-v1.1/train/XR_SHOULDER/patient01324/study1_positive/image4.png,XR_SHOULDER,patient01324,study1_positive,1,image4.png,train,/content/drive/MyDrive/MURA-v1.1/train/XR_SHOULDER/patient01324/study1_positive/image4.png,train/XR_SHOULDER/patient01324/study1_positive,1,abnormal,/content/MURA_abnormal_train/XR_SHOULDER/patient01324/study1_positive/image4.png,True,3913,3913,2,24.914444,0.2905569007263922,central,central,MURA_TT_0725
MURA-v1.1/train/XR_FOREARM/patient09120/study1_positive/image1.png,XR_FOREARM,patient09120,study1_positive,1,image1.png,train,/content/drive/MyDrive/MURA-v1.1/train/XR_FOREARM/patient09120/study1_positive/image1.png,train/XR_FOREARM/patient09120/study1_positive,1,abnormal,/content/MURA_abnormal_train/XR_FOREARM/patient09120/study1_positive/image1.png,True,12834,12834,3,24.535736,0.4070796460176991,central,central,MURA_TT_0726
MURA-v1.1/train/XR_ELBOW/patient05030/study1_positive/image1.png,XR_ELBOW,patient05030,study1_positive,1,image1.png,train,/content/drive/MyDrive/MURA-v1.1/train/XR_ELBOW/patient05030/study1_positive/image1.png,train/XR_ELBOW/patient05030/study1_positive,1,abnormal,/content/MURA_abnormal_train/XR_ELBOW/patient05030/study1_positive/image1.png,True,7204,7204,0,25.167147,0.4965986394557823,central,central,MURA_TT_0727
MURA-v1.1/train/XR_HAND/patient07937/study1_positive/image3.png,XR_HAND,patient07937,study1_positive,1,image3.png,train,/content/drive/MyDrive/MURA-v1.1/train/XR_HAND/patient07937/study1_positive/image3.png,train/XR_HAND/patient07937/study1_positive,1,abnormal,/content/MURA_abnormal_train/XR_HAND/patient07937/study1_positive/image3.png,True,14461,14461,5,18.104961,0.0296296296296296,central,central,MURA_TT_0728
MURA-v1.1/train/XR_FOREARM/patient09138/study1_positive/image1.png,XR_FOREARM,patient09138,study1_positive,1,image1.png,train,/content/drive/MyDrive/MURA-v1.1/train/XR_FOREARM/patient09138/study1_positive/image1.png,train/XR_FOREARM/patient09138/study1_positive,1,abnormal,/content/MURA_abnormal_train/XR_FOREARM/patient09138/study1_positive/image1.png,True,12887,12887,5,22.757273,0.2647058823529412,central,central,MURA_TT_0729
MURA-v1.1/train/XR_HUMERUS/patient01048/study1_positive/image2.png,XR_HUMERUS,patient01048,study1_positive,1,image2.png,train,/content/drive/MyDrive/MURA-v1.1/train/XR_HUMERUS/patient01048/study1_positive/image2.png,train/XR_HUMERUS/patient01048/study1_positive,1,abnormal,/content/MURA_abnormal_train/XR_HUMERUS/patient01048/study1_positive/image2.png,True,4738,4738,0,27.74459,0.2116788321167883,central,central,MURA_TT_0730
MURA-v1.1/train/XR_ELBOW/patient05154/study1_positive/image1.png,XR_ELBOW,patient05154,study1_positive,1,image1.png,train,/content/drive/MyDrive/MURA-v1.1/train/XR_ELBOW/patient05154/study1_positive/image1.png,train/XR_ELBOW/patient05154/study1_positive,1,abnormal,/content/MURA_abnormal_train/XR_ELBOW/patient05154/study1_positive/image1.png,True,7648,7648,4,32.87111,0.7047872340425532,intermediate,intermediate,MURA_TT_0731
MURA-v1.1/train/XR_HAND/patient09751/study1_positive/image1.png,XR_HAND,patient09751,study1_positive,1,image1.png,train,/content/drive/MyDrive/MURA-v1.1/train/XR_HAND/patient09751/study1_positive/image1.png,train/XR_HAND/patient09751/study1_positive,1,abnormal,/content/MURA_abnormal_train/XR_HAND/patient09751/study1_positive/image1.png,True,13445,13445,1,31.22022,0.6713780918727915,intermediate,intermediate,MURA_TT_0732
MURA-v1.1/train/XR_FINGER/patient03350/study1_positive/image3.png,XR_FINGER,patient03350,study1_positive,1,image3.png,train,/content/drive/MyDrive/MURA-v1.1/train/XR_FINGER/patient03350/study1_positive/image3.png,train/XR_FINGER/patient03350/study1_positive,1,abnormal,/content/MURA_abnormal_train/XR_FINGER/patient03350/study1_positive/image3.png,True,5204,5204,1,24.374899,0.2836363636363636,central,central,MURA_TT_0733
MURA-v1.1/train/XR_FOREARM/patient00297/study1_positive/image2.png,XR_FOREARM,patient00297,study1_positive,1,image2.png,train,/content/drive/MyDrive/MURA-v1.1/train/XR_FOREARM/patient00297/study1_positive/image2.png,train/XR_FOREARM/patient00297/study1_positive,1,abnormal,/content/MURA_abnormal_train/XR_FOREARM/patient00297/study1_positive/image2.png,True,13314,13314,0,22.649317,0.1711711711711711,central,central,MURA_TT_0734
MURA-v1.1/train/XR_HUMERUS/patient02750/study1_positive/image1.png,XR_HUMERUS,patient02750,study1_positive,1,image1.png,train,/content/drive/MyDrive/MURA-v1.1/train/XR_HUMERUS/patient02750/study1_positive/image1.png,train/XR_HUMERUS/patient02750/study1_positive,1,abnormal,/content/MURA_abnormal_train/XR_HUMERUS/patient02750/study1_positive/image1.png,True,4304,4304,3,23.754095,0.1965065502183406,central,central,MURA_TT_0735
MURA-v1.1/train/XR_FOREARM/patient09142/study1_positive/image2.png,XR_FOREARM,patient09142,study1_positive,1,image2.png,train,/content/drive/MyDrive/MURA-v1.1/train/XR_FOREARM/patient09142/study1_positive/image2.png,train/XR_FOREARM/patient09142/study1_positive,1,abnormal,/content/MURA_abnormal_train/XR_FOREARM/patient09142/study1_positive/image2.png,True,12897,12897,4,29.474957,0.5,central,central,MURA_TT_0736
MURA-v1.1/train/XR_SHOULDER/patient00165/study1_positive/image1.png,XR_SHOULDER,patient00165,study1_positive,1,image1.png,train,/content/drive/MyDrive/MURA-v1.1/train/XR_SHOULDER/patient00165/study1_positive/image1.png,train/XR_SHOULDER/patient00165/study1_positive,1,abnormal,/content/MURA_abnormal_train/XR_SHOULDER/patient00165/study1_positive/image1.png,True,501,501,5,29.126627,0.8995260663507109,peripheral,peripheral,MURA_TT_0737
MURA-v1.1/train/XR_SHOULDER/patient01136/study1_positive/image4.png,XR_SHOULDER,patient01136,study1_positive,1,image4.png,train,/content/drive/MyDrive/MURA-v1.1/train/XR_SHOULDER/patient01136/study1_positive/image4.png,train/XR_SHOULDER/patient01136/study1_positive,1,abnormal,/content/MURA_abnormal_train/XR_SHOULDER/patient01136/study1_positive/image4.png,True,3376,3376,0,21.980085,0.3409742120343839,central,central,MURA_TT_0738
MURA-v1.1/train/XR_FINGER/patient03753/study1_positive/image3.png,XR_FINGER,patient03753,study1_positive,1,image3.png,train,/content/drive/MyDrive/MURA-v1.1/train/XR_FINGER/patient03753/study1_positive/image3.png,train/XR_FINGER/patient03753/study1_positive,1,abnormal,/content/MURA_abnormal_train/XR_FINGER/patient03753/study1_positive/image3.png,True,6551,6551,1,23.844471,0.2363636363636363,central,central,MURA_TT_0739
MURA-v1.1/train/XR_FOREARM/patient09121/study1_positive/image2.png,XR_FOREARM,patient09121,study1_positive,1,image2.png,train,/content/drive/MyDrive/MURA-v1.1/train/XR_FOREARM/patient09121/study1_positive/image2.png,train/XR_FOREARM/patient09121/study1_positive,1,abnormal,/content/MURA_abnormal_train/XR_FOREARM/patient09121/study1_positive/image2.png,True,12837,12837,2,21.605333,0.246031746031746,central,central,MURA_TT_0740
MURA-v1.1/train/XR_ELBOW/patient05390/study1_positive/image4.png,XR_ELBOW,patient05390,study1_positive,1,image4.png,train,/content/drive/MyDrive/MURA-v1.1/train/XR_ELBOW/patient05390/study1_positive/image4.png,train/XR_ELBOW/patient05390/study1_positive,1,abnormal,/content/MURA_abnormal_train/XR_ELBOW/patient05390/study1_positive/image4.png,True,8504,8504,2,22.81954,0.28719723183391,central,central,MURA_TT_0741
MURA-v1.1/train/XR_SHOULDER/patient00927/study1_positive/image4.png,XR_SHOULDER,patient00927,study1_positive,1,image4.png,train,/content/drive/MyDrive/MURA-v1.1/train/XR_SHOULDER/patient00927/study1_positive/image4.png,train/XR_SHOULDER/patient00927/study1_positive,1,abnormal,/content/MURA_abnormal_train/XR_SHOULDER/patient00927/study1_positive/image4.png,True,2785,2785,2,26.106974,0.4079903147699757,central,central,MURA_TT_0742
MURA-v1.1/train/XR_FINGER/patient01875/study1_positive/image2.png,XR_FINGER,patient01875,study1_positive,1,image2.png,train,/content/drive/MyDrive/MURA-v1.1/train/XR_FINGER/patient01875/study1_positive/image2.png,train/XR_FINGER/patient01875/study1_positive,1,abnormal,/content/MURA_abnormal_train/XR_FINGER/patient01875/study1_positive/image2.png,True,6657,6657,1,30.891739,0.8654545454545455,peripheral,peripheral,MURA_TT_0743
MURA-v1.1/train/XR_ELBOW/patient05440/study1_positive/image1.png,XR_ELBOW,patient05440,study1_positive,1,image1.png,train,/content/drive/MyDrive/MURA-v1.1/train/XR_ELBOW/patient05440/study1_positive/image1.png,train/XR_ELBOW/patient05440/study1_positive,1,abnormal,/content/MURA_abnormal_train/XR_ELBOW/patient05440/study1_positive/image1.png,True,8678,8678,1,18.211658,0.1420233463035019,central,central,MURA_TT_0744
MURA-v1.1/train/XR_ELBOW/patient05434/study1_positive/image1.png,XR_ELBOW,patient05434,study1_positive,1,image1.png,train,/content/drive/MyDrive/MURA-v1.1/train/XR_ELBOW/patient05434/study1_positive/image1.png,train/XR_ELBOW/patient05434/study1_positive,1,abnormal,/content/MURA_abnormal_train/XR_ELBOW/patient05434/study1_positive/image1.png,True,8660,8660,0,30.517942,0.8752834467120182,peripheral,peripheral,MURA_TT_0745
MURA-v1.1/train/XR_FINGER/patient03733/study1_positive/image1.png,XR_FINGER,patient03733,study1_positive,1,image1.png,train,/content/drive/MyDrive/MURA-v1.1/train/XR_FINGER/patient03733/study1_positive/image1.png,train/XR_FINGER/patient03733/study1_positive,1,abnormal,/content/MURA_abnormal_train/XR_FINGER/patient03733/study1_positive/image1.png,True,6486,6486,4,23.438984,0.4360313315926893,central,central,MURA_TT_0746
MURA-v1.1/train/XR_ELBOW/patient05290/study1_positive/image1.png,XR_ELBOW,patient05290,study1_positive,1,image1.png,train,/content/drive/MyDrive/MURA-v1.1/train/XR_ELBOW/patient05290/study1_positive/image1.png,train/XR_ELBOW/patient05290/study1_positive,1,abnormal,/content/MURA_abnormal_train/XR_ELBOW/patient05290/study1_positive/image1.png,True,8157,8157,2,27.419,0.7335640138408305,intermediate,intermediate,MURA_TT_0747
MURA-v1.1/train/XR_HAND/patient10002/study1_positive/image1.png,XR_HAND,patient10002,study1_positive,1,image1.png,train,/content/drive/MyDrive/MURA-v1.1/train/XR_HAND/patient10002/study1_positive/image1.png,train/XR_HAND/patient10002/study1_positive,1,abnormal,/content/MURA_abnormal_train/XR_HAND/patient10002/study1_positive/image1.png,True,14416,14416,0,32.822792,0.9298245614035088,peripheral,peripheral,MURA_TT_0748
MURA-v1.1/train/XR_SHOULDER/patient00629/study1_positive/image4.png,XR_SHOULDER,patient00629,study1_positive,1,image4.png,train,/content/drive/MyDrive/MURA-v1.1/train/XR_SHOULDER/patient00629/study1_positive/image4.png,train/XR_SHOULDER/patient00629/study1_positive,1,abnormal,/content/MURA_abnormal_train/XR_SHOULDER/patient00629/study1_positive/image4.png,True,1905,1905,1,30.207779,0.3791044776119402,central,central,MURA_TT_0749
MURA-v1.1/train/XR_SHOULDER/patient01176/study1_positive/image3.png,XR_SHOULDER,patient01176,study1_positive,1,image3.png,train,/content/drive/MyDrive/MURA-v1.1/train/XR_SHOULDER/patient01176/study1_positive/image3.png,train/XR_SHOULDER/patient01176/study1_positive,1,abnormal,/content/MURA_abnormal_train/XR_SHOULDER/patient01176/study1_positive/image3.png,True,3488,3488,0,21.72014,0.3209169054441261,central,central,MURA_TT_0750
MURA-v1.1/train/XR_SHOULDER/patient01142/study1_positive/image4.png,XR_SHOULDER,patient01142,study1_positive,1,image4.png,train,/content/drive/MyDrive/MURA-v1.1/train/XR_SHOULDER/patient01142/study1_positive/image4.png,train/XR_SHOULDER/patient01142/study1_positive,1,abnormal,/content/MURA_abnormal_train/XR_SHOULDER/patient01142/study1_positive/image4.png,True,3392,3392,3,22.352852,0.0453955901426718,central,central,MURA_TT_0751
MURA-v1.1/train/XR_SHOULDER/patient00172/study1_positive/image4.png,XR_SHOULDER,patient00172,study1_positive,1,image4.png,train,/content/drive/MyDrive/MURA-v1.1/train/XR_SHOULDER/patient00172/study1_positive/image4.png,train/XR_SHOULDER/patient00172/study1_positive,1,abnormal,/content/MURA_abnormal_train/XR_SHOULDER/patient00172/study1_positive/image4.png,True,520,520,0,22.56377,0.3939828080229226,central,central,MURA_TT_0752
MURA-v1.1/train/XR_WRIST/patient06474/study1_positive/image1.png,XR_WRIST,patient06474,study1_positive,1,image1.png,train,/content/drive/MyDrive/MURA-v1.1/train/XR_WRIST/patient06474/study1_positive/image1.png,train/XR_WRIST/patient06474/study1_positive,1,abnormal,/content/MURA_abnormal_train/XR_WRIST/patient06474/study1_positive/image1.png,True,9156,9156,1,24.479765,0.4648956356736243,central,central,MURA_TT_0753
MURA-v1.1/train/XR_FINGER/patient03713/study1_positive/image3.png,XR_FINGER,patient03713,study1_positive,1,image3.png,train,/content/drive/MyDrive/MURA-v1.1/train/XR_FINGER/patient03713/study1_positive/image3.png,train/XR_FINGER/patient03713/study1_positive,1,abnormal,/content/MURA_abnormal_train/XR_FINGER/patient03713/study1_positive/image3.png,True,6413,6413,4,28.579266,0.8433420365535248,peripheral,peripheral,MURA_TT_0754
MURA-v1.1/train/XR_WRIST/patient06414/study1_positive/image4.png,XR_WRIST,patient06414,study1_positive,1,image4.png,train,/content/drive/MyDrive/MURA-v1.1/train/XR_WRIST/patient06414/study1_positive/image4.png,train/XR_WRIST/patient06414/study1_positive,1,abnormal,/content/MURA_abnormal_train/XR_WRIST/patient06414/study1_positive/image4.png,True,8948,8948,4,25.494219,0.3371757925072046,central,central,MURA_TT_0755
MURA-v1.1/train/XR_ELBOW/patient05306/study1_positive/image3.png,XR_ELBOW,patient05306,study1_positive,1,image3.png,train,/content/drive/MyDrive/MURA-v1.1/train/XR_ELBOW/patient05306/study1_positive/image3.png,train/XR_ELBOW/patient05306/study1_positive,1,abnormal,/content/MURA_abnormal_train/XR_ELBOW/patient05306/study1_positive/image3.png,True,8226,8226,3,45.37162,0.9111111111111112,peripheral,peripheral,MURA_TT_0756
MURA-v1.1/train/XR_HUMERUS/patient02815/study1_positive/image1.png,XR_HUMERUS,patient02815,study1_positive,1,image1.png,train,/content/drive/MyDrive/MURA-v1.1/train/XR_HUMERUS/patient02815/study1_positive/image1.png,train/XR_HUMERUS/patient02815/study1_positive,1,abnormal,/content/MURA_abnormal_train/XR_HUMERUS/patient02815/study1_positive/image1.png,True,4461,4461,2,23.33365,0.3286384976525822,central,central,MURA_TT_0757
MURA-v1.1/train/XR_WRIST/patient03622/study1_positive/image1.png,XR_WRIST,patient03622,study1_positive,1,image1.png,train,/content/drive/MyDrive/MURA-v1.1/train/XR_WRIST/patient03622/study1_positive/image1.png,train/XR_WRIST/patient03622/study1_positive,1,abnormal,/content/MURA_abnormal_train/XR_WRIST/patient03622/study1_positive/image1.png,True,12019,12019,4,25.748709,0.3631123919308357,central,central,MURA_TT_0758
MURA-v1.1/train/XR_HAND/patient10034/study1_positive/image1.png,XR_HAND,patient10034,study1_positive,1,image1.png,train,/content/drive/MyDrive/MURA-v1.1/train/XR_HAND/patient10034/study1_positive/image1.png,train/XR_HAND/patient10034/study1_positive,1,abnormal,/content/MURA_abnormal_train/XR_HAND/patient10034/study1_positive/image1.png,True,14519,14519,5,22.05551,0.4666666666666667,central,central,MURA_TT_0759
MURA-v1.1/train/XR_SHOULDER/patient00662/study1_positive/image1.png,XR_SHOULDER,patient00662,study1_positive,1,image1.png,train,/content/drive/MyDrive/MURA-v1.1/train/XR_SHOULDER/patient00662/study1_positive/image1.png,train/XR_SHOULDER/patient00662/study1_positive,1,abnormal,/content/MURA_abnormal_train/XR_SHOULDER/patient00662/study1_positive/image1.png,True,1996,1996,2,22.604153,0.0907990314769975,central,central,MURA_TT_0760
MURA-v1.1/train/XR_WRIST/patient06609/study1_positive/image2.png,XR_WRIST,patient06609,study1_positive,1,image2.png,train,/content/drive/MyDrive/MURA-v1.1/train/XR_WRIST/patient06609/study1_positive/image2.png,train/XR_WRIST/patient06609/study1_positive,1,abnormal,/content/MURA_abnormal_train/XR_WRIST/patient06609/study1_positive/image2.png,True,9626,9626,1,19.755041,0.0265654648956356,central,central,MURA_TT_0761
MURA-v1.1/train/XR_FINGER/patient03533/study1_positive/image3.png,XR_FINGER,patient03533,study1_positive,1,image3.png,train,/content/drive/MyDrive/MURA-v1.1/train/XR_FINGER/patient03533/study1_positive/image3.png,train/XR_FINGER/patient03533/study1_positive,1,abnormal,/content/MURA_abnormal_train/XR_FINGER/patient03533/study1_positive/image3.png,True,5806,5806,5,21.85397,0.2128279883381924,central,central,MURA_TT_0762
MURA-v1.1/train/XR_FINGER/patient03319/study1_positive/image3.png,XR_FINGER,patient03319,study1_positive,1,image3.png,train,/content/drive/MyDrive/MURA-v1.1/train/XR_FINGER/patient03319/study1_positive/image3.png,train/XR_FINGER/patient03319/study1_positive,1,abnormal,/content/MURA_abnormal_train/XR_FINGER/patient03319/study1_positive/image3.png,True,5096,5096,1,25.078247,0.3527272727272727,central,central,MURA_TT_0763
MURA-v1.1/train/XR_SHOULDER/patient00499/study1_positive/image1.png,XR_SHOULDER,patient00499,study1_positive,1,image1.png,train,/content/drive/MyDrive/MURA-v1.1/train/XR_SHOULDER/patient00499/study1_positive/image1.png,train/XR_SHOULDER/patient00499/study1_positive,1,abnormal,/content/MURA_abnormal_train/XR_SHOULDER/patient00499/study1_positive/image1.png,True,1509,1509,3,25.61815,0.2736705577172503,central,central,MURA_TT_0764
MURA-v1.1/train/XR_WRIST/patient06555/study1_positive/image1.png,XR_WRIST,patient06555,study1_positive,1,image1.png,train,/content/drive/MyDrive/MURA-v1.1/train/XR_WRIST/patient06555/study1_positive/image1.png,train/XR_WRIST/patient06555/study1_positive,1,abnormal,/content/MURA_abnormal_train/XR_WRIST/patient06555/study1_positive/image1.png,True,9427,9427,8,24.193203,0.4785276073619632,central,central,MURA_TT_0765
MURA-v1.1/train/XR_HUMERUS/patient02889/study1_positive/image1.png,XR_HUMERUS,patient02889,study1_positive,1,image1.png,train,/content/drive/MyDrive/MURA-v1.1/train/XR_HUMERUS/patient02889/study1_positive/image1.png,train/XR_HUMERUS/patient02889/study1_positive,1,abnormal,/content/MURA_abnormal_train/XR_HUMERUS/patient02889/study1_positive/image1.png,True,4646,4646,2,24.569862,0.4694835680751174,central,central,MURA_TT_0766
MURA-v1.1/train/XR_WRIST/patient07399/study1_positive/image2.png,XR_WRIST,patient07399,study1_positive,1,image2.png,train,/content/drive/MyDrive/MURA-v1.1/train/XR_WRIST/patient07399/study1_positive/image2.png,train/XR_WRIST/patient07399/study1_positive,1,abnormal,/content/MURA_abnormal_train/XR_WRIST/patient07399/study1_positive/image2.png,True,12595,12595,8,24.747559,0.5388548057259713,intermediate,intermediate,MURA_TT_0767
MURA-v1.1/train/XR_SHOULDER/patient01213/study1_positive/image4.png,XR_SHOULDER,patient01213,study1_positive,1,image4.png,train,/content/drive/MyDrive/MURA-v1.1/train/XR_SHOULDER/patient01213/study1_positive/image4.png,train/XR_SHOULDER/patient01213/study1_positive,1,abnormal,/content/MURA_abnormal_train/XR_SHOULDER/patient01213/study1_positive/image4.png,True,3601,3601,4,28.53872,0.3312629399585921,central,central,MURA_TT_0768
MURA-v1.1/train/XR_FOREARM/patient09088/study1_positive/image1.png,XR_FOREARM,patient09088,study1_positive,1,image1.png,train,/content/drive/MyDrive/MURA-v1.1/train/XR_FOREARM/patient09088/study1_positive/image1.png,train/XR_FOREARM/patient09088/study1_positive,1,abnormal,/content/MURA_abnormal_train/XR_FOREARM/patient09088/study1_positive/image1.png,True,12743,12743,1,31.791964,0.7926829268292683,intermediate,intermediate,MURA_TT_0769
MURA-v1.1/train/XR_SHOULDER/patient01400/study1_positive/image1.png,XR_SHOULDER,patient01400,study1_positive,1,image1.png,train,/content/drive/MyDrive/MURA-v1.1/train/XR_SHOULDER/patient01400/study1_positive/image1.png,train/XR_SHOULDER/patient01400/study1_positive,1,abnormal,/content/MURA_abnormal_train/XR_SHOULDER/patient01400/study1_positive/image1.png,True,4115,4115,2,22.781174,0.1077481840193704,central,central,MURA_TT_0770
MURA-v1.1/train/XR_ELBOW/patient05321/study1_positive/image3.png,XR_ELBOW,patient05321,study1_positive,1,image3.png,train,/content/drive/MyDrive/MURA-v1.1/train/XR_ELBOW/patient05321/study1_positive/image3.png,train/XR_ELBOW/patient05321/study1_positive,1,abnormal,/content/MURA_abnormal_train/XR_ELBOW/patient05321/study1_positive/image3.png,True,8280,8280,5,25.401669,0.2609970674486803,central,central,MURA_TT_0771
MURA-v1.1/train/XR_SHOULDER/patient01332/study1_positive/image1.png,XR_SHOULDER,patient01332,study1_positive,1,image1.png,train,/content/drive/MyDrive/MURA-v1.1/train/XR_SHOULDER/patient01332/study1_positive/image1.png,train/XR_SHOULDER/patient01332/study1_positive,1,abnormal,/content/MURA_abnormal_train/XR_SHOULDER/patient01332/study1_positive/image1.png,True,3933,3933,2,30.233187,0.784503631961259,intermediate,intermediate,MURA_TT_0772
MURA-v1.1/train/XR_HUMERUS/patient02825/study1_positive/image1.png,XR_HUMERUS,patient02825,study1_positive,1,image1.png,train,/content/drive/MyDrive/MURA-v1.1/train/XR_HUMERUS/patient02825/study1_positive/image1.png,train/XR_HUMERUS/patient02825/study1_positive,1,abnormal,/content/MURA_abnormal_train/XR_HUMERUS/patient02825/study1_positive/image1.png,True,4484,4484,2,23.721025,0.3708920187793427,central,central,MURA_TT_0773
MURA-v1.1/train/XR_SHOULDER/patient01224/study1_positive/image3.png,XR_SHOULDER,patient01224,study1_positive,1,image3.png,train,/content/drive/MyDrive/MURA-v1.1/train/XR_SHOULDER/patient01224/study1_positive/image3.png,train/XR_SHOULDER/patient01224/study1_positive,1,abnormal,/content/MURA_abnormal_train/XR_SHOULDER/patient01224/study1_positive/image3.png,True,3627,3627,4,31.285181,0.6314699792960663,intermediate,intermediate,MURA_TT_0774
MURA-v1.1/train/XR_FINGER/patient03413/study1_positive/image3.png,XR_FINGER,patient03413,study1_positive,1,image3.png,train,/content/drive/MyDrive/MURA-v1.1/train/XR_FINGER/patient03413/study1_positive/image3.png,train/XR_FINGER/patient03413/study1_positive,1,abnormal,/content/MURA_abnormal_train/XR_FINGER/patient03413/study1_positive/image3.png,True,5411,5411,0,32.597076,0.7569230769230769,intermediate,intermediate,MURA_TT_0775
MURA-v1.1/train/XR_FINGER/patient03621/study1_positive/image3.png,XR_FINGER,patient03621,study1_positive,1,image3.png,train,/content/drive/MyDrive/MURA-v1.1/train/XR_FINGER/patient03621/study1_positive/image3.png,train/XR_FINGER/patient03621/study1_positive,1,abnormal,/content/MURA_abnormal_train/XR_FINGER/patient03621/study1_positive/image3.png,True,6106,6106,3,22.23009,0.2296819787985865,central,central,MURA_TT_0776
MURA-v1.1/train/XR_WRIST/patient07026/study1_positive/image4.png,XR_WRIST,patient07026,study1_positive,1,image4.png,train,/content/drive/MyDrive/MURA-v1.1/train/XR_WRIST/patient07026/study1_positive/image4.png,train/XR_WRIST/patient07026/study1_positive,1,abnormal,/content/MURA_abnormal_train/XR_WRIST/patient07026/study1_positive/image4.png,True,11176,11176,7,26.401878,0.1241379310344827,central,central,MURA_TT_0777
MURA-v1.1/train/XR_SHOULDER/patient00531/study1_positive/image1.png,XR_SHOULDER,patient00531,study1_positive,1,image1.png,train,/content/drive/MyDrive/MURA-v1.1/train/XR_SHOULDER/patient00531/study1_positive/image1.png,train/XR_SHOULDER/patient00531/study1_positive,1,abnormal,/content/MURA_abnormal_train/XR_SHOULDER/patient00531/study1_positive/image1.png,True,1609,1609,2,28.137163,0.6150121065375302,intermediate,intermediate,MURA_TT_0778
MURA-v1.1/train/XR_FINGER/patient03304/study1_positive/image2.png,XR_FINGER,patient03304,study1_positive,1,image2.png,train,/content/drive/MyDrive/MURA-v1.1/train/XR_FINGER/patient03304/study1_positive/image2.png,train/XR_FINGER/patient03304/study1_positive,1,abnormal,/content/MURA_abnormal_train/XR_FINGER/patient03304/study1_positive/image2.png,True,5046,5046,0,31.56659,0.7292307692307692,intermediate,intermediate,MURA_TT_0779
MURA-v1.1/train/XR_FINGER/patient03510/study1_positive/image3.png,XR_FINGER,patient03510,study1_positive,1,image3.png,train,/content/drive/MyDrive/MURA-v1.1/train/XR_FINGER/patient03510/study1_positive/image3.png,train/XR_FINGER/patient03510/study1_positive,1,abnormal,/content/MURA_abnormal_train/XR_FINGER/patient03510/study1_positive/image3.png,True,5731,5731,3,24.011616,0.4134275618374558,central,central,MURA_TT_0780
MURA-v1.1/train/XR_FOREARM/patient09175/study1_positive/image1.png,XR_FOREARM,patient09175,study1_positive,1,image1.png,train,/content/drive/MyDrive/MURA-v1.1/train/XR_FOREARM/patient09175/study1_positive/image1.png,train/XR_FOREARM/patient09175/study1_positive,1,abnormal,/content/MURA_abnormal_train/XR_FOREARM/patient09175/study1_positive/image1.png,True,13008,13008,3,23.781311,0.3274336283185841,central,central,MURA_TT_0781
MURA-v1.1/train/XR_FINGER/patient03311/study1_positive/image1.png,XR_FINGER,patient03311,study1_positive,1,image1.png,train,/content/drive/MyDrive/MURA-v1.1/train/XR_FINGER/patient03311/study1_positive/image1.png,train/XR_FINGER/patient03311/study1_positive,1,abnormal,/content/MURA_abnormal_train/XR_FINGER/patient03311/study1_positive/image1.png,True,5070,5070,2,21.86479,0.1448467966573816,central,central,MURA_TT_0782
MURA-v1.1/train/XR_FOREARM/patient09119/study1_positive/image2.png,XR_FOREARM,patient09119,study1_positive,1,image2.png,train,/content/drive/MyDrive/MURA-v1.1/train/XR_FOREARM/patient09119/study1_positive/image2.png,train/XR_FOREARM/patient09119/study1_positive,1,abnormal,/content/MURA_abnormal_train/XR_FOREARM/patient09119/study1_positive/image2.png,True,12833,12833,0,23.044933,0.2342342342342342,central,central,MURA_TT_0783
MURA-v1.1/train/XR_HAND/patient08675/study1_positive/image1.png,XR_HAND,patient08675,study1_positive,1,image1.png,train,/content/drive/MyDrive/MURA-v1.1/train/XR_HAND/patient08675/study1_positive/image1.png,train/XR_HAND/patient08675/study1_positive,1,abnormal,/content/MURA_abnormal_train/XR_HAND/patient08675/study1_positive/image1.png,True,14252,14252,5,27.010546,0.8888888888888888,peripheral,peripheral,MURA_TT_0784
MURA-v1.1/train/XR_ELBOW/patient05380/study1_positive/image2.png,XR_ELBOW,patient05380,study1_positive,1,image2.png,train,/content/drive/MyDrive/MURA-v1.1/train/XR_ELBOW/patient05380/study1_positive/image2.png,train/XR_ELBOW/patient05380/study1_positive,1,abnormal,/content/MURA_abnormal_train/XR_ELBOW/patient05380/study1_positive/image2.png,True,8469,8469,4,28.401346,0.2393617021276596,central,central,MURA_TT_0785
MURA-v1.1/train/XR_SHOULDER/patient00222/study1_positive/image4.png,XR_SHOULDER,patient00222,study1_positive,1,image4.png,train,/content/drive/MyDrive/MURA-v1.1/train/XR_SHOULDER/patient00222/study1_positive/image4.png,train/XR_SHOULDER/patient00222/study1_positive,1,abnormal,/content/MURA_abnormal_train/XR_SHOULDER/patient00222/study1_positive/image4.png,True,670,670,3,27.38562,0.4630350194552529,central,central,MURA_TT_0786
MURA-v1.1/train/XR_FOREARM/patient09203/study1_positive/image1.png,XR_FOREARM,patient09203,study1_positive,1,image1.png,train,/content/drive/MyDrive/MURA-v1.1/train/XR_FOREARM/patient09203/study1_positive/image1.png,train/XR_FOREARM/patient09203/study1_positive,1,abnormal,/content/MURA_abnormal_train/XR_FOREARM/patient09203/study1_positive/image1.png,True,13109,13109,2,20.289888,0.1507936507936507,central,central,MURA_TT_0787
MURA-v1.1/train/XR_HAND/patient10091/study1_positive/image3.png,XR_HAND,patient10091,study1_positive,1,image3.png,train,/content/drive/MyDrive/MURA-v1.1/train/XR_HAND/patient10091/study1_positive/image3.png,train/XR_HAND/patient10091/study1_positive,1,abnormal,/content/MURA_abnormal_train/XR_HAND/patient10091/study1_positive/image3.png,True,14706,14706,1,41.472523,0.9363957597173144,peripheral,peripheral,MURA_TT_0788
MURA-v1.1/train/XR_SHOULDER/patient01015/study1_positive/image4.png,XR_SHOULDER,patient01015,study1_positive,1,image4.png,train,/content/drive/MyDrive/MURA-v1.1/train/XR_SHOULDER/patient01015/study1_positive/image4.png,train/XR_SHOULDER/patient01015/study1_positive,1,abnormal,/content/MURA_abnormal_train/XR_SHOULDER/patient01015/study1_positive/image4.png,True,3037,3037,0,21.642399,0.3137535816618911,central,central,MURA_TT_0789
MURA-v1.1/train/XR_HAND/patient03959/study1_positive/image1.png,XR_HAND,patient03959,study1_positive,1,image1.png,train,/content/drive/MyDrive/MURA-v1.1/train/XR_HAND/patient03959/study1_positive/image1.png,train/XR_HAND/patient03959/study1_positive,1,abnormal,/content/MURA_abnormal_train/XR_HAND/patient03959/study1_positive/image1.png,True,13779,13779,5,19.943401,0.2074074074074074,central,central,MURA_TT_0790
MURA-v1.1/train/XR_SHOULDER/patient00051/study1_positive/image2.png,XR_SHOULDER,patient00051,study1_positive,1,image2.png,train,/content/drive/MyDrive/MURA-v1.1/train/XR_SHOULDER/patient00051/study1_positive/image2.png,train/XR_SHOULDER/patient00051/study1_positive,1,abnormal,/content/MURA_abnormal_train/XR_SHOULDER/patient00051/study1_positive/image2.png,True,150,150,3,36.28405,0.9455252918287936,peripheral,peripheral,MURA_TT_0791
MURA-v1.1/train/XR_WRIST/patient07199/study1_positive/image5.png,XR_WRIST,patient07199,study1_positive,1,image5.png,train,/content/drive/MyDrive/MURA-v1.1/train/XR_WRIST/patient07199/study1_positive/image5.png,train/XR_WRIST/patient07199/study1_positive,1,abnormal,/content/MURA_abnormal_train/XR_WRIST/patient07199/study1_positive/image5.png,True,11873,11873,5,29.113127,0.8925619834710744,peripheral,peripheral,MURA_TT_0792
MURA-v1.1/train/XR_HAND/patient09950/study1_positive/image2.png,XR_HAND,patient09950,study1_positive,1,image2.png,train,/content/drive/MyDrive/MURA-v1.1/train/XR_HAND/patient09950/study1_positive/image2.png,train/XR_HAND/patient09950/study1_positive,1,abnormal,/content/MURA_abnormal_train/XR_HAND/patient09950/study1_positive/image2.png,True,14211,14211,4,26.422281,0.5898305084745763,intermediate,intermediate,MURA_TT_0793
MURA-v1.1/train/XR_HUMERUS/patient02753/study1_positive/image1.png,XR_HUMERUS,patient02753,study1_positive,1,image1.png,train,/content/drive/MyDrive/MURA-v1.1/train/XR_HUMERUS/patient02753/study1_positive/image1.png,train/XR_HUMERUS/patient02753/study1_positive,1,abnormal,/content/MURA_abnormal_train/XR_HUMERUS/patient02753/study1_positive/image1.png,True,4310,4310,2,18.77964,0.0187793427230046,central,central,MURA_TT_0794
MURA-v1.1/train/XR_FINGER/patient03548/study1_positive/image2.png,XR_FINGER,patient03548,study1_positive,1,image2.png,train,/content/drive/MyDrive/MURA-v1.1/train/XR_FINGER/patient03548/study1_positive/image2.png,train/XR_FINGER/patient03548/study1_positive,1,abnormal,/content/MURA_abnormal_train/XR_FINGER/patient03548/study1_positive/image2.png,True,5859,5859,0,24.47421,0.12,central,central,MURA_TT_0795
MURA-v1.1/train/XR_HAND/patient05277/study1_positive/image2.png,XR_HAND,patient05277,study1_positive,1,image2.png,train,/content/drive/MyDrive/MURA-v1.1/train/XR_HAND/patient05277/study1_positive/image2.png,train/XR_HAND/patient05277/study1_positive,1,abnormal,/content/MURA_abnormal_train/XR_HAND/patient05277/study1_positive/image2.png,True,13767,13767,5,24.865492,0.762962962962963,intermediate,intermediate,MURA_TT_0796
MURA-v1.1/train/XR_FINGER/patient03620/study1_positive/image2.png,XR_FINGER,patient03620,study1_positive,1,image2.png,train,/content/drive/MyDrive/MURA-v1.1/train/XR_FINGER/patient03620/study1_positive/image2.png,train/XR_FINGER/patient03620/study1_positive,1,abnormal,/content/MURA_abnormal_train/XR_FINGER/patient03620/study1_positive/image2.png,True,6102,6102,4,22.734001,0.3446475195822454,central,central,MURA_TT_0797
MURA-v1.1/train/XR_SHOULDER/patient00404/study1_positive/image2.png,XR_SHOULDER,patient00404,study1_positive,1,image2.png,train,/content/drive/MyDrive/MURA-v1.1/train/XR_SHOULDER/patient00404/study1_positive/image2.png,train/XR_SHOULDER/patient00404/study1_positive,1,abnormal,/content/MURA_abnormal_train/XR_SHOULDER/patient00404/study1_positive/image2.png,True,1240,1240,2,25.023937,0.3026634382566586,central,central,MURA_TT_0798
MURA-v1.1/train/XR_SHOULDER/patient00316/study1_positive/image4.png,XR_SHOULDER,patient00316,study1_positive,1,image4.png,train,/content/drive/MyDrive/MURA-v1.1/train/XR_SHOULDER/patient00316/study1_positive/image4.png,train/XR_SHOULDER/patient00316/study1_positive,1,abnormal,/content/MURA_abnormal_train/XR_SHOULDER/patient00316/study1_positive/image4.png,True,974,974,0,22.527884,0.3911174785100286,central,central,MURA_TT_0799
MURA-v1.1/train/XR_FINGER/patient03780/study1_positive/image1.png,XR_FINGER,patient03780,study1_positive,1,image1.png,train,/content/drive/MyDrive/MURA-v1.1/train/XR_FINGER/patient03780/study1_positive/image1.png,train/XR_FINGER/patient03780/study1_positive,1,abnormal,/content/MURA_abnormal_train/XR_FINGER/patient03780/study1_positive/image1.png,True,6644,6644,2,17.008337,0.0027855153203342,central,central,MURA_TT_0800
MURA-v1.1/train/XR_HAND/patient09903/study1_positive/image2.png,XR_HAND,patient09903,study1_positive,1,image2.png,train,/content/drive/MyDrive/MURA-v1.1/train/XR_HAND/patient09903/study1_positive/image2.png,train/XR_HAND/patient09903/study1_positive,1,abnormal,/content/MURA_abnormal_train/XR_HAND/patient09903/study1_positive/image2.png,True,14053,14053,1,26.712019,0.3180212014134275,central,central,MURA_TT_0801
MURA-v1.1/train/XR_HUMERUS/patient02788/study1_positive/image2.png,XR_HUMERUS,patient02788,study1_positive,1,image2.png,train,/content/drive/MyDrive/MURA-v1.1/train/XR_HUMERUS/patient02788/study1_positive/image2.png,train/XR_HUMERUS/patient02788/study1_positive,1,abnormal,/content/MURA_abnormal_train/XR_HUMERUS/patient02788/study1_positive/image2.png,True,4398,4398,3,26.559416,0.4890829694323144,central,central,MURA_TT_0802
MURA-v1.1/train/XR_ELBOW/patient05048/study1_positive/image3.png,XR_ELBOW,patient05048,study1_positive,1,image3.png,train,/content/drive/MyDrive/MURA-v1.1/train/XR_ELBOW/patient05048/study1_positive/image3.png,train/XR_ELBOW/patient05048/study1_positive,1,abnormal,/content/MURA_abnormal_train/XR_ELBOW/patient05048/study1_positive/image3.png,True,7273,7273,1,22.629074,0.5311284046692607,intermediate,intermediate,MURA_TT_0803
MURA-v1.1/train/XR_ELBOW/patient01292/study1_positive/image3.png,XR_ELBOW,patient01292,study1_positive,1,image3.png,train,/content/drive/MyDrive/MURA-v1.1/train/XR_ELBOW/patient01292/study1_positive/image3.png,train/XR_ELBOW/patient01292/study1_positive,1,abnormal,/content/MURA_abnormal_train/XR_ELBOW/patient01292/study1_positive/image3.png,True,7791,7791,2,23.976171,0.4013840830449827,central,central,MURA_TT_0804
MURA-v1.1/train/XR_WRIST/patient06824/study1_positive/image1.png,XR_WRIST,patient06824,study1_positive,1,image1.png,train,/content/drive/MyDrive/MURA-v1.1/train/XR_WRIST/patient06824/study1_positive/image1.png,train/XR_WRIST/patient06824/study1_positive,1,abnormal,/content/MURA_abnormal_train/XR_WRIST/patient06824/study1_positive/image1.png,True,10453,10453,8,29.264143,0.8967280163599182,peripheral,peripheral,MURA_TT_0805
MURA-v1.1/train/XR_HAND/patient10027/study1_positive/image3.png,XR_HAND,patient10027,study1_positive,1,image3.png,train,/content/drive/MyDrive/MURA-v1.1/train/XR_HAND/patient10027/study1_positive/image3.png,train/XR_HAND/patient10027/study1_positive,1,abnormal,/content/MURA_abnormal_train/XR_HAND/patient10027/study1_positive/image3.png,True,14499,14499,2,19.72351,0.0126182965299684,central,central,MURA_TT_0806
MURA-v1.1/train/XR_FINGER/patient03538/study1_positive/image2.png,XR_FINGER,patient03538,study1_positive,1,image2.png,train,/content/drive/MyDrive/MURA-v1.1/train/XR_FINGER/patient03538/study1_positive/image2.png,train/XR_FINGER/patient03538/study1_positive,1,abnormal,/content/MURA_abnormal_train/XR_FINGER/patient03538/study1_positive/image2.png,True,5824,5824,1,32.238243,0.9090909090909092,peripheral,peripheral,MURA_TT_0807
MURA-v1.1/train/XR_WRIST/patient06659/study1_positive/image1.png,XR_WRIST,patient06659,study1_positive,1,image1.png,train,/content/drive/MyDrive/MURA-v1.1/train/XR_WRIST/patient06659/study1_positive/image1.png,train/XR_WRIST/patient06659/study1_positive,1,abnormal,/content/MURA_abnormal_train/XR_WRIST/patient06659/study1_positive/image1.png,True,9791,9791,1,24.080118,0.4022770398481973,central,central,MURA_TT_0808
MURA-v1.1/train/XR_FOREARM/patient09237/study1_positive/image1.png,XR_FOREARM,patient09237,study1_positive,1,image1.png,train,/content/drive/MyDrive/MURA-v1.1/train/XR_FOREARM/patient09237/study1_positive/image1.png,train/XR_FOREARM/patient09237/study1_positive,1,abnormal,/content/MURA_abnormal_train/XR_FOREARM/patient09237/study1_positive/image1.png,True,13200,13200,3,27.397041,0.6460176991150443,intermediate,intermediate,MURA_TT_0809
MURA-v1.1/train/XR_HAND/patient06561/study1_positive/image1.png,XR_HAND,patient06561,study1_positive,1,image1.png,train,/content/drive/MyDrive/MURA-v1.1/train/XR_HAND/patient06561/study1_positive/image1.png,train/XR_HAND/patient06561/study1_positive,1,abnormal,/content/MURA_abnormal_train/XR_HAND/patient06561/study1_positive/image1.png,True,13758,13758,1,28.332354,0.5017667844522968,intermediate,intermediate,MURA_TT_0810
MURA-v1.1/train/XR_WRIST/patient06793/study1_positive/image3.png,XR_WRIST,patient06793,study1_positive,1,image3.png,train,/content/drive/MyDrive/MURA-v1.1/train/XR_WRIST/patient06793/study1_positive/image3.png,train/XR_WRIST/patient06793/study1_positive,1,abnormal,/content/MURA_abnormal_train/XR_WRIST/patient06793/study1_positive/image3.png,True,10348,10348,2,24.214434,0.4161220043572984,central,central,MURA_TT_0811
MURA-v1.1/train/XR_ELBOW/patient05368/study1_positive/image2.png,XR_ELBOW,patient05368,study1_positive,1,image2.png,train,/content/drive/MyDrive/MURA-v1.1/train/XR_ELBOW/patient05368/study1_positive/image2.png,train/XR_ELBOW/patient05368/study1_positive,1,abnormal,/content/MURA_abnormal_train/XR_ELBOW/patient05368/study1_positive/image2.png,True,8432,8432,4,29.586323,0.3803191489361702,central,central,MURA_TT_0812
MURA-v1.1/train/XR_SHOULDER/patient01414/study1_positive/image4.png,XR_SHOULDER,patient01414,study1_positive,1,image4.png,train,/content/drive/MyDrive/MURA-v1.1/train/XR_SHOULDER/patient01414/study1_positive/image4.png,train/XR_SHOULDER/patient01414/study1_positive,1,abnormal,/content/MURA_abnormal_train/XR_SHOULDER/patient01414/study1_positive/image4.png,True,4158,4158,5,23.502821,0.4293838862559241,central,central,MURA_TT_0813
MURA-v1.1/train/XR_ELBOW/patient05174/study1_positive/image2.png,XR_ELBOW,patient05174,study1_positive,1,image2.png,train,/content/drive/MyDrive/MURA-v1.1/train/XR_ELBOW/patient05174/study1_positive/image2.png,train/XR_ELBOW/patient05174/study1_positive,1,abnormal,/content/MURA_abnormal_train/XR_ELBOW/patient05174/study1_positive/image2.png,True,7725,7725,2,21.13659,0.1487889273356401,central,central,MURA_TT_0814
MURA-v1.1/train/XR_WRIST/patient05623/study1_positive/image1.png,XR_WRIST,patient05623,study1_positive,1,image1.png,train,/content/drive/MyDrive/MURA-v1.1/train/XR_WRIST/patient05623/study1_positive/image1.png,train/XR_WRIST/patient05623/study1_positive,1,abnormal,/content/MURA_abnormal_train/XR_WRIST/patient05623/study1_positive/image1.png,True,12079,12079,8,25.207094,0.5950920245398773,intermediate,intermediate,MURA_TT_0815
MURA-v1.1/train/XR_SHOULDER/patient01245/study1_positive/image1.png,XR_SHOULDER,patient01245,study1_positive,1,image1.png,train,/content/drive/MyDrive/MURA-v1.1/train/XR_SHOULDER/patient01245/study1_positive/image1.png,train/XR_SHOULDER/patient01245/study1_positive,1,abnormal,/content/MURA_abnormal_train/XR_SHOULDER/patient01245/study1_positive/image1.png,True,3683,3683,2,27.437296,0.5460048426150121,intermediate,intermediate,MURA_TT_0816
MURA-v1.1/train/XR_WRIST/patient07153/study1_positive/image2.png,XR_WRIST,patient07153,study1_positive,1,image2.png,train,/content/drive/MyDrive/MURA-v1.1/train/XR_WRIST/patient07153/study1_positive/image2.png,train/XR_WRIST/patient07153/study1_positive,1,abnormal,/content/MURA_abnormal_train/XR_WRIST/patient07153/study1_positive/image2.png,True,11689,11689,5,19.053932,0.0347107438016528,central,central,MURA_TT_0817
MURA-v1.1/train/XR_SHOULDER/patient00126/study1_positive/image2.png,XR_SHOULDER,patient00126,study1_positive,1,image2.png,train,/content/drive/MyDrive/MURA-v1.1/train/XR_SHOULDER/patient00126/study1_positive/image2.png,train/XR_SHOULDER/patient00126/study1_positive,1,abnormal,/content/MURA_abnormal_train/XR_SHOULDER/patient00126/study1_positive/image2.png,True,377,377,5,27.175203,0.8009478672985783,peripheral,peripheral,MURA_TT_0818
MURA-v1.1/train/XR_SHOULDER/patient00153/study1_positive/image2.png,XR_SHOULDER,patient00153,study1_positive,1,image2.png,train,/content/drive/MyDrive/MURA-v1.1/train/XR_SHOULDER/patient00153/study1_positive/image2.png,train/XR_SHOULDER/patient00153/study1_positive,1,abnormal,/content/MURA_abnormal_train/XR_SHOULDER/patient00153/study1_positive/image2.png,True,466,466,0,19.641333,0.1117478510028653,central,central,MURA_TT_0819
MURA-v1.1/train/XR_SHOULDER/patient00432/study1_positive/image3.png,XR_SHOULDER,patient00432,study1_positive,1,image3.png,train,/content/drive/MyDrive/MURA-v1.1/train/XR_SHOULDER/patient00432/study1_positive/image3.png,train/XR_SHOULDER/patient00432/study1_positive,1,abnormal,/content/MURA_abnormal_train/XR_SHOULDER/patient00432/study1_positive/image3.png,True,1313,1313,3,25.359066,0.2542153047989623,central,central,MURA_TT_0820
MURA-v1.1/train/XR_WRIST/patient01869/study1_positive/image2.png,XR_WRIST,patient01869,study1_positive,1,image2.png,train,/content/drive/MyDrive/MURA-v1.1/train/XR_WRIST/patient01869/study1_positive/image2.png,train/XR_WRIST/patient01869/study1_positive,1,abnormal,/content/MURA_abnormal_train/XR_WRIST/patient01869/study1_positive/image2.png,True,12032,12032,5,22.445404,0.3190082644628099,central,central,MURA_TT_0821
MURA-v1.1/train/XR_FOREARM/patient09269/study1_positive/image1.png,XR_FOREARM,patient09269,study1_positive,1,image1.png,train,/content/drive/MyDrive/MURA-v1.1/train/XR_FOREARM/patient09269/study1_positive/image1.png,train/XR_FOREARM/patient09269/study1_positive,1,abnormal,/content/MURA_abnormal_train/XR_FOREARM/patient09269/study1_positive/image1.png,True,13291,13291,5,18.757992,0.0196078431372549,central,central,MURA_TT_0822
MURA-v1.1/train/XR_WRIST/patient07223/study1_positive/image1.png,XR_WRIST,patient07223,study1_positive,1,image1.png,train,/content/drive/MyDrive/MURA-v1.1/train/XR_WRIST/patient07223/study1_positive/image1.png,train/XR_WRIST/patient07223/study1_positive,1,abnormal,/content/MURA_abnormal_train/XR_WRIST/patient07223/study1_positive/image1.png,True,11954,11954,5,23.6223,0.4545454545454545,central,central,MURA_TT_0823
MURA-v1.1/train/XR_HAND/patient10117/study1_positive/image4.png,XR_HAND,patient10117,study1_positive,1,image4.png,train,/content/drive/MyDrive/MURA-v1.1/train/XR_HAND/patient10117/study1_positive/image4.png,train/XR_HAND/patient10117/study1_positive,1,abnormal,/content/MURA_abnormal_train/XR_HAND/patient10117/study1_positive/image4.png,True,14804,14804,3,38.21429,0.912087912087912,peripheral,peripheral,MURA_TT_0824
MURA-v1.1/train/XR_HAND/patient00218/study1_positive/image2.png,XR_HAND,patient00218,study1_positive,1,image2.png,train,/content/drive/MyDrive/MURA-v1.1/train/XR_HAND/patient00218/study1_positive/image2.png,train/XR_HAND/patient00218/study1_positive,1,abnormal,/content/MURA_abnormal_train/XR_HAND/patient00218/study1_positive/image2.png,True,14056,14056,2,28.31133,0.6529968454258676,intermediate,intermediate,MURA_TT_0825
MURA-v1.1/train/XR_ELBOW/patient05158/study1_positive/image1.png,XR_ELBOW,patient05158,study1_positive,1,image1.png,train,/content/drive/MyDrive/MURA-v1.1/train/XR_ELBOW/patient05158/study1_positive/image1.png,train/XR_ELBOW/patient05158/study1_positive,1,abnormal,/content/MURA_abnormal_train/XR_ELBOW/patient05158/study1_positive/image1.png,True,7668,7668,0,22.48989,0.1859410430839002,central,central,MURA_TT_0826
MURA-v1.1/train/XR_WRIST/patient02100/study1_positive/image1.png,XR_WRIST,patient02100,study1_positive,1,image1.png,train,/content/drive/MyDrive/MURA-v1.1/train/XR_WRIST/patient02100/study1_positive/image1.png,train/XR_WRIST/patient02100/study1_positive,1,abnormal,/content/MURA_abnormal_train/XR_WRIST/patient02100/study1_positive/image1.png,True,9034,9034,2,30.032377,0.8387799564270153,peripheral,peripheral,MURA_TT_0827
MURA-v1.1/train/XR_SHOULDER/patient00112/study1_positive/image5.png,XR_SHOULDER,patient00112,study1_positive,1,image5.png,train,/content/drive/MyDrive/MURA-v1.1/train/XR_SHOULDER/patient00112/study1_positive/image5.png,train/XR_SHOULDER/patient00112/study1_positive,1,abnormal,/content/MURA_abnormal_train/XR_SHOULDER/patient00112/study1_positive/image5.png,True,333,333,3,33.51627,0.8728923476005188,peripheral,peripheral,MURA_TT_0828
MURA-v1.1/train/XR_FINGER/patient03542/study1_positive/image2.png,XR_FINGER,patient03542,study1_positive,1,image2.png,train,/content/drive/MyDrive/MURA-v1.1/train/XR_FINGER/patient03542/study1_positive/image2.png,train/XR_FINGER/patient03542/study1_positive,1,abnormal,/content/MURA_abnormal_train/XR_FINGER/patient03542/study1_positive/image2.png,True,5838,5838,0,25.399902,0.1723076923076923,central,central,MURA_TT_0829
MURA-v1.1/train/XR_HAND/patient10130/study1_positive/image3.png,XR_HAND,patient10130,study1_positive,1,image3.png,train,/content/drive/MyDrive/MURA-v1.1/train/XR_HAND/patient10130/study1_positive/image3.png,train/XR_HAND/patient10130/study1_positive,1,abnormal,/content/MURA_abnormal_train/XR_HAND/patient10130/study1_positive/image3.png,True,14846,14846,1,33.01003,0.7526501766784452,intermediate,intermediate,MURA_TT_0830
MURA-v1.1/train/XR_SHOULDER/patient00067/study1_positive/image3.png,XR_SHOULDER,patient00067,study1_positive,1,image3.png,train,/content/drive/MyDrive/MURA-v1.1/train/XR_SHOULDER/patient00067/study1_positive/image3.png,train/XR_SHOULDER/patient00067/study1_positive,1,abnormal,/content/MURA_abnormal_train/XR_SHOULDER/patient00067/study1_positive/image3.png,True,197,197,2,29.510443,0.7336561743341404,intermediate,intermediate,MURA_TT_0831
MURA-v1.1/train/XR_FINGER/patient01645/study1_positive/image2.png,XR_FINGER,patient01645,study1_positive,1,image2.png,train,/content/drive/MyDrive/MURA-v1.1/train/XR_FINGER/patient01645/study1_positive/image2.png,train/XR_FINGER/patient01645/study1_positive,1,abnormal,/content/MURA_abnormal_train/XR_FINGER/patient01645/study1_positive/image2.png,True,5522,5522,0,25.547506,0.1876923076923076,central,central,MURA_TT_0832
MURA-v1.1/train/XR_HAND/patient01931/study1_positive/image3.png,XR_HAND,patient01931,study1_positive,1,image3.png,train,/content/drive/MyDrive/MURA-v1.1/train/XR_HAND/patient01931/study1_positive/image3.png,train/XR_HAND/patient01931/study1_positive,1,abnormal,/content/MURA_abnormal_train/XR_HAND/patient01931/study1_positive/image3.png,True,13592,13592,0,19.30867,0.0745614035087719,central,central,MURA_TT_0833
MURA-v1.1/train/XR_FOREARM/patient09166/study1_positive/image1.png,XR_FOREARM,patient09166,study1_positive,1,image1.png,train,/content/drive/MyDrive/MURA-v1.1/train/XR_FOREARM/patient09166/study1_positive/image1.png,train/XR_FOREARM/patient09166/study1_positive,1,abnormal,/content/MURA_abnormal_train/XR_FOREARM/patient09166/study1_positive/image1.png,True,12976,12976,2,22.42766,0.3015873015873015,central,central,MURA_TT_0834
MURA-v1.1/train/XR_HAND/patient09805/study1_positive/image3.png,XR_HAND,patient09805,study1_positive,1,image3.png,train,/content/drive/MyDrive/MURA-v1.1/train/XR_HAND/patient09805/study1_positive/image3.png,train/XR_HAND/patient09805/study1_positive,1,abnormal,/content/MURA_abnormal_train/XR_HAND/patient09805/study1_positive/image3.png,True,13660,13660,5,17.783392,0.0148148148148148,central,central,MURA_TT_0835
MURA-v1.1/train/XR_HAND/patient03060/study1_positive/image3.png,XR_HAND,patient03060,study1_positive,1,image3.png,train,/content/drive/MyDrive/MURA-v1.1/train/XR_HAND/patient03060/study1_positive/image3.png,train/XR_HAND/patient03060/study1_positive,1,abnormal,/content/MURA_abnormal_train/XR_HAND/patient03060/study1_positive/image3.png,True,14260,14260,2,28.289314,0.6466876971608833,intermediate,intermediate,MURA_TT_0836
MURA-v1.1/train/XR_ELBOW/patient04955/study1_positive/image1.png,XR_ELBOW,patient04955,study1_positive,1,image1.png,train,/content/drive/MyDrive/MURA-v1.1/train/XR_ELBOW/patient04955/study1_positive/image1.png,train/XR_ELBOW/patient04955/study1_positive,1,abnormal,/content/MURA_abnormal_train/XR_ELBOW/patient04955/study1_positive/image1.png,True,6935,6935,2,24.42623,0.4636678200692041,central,central,MURA_TT_0837
MURA-v1.1/train/XR_SHOULDER/patient00756/study1_positive/image1.png,XR_SHOULDER,patient00756,study1_positive,1,image1.png,train,/content/drive/MyDrive/MURA-v1.1/train/XR_SHOULDER/patient00756/study1_positive/image1.png,train/XR_SHOULDER/patient00756/study1_positive,1,abnormal,/content/MURA_abnormal_train/XR_SHOULDER/patient00756/study1_positive/image1.png,True,2305,2305,0,18.84449,0.0687679083094555,central,central,MURA_TT_0838
MURA-v1.1/train/XR_FINGER/patient03686/study1_positive/image2.png,XR_FINGER,patient03686,study1_positive,1,image2.png,train,/content/drive/MyDrive/MURA-v1.1/train/XR_FINGER/patient03686/study1_positive/image2.png,train/XR_FINGER/patient03686/study1_positive,1,abnormal,/content/MURA_abnormal_train/XR_FINGER/patient03686/study1_positive/image2.png,True,6328,6328,1,25.115395,0.36,central,central,MURA_TT_0839
MURA-v1.1/train/XR_HUMERUS/patient01344/study1_positive/image1.png,XR_HUMERUS,patient01344,study1_positive,1,image1.png,train,/content/drive/MyDrive/MURA-v1.1/train/XR_HUMERUS/patient01344/study1_positive/image1.png,train/XR_HUMERUS/patient01344/study1_positive,1,abnormal,/content/MURA_abnormal_train/XR_HUMERUS/patient01344/study1_positive/image1.png,True,4595,4595,2,29.6959,0.8215962441314554,peripheral,peripheral,MURA_TT_0840
MURA-v1.1/train/XR_HAND/patient09806/study2_positive/image2.png,XR_HAND,patient09806,study2_positive,1,image2.png,train,/content/drive/MyDrive/MURA-v1.1/train/XR_HAND/patient09806/study2_positive/image2.png,train/XR_HAND/patient09806/study2_positive,1,abnormal,/content/MURA_abnormal_train/XR_HAND/patient09806/study2_positive/image2.png,True,13664,13664,2,23.872519,0.2744479495268139,central,central,MURA_TT_0841
MURA-v1.1/train/XR_HAND/patient09937/study1_positive/image3.png,XR_HAND,patient09937,study1_positive,1,image3.png,train,/content/drive/MyDrive/MURA-v1.1/train/XR_HAND/patient09937/study1_positive/image3.png,train/XR_HAND/patient09937/study1_positive,1,abnormal,/content/MURA_abnormal_train/XR_HAND/patient09937/study1_positive/image3.png,True,14165,14165,5,21.949818,0.4481481481481481,central,central,MURA_TT_0842
MURA-v1.1/train/XR_WRIST/patient06585/study1_positive/image1.png,XR_WRIST,patient06585,study1_positive,1,image1.png,train,/content/drive/MyDrive/MURA-v1.1/train/XR_WRIST/patient06585/study1_positive/image1.png,train/XR_WRIST/patient06585/study1_positive,1,abnormal,/content/MURA_abnormal_train/XR_WRIST/patient06585/study1_positive/image1.png,True,9539,9539,6,27.483633,0.2756756756756757,central,central,MURA_TT_0843
MURA-v1.1/train/XR_HAND/patient10102/study1_positive/image2.png,XR_HAND,patient10102,study1_positive,1,image2.png,train,/content/drive/MyDrive/MURA-v1.1/train/XR_HAND/patient10102/study1_positive/image2.png,train/XR_HAND/patient10102/study1_positive,1,abnormal,/content/MURA_abnormal_train/XR_HAND/patient10102/study1_positive/image2.png,True,14747,14747,2,33.213463,0.8706624605678234,peripheral,peripheral,MURA_TT_0844
MURA-v1.1/train/XR_HAND/patient09918/study1_positive/image3.png,XR_HAND,patient09918,study1_positive,1,image3.png,train,/content/drive/MyDrive/MURA-v1.1/train/XR_HAND/patient09918/study1_positive/image3.png,train/XR_HAND/patient09918/study1_positive,1,abnormal,/content/MURA_abnormal_train/XR_HAND/patient09918/study1_positive/image3.png,True,14105,14105,4,28.31743,0.7593220338983051,intermediate,intermediate,MURA_TT_0845
MURA-v1.1/train/XR_FOREARM/patient09217/study1_positive/image1.png,XR_FOREARM,patient09217,study1_positive,1,image1.png,train,/content/drive/MyDrive/MURA-v1.1/train/XR_FOREARM/patient09217/study1_positive/image1.png,train/XR_FOREARM/patient09217/study1_positive,1,abnormal,/content/MURA_abnormal_train/XR_FOREARM/patient09217/study1_positive/image1.png,True,13149,13149,3,30.251589,0.8008849557522124,peripheral,peripheral,MURA_TT_0846
MURA-v1.1/train/XR_ELBOW/patient05108/study1_positive/image3.png,XR_ELBOW,patient05108,study1_positive,1,image3.png,train,/content/drive/MyDrive/MURA-v1.1/train/XR_ELBOW/patient05108/study1_positive/image3.png,train/XR_ELBOW/patient05108/study1_positive,1,abnormal,/content/MURA_abnormal_train/XR_ELBOW/patient05108/study1_positive/image3.png,True,7479,7479,4,32.68871,0.6968085106382979,intermediate,intermediate,MURA_TT_0847
MURA-v1.1/train/XR_WRIST/patient06890/study1_positive/image2.png,XR_WRIST,patient06890,study1_positive,1,image2.png,train,/content/drive/MyDrive/MURA-v1.1/train/XR_WRIST/patient06890/study1_positive/image2.png,train/XR_WRIST/patient06890/study1_positive,1,abnormal,/content/MURA_abnormal_train/XR_WRIST/patient06890/study1_positive/image2.png,True,10682,10682,4,28.037155,0.5706051873198847,intermediate,intermediate,MURA_TT_0848
MURA-v1.1/train/XR_SHOULDER/patient00708/study1_positive/image3.png,XR_SHOULDER,patient00708,study1_positive,1,image3.png,train,/content/drive/MyDrive/MURA-v1.1/train/XR_SHOULDER/patient00708/study1_positive/image3.png,train/XR_SHOULDER/patient00708/study1_positive,1,abnormal,/content/MURA_abnormal_train/XR_SHOULDER/patient00708/study1_positive/image3.png,True,2141,2141,1,31.680609,0.5044776119402985,intermediate,intermediate,MURA_TT_0849
MURA-v1.1/train/XR_ELBOW/patient05413/study1_positive/image2.png,XR_ELBOW,patient05413,study1_positive,1,image2.png,train,/content/drive/MyDrive/MURA-v1.1/train/XR_ELBOW/patient05413/study1_positive/image2.png,train/XR_ELBOW/patient05413/study1_positive,1,abnormal,/content/MURA_abnormal_train/XR_ELBOW/patient05413/study1_positive/image2.png,True,8591,8591,2,29.160635,0.8096885813148789,peripheral,peripheral,MURA_TT_0850
MURA-v1.1/train/XR_HUMERUS/patient02768/study1_positive/image2.png,XR_HUMERUS,patient02768,study1_positive,1,image2.png,train,/content/drive/MyDrive/MURA-v1.1/train/XR_HUMERUS/patient02768/study1_positive/image2.png,train/XR_HUMERUS/patient02768/study1_positive,1,abnormal,/content/MURA_abnormal_train/XR_HUMERUS/patient02768/study1_positive/image2.png,True,4351,4351,2,23.03085,0.2910798122065727,central,central,MURA_TT_0851
MURA-v1.1/train/XR_HUMERUS/patient02839/study1_positive/image2.png,XR_HUMERUS,patient02839,study1_positive,1,image2.png,train,/content/drive/MyDrive/MURA-v1.1/train/XR_HUMERUS/patient02839/study1_positive/image2.png,train/XR_HUMERUS/patient02839/study1_positive,1,abnormal,/content/MURA_abnormal_train/XR_HUMERUS/patient02839/study1_positive/image2.png,True,4521,4521,0,30.037863,0.3430656934306569,central,central,MURA_TT_0852
MURA-v1.1/train/XR_HAND/patient07140/study1_positive/image3.png,XR_HAND,patient07140,study1_positive,1,image3.png,train,/content/drive/MyDrive/MURA-v1.1/train/XR_HAND/patient07140/study1_positive/image3.png,train/XR_HAND/patient07140/study1_positive,1,abnormal,/content/MURA_abnormal_train/XR_HAND/patient07140/study1_positive/image3.png,True,13563,13563,2,20.916468,0.0630914826498422,central,central,MURA_TT_0853
MURA-v1.1/train/XR_FOREARM/patient09263/study1_positive/image2.png,XR_FOREARM,patient09263,study1_positive,1,image2.png,train,/content/drive/MyDrive/MURA-v1.1/train/XR_FOREARM/patient09263/study1_positive/image2.png,train/XR_FOREARM/patient09263/study1_positive,1,abnormal,/content/MURA_abnormal_train/XR_FOREARM/patient09263/study1_positive/image2.png,True,13275,13275,2,26.184908,0.6904761904761905,intermediate,intermediate,MURA_TT_0854
MURA-v1.1/train/XR_FINGER/patient03297/study1_positive/image3.png,XR_FINGER,patient03297,study1_positive,1,image3.png,train,/content/drive/MyDrive/MURA-v1.1/train/XR_FINGER/patient03297/study1_positive/image3.png,train/XR_FINGER/patient03297/study1_positive,1,abnormal,/content/MURA_abnormal_train/XR_FINGER/patient03297/study1_positive/image3.png,True,5027,5027,5,20.694147,0.0903790087463556,central,central,MURA_TT_0855
MURA-v1.1/train/XR_SHOULDER/patient00588/study1_positive/image3.png,XR_SHOULDER,patient00588,study1_positive,1,image3.png,train,/content/drive/MyDrive/MURA-v1.1/train/XR_SHOULDER/patient00588/study1_positive/image3.png,train/XR_SHOULDER/patient00588/study1_positive,1,abnormal,/content/MURA_abnormal_train/XR_SHOULDER/patient00588/study1_positive/image3.png,True,1782,1782,3,33.355225,0.867704280155642,peripheral,peripheral,MURA_TT_0856
MURA-v1.1/train/XR_WRIST/patient06915/study1_positive/image4.png,XR_WRIST,patient06915,study1_positive,1,image4.png,train,/content/drive/MyDrive/MURA-v1.1/train/XR_WRIST/patient06915/study1_positive/image4.png,train/XR_WRIST/patient06915/study1_positive,1,abnormal,/content/MURA_abnormal_train/XR_WRIST/patient06915/study1_positive/image4.png,True,10777,10777,3,30.769339,0.8065134099616859,peripheral,peripheral,MURA_TT_0857
MURA-v1.1/train/XR_FOREARM/patient09276/study1_positive/image2.png,XR_FOREARM,patient09276,study1_positive,1,image2.png,train,/content/drive/MyDrive/MURA-v1.1/train/XR_FOREARM/patient09276/study1_positive/image2.png,train/XR_FOREARM/patient09276/study1_positive,1,abnormal,/content/MURA_abnormal_train/XR_FOREARM/patient09276/study1_positive/image2.png,True,13316,13316,1,26.34667,0.2682926829268293,central,central,MURA_TT_0858
MURA-v1.1/train/XR_ELBOW/patient05362/study1_positive/image3.png,XR_ELBOW,patient05362,study1_positive,1,image3.png,train,/content/drive/MyDrive/MURA-v1.1/train/XR_ELBOW/patient05362/study1_positive/image3.png,train/XR_ELBOW/patient05362/study1_positive,1,abnormal,/content/MURA_abnormal_train/XR_ELBOW/patient05362/study1_positive/image3.png,True,8410,8410,4,29.500422,0.3643617021276595,central,central,MURA_TT_0859
MURA-v1.1/train/XR_WRIST/patient06773/study1_positive/image1.png,XR_WRIST,patient06773,study1_positive,1,image1.png,train,/content/drive/MyDrive/MURA-v1.1/train/XR_WRIST/patient06773/study1_positive/image1.png,train/XR_WRIST/patient06773/study1_positive,1,abnormal,/content/MURA_abnormal_train/XR_WRIST/patient06773/study1_positive/image1.png,True,10245,10245,4,34.724953,0.8760806916426513,peripheral,peripheral,MURA_TT_0860
MURA-v1.1/train/XR_HAND/patient09878/study1_positive/image3.png,XR_HAND,patient09878,study1_positive,1,image3.png,train,/content/drive/MyDrive/MURA-v1.1/train/XR_HAND/patient09878/study1_positive/image3.png,train/XR_HAND/patient09878/study1_positive,1,abnormal,/content/MURA_abnormal_train/XR_HAND/patient09878/study1_positive/image3.png,True,13949,13949,2,38.8339,0.9337539432176656,peripheral,peripheral,MURA_TT_0861
MURA-v1.1/train/XR_FINGER/patient03561/study1_positive/image1.png,XR_FINGER,patient03561,study1_positive,1,image1.png,train,/content/drive/MyDrive/MURA-v1.1/train/XR_FINGER/patient03561/study1_positive/image1.png,train/XR_FINGER/patient03561/study1_positive,1,abnormal,/content/MURA_abnormal_train/XR_FINGER/patient03561/study1_positive/image1.png,True,5906,5906,2,31.284206,0.8495821727019499,peripheral,peripheral,MURA_TT_0862
MURA-v1.1/train/XR_ELBOW/patient05289/study1_positive/image3.png,XR_ELBOW,patient05289,study1_positive,1,image3.png,train,/content/drive/MyDrive/MURA-v1.1/train/XR_ELBOW/patient05289/study1_positive/image3.png,train/XR_ELBOW/patient05289/study1_positive,1,abnormal,/content/MURA_abnormal_train/XR_ELBOW/patient05289/study1_positive/image3.png,True,8154,8154,1,20.904581,0.3618677042801556,central,central,MURA_TT_0863
MURA-v1.1/train/XR_HUMERUS/patient02729/study1_positive/image2.png,XR_HUMERUS,patient02729,study1_positive,1,image2.png,train,/content/drive/MyDrive/MURA-v1.1/train/XR_HUMERUS/patient02729/study1_positive/image2.png,train/XR_HUMERUS/patient02729/study1_positive,1,abnormal,/content/MURA_abnormal_train/XR_HUMERUS/patient02729/study1_positive/image2.png,True,4257,4257,0,27.631739,0.1897810218978102,central,central,MURA_TT_0864
MURA-v1.1/train/XR_SHOULDER/patient00318/study1_positive/image3.png,XR_SHOULDER,patient00318,study1_positive,1,image3.png,train,/content/drive/MyDrive/MURA-v1.1/train/XR_SHOULDER/patient00318/study1_positive/image3.png,train/XR_SHOULDER/patient00318/study1_positive,1,abnormal,/content/MURA_abnormal_train/XR_SHOULDER/patient00318/study1_positive/image3.png,True,982,982,5,19.829212,0.0824644549763033,central,central,MURA_TT_0865
MURA-v1.1/train/XR_ELBOW/patient04975/study1_positive/image1.png,XR_ELBOW,patient04975,study1_positive,1,image1.png,train,/content/drive/MyDrive/MURA-v1.1/train/XR_ELBOW/patient04975/study1_positive/image1.png,train/XR_ELBOW/patient04975/study1_positive,1,abnormal,/content/MURA_abnormal_train/XR_ELBOW/patient04975/study1_positive/image1.png,True,6998,6998,2,27.323278,0.726643598615917,intermediate,intermediate,MURA_TT_0866
MURA-v1.1/train/XR_FINGER/patient03697/study1_positive/image3.png,XR_FINGER,patient03697,study1_positive,1,image3.png,train,/content/drive/MyDrive/MURA-v1.1/train/XR_FINGER/patient03697/study1_positive/image3.png,train/XR_FINGER/patient03697/study1_positive,1,abnormal,/content/MURA_abnormal_train/XR_FINGER/patient03697/study1_positive/image3.png,True,6362,6362,3,22.861351,0.2862190812720848,central,central,MURA_TT_0867
MURA-v1.1/train/XR_WRIST/patient01497/study1_positive/image3.png,XR_WRIST,patient01497,study1_positive,1,image3.png,train,/content/drive/MyDrive/MURA-v1.1/train/XR_WRIST/patient01497/study1_positive/image3.png,train/XR_WRIST/patient01497/study1_positive,1,abnormal,/content/MURA_abnormal_train/XR_WRIST/patient01497/study1_positive/image3.png,True,9310,9310,5,21.867413,0.2611570247933884,central,central,MURA_TT_0868
MURA-v1.1/train/XR_FINGER/patient03377/study1_positive/image1.png,XR_FINGER,patient03377,study1_positive,1,image1.png,train,/content/drive/MyDrive/MURA-v1.1/train/XR_FINGER/patient03377/study1_positive/image1.png,train/XR_FINGER/patient03377/study1_positive,1,abnormal,/content/MURA_abnormal_train/XR_FINGER/patient03377/study1_positive/image1.png,True,5286,5286,4,22.96221,0.3681462140992167,central,central,MURA_TT_0869
MURA-v1.1/train/XR_WRIST/patient06535/study1_positive/image1.png,XR_WRIST,patient06535,study1_positive,1,image1.png,train,/content/drive/MyDrive/MURA-v1.1/train/XR_WRIST/patient06535/study1_positive/image1.png,train/XR_WRIST/patient06535/study1_positive,1,abnormal,/content/MURA_abnormal_train/XR_WRIST/patient06535/study1_positive/image1.png,True,9361,9361,6,26.318602,0.1648648648648648,central,central,MURA_TT_0870
MURA-v1.1/train/XR_FOREARM/patient09294/study1_positive/image1.png,XR_FOREARM,patient09294,study1_positive,1,image1.png,train,/content/drive/MyDrive/MURA-v1.1/train/XR_FOREARM/patient09294/study1_positive/image1.png,train/XR_FOREARM/patient09294/study1_positive,1,abnormal,/content/MURA_abnormal_train/XR_FOREARM/patient09294/study1_positive/image1.png,True,13371,13371,3,24.31548,0.3893805309734513,central,central,MURA_TT_0871
MURA-v1.1/train/XR_SHOULDER/patient00170/study1_positive/image1.png,XR_SHOULDER,patient00170,study1_positive,1,image1.png,train,/content/drive/MyDrive/MURA-v1.1/train/XR_SHOULDER/patient00170/study1_positive/image1.png,train/XR_SHOULDER/patient00170/study1_positive,1,abnormal,/content/MURA_abnormal_train/XR_SHOULDER/patient00170/study1_positive/image1.png,True,512,512,3,29.344385,0.6511024643320363,intermediate,intermediate,MURA_TT_0872
MURA-v1.1/train/XR_WRIST/patient06431/study1_positive/image3.png,XR_WRIST,patient06431,study1_positive,1,image3.png,train,/content/drive/MyDrive/MURA-v1.1/train/XR_WRIST/patient06431/study1_positive/image3.png,train/XR_WRIST/patient06431/study1_positive,1,abnormal,/content/MURA_abnormal_train/XR_WRIST/patient06431/study1_positive/image3.png,True,9013,9013,6,24.65528,0.0864864864864864,central,central,MURA_TT_0873
MURA-v1.1/train/XR_SHOULDER/patient01377/study1_positive/image2.png,XR_SHOULDER,patient01377,study1_positive,1,image2.png,train,/content/drive/MyDrive/MURA-v1.1/train/XR_SHOULDER/patient01377/study1_positive/image2.png,train/XR_SHOULDER/patient01377/study1_positive,1,abnormal,/content/MURA_abnormal_train/XR_SHOULDER/patient01377/study1_positive/image2.png,True,4062,4062,2,26.357788,0.4297820823244552,central,central,MURA_TT_0874
MURA-v1.1/train/XR_FINGER/patient03325/study1_positive/image2.png,XR_FINGER,patient03325,study1_positive,1,image2.png,train,/content/drive/MyDrive/MURA-v1.1/train/XR_FINGER/patient03325/study1_positive/image2.png,train/XR_FINGER/patient03325/study1_positive,1,abnormal,/content/MURA_abnormal_train/XR_FINGER/patient03325/study1_positive/image2.png,True,5123,5123,3,32.25529,0.8763250883392226,peripheral,peripheral,MURA_TT_0875
MURA-v1.1/train/XR_FOREARM/patient09254/study1_positive/image1.png,XR_FOREARM,patient09254,study1_positive,1,image1.png,train,/content/drive/MyDrive/MURA-v1.1/train/XR_FOREARM/patient09254/study1_positive/image1.png,train/XR_FOREARM/patient09254/study1_positive,1,abnormal,/content/MURA_abnormal_train/XR_FOREARM/patient09254/study1_positive/image1.png,True,13253,13253,0,20.501938,0.036036036036036,central,central,MURA_TT_0876
MURA-v1.1/train/XR_ELBOW/patient05277/study1_positive/image1.png,XR_ELBOW,patient05277,study1_positive,1,image1.png,train,/content/drive/MyDrive/MURA-v1.1/train/XR_ELBOW/patient05277/study1_positive/image1.png,train/XR_ELBOW/patient05277/study1_positive,1,abnormal,/content/MURA_abnormal_train/XR_ELBOW/patient05277/study1_positive/image1.png,True,8108,8108,3,41.550953,0.8888888888888888,peripheral,peripheral,MURA_TT_0877
MURA-v1.1/train/XR_FINGER/patient03547/study1_positive/image2.png,XR_FINGER,patient03547,study1_positive,1,image2.png,train,/content/drive/MyDrive/MURA-v1.1/train/XR_FINGER/patient03547/study1_positive/image2.png,train/XR_FINGER/patient03547/study1_positive,1,abnormal,/content/MURA_abnormal_train/XR_FINGER/patient03547/study1_positive/image2.png,True,5856,5856,2,24.644888,0.4623955431754875,central,central,MURA_TT_0878
MURA-v1.1/train/XR_FOREARM/patient09084/study1_positive/image1.png,XR_FOREARM,patient09084,study1_positive,1,image1.png,train,/content/drive/MyDrive/MURA-v1.1/train/XR_FOREARM/patient09084/study1_positive/image1.png,train/XR_FOREARM/patient09084/study1_positive,1,abnormal,/content/MURA_abnormal_train/XR_FOREARM/patient09084/study1_positive/image1.png,True,12733,12733,0,32.231865,0.9009009009009008,peripheral,peripheral,MURA_TT_0879
MURA-v1.1/train/XR_SHOULDER/patient00075/study1_positive/image2.png,XR_SHOULDER,patient00075,study1_positive,1,image2.png,train,/content/drive/MyDrive/MURA-v1.1/train/XR_SHOULDER/patient00075/study1_positive/image2.png,train/XR_SHOULDER/patient00075/study1_positive,1,abnormal,/content/MURA_abnormal_train/XR_SHOULDER/patient00075/study1_positive/image2.png,True,221,221,4,34.846397,0.8902691511387164,peripheral,peripheral,MURA_TT_0880
MURA-v1.1/train/XR_WRIST/patient07193/study1_positive/image2.png,XR_WRIST,patient07193,study1_positive,1,image2.png,train,/content/drive/MyDrive/MURA-v1.1/train/XR_WRIST/patient07193/study1_positive/image2.png,train/XR_WRIST/patient07193/study1_positive,1,abnormal,/content/MURA_abnormal_train/XR_WRIST/patient07193/study1_positive/image2.png,True,11852,11852,3,24.730904,0.2471264367816092,central,central,MURA_TT_0881
MURA-v1.1/train/XR_SHOULDER/patient00256/study1_positive/image2.png,XR_SHOULDER,patient00256,study1_positive,1,image2.png,train,/content/drive/MyDrive/MURA-v1.1/train/XR_SHOULDER/patient00256/study1_positive/image2.png,train/XR_SHOULDER/patient00256/study1_positive,1,abnormal,/content/MURA_abnormal_train/XR_SHOULDER/patient00256/study1_positive/image2.png,True,771,771,2,25.07811,0.3135593220338983,central,central,MURA_TT_0882
MURA-v1.1/train/XR_WRIST/patient06694/study1_positive/image3.png,XR_WRIST,patient06694,study1_positive,1,image3.png,train,/content/drive/MyDrive/MURA-v1.1/train/XR_WRIST/patient06694/study1_positive/image3.png,train/XR_WRIST/patient06694/study1_positive,1,abnormal,/content/MURA_abnormal_train/XR_WRIST/patient06694/study1_positive/image3.png,True,9940,9940,1,33.267956,0.9165085388994308,peripheral,peripheral,MURA_TT_0883
MURA-v1.1/train/XR_HUMERUS/patient02835/study1_positive/image1.png,XR_HUMERUS,patient02835,study1_positive,1,image1.png,train,/content/drive/MyDrive/MURA-v1.1/train/XR_HUMERUS/patient02835/study1_positive/image1.png,train/XR_HUMERUS/patient02835/study1_positive,1,abnormal,/content/MURA_abnormal_train/XR_HUMERUS/patient02835/study1_positive/image1.png,True,4510,4510,0,42.92778,0.9416058394160584,peripheral,peripheral,MURA_TT_0884
MURA-v1.1/train/XR_HAND/patient10011/study1_positive/image3.png,XR_HAND,patient10011,study1_positive,1,image3.png,train,/content/drive/MyDrive/MURA-v1.1/train/XR_HAND/patient10011/study1_positive/image3.png,train/XR_HAND/patient10011/study1_positive,1,abnormal,/content/MURA_abnormal_train/XR_HAND/patient10011/study1_positive/image3.png,True,14443,14443,1,36.57695,0.8763250883392226,peripheral,peripheral,MURA_TT_0885
MURA-v1.1/train/XR_WRIST/patient06950/study1_positive/image2.png,XR_WRIST,patient06950,study1_positive,1,image2.png,train,/content/drive/MyDrive/MURA-v1.1/train/XR_WRIST/patient06950/study1_positive/image2.png,train/XR_WRIST/patient06950/study1_positive,1,abnormal,/content/MURA_abnormal_train/XR_WRIST/patient06950/study1_positive/image2.png,True,10909,10909,5,22.200623,0.2925619834710743,central,central,MURA_TT_0886
MURA-v1.1/train/XR_HUMERUS/patient02771/study1_positive/image1.png,XR_HUMERUS,patient02771,study1_positive,1,image1.png,train,/content/drive/MyDrive/MURA-v1.1/train/XR_HUMERUS/patient02771/study1_positive/image1.png,train/XR_HUMERUS/patient02771/study1_positive,1,abnormal,/content/MURA_abnormal_train/XR_HUMERUS/patient02771/study1_positive/image1.png,True,4356,4356,0,26.557808,0.1313868613138686,central,central,MURA_TT_0887
MURA-v1.1/train/XR_SHOULDER/patient00344/study1_positive/image2.png,XR_SHOULDER,patient00344,study1_positive,1,image2.png,train,/content/drive/MyDrive/MURA-v1.1/train/XR_SHOULDER/patient00344/study1_positive/image2.png,train/XR_SHOULDER/patient00344/study1_positive,1,abnormal,/content/MURA_abnormal_train/XR_SHOULDER/patient00344/study1_positive/image2.png,True,1061,1061,2,29.713598,0.7518159806295399,intermediate,intermediate,MURA_TT_0888
MURA-v1.1/train/XR_FOREARM/patient09202/study1_positive/image1.png,XR_FOREARM,patient09202,study1_positive,1,image1.png,train,/content/drive/MyDrive/MURA-v1.1/train/XR_FOREARM/patient09202/study1_positive/image1.png,train/XR_FOREARM/patient09202/study1_positive,1,abnormal,/content/MURA_abnormal_train/XR_FOREARM/patient09202/study1_positive/image1.png,True,13107,13107,3,21.591885,0.1194690265486725,central,central,MURA_TT_0889
MURA-v1.1/train/XR_ELBOW/patient05344/study1_positive/image2.png,XR_ELBOW,patient05344,study1_positive,1,image2.png,train,/content/drive/MyDrive/MURA-v1.1/train/XR_ELBOW/patient05344/study1_positive/image2.png,train/XR_ELBOW/patient05344/study1_positive,1,abnormal,/content/MURA_abnormal_train/XR_ELBOW/patient05344/study1_positive/image2.png,True,8355,8355,2,20.226313,0.0761245674740484,central,central,MURA_TT_0890
MURA-v1.1/train/XR_SHOULDER/patient00583/study1_positive/image1.png,XR_SHOULDER,patient00583,study1_positive,1,image1.png,train,/content/drive/MyDrive/MURA-v1.1/train/XR_SHOULDER/patient00583/study1_positive/image1.png,train/XR_SHOULDER/patient00583/study1_positive,1,abnormal,/content/MURA_abnormal_train/XR_SHOULDER/patient00583/study1_positive/image1.png,True,1770,1770,5,20.439056,0.1374407582938388,central,central,MURA_TT_0891
MURA-v1.1/train/XR_SHOULDER/patient00307/study1_positive/image1.png,XR_SHOULDER,patient00307,study1_positive,1,image1.png,train,/content/drive/MyDrive/MURA-v1.1/train/XR_SHOULDER/patient00307/study1_positive/image1.png,train/XR_SHOULDER/patient00307/study1_positive,1,abnormal,/content/MURA_abnormal_train/XR_SHOULDER/patient00307/study1_positive/image1.png,True,942,942,3,33.611446,0.8793774319066148,peripheral,peripheral,MURA_TT_0892
MURA-v1.1/train/XR_HAND/patient09917/study1_positive/image2.png,XR_HAND,patient09917,study1_positive,1,image2.png,train,/content/drive/MyDrive/MURA-v1.1/train/XR_HAND/patient09917/study1_positive/image2.png,train/XR_HAND/patient09917/study1_positive,1,abnormal,/content/MURA_abnormal_train/XR_HAND/patient09917/study1_positive/image2.png,True,14101,14101,2,32.640675,0.8580441640378549,peripheral,peripheral,MURA_TT_0893
MURA-v1.1/train/XR_FINGER/patient03269/study1_positive/image1.png,XR_FINGER,patient03269,study1_positive,1,image1.png,train,/content/drive/MyDrive/MURA-v1.1/train/XR_FINGER/patient03269/study1_positive/image1.png,train/XR_FINGER/patient03269/study1_positive,1,abnormal,/content/MURA_abnormal_train/XR_FINGER/patient03269/study1_positive/image1.png,True,4921,4921,3,23.80531,0.3992932862190813,central,central,MURA_TT_0894
MURA-v1.1/train/XR_FOREARM/patient09123/study1_positive/image2.png,XR_FOREARM,patient09123,study1_positive,1,image2.png,train,/content/drive/MyDrive/MURA-v1.1/train/XR_FOREARM/patient09123/study1_positive/image2.png,train/XR_FOREARM/patient09123/study1_positive,1,abnormal,/content/MURA_abnormal_train/XR_FOREARM/patient09123/study1_positive/image2.png,True,12842,12842,2,27.845947,0.7857142857142857,intermediate,intermediate,MURA_TT_0895
MURA-v1.1/train/XR_SHOULDER/patient00079/study1_positive/image2.png,XR_SHOULDER,patient00079,study1_positive,1,image2.png,train,/content/drive/MyDrive/MURA-v1.1/train/XR_SHOULDER/patient00079/study1_positive/image2.png,train/XR_SHOULDER/patient00079/study1_positive,1,abnormal,/content/MURA_abnormal_train/XR_SHOULDER/patient00079/study1_positive/image2.png,True,235,235,3,28.089834,0.5460440985732814,intermediate,intermediate,MURA_TT_0896
MURA-v1.1/train/XR_HAND/patient08413/study1_positive/image1.png,XR_HAND,patient08413,study1_positive,1,image1.png,train,/content/drive/MyDrive/MURA-v1.1/train/XR_HAND/patient08413/study1_positive/image1.png,train/XR_HAND/patient08413/study1_positive,1,abnormal,/content/MURA_abnormal_train/XR_HAND/patient08413/study1_positive/image1.png,True,14358,14358,1,27.609823,0.4134275618374558,central,central,MURA_TT_0897
MURA-v1.1/train/XR_SHOULDER/patient00672/study1_positive/image3.png,XR_SHOULDER,patient00672,study1_positive,1,image3.png,train,/content/drive/MyDrive/MURA-v1.1/train/XR_SHOULDER/patient00672/study1_positive/image3.png,train/XR_SHOULDER/patient00672/study1_positive,1,abnormal,/content/MURA_abnormal_train/XR_SHOULDER/patient00672/study1_positive/image3.png,True,2034,2034,3,27.18276,0.4383916990920882,central,central,MURA_TT_0898
MURA-v1.1/train/XR_FOREARM/patient01890/study1_positive/image1.png,XR_FOREARM,patient01890,study1_positive,1,image1.png,train,/content/drive/MyDrive/MURA-v1.1/train/XR_FOREARM/patient01890/study1_positive/image1.png,train/XR_FOREARM/patient01890/study1_positive,1,abnormal,/content/MURA_abnormal_train/XR_FOREARM/patient01890/study1_positive/image1.png,True,12955,12955,2,21.81079,0.2698412698412698,central,central,MURA_TT_0899
MURA-v1.1/train/XR_FINGER/patient02667/study1_positive/image1.png,XR_FINGER,patient02667,study1_positive,1,image1.png,train,/content/drive/MyDrive/MURA-v1.1/train/XR_FINGER/patient02667/study1_positive/image1.png,train/XR_FINGER/patient02667/study1_positive,1,abnormal,/content/MURA_abnormal_train/XR_FINGER/patient02667/study1_positive/image1.png,True,6433,6433,0,26.061295,0.2184615384615384,central,central,MURA_TT_0900
MURA-v1.1/train/XR_HAND/patient02679/study1_positive/image1.png,XR_HAND,patient02679,study1_positive,1,image1.png,train,/content/drive/MyDrive/MURA-v1.1/train/XR_HAND/patient02679/study1_positive/image1.png,train/XR_HAND/patient02679/study1_positive,1,abnormal,/content/MURA_abnormal_train/XR_HAND/patient02679/study1_positive/image1.png,True,13908,13908,4,26.370867,0.5830508474576271,intermediate,intermediate,MURA_TT_0901
MURA-v1.1/train/XR_SHOULDER/patient00285/study1_positive/image1.png,XR_SHOULDER,patient00285,study1_positive,1,image1.png,train,/content/drive/MyDrive/MURA-v1.1/train/XR_SHOULDER/patient00285/study1_positive/image1.png,train/XR_SHOULDER/patient00285/study1_positive,1,abnormal,/content/MURA_abnormal_train/XR_SHOULDER/patient00285/study1_positive/image1.png,True,853,853,1,46.199768,0.9074626865671642,peripheral,peripheral,MURA_TT_0902
MURA-v1.1/train/XR_WRIST/patient07190/study1_positive/image1.png,XR_WRIST,patient07190,study1_positive,1,image1.png,train,/content/drive/MyDrive/MURA-v1.1/train/XR_WRIST/patient07190/study1_positive/image1.png,train/XR_WRIST/patient07190/study1_positive,1,abnormal,/content/MURA_abnormal_train/XR_WRIST/patient07190/study1_positive/image1.png,True,11837,11837,7,35.52391,0.7862068965517242,intermediate,intermediate,MURA_TT_0903
MURA-v1.1/train/XR_ELBOW/patient02383/study1_positive/image4.png,XR_ELBOW,patient02383,study1_positive,1,image4.png,train,/content/drive/MyDrive/MURA-v1.1/train/XR_ELBOW/patient02383/study1_positive/image4.png,train/XR_ELBOW/patient02383/study1_positive,1,abnormal,/content/MURA_abnormal_train/XR_ELBOW/patient02383/study1_positive/image4.png,True,7833,7833,1,20.850513,0.3560311284046693,central,central,MURA_TT_0904
MURA-v1.1/train/XR_ELBOW/patient05118/study1_positive/image3.png,XR_ELBOW,patient05118,study1_positive,1,image3.png,train,/content/drive/MyDrive/MURA-v1.1/train/XR_ELBOW/patient05118/study1_positive/image3.png,train/XR_ELBOW/patient05118/study1_positive,1,abnormal,/content/MURA_abnormal_train/XR_ELBOW/patient05118/study1_positive/image3.png,True,7526,7526,0,25.57244,0.5306122448979592,intermediate,intermediate,MURA_TT_0905
MURA-v1.1/train/XR_WRIST/patient06707/study1_positive/image1.png,XR_WRIST,patient06707,study1_positive,1,image1.png,train,/content/drive/MyDrive/MURA-v1.1/train/XR_WRIST/patient06707/study1_positive/image1.png,train/XR_WRIST/patient06707/study1_positive,1,abnormal,/content/MURA_abnormal_train/XR_WRIST/patient06707/study1_positive/image1.png,True,9990,9990,5,21.690338,0.2462809917355372,central,central,MURA_TT_0906
MURA-v1.1/train/XR_WRIST/patient06928/study1_positive/image1.png,XR_WRIST,patient06928,study1_positive,1,image1.png,train,/content/drive/MyDrive/MURA-v1.1/train/XR_WRIST/patient06928/study1_positive/image1.png,train/XR_WRIST/patient06928/study1_positive,1,abnormal,/content/MURA_abnormal_train/XR_WRIST/patient06928/study1_positive/image1.png,True,10831,10831,8,22.405107,0.2740286298568507,central,central,MURA_TT_0907
MURA-v1.1/train/XR_ELBOW/patient05131/study1_positive/image3.png,XR_ELBOW,patient05131,study1_positive,1,image3.png,train,/content/drive/MyDrive/MURA-v1.1/train/XR_ELBOW/patient05131/study1_positive/image3.png,train/XR_ELBOW/patient05131/study1_positive,1,abnormal,/content/MURA_abnormal_train/XR_ELBOW/patient05131/study1_positive/image3.png,True,7570,7570,2,21.732231,0.1833910034602076,central,central,MURA_TT_0908
MURA-v1.1/train/XR_HUMERUS/patient02840/study1_positive/image1.png,XR_HUMERUS,patient02840,study1_positive,1,image1.png,train,/content/drive/MyDrive/MURA-v1.1/train/XR_HUMERUS/patient02840/study1_positive/image1.png,train/XR_HUMERUS/patient02840/study1_positive,1,abnormal,/content/MURA_abnormal_train/XR_HUMERUS/patient02840/study1_positive/image1.png,True,4523,4523,0,24.410881,0.0218978102189781,central,central,MURA_TT_0909
MURA-v1.1/train/XR_HUMERUS/patient02747/study1_positive/image3.png,XR_HUMERUS,patient02747,study1_positive,1,image3.png,train,/content/drive/MyDrive/MURA-v1.1/train/XR_HUMERUS/patient02747/study1_positive/image3.png,train/XR_HUMERUS/patient02747/study1_positive,1,abnormal,/content/MURA_abnormal_train/XR_HUMERUS/patient02747/study1_positive/image3.png,True,4299,4299,3,32.583076,0.8602620087336245,peripheral,peripheral,MURA_TT_0910
MURA-v1.1/train/XR_HUMERUS/patient02803/study1_positive/image1.png,XR_HUMERUS,patient02803,study1_positive,1,image1.png,train,/content/drive/MyDrive/MURA-v1.1/train/XR_HUMERUS/patient02803/study1_positive/image1.png,train/XR_HUMERUS/patient02803/study1_positive,1,abnormal,/content/MURA_abnormal_train/XR_HUMERUS/patient02803/study1_positive/image1.png,True,4435,4435,2,33.01728,0.9248826291079812,peripheral,peripheral,MURA_TT_0911
MURA-v1.1/train/XR_WRIST/patient06483/study1_positive/image2.png,XR_WRIST,patient06483,study1_positive,1,image2.png,train,/content/drive/MyDrive/MURA-v1.1/train/XR_WRIST/patient06483/study1_positive/image2.png,train/XR_WRIST/patient06483/study1_positive,1,abnormal,/content/MURA_abnormal_train/XR_WRIST/patient06483/study1_positive/image2.png,True,9187,9187,6,26.049076,0.154054054054054,central,central,MURA_TT_0912
MURA-v1.1/train/XR_SHOULDER/patient00625/study1_positive/image3.png,XR_SHOULDER,patient00625,study1_positive,1,image3.png,train,/content/drive/MyDrive/MURA-v1.1/train/XR_SHOULDER/patient00625/study1_positive/image3.png,train/XR_SHOULDER/patient00625/study1_positive,1,abnormal,/content/MURA_abnormal_train/XR_SHOULDER/patient00625/study1_positive/image3.png,True,1890,1890,2,30.385595,0.8062953995157385,peripheral,peripheral,MURA_TT_0913
MURA-v1.1/train/XR_SHOULDER/patient00185/study1_positive/image1.png,XR_SHOULDER,patient00185,study1_positive,1,image1.png,train,/content/drive/MyDrive/MURA-v1.1/train/XR_SHOULDER/patient00185/study1_positive/image1.png,train/XR_SHOULDER/patient00185/study1_positive,1,abnormal,/content/MURA_abnormal_train/XR_SHOULDER/patient00185/study1_positive/image1.png,True,554,554,5,23.334593,0.414218009478673,central,central,MURA_TT_0914
MURA-v1.1/train/XR_ELBOW/patient05096/study1_positive/image3.png,XR_ELBOW,patient05096,study1_positive,1,image3.png,train,/content/drive/MyDrive/MURA-v1.1/train/XR_ELBOW/patient05096/study1_positive/image3.png,train/XR_ELBOW/patient05096/study1_positive,1,abnormal,/content/MURA_abnormal_train/XR_ELBOW/patient05096/study1_positive/image3.png,True,7426,7426,2,29.130262,0.8062283737024222,peripheral,peripheral,MURA_TT_0915
MURA-v1.1/train/XR_FOREARM/patient09185/study1_positive/image1.png,XR_FOREARM,patient09185,study1_positive,1,image1.png,train,/content/drive/MyDrive/MURA-v1.1/train/XR_FOREARM/patient09185/study1_positive/image1.png,train/XR_FOREARM/patient09185/study1_positive,1,abnormal,/content/MURA_abnormal_train/XR_FOREARM/patient09185/study1_positive/image1.png,True,13049,13049,5,25.84809,0.5,central,central,MURA_TT_0916
MURA-v1.1/train/XR_FINGER/patient03264/study1_positive/image2.png,XR_FINGER,patient03264,study1_positive,1,image2.png,train,/content/drive/MyDrive/MURA-v1.1/train/XR_FINGER/patient03264/study1_positive/image2.png,train/XR_FINGER/patient03264/study1_positive,1,abnormal,/content/MURA_abnormal_train/XR_FINGER/patient03264/study1_positive/image2.png,True,4908,4908,0,29.091614,0.4953846153846153,central,central,MURA_TT_0917
MURA-v1.1/train/XR_SHOULDER/patient01361/study1_positive/image2.png,XR_SHOULDER,patient01361,study1_positive,1,image2.png,train,/content/drive/MyDrive/MURA-v1.1/train/XR_SHOULDER/patient01361/study1_positive/image2.png,train/XR_SHOULDER/patient01361/study1_positive,1,abnormal,/content/MURA_abnormal_train/XR_SHOULDER/patient01361/study1_positive/image2.png,True,4014,4014,0,21.226107,0.2650429799426934,central,central,MURA_TT_0918
MURA-v1.1/train/XR_SHOULDER/patient01288/study1_positive/image1.png,XR_SHOULDER,patient01288,study1_positive,1,image1.png,train,/content/drive/MyDrive/MURA-v1.1/train/XR_SHOULDER/patient01288/study1_positive/image1.png,train/XR_SHOULDER/patient01288/study1_positive,1,abnormal,/content/MURA_abnormal_train/XR_SHOULDER/patient01288/study1_positive/image1.png,True,3801,3801,5,29.525785,0.9090047393364928,peripheral,peripheral,MURA_TT_0919
MURA-v1.1/train/XR_WRIST/patient06544/study1_positive/image3.png,XR_WRIST,patient06544,study1_positive,1,image3.png,train,/content/drive/MyDrive/MURA-v1.1/train/XR_WRIST/patient06544/study1_positive/image3.png,train/XR_WRIST/patient06544/study1_positive,1,abnormal,/content/MURA_abnormal_train/XR_WRIST/patient06544/study1_positive/image3.png,True,9392,9392,7,26.829977,0.1586206896551724,central,central,MURA_TT_0920
MURA-v1.1/train/XR_WRIST/patient07307/study1_positive/image1.png,XR_WRIST,patient07307,study1_positive,1,image1.png,train,/content/drive/MyDrive/MURA-v1.1/train/XR_WRIST/patient07307/study1_positive/image1.png,train/XR_WRIST/patient07307/study1_positive,1,abnormal,/content/MURA_abnormal_train/XR_WRIST/patient07307/study1_positive/image1.png,True,12287,12287,1,27.253202,0.6963946869070209,intermediate,intermediate,MURA_TT_0921
MURA-v1.1/train/XR_SHOULDER/patient01194/study1_positive/image3.png,XR_SHOULDER,patient01194,study1_positive,1,image3.png,train,/content/drive/MyDrive/MURA-v1.1/train/XR_SHOULDER/patient01194/study1_positive/image3.png,train/XR_SHOULDER/patient01194/study1_positive,1,abnormal,/content/MURA_abnormal_train/XR_SHOULDER/patient01194/study1_positive/image3.png,True,3549,3549,3,24.324656,0.1634241245136186,central,central,MURA_TT_0922
MURA-v1.1/train/XR_HAND/patient09905/study1_positive/image1.png,XR_HAND,patient09905,study1_positive,1,image1.png,train,/content/drive/MyDrive/MURA-v1.1/train/XR_HAND/patient09905/study1_positive/image1.png,train/XR_HAND/patient09905/study1_positive,1,abnormal,/content/MURA_abnormal_train/XR_HAND/patient09905/study1_positive/image1.png,True,14061,14061,1,26.860762,0.3462897526501767,central,central,MURA_TT_0923
MURA-v1.1/train/XR_HAND/patient09983/study1_positive/image2.png,XR_HAND,patient09983,study1_positive,1,image2.png,train,/content/drive/MyDrive/MURA-v1.1/train/XR_HAND/patient09983/study1_positive/image2.png,train/XR_HAND/patient09983/study1_positive,1,abnormal,/content/MURA_abnormal_train/XR_HAND/patient09983/study1_positive/image2.png,True,14323,14323,2,22.983545,0.2018927444794952,central,central,MURA_TT_0924
MURA-v1.1/train/XR_FINGER/patient01034/study1_positive/image1.png,XR_FINGER,patient01034,study1_positive,1,image1.png,train,/content/drive/MyDrive/MURA-v1.1/train/XR_FINGER/patient01034/study1_positive/image1.png,train/XR_FINGER/patient01034/study1_positive,1,abnormal,/content/MURA_abnormal_train/XR_FINGER/patient01034/study1_positive/image1.png,True,4792,4792,1,28.110865,0.68,intermediate,intermediate,MURA_TT_0925
MURA-v1.1/train/XR_WRIST/patient02127/study1_positive/image1.png,XR_WRIST,patient02127,study1_positive,1,image1.png,train,/content/drive/MyDrive/MURA-v1.1/train/XR_WRIST/patient02127/study1_positive/image1.png,train/XR_WRIST/patient02127/study1_positive,1,abnormal,/content/MURA_abnormal_train/XR_WRIST/patient02127/study1_positive/image1.png,True,11938,11938,8,24.128572,0.4734151329243354,central,central,MURA_TT_0926
MURA-v1.1/train/XR_FOREARM/patient05783/study1_positive/image2.png,XR_FOREARM,patient05783,study1_positive,1,image2.png,train,/content/drive/MyDrive/MURA-v1.1/train/XR_FOREARM/patient05783/study1_positive/image2.png,train/XR_FOREARM/patient05783/study1_positive,1,abnormal,/content/MURA_abnormal_train/XR_FOREARM/patient05783/study1_positive/image2.png,True,13351,13351,0,24.664194,0.4054054054054054,central,central,MURA_TT_0927
MURA-v1.1/train/XR_HAND/patient10080/study1_positive/image1.png,XR_HAND,patient10080,study1_positive,1,image1.png,train,/content/drive/MyDrive/MURA-v1.1/train/XR_HAND/patient10080/study1_positive/image1.png,train/XR_HAND/patient10080/study1_positive,1,abnormal,/content/MURA_abnormal_train/XR_HAND/patient10080/study1_positive/image1.png,True,14665,14665,4,24.028772,0.2847457627118644,central,central,MURA_TT_0928
MURA-v1.1/train/XR_HAND/patient05006/study1_positive/image1.png,XR_HAND,patient05006,study1_positive,1,image1.png,train,/content/drive/MyDrive/MURA-v1.1/train/XR_HAND/patient05006/study1_positive/image1.png,train/XR_HAND/patient05006/study1_positive,1,abnormal,/content/MURA_abnormal_train/XR_HAND/patient05006/study1_positive/image1.png,True,13991,13991,5,29.433521,0.9444444444444444,peripheral,peripheral,MURA_TT_0929
MURA-v1.1/train/XR_WRIST/patient07382/study1_positive/image2.png,XR_WRIST,patient07382,study1_positive,1,image2.png,train,/content/drive/MyDrive/MURA-v1.1/train/XR_WRIST/patient07382/study1_positive/image2.png,train/XR_WRIST/patient07382/study1_positive,1,abnormal,/content/MURA_abnormal_train/XR_WRIST/patient07382/study1_positive/image2.png,True,12541,12541,8,21.578997,0.1912065439672801,central,central,MURA_TT_0930
MURA-v1.1/train/XR_SHOULDER/patient00142/study1_positive/image2.png,XR_SHOULDER,patient00142,study1_positive,1,image2.png,train,/content/drive/MyDrive/MURA-v1.1/train/XR_SHOULDER/patient00142/study1_positive/image2.png,train/XR_SHOULDER/patient00142/study1_positive,1,abnormal,/content/MURA_abnormal_train/XR_SHOULDER/patient00142/study1_positive/image2.png,True,430,430,4,32.077488,0.7142857142857143,intermediate,intermediate,MURA_TT_0931
MURA-v1.1/train/XR_WRIST/patient07119/study1_positive/image1.png,XR_WRIST,patient07119,study1_positive,1,image1.png,train,/content/drive/MyDrive/MURA-v1.1/train/XR_WRIST/patient07119/study1_positive/image1.png,train/XR_WRIST/patient07119/study1_positive,1,abnormal,/content/MURA_abnormal_train/XR_WRIST/patient07119/study1_positive/image1.png,True,11532,11532,0,30.881382,0.5,central,central,MURA_TT_0932
MURA-v1.1/train/XR_SHOULDER/patient01134/study1_positive/image1.png,XR_SHOULDER,patient01134,study1_positive,1,image1.png,train,/content/drive/MyDrive/MURA-v1.1/train/XR_SHOULDER/patient01134/study1_positive/image1.png,train/XR_SHOULDER/patient01134/study1_positive,1,abnormal,/content/MURA_abnormal_train/XR_SHOULDER/patient01134/study1_positive/image1.png,True,3367,3367,2,23.710478,0.1743341404358353,central,central,MURA_TT_0933
MURA-v1.1/train/XR_WRIST/patient07140/study1_positive/image2.png,XR_WRIST,patient07140,study1_positive,1,image2.png,train,/content/drive/MyDrive/MURA-v1.1/train/XR_WRIST/patient07140/study1_positive/image2.png,train/XR_WRIST/patient07140/study1_positive,1,abnormal,/content/MURA_abnormal_train/XR_WRIST/patient07140/study1_positive/image2.png,True,11630,11630,5,29.194048,0.8975206611570248,peripheral,peripheral,MURA_TT_0934
MURA-v1.1/train/XR_ELBOW/patient04023/study1_positive/image3.png,XR_ELBOW,patient04023,study1_positive,1,image3.png,train,/content/drive/MyDrive/MURA-v1.1/train/XR_ELBOW/patient04023/study1_positive/image3.png,train/XR_ELBOW/patient04023/study1_positive,1,abnormal,/content/MURA_abnormal_train/XR_ELBOW/patient04023/study1_positive/image3.png,True,8073,8073,2,23.356945,0.3494809688581315,central,central,MURA_TT_0935
MURA-v1.1/train/XR_FINGER/patient03280/study1_positive/image3.png,XR_FINGER,patient03280,study1_positive,1,image3.png,train,/content/drive/MyDrive/MURA-v1.1/train/XR_FINGER/patient03280/study1_positive/image3.png,train/XR_FINGER/patient03280/study1_positive,1,abnormal,/content/MURA_abnormal_train/XR_FINGER/patient03280/study1_positive/image3.png,True,4963,4963,4,21.663902,0.2349869451697128,central,central,MURA_TT_0936
MURA-v1.1/train/XR_FINGER/patient03594/study1_positive/image3.png,XR_FINGER,patient03594,study1_positive,1,image3.png,train,/content/drive/MyDrive/MURA-v1.1/train/XR_FINGER/patient03594/study1_positive/image3.png,train/XR_FINGER/patient03594/study1_positive,1,abnormal,/content/MURA_abnormal_train/XR_FINGER/patient03594/study1_positive/image3.png,True,6023,6023,2,24.342672,0.4178272980501393,central,central,MURA_TT_0937
MURA-v1.1/train/XR_SHOULDER/patient00414/study1_positive/image1.png,XR_SHOULDER,patient00414,study1_positive,1,image1.png,train,/content/drive/MyDrive/MURA-v1.1/train/XR_SHOULDER/patient00414/study1_positive/image1.png,train/XR_SHOULDER/patient00414/study1_positive,1,abnormal,/content/MURA_abnormal_train/XR_SHOULDER/patient00414/study1_positive/image1.png,True,1264,1264,2,31.950605,0.8886198547215496,peripheral,peripheral,MURA_TT_0938
MURA-v1.1/train/XR_FINGER/patient03450/study1_positive/image2.png,XR_FINGER,patient03450,study1_positive,1,image2.png,train,/content/drive/MyDrive/MURA-v1.1/train/XR_FINGER/patient03450/study1_positive/image2.png,train/XR_FINGER/patient03450/study1_positive,1,abnormal,/content/MURA_abnormal_train/XR_FINGER/patient03450/study1_positive/image2.png,True,5535,5535,1,26.159836,0.4654545454545454,central,central,MURA_TT_0939
MURA-v1.1/train/XR_HUMERUS/patient02851/study1_positive/image1.png,XR_HUMERUS,patient02851,study1_positive,1,image1.png,train,/content/drive/MyDrive/MURA-v1.1/train/XR_HUMERUS/patient02851/study1_positive/image1.png,train/XR_HUMERUS/patient02851/study1_positive,1,abnormal,/content/MURA_abnormal_train/XR_HUMERUS/patient02851/study1_positive/image1.png,True,4552,4552,3,34.333874,0.9039301310043668,peripheral,peripheral,MURA_TT_0940
MURA-v1.1/train/XR_WRIST/patient07154/study1_positive/image1.png,XR_WRIST,patient07154,study1_positive,1,image1.png,train,/content/drive/MyDrive/MURA-v1.1/train/XR_WRIST/patient07154/study1_positive/image1.png,train/XR_WRIST/patient07154/study1_positive,1,abnormal,/content/MURA_abnormal_train/XR_WRIST/patient07154/study1_positive/image1.png,True,11697,11697,4,22.838257,0.0951008645533141,central,central,MURA_TT_0941
MURA-v1.1/train/XR_SHOULDER/patient01025/study1_positive/image4.png,XR_SHOULDER,patient01025,study1_positive,1,image4.png,train,/content/drive/MyDrive/MURA-v1.1/train/XR_SHOULDER/patient01025/study1_positive/image4.png,train/XR_SHOULDER/patient01025/study1_positive,1,abnormal,/content/MURA_abnormal_train/XR_SHOULDER/patient01025/study1_positive/image4.png,True,3068,3068,4,24.840149,0.0331262939958592,central,central,MURA_TT_0942
MURA-v1.1/train/XR_HAND/patient03475/study1_positive/image2.png,XR_HAND,patient03475,study1_positive,1,image2.png,train,/content/drive/MyDrive/MURA-v1.1/train/XR_HAND/patient03475/study1_positive/image2.png,train/XR_HAND/patient03475/study1_positive,1,abnormal,/content/MURA_abnormal_train/XR_HAND/patient03475/study1_positive/image2.png,True,14381,14381,1,35.643593,0.8374558303886925,peripheral,peripheral,MURA_TT_0943
MURA-v1.1/train/XR_HUMERUS/patient02917/study1_positive/image1.png,XR_HUMERUS,patient02917,study1_positive,1,image1.png,train,/content/drive/MyDrive/MURA-v1.1/train/XR_HUMERUS/patient02917/study1_positive/image1.png,train/XR_HUMERUS/patient02917/study1_positive,1,abnormal,/content/MURA_abnormal_train/XR_HUMERUS/patient02917/study1_positive/image1.png,True,4712,4712,3,23.307312,0.1615720524017467,central,central,MURA_TT_0944
MURA-v1.1/train/XR_HUMERUS/patient02856/study1_positive/image1.png,XR_HUMERUS,patient02856,study1_positive,1,image1.png,train,/content/drive/MyDrive/MURA-v1.1/train/XR_HUMERUS/patient02856/study1_positive/image1.png,train/XR_HUMERUS/patient02856/study1_positive,1,abnormal,/content/MURA_abnormal_train/XR_HUMERUS/patient02856/study1_positive/image1.png,True,4564,4564,0,31.026688,0.4598540145985401,central,central,MURA_TT_0945
MURA-v1.1/train/XR_WRIST/patient06781/study1_positive/image2.png,XR_WRIST,patient06781,study1_positive,1,image2.png,train,/content/drive/MyDrive/MURA-v1.1/train/XR_WRIST/patient06781/study1_positive/image2.png,train/XR_WRIST/patient06781/study1_positive,1,abnormal,/content/MURA_abnormal_train/XR_WRIST/patient06781/study1_positive/image2.png,True,10280,10280,6,27.875685,0.3189189189189189,central,central,MURA_TT_0946
MURA-v1.1/train/XR_WRIST/patient06685/study1_positive/image2.png,XR_WRIST,patient06685,study1_positive,1,image2.png,train,/content/drive/MyDrive/MURA-v1.1/train/XR_WRIST/patient06685/study1_positive/image2.png,train/XR_WRIST/patient06685/study1_positive,1,abnormal,/content/MURA_abnormal_train/XR_WRIST/patient06685/study1_positive/image2.png,True,9900,9900,8,22.827032,0.3220858895705521,central,central,MURA_TT_0947
MURA-v1.1/train/XR_WRIST/patient06613/study1_positive/image3.png,XR_WRIST,patient06613,study1_positive,1,image3.png,train,/content/drive/MyDrive/MURA-v1.1/train/XR_WRIST/patient06613/study1_positive/image3.png,train/XR_WRIST/patient06613/study1_positive,1,abnormal,/content/MURA_abnormal_train/XR_WRIST/patient06613/study1_positive/image3.png,True,9640,9640,6,28.98879,0.4810810810810811,central,central,MURA_TT_0948
MURA-v1.1/train/XR_HAND/patient09789/study1_positive/image3.png,XR_HAND,patient09789,study1_positive,1,image3.png,train,/content/drive/MyDrive/MURA-v1.1/train/XR_HAND/patient09789/study1_positive/image3.png,train/XR_HAND/patient09789/study1_positive,1,abnormal,/content/MURA_abnormal_train/XR_HAND/patient09789/study1_positive/image3.png,True,13601,13601,4,21.596725,0.0677966101694915,central,central,MURA_TT_0949
MURA-v1.1/train/XR_WRIST/patient07252/study1_positive/image1.png,XR_WRIST,patient07252,study1_positive,1,image1.png,train,/content/drive/MyDrive/MURA-v1.1/train/XR_WRIST/patient07252/study1_positive/image1.png,train/XR_WRIST/patient07252/study1_positive,1,abnormal,/content/MURA_abnormal_train/XR_WRIST/patient07252/study1_positive/image1.png,True,12073,12073,8,23.324183,0.3895705521472393,central,central,MURA_TT_0950
MURA-v1.1/train/XR_HUMERUS/patient02766/study1_positive/image1.png,XR_HUMERUS,patient02766,study1_positive,1,image1.png,train,/content/drive/MyDrive/MURA-v1.1/train/XR_HUMERUS/patient02766/study1_positive/image1.png,train/XR_HUMERUS/patient02766/study1_positive,1,abnormal,/content/MURA_abnormal_train/XR_HUMERUS/patient02766/study1_positive/image1.png,True,4342,4342,3,24.707804,0.2751091703056768,central,central,MURA_TT_0951
MURA-v1.1/train/XR_FINGER/patient03540/study1_positive/image1.png,XR_FINGER,patient03540,study1_positive,1,image1.png,train,/content/drive/MyDrive/MURA-v1.1/train/XR_FINGER/patient03540/study1_positive/image1.png,train/XR_FINGER/patient03540/study1_positive,1,abnormal,/content/MURA_abnormal_train/XR_FINGER/patient03540/study1_positive/image1.png,True,5830,5830,1,23.456743,0.2,central,central,MURA_TT_0952
MURA-v1.1/train/XR_SHOULDER/patient00293/study2_positive/image2.png,XR_SHOULDER,patient00293,study2_positive,1,image2.png,train,/content/drive/MyDrive/MURA-v1.1/train/XR_SHOULDER/patient00293/study2_positive/image2.png,train/XR_SHOULDER/patient00293/study2_positive,1,abnormal,/content/MURA_abnormal_train/XR_SHOULDER/patient00293/study2_positive/image2.png,True,889,889,1,29.975544,0.3701492537313433,central,central,MURA_TT_0953
MURA-v1.1/train/XR_FINGER/patient03461/study1_positive/image1.png,XR_FINGER,patient03461,study1_positive,1,image1.png,train,/content/drive/MyDrive/MURA-v1.1/train/XR_FINGER/patient03461/study1_positive/image1.png,train/XR_FINGER/patient03461/study1_positive,1,abnormal,/content/MURA_abnormal_train/XR_FINGER/patient03461/study1_positive/image1.png,True,5569,5569,0,34.824608,0.8523076923076923,peripheral,peripheral,MURA_TT_0954
MURA-v1.1/train/XR_WRIST/patient02355/study1_positive/image2.png,XR_WRIST,patient02355,study1_positive,1,image2.png,train,/content/drive/MyDrive/MURA-v1.1/train/XR_WRIST/patient02355/study1_positive/image2.png,train/XR_WRIST/patient02355/study1_positive,1,abnormal,/content/MURA_abnormal_train/XR_WRIST/patient02355/study1_positive/image2.png,True,10983,10983,2,26.217203,0.5969498910675382,intermediate,intermediate,MURA_TT_0955
MURA-v1.1/train/XR_SHOULDER/patient00947/study1_positive/image2.png,XR_SHOULDER,patient00947,study1_positive,1,image2.png,train,/content/drive/MyDrive/MURA-v1.1/train/XR_SHOULDER/patient00947/study1_positive/image2.png,train/XR_SHOULDER/patient00947/study1_positive,1,abnormal,/content/MURA_abnormal_train/XR_SHOULDER/patient00947/study1_positive/image2.png,True,2845,2845,3,26.960295,0.4202334630350194,central,central,MURA_TT_0956
MURA-v1.1/train/XR_WRIST/patient06981/study1_positive/image3.png,XR_WRIST,patient06981,study1_positive,1,image3.png,train,/content/drive/MyDrive/MURA-v1.1/train/XR_WRIST/patient06981/study1_positive/image3.png,train/XR_WRIST/patient06981/study1_positive,1,abnormal,/content/MURA_abnormal_train/XR_WRIST/patient06981/study1_positive/image3.png,True,11017,11017,3,28.356482,0.6168582375478927,intermediate,intermediate,MURA_TT_0957
MURA-v1.1/train/XR_ELBOW/patient05116/study1_positive/image7.png,XR_ELBOW,patient05116,study1_positive,1,image7.png,train,/content/drive/MyDrive/MURA-v1.1/train/XR_ELBOW/patient05116/study1_positive/image7.png,train/XR_ELBOW/patient05116/study1_positive,1,abnormal,/content/MURA_abnormal_train/XR_ELBOW/patient05116/study1_positive/image7.png,True,7519,7519,3,30.946745,0.4222222222222222,central,central,MURA_TT_0958
MURA-v1.1/train/XR_ELBOW/patient05389/study1_positive/image2.png,XR_ELBOW,patient05389,study1_positive,1,image2.png,train,/content/drive/MyDrive/MURA-v1.1/train/XR_ELBOW/patient05389/study1_positive/image2.png,train/XR_ELBOW/patient05389/study1_positive,1,abnormal,/content/MURA_abnormal_train/XR_ELBOW/patient05389/study1_positive/image2.png,True,8498,8498,0,22.644346,0.2108843537414966,central,central,MURA_TT_0959
MURA-v1.1/train/XR_WRIST/patient06831/study1_positive/image2.png,XR_WRIST,patient06831,study1_positive,1,image2.png,train,/content/drive/MyDrive/MURA-v1.1/train/XR_WRIST/patient06831/study1_positive/image2.png,train/XR_WRIST/patient06831/study1_positive,1,abnormal,/content/MURA_abnormal_train/XR_WRIST/patient06831/study1_positive/image2.png,True,10479,10479,8,22.88924,0.3282208588957055,central,central,MURA_TT_0960
MURA-v1.1/train/XR_ELBOW/patient05278/study1_positive/image2.png,XR_ELBOW,patient05278,study1_positive,1,image2.png,train,/content/drive/MyDrive/MURA-v1.1/train/XR_ELBOW/patient05278/study1_positive/image2.png,train/XR_ELBOW/patient05278/study1_positive,1,abnormal,/content/MURA_abnormal_train/XR_ELBOW/patient05278/study1_positive/image2.png,True,8111,8111,3,29.974049,0.3111111111111111,central,central,MURA_TT_0961
MURA-v1.1/train/XR_FOREARM/patient09163/study1_positive/image1.png,XR_FOREARM,patient09163,study1_positive,1,image1.png,train,/content/drive/MyDrive/MURA-v1.1/train/XR_FOREARM/patient09163/study1_positive/image1.png,train/XR_FOREARM/patient09163/study1_positive,1,abnormal,/content/MURA_abnormal_train/XR_FOREARM/patient09163/study1_positive/image1.png,True,12969,12969,3,20.292858,0.0442477876106194,central,central,MURA_TT_0962
MURA-v1.1/train/XR_HUMERUS/patient02634/study1_positive/image1.png,XR_HUMERUS,patient02634,study1_positive,1,image1.png,train,/content/drive/MyDrive/MURA-v1.1/train/XR_HUMERUS/patient02634/study1_positive/image1.png,train/XR_HUMERUS/patient02634/study1_positive,1,abnormal,/content/MURA_abnormal_train/XR_HUMERUS/patient02634/study1_positive/image1.png,True,4630,4630,2,21.259335,0.1502347417840375,central,central,MURA_TT_0963
MURA-v1.1/train/XR_ELBOW/patient00427/study1_positive/image2.png,XR_ELBOW,patient00427,study1_positive,1,image2.png,train,/content/drive/MyDrive/MURA-v1.1/train/XR_ELBOW/patient00427/study1_positive/image2.png,train/XR_ELBOW/patient00427/study1_positive,1,abnormal,/content/MURA_abnormal_train/XR_ELBOW/patient00427/study1_positive/image2.png,True,7906,7906,5,29.988863,0.7331378299120235,intermediate,intermediate,MURA_TT_0964
MURA-v1.1/train/XR_SHOULDER/patient00846/study1_positive/image3.png,XR_SHOULDER,patient00846,study1_positive,1,image3.png,train,/content/drive/MyDrive/MURA-v1.1/train/XR_SHOULDER/patient00846/study1_positive/image3.png,train/XR_SHOULDER/patient00846/study1_positive,1,abnormal,/content/MURA_abnormal_train/XR_SHOULDER/patient00846/study1_positive/image3.png,True,2546,2546,3,25.159613,0.2360570687418936,central,central,MURA_TT_0965
MURA-v1.1/train/XR_SHOULDER/patient00335/study1_positive/image3.png,XR_SHOULDER,patient00335,study1_positive,1,image3.png,train,/content/drive/MyDrive/MURA-v1.1/train/XR_SHOULDER/patient00335/study1_positive/image3.png,train/XR_SHOULDER/patient00335/study1_positive,1,abnormal,/content/MURA_abnormal_train/XR_SHOULDER/patient00335/study1_positive/image3.png,True,1039,1039,5,25.57916,0.6559241706161137,intermediate,intermediate,MURA_TT_0966
MURA-v1.1/train/XR_HAND/patient09951/study1_positive/image2.png,XR_HAND,patient09951,study1_positive,1,image2.png,train,/content/drive/MyDrive/MURA-v1.1/train/XR_HAND/patient09951/study1_positive/image2.png,train/XR_HAND/patient09951/study1_positive,1,abnormal,/content/MURA_abnormal_train/XR_HAND/patient09951/study1_positive/image2.png,True,14217,14217,4,25.012043,0.4271186440677966,central,central,MURA_TT_0967
MURA-v1.1/train/XR_FOREARM/patient09192/study1_positive/image1.png,XR_FOREARM,patient09192,study1_positive,1,image1.png,train,/content/drive/MyDrive/MURA-v1.1/train/XR_FOREARM/patient09192/study1_positive/image1.png,train/XR_FOREARM/patient09192/study1_positive,1,abnormal,/content/MURA_abnormal_train/XR_FOREARM/patient09192/study1_positive/image1.png,True,13076,13076,3,23.683886,0.3230088495575221,central,central,MURA_TT_0968
MURA-v1.1/train/XR_ELBOW/patient05334/study1_positive/image5.png,XR_ELBOW,patient05334,study1_positive,1,image5.png,train,/content/drive/MyDrive/MURA-v1.1/train/XR_ELBOW/patient05334/study1_positive/image5.png,train/XR_ELBOW/patient05334/study1_positive,1,abnormal,/content/MURA_abnormal_train/XR_ELBOW/patient05334/study1_positive/image5.png,True,8325,8325,5,25.719578,0.2873900293255132,central,central,MURA_TT_0969
MURA-v1.1/train/XR_HAND/patient09940/study1_positive/image3.png,XR_HAND,patient09940,study1_positive,1,image3.png,train,/content/drive/MyDrive/MURA-v1.1/train/XR_HAND/patient09940/study1_positive/image3.png,train/XR_HAND/patient09940/study1_positive,1,abnormal,/content/MURA_abnormal_train/XR_HAND/patient09940/study1_positive/image3.png,True,14175,14175,2,25.307194,0.4100946372239747,central,central,MURA_TT_0970
MURA-v1.1/train/XR_HAND/patient04160/study1_positive/image3.png,XR_HAND,patient04160,study1_positive,1,image3.png,train,/content/drive/MyDrive/MURA-v1.1/train/XR_HAND/patient04160/study1_positive/image3.png,train/XR_HAND/patient04160/study1_positive,1,abnormal,/content/MURA_abnormal_train/XR_HAND/patient04160/study1_positive/image3.png,True,14412,14412,2,31.287992,0.804416403785489,peripheral,peripheral,MURA_TT_0971
MURA-v1.1/train/XR_WRIST/patient06487/study1_positive/image3.png,XR_WRIST,patient06487,study1_positive,1,image3.png,train,/content/drive/MyDrive/MURA-v1.1/train/XR_WRIST/patient06487/study1_positive/image3.png,train/XR_WRIST/patient06487/study1_positive,1,abnormal,/content/MURA_abnormal_train/XR_WRIST/patient06487/study1_positive/image3.png,True,9201,9201,5,23.207117,0.4115702479338843,central,central,MURA_TT_0972
MURA-v1.1/train/XR_ELBOW/patient05286/study1_positive/image2.png,XR_ELBOW,patient05286,study1_positive,1,image2.png,train,/content/drive/MyDrive/MURA-v1.1/train/XR_ELBOW/patient05286/study1_positive/image2.png,train/XR_ELBOW/patient05286/study1_positive,1,abnormal,/content/MURA_abnormal_train/XR_ELBOW/patient05286/study1_positive/image2.png,True,8144,8144,2,20.264761,0.0795847750865051,central,central,MURA_TT_0973
MURA-v1.1/train/XR_HAND/patient10063/study1_positive/image1.png,XR_HAND,patient10063,study1_positive,1,image1.png,train,/content/drive/MyDrive/MURA-v1.1/train/XR_HAND/patient10063/study1_positive/image1.png,train/XR_HAND/patient10063/study1_positive,1,abnormal,/content/MURA_abnormal_train/XR_HAND/patient10063/study1_positive/image1.png,True,14610,14610,4,24.632912,0.3559322033898305,central,central,MURA_TT_0974
MURA-v1.1/train/XR_WRIST/patient06784/study1_positive/image1.png,XR_WRIST,patient06784,study1_positive,1,image1.png,train,/content/drive/MyDrive/MURA-v1.1/train/XR_WRIST/patient06784/study1_positive/image1.png,train/XR_WRIST/patient06784/study1_positive,1,abnormal,/content/MURA_abnormal_train/XR_WRIST/patient06784/study1_positive/image1.png,True,10299,10299,5,29.166922,0.8958677685950414,peripheral,peripheral,MURA_TT_0975
MURA-v1.1/train/XR_FINGER/patient03374/study1_positive/image4.png,XR_FINGER,patient03374,study1_positive,1,image4.png,train,/content/drive/MyDrive/MURA-v1.1/train/XR_FINGER/patient03374/study1_positive/image4.png,train/XR_FINGER/patient03374/study1_positive,1,abnormal,/content/MURA_abnormal_train/XR_FINGER/patient03374/study1_positive/image4.png,True,5278,5278,5,30.589167,0.9387755102040816,peripheral,peripheral,MURA_TT_0976
MURA-v1.1/train/XR_FINGER/patient03358/study1_positive/image3.png,XR_FINGER,patient03358,study1_positive,1,image3.png,train,/content/drive/MyDrive/MURA-v1.1/train/XR_FINGER/patient03358/study1_positive/image3.png,train/XR_FINGER/patient03358/study1_positive,1,abnormal,/content/MURA_abnormal_train/XR_FINGER/patient03358/study1_positive/image3.png,True,5230,5230,0,37.397133,0.92,peripheral,peripheral,MURA_TT_0977
MURA-v1.1/train/XR_SHOULDER/patient00325/study1_positive/image2.png,XR_SHOULDER,patient00325,study1_positive,1,image2.png,train,/content/drive/MyDrive/MURA-v1.1/train/XR_SHOULDER/patient00325/study1_positive/image2.png,train/XR_SHOULDER/patient00325/study1_positive,1,abnormal,/content/MURA_abnormal_train/XR_SHOULDER/patient00325/study1_positive/image2.png,True,1003,1003,5,22.749111,0.3364928909952606,central,central,MURA_TT_0978
MURA-v1.1/train/XR_WRIST/patient06521/study1_positive/image1.png,XR_WRIST,patient06521,study1_positive,1,image1.png,train,/content/drive/MyDrive/MURA-v1.1/train/XR_WRIST/patient06521/study1_positive/image1.png,train/XR_WRIST/patient06521/study1_positive,1,abnormal,/content/MURA_abnormal_train/XR_WRIST/patient06521/study1_positive/image1.png,True,9314,9314,5,22.410675,0.3140495867768595,central,central,MURA_TT_0979
MURA-v1.1/train/XR_SHOULDER/patient00496/study1_positive/image3.png,XR_SHOULDER,patient00496,study1_positive,1,image3.png,train,/content/drive/MyDrive/MURA-v1.1/train/XR_SHOULDER/patient00496/study1_positive/image3.png,train/XR_SHOULDER/patient00496/study1_positive,1,abnormal,/content/MURA_abnormal_train/XR_SHOULDER/patient00496/study1_positive/image3.png,True,1503,1503,0,19.129974,0.0830945558739255,central,central,MURA_TT_0980
MURA-v1.1/train/XR_FOREARM/patient01212/study1_positive/image1.png,XR_FOREARM,patient01212,study1_positive,1,image1.png,train,/content/drive/MyDrive/MURA-v1.1/train/XR_FOREARM/patient01212/study1_positive/image1.png,train/XR_FOREARM/patient01212/study1_positive,1,abnormal,/content/MURA_abnormal_train/XR_FOREARM/patient01212/study1_positive/image1.png,True,13307,13307,0,22.746086,0.1891891891891892,central,central,MURA_TT_0981
MURA-v1.1/train/XR_ELBOW/patient05152/study1_positive/image1.png,XR_ELBOW,patient05152,study1_positive,1,image1.png,train,/content/drive/MyDrive/MURA-v1.1/train/XR_ELBOW/patient05152/study1_positive/image1.png,train/XR_ELBOW/patient05152/study1_positive,1,abnormal,/content/MURA_abnormal_train/XR_ELBOW/patient05152/study1_positive/image1.png,True,7641,7641,2,24.591362,0.4844290657439446,central,central,MURA_TT_0982
MURA-v1.1/train/XR_WRIST/patient04553/study1_positive/image1.png,XR_WRIST,patient04553,study1_positive,1,image1.png,train,/content/drive/MyDrive/MURA-v1.1/train/XR_WRIST/patient04553/study1_positive/image1.png,train/XR_WRIST/patient04553/study1_positive,1,abnormal,/content/MURA_abnormal_train/XR_WRIST/patient04553/study1_positive/image1.png,True,11960,11960,3,30.12996,0.7662835249042146,intermediate,intermediate,MURA_TT_0983
MURA-v1.1/train/XR_FINGER/patient03626/study1_positive/image3.png,XR_FINGER,patient03626,study1_positive,1,image3.png,train,/content/drive/MyDrive/MURA-v1.1/train/XR_FINGER/patient03626/study1_positive/image3.png,train/XR_FINGER/patient03626/study1_positive,1,abnormal,/content/MURA_abnormal_train/XR_FINGER/patient03626/study1_positive/image3.png,True,6121,6121,5,23.410173,0.4139941690962099,central,central,MURA_TT_0984
MURA-v1.1/train/XR_ELBOW/patient05069/study1_positive/image1.png,XR_ELBOW,patient05069,study1_positive,1,image1.png,train,/content/drive/MyDrive/MURA-v1.1/train/XR_ELBOW/patient05069/study1_positive/image1.png,train/XR_ELBOW/patient05069/study1_positive,1,abnormal,/content/MURA_abnormal_train/XR_ELBOW/patient05069/study1_positive/image1.png,True,7340,7340,4,37.17138,0.9175531914893617,peripheral,peripheral,MURA_TT_0985
MURA-v1.1/train/XR_FOREARM/patient09186/study1_positive/image1.png,XR_FOREARM,patient09186,study1_positive,1,image1.png,train,/content/drive/MyDrive/MURA-v1.1/train/XR_FOREARM/patient09186/study1_positive/image1.png,train/XR_FOREARM/patient09186/study1_positive,1,abnormal,/content/MURA_abnormal_train/XR_FOREARM/patient09186/study1_positive/image1.png,True,13053,13053,5,20.088036,0.0588235294117647,central,central,MURA_TT_0986
MURA-v1.1/train/XR_HAND/patient10107/study1_positive/image1.png,XR_HAND,patient10107,study1_positive,1,image1.png,train,/content/drive/MyDrive/MURA-v1.1/train/XR_HAND/patient10107/study1_positive/image1.png,train/XR_HAND/patient10107/study1_positive,1,abnormal,/content/MURA_abnormal_train/XR_HAND/patient10107/study1_positive/image1.png,True,14765,14765,1,24.538267,0.1378091872791519,central,central,MURA_TT_0987
MURA-v1.1/train/XR_WRIST/patient06386/study1_positive/image2.png,XR_WRIST,patient06386,study1_positive,1,image2.png,train,/content/drive/MyDrive/MURA-v1.1/train/XR_WRIST/patient06386/study1_positive/image2.png,train/XR_WRIST/patient06386/study1_positive,1,abnormal,/content/MURA_abnormal_train/XR_WRIST/patient06386/study1_positive/image2.png,True,8850,8850,3,23.584982,0.1187739463601532,central,central,MURA_TT_0988
MURA-v1.1/train/XR_HUMERUS/patient02870/study1_positive/image1.png,XR_HUMERUS,patient02870,study1_positive,1,image1.png,train,/content/drive/MyDrive/MURA-v1.1/train/XR_HUMERUS/patient02870/study1_positive/image1.png,train/XR_HUMERUS/patient02870/study1_positive,1,abnormal,/content/MURA_abnormal_train/XR_HUMERUS/patient02870/study1_positive/image1.png,True,4598,4598,0,31.369198,0.4817518248175182,central,central,MURA_TT_0989
MURA-v1.1/train/XR_FINGER/patient03236/study1_positive/image3.png,XR_FINGER,patient03236,study1_positive,1,image3.png,train,/content/drive/MyDrive/MURA-v1.1/train/XR_FINGER/patient03236/study1_positive/image3.png,train/XR_FINGER/patient03236/study1_positive,1,abnormal,/content/MURA_abnormal_train/XR_FINGER/patient03236/study1_positive/image3.png,True,4807,4807,2,30.642927,0.83008356545961,peripheral,peripheral,MURA_TT_0990
MURA-v1.1/train/XR_FINGER/patient01529/study1_positive/image3.png,XR_FINGER,patient01529,study1_positive,1,image3.png,train,/content/drive/MyDrive/MURA-v1.1/train/XR_FINGER/patient01529/study1_positive/image3.png,train/XR_FINGER/patient01529/study1_positive,1,abnormal,/content/MURA_abnormal_train/XR_FINGER/patient01529/study1_positive/image3.png,True,5006,5006,1,21.293915,0.0618181818181818,central,central,MURA_TT_0991
MURA-v1.1/train/XR_WRIST/patient07081/study1_positive/image4.png,XR_WRIST,patient07081,study1_positive,1,image4.png,train,/content/drive/MyDrive/MURA-v1.1/train/XR_WRIST/patient07081/study1_positive/image4.png,train/XR_WRIST/patient07081/study1_positive,1,abnormal,/content/MURA_abnormal_train/XR_WRIST/patient07081/study1_positive/image4.png,True,11412,11412,4,24.599417,0.2622478386167147,central,central,MURA_TT_0992
MURA-v1.1/train/XR_FINGER/patient03281/study1_positive/image3.png,XR_FINGER,patient03281,study1_positive,1,image3.png,train,/content/drive/MyDrive/MURA-v1.1/train/XR_FINGER/patient03281/study1_positive/image3.png,train/XR_FINGER/patient03281/study1_positive,1,abnormal,/content/MURA_abnormal_train/XR_FINGER/patient03281/study1_positive/image3.png,True,4967,4967,0,27.624025,0.3569230769230769,central,central,MURA_TT_0993
MURA-v1.1/train/XR_SHOULDER/patient00806/study1_positive/image2.png,XR_SHOULDER,patient00806,study1_positive,1,image2.png,train,/content/drive/MyDrive/MURA-v1.1/train/XR_SHOULDER/patient00806/study1_positive/image2.png,train/XR_SHOULDER/patient00806/study1_positive,1,abnormal,/content/MURA_abnormal_train/XR_SHOULDER/patient00806/study1_positive/image2.png,True,2438,2438,1,35.352802,0.7074626865671642,intermediate,intermediate,MURA_TT_0994
MURA-v1.1/train/XR_WRIST/patient06700/study1_positive/image4.png,XR_WRIST,patient06700,study1_positive,1,image4.png,train,/content/drive/MyDrive/MURA-v1.1/train/XR_WRIST/patient06700/study1_positive/image4.png,train/XR_WRIST/patient06700/study1_positive,1,abnormal,/content/MURA_abnormal_train/XR_WRIST/patient06700/study1_positive/image4.png,True,9964,9964,8,23.615248,0.4151329243353783,central,central,MURA_TT_0995
MURA-v1.1/train/XR_ELBOW/patient05412/study1_positive/image2.png,XR_ELBOW,patient05412,study1_positive,1,image2.png,train,/content/drive/MyDrive/MURA-v1.1/train/XR_ELBOW/patient05412/study1_positive/image2.png,train/XR_ELBOW/patient05412/study1_positive,1,abnormal,/content/MURA_abnormal_train/XR_ELBOW/patient05412/study1_positive/image2.png,True,8587,8587,0,23.32129,0.2970521541950113,central,central,MURA_TT_0996
MURA-v1.1/train/XR_WRIST/patient06944/study1_positive/image2.png,XR_WRIST,patient06944,study1_positive,1,image2.png,train,/content/drive/MyDrive/MURA-v1.1/train/XR_WRIST/patient06944/study1_positive/image2.png,train/XR_WRIST/patient06944/study1_positive,1,abnormal,/content/MURA_abnormal_train/XR_WRIST/patient06944/study1_positive/image2.png,True,10889,10889,6,24.330421,0.0702702702702702,central,central,MURA_TT_0997
MURA-v1.1/train/XR_FOREARM/patient03778/study1_positive/image3.png,XR_FOREARM,patient03778,study1_positive,1,image3.png,train,/content/drive/MyDrive/MURA-v1.1/train/XR_FOREARM/patient03778/study1_positive/image3.png,train/XR_FOREARM/patient03778/study1_positive,1,abnormal,/content/MURA_abnormal_train/XR_FOREARM/patient03778/study1_positive/image3.png,True,12954,12954,5,21.284506,0.1372549019607843,central,central,MURA_TT_0998
MURA-v1.1/train/XR_HUMERUS/patient02756/study1_positive/image1.png,XR_HUMERUS,patient02756,study1_positive,1,image1.png,train,/content/drive/MyDrive/MURA-v1.1/train/XR_HUMERUS/patient02756/study1_positive/image1.png,train/XR_HUMERUS/patient02756/study1_positive,1,abnormal,/content/MURA_abnormal_train/XR_HUMERUS/patient02756/study1_positive/image1.png,True,4317,4317,0,32.274963,0.5693430656934306,intermediate,intermediate,MURA_TT_0999
MURA-v1.1/train/XR_ELBOW/patient05073/study1_positive/image1.png,XR_ELBOW,patient05073,study1_positive,1,image1.png,train,/content/drive/MyDrive/MURA-v1.1/train/XR_ELBOW/patient05073/study1_positive/image1.png,train/XR_ELBOW/patient05073/study1_positive,1,abnormal,/content/MURA_abnormal_train/XR_ELBOW/patient05073/study1_positive/image1.png,True,7354,7354,4,28.495432,0.2446808510638297,central,central,MURA_TT_1000
MURA-v1.1/train/XR_FINGER/patient03278/study1_positive/image2.png,XR_FINGER,patient03278,study1_positive,1,image2.png,train,/content/drive/MyDrive/MURA-v1.1/train/XR_FINGER/patient03278/study1_positive/image2.png,train/XR_FINGER/patient03278/study1_positive,1,abnormal,/content/MURA_abnormal_train/XR_FINGER/patient03278/study1_positive/image2.png,True,4958,4958,3,25.919968,0.5936395759717314,intermediate,intermediate,MURA_TT_1001
MURA-v1.1/train/XR_FOREARM/patient09145/study1_positive/image1.png,XR_FOREARM,patient09145,study1_positive,1,image1.png,train,/content/drive/MyDrive/MURA-v1.1/train/XR_FOREARM/patient09145/study1_positive/image1.png,train/XR_FOREARM/patient09145/study1_positive,1,abnormal,/content/MURA_abnormal_train/XR_FOREARM/patient09145/study1_positive/image1.png,True,12902,12902,0,28.69671,0.7207207207207207,intermediate,intermediate,MURA_TT_1002
MURA-v1.1/train/XR_HAND/patient07148/study1_positive/image2.png,XR_HAND,patient07148,study1_positive,1,image2.png,train,/content/drive/MyDrive/MURA-v1.1/train/XR_HAND/patient07148/study1_positive/image2.png,train/XR_HAND/patient07148/study1_positive,1,abnormal,/content/MURA_abnormal_train/XR_HAND/patient07148/study1_positive/image2.png,True,13594,13594,5,18.843708,0.0777777777777777,central,central,MURA_TT_1003
MURA-v1.1/train/XR_HUMERUS/patient02888/study1_positive/image2.png,XR_HUMERUS,patient02888,study1_positive,1,image2.png,train,/content/drive/MyDrive/MURA-v1.1/train/XR_HUMERUS/patient02888/study1_positive/image2.png,train/XR_HUMERUS/patient02888/study1_positive,1,abnormal,/content/MURA_abnormal_train/XR_HUMERUS/patient02888/study1_positive/image2.png,True,4645,4645,0,28.365055,0.2408759124087591,central,central,MURA_TT_1004
MURA-v1.1/train/XR_FINGER/patient03290/study1_positive/image3.png,XR_FINGER,patient03290,study1_positive,1,image3.png,train,/content/drive/MyDrive/MURA-v1.1/train/XR_FINGER/patient03290/study1_positive/image3.png,train/XR_FINGER/patient03290/study1_positive,1,abnormal,/content/MURA_abnormal_train/XR_FINGER/patient03290/study1_positive/image3.png,True,4996,4996,4,30.892452,0.9347258485639688,peripheral,peripheral,MURA_TT_1005
MURA-v1.1/train/XR_FOREARM/patient09180/study1_positive/image3.png,XR_FOREARM,patient09180,study1_positive,1,image3.png,train,/content/drive/MyDrive/MURA-v1.1/train/XR_FOREARM/patient09180/study1_positive/image3.png,train/XR_FOREARM/patient09180/study1_positive,1,abnormal,/content/MURA_abnormal_train/XR_FOREARM/patient09180/study1_positive/image3.png,True,13030,13030,1,34.176502,0.8902439024390244,peripheral,peripheral,MURA_TT_1006
MURA-v1.1/train/XR_WRIST/patient00563/study1_positive/image2.png,XR_WRIST,patient00563,study1_positive,1,image2.png,train,/content/drive/MyDrive/MURA-v1.1/train/XR_WRIST/patient00563/study1_positive/image2.png,train/XR_WRIST/patient00563/study1_positive,1,abnormal,/content/MURA_abnormal_train/XR_WRIST/patient00563/study1_positive/image2.png,True,10261,10261,3,25.56508,0.3333333333333333,central,central,MURA_TT_1007
MURA-v1.1/train/XR_HUMERUS/patient02741/study1_positive/image1.png,XR_HUMERUS,patient02741,study1_positive,1,image1.png,train,/content/drive/MyDrive/MURA-v1.1/train/XR_HUMERUS/patient02741/study1_positive/image1.png,train/XR_HUMERUS/patient02741/study1_positive,1,abnormal,/content/MURA_abnormal_train/XR_HUMERUS/patient02741/study1_positive/image1.png,True,4283,4283,3,31.775698,0.8296943231441049,peripheral,peripheral,MURA_TT_1008
MURA-v1.1/train/XR_WRIST/patient07304/study1_positive/image3.png,XR_WRIST,patient07304,study1_positive,1,image3.png,train,/content/drive/MyDrive/MURA-v1.1/train/XR_WRIST/patient07304/study1_positive/image3.png,train/XR_WRIST/patient07304/study1_positive,1,abnormal,/content/MURA_abnormal_train/XR_WRIST/patient07304/study1_positive/image3.png,True,12273,12273,4,36.200462,0.904899135446686,peripheral,peripheral,MURA_TT_1009
MURA-v1.1/train/XR_HAND/patient10103/study1_positive/image1.png,XR_HAND,patient10103,study1_positive,1,image1.png,train,/content/drive/MyDrive/MURA-v1.1/train/XR_HAND/patient10103/study1_positive/image1.png,train/XR_HAND/patient10103/study1_positive,1,abnormal,/content/MURA_abnormal_train/XR_HAND/patient10103/study1_positive/image1.png,True,14750,14750,2,25.02775,0.3785488958990536,central,central,MURA_TT_1010
MURA-v1.1/train/XR_ELBOW/patient05364/study1_positive/image3.png,XR_ELBOW,patient05364,study1_positive,1,image3.png,train,/content/drive/MyDrive/MURA-v1.1/train/XR_ELBOW/patient05364/study1_positive/image3.png,train/XR_ELBOW/patient05364/study1_positive,1,abnormal,/content/MURA_abnormal_train/XR_ELBOW/patient05364/study1_positive/image3.png,True,8416,8416,0,24.999744,0.4693877551020408,central,central,MURA_TT_1011
MURA-v1.1/train/XR_SHOULDER/patient00974/study1_positive/image3.png,XR_SHOULDER,patient00974,study1_positive,1,image3.png,train,/content/drive/MyDrive/MURA-v1.1/train/XR_SHOULDER/patient00974/study1_positive/image3.png,train/XR_SHOULDER/patient00974/study1_positive,1,abnormal,/content/MURA_abnormal_train/XR_SHOULDER/patient00974/study1_positive/image3.png,True,2925,2925,2,24.931383,0.2941888619854721,central,central,MURA_TT_1012
MURA-v1.1/train/XR_SHOULDER/patient00813/study1_positive/image1.png,XR_SHOULDER,patient00813,study1_positive,1,image1.png,train,/content/drive/MyDrive/MURA-v1.1/train/XR_SHOULDER/patient00813/study1_positive/image1.png,train/XR_SHOULDER/patient00813/study1_positive,1,abnormal,/content/MURA_abnormal_train/XR_SHOULDER/patient00813/study1_positive/image1.png,True,2453,2453,0,26.507418,0.7507163323782235,intermediate,intermediate,MURA_TT_1013
MURA-v1.1/train/XR_FINGER/patient02626/study1_positive/image3.png,XR_FINGER,patient02626,study1_positive,1,image3.png,train,/content/drive/MyDrive/MURA-v1.1/train/XR_FINGER/patient02626/study1_positive/image3.png,train/XR_FINGER/patient02626/study1_positive,1,abnormal,/content/MURA_abnormal_train/XR_FINGER/patient02626/study1_positive/image3.png,True,5490,5490,4,22.896196,0.360313315926893,central,central,MURA_TT_1014
MURA-v1.1/train/XR_FINGER/patient03260/study1_positive/image1.png,XR_FINGER,patient03260,study1_positive,1,image1.png,train,/content/drive/MyDrive/MURA-v1.1/train/XR_FINGER/patient03260/study1_positive/image1.png,train/XR_FINGER/patient03260/study1_positive,1,abnormal,/content/MURA_abnormal_train/XR_FINGER/patient03260/study1_positive/image1.png,True,4893,4893,0,37.2164,0.916923076923077,peripheral,peripheral,MURA_TT_1015
MURA-v1.1/train/XR_ELBOW/patient05190/study1_positive/image4.png,XR_ELBOW,patient05190,study1_positive,1,image4.png,train,/content/drive/MyDrive/MURA-v1.1/train/XR_ELBOW/patient05190/study1_positive/image4.png,train/XR_ELBOW/patient05190/study1_positive,1,abnormal,/content/MURA_abnormal_train/XR_ELBOW/patient05190/study1_positive/image4.png,True,7788,7788,0,24.408648,0.3990929705215419,central,central,MURA_TT_1016
MURA-v1.1/train/XR_ELBOW/patient04986/study1_positive/image1.png,XR_ELBOW,patient04986,study1_positive,1,image1.png,train,/content/drive/MyDrive/MURA-v1.1/train/XR_ELBOW/patient04986/study1_positive/image1.png,train/XR_ELBOW/patient04986/study1_positive,1,abnormal,/content/MURA_abnormal_train/XR_ELBOW/patient04986/study1_positive/image1.png,True,7037,7037,4,35.455902,0.8537234042553191,peripheral,peripheral,MURA_TT_1017
MURA-v1.1/train/XR_SHOULDER/patient01306/study1_positive/image3.png,XR_SHOULDER,patient01306,study1_positive,1,image3.png,train,/content/drive/MyDrive/MURA-v1.1/train/XR_SHOULDER/patient01306/study1_positive/image3.png,train/XR_SHOULDER/patient01306/study1_positive,1,abnormal,/content/MURA_abnormal_train/XR_SHOULDER/patient01306/study1_positive/image3.png,True,3856,3856,3,25.926338,0.311284046692607,central,central,MURA_TT_1018
MURA-v1.1/train/XR_FINGER/patient03453/study1_positive/image2.png,XR_FINGER,patient03453,study1_positive,1,image2.png,train,/content/drive/MyDrive/MURA-v1.1/train/XR_FINGER/patient03453/study1_positive/image2.png,train/XR_FINGER/patient03453/study1_positive,1,abnormal,/content/MURA_abnormal_train/XR_FINGER/patient03453/study1_positive/image2.png,True,5544,5544,5,29.456814,0.912536443148688,peripheral,peripheral,MURA_TT_1019
MURA-v1.1/train/XR_ELBOW/patient05345/study1_positive/image2.png,XR_ELBOW,patient05345,study1_positive,1,image2.png,train,/content/drive/MyDrive/MURA-v1.1/train/XR_ELBOW/patient05345/study1_positive/image2.png,train/XR_ELBOW/patient05345/study1_positive,1,abnormal,/content/MURA_abnormal_train/XR_ELBOW/patient05345/study1_positive/image2.png,True,8357,8357,4,37.279297,0.9202127659574468,peripheral,peripheral,MURA_TT_1020
MURA-v1.1/train/XR_ELBOW/patient05202/study1_positive/image2.png,XR_ELBOW,patient05202,study1_positive,1,image2.png,train,/content/drive/MyDrive/MURA-v1.1/train/XR_ELBOW/patient05202/study1_positive/image2.png,train/XR_ELBOW/patient05202/study1_positive,1,abnormal,/content/MURA_abnormal_train/XR_ELBOW/patient05202/study1_positive/image2.png,True,7837,7837,0,28.680641,0.7755102040816326,intermediate,intermediate,MURA_TT_1021
MURA-v1.1/train/XR_FINGER/patient03327/study1_positive/image1.png,XR_FINGER,patient03327,study1_positive,1,image1.png,train,/content/drive/MyDrive/MURA-v1.1/train/XR_FINGER/patient03327/study1_positive/image1.png,train/XR_FINGER/patient03327/study1_positive,1,abnormal,/content/MURA_abnormal_train/XR_FINGER/patient03327/study1_positive/image1.png,True,5128,5128,5,24.185816,0.5014577259475219,intermediate,intermediate,MURA_TT_1022
MURA-v1.1/train/XR_ELBOW/patient05394/study1_positive/image2.png,XR_ELBOW,patient05394,study1_positive,1,image2.png,train,/content/drive/MyDrive/MURA-v1.1/train/XR_ELBOW/patient05394/study1_positive/image2.png,train/XR_ELBOW/patient05394/study1_positive,1,abnormal,/content/MURA_abnormal_train/XR_ELBOW/patient05394/study1_positive/image2.png,True,8514,8514,5,27.435505,0.4604105571847507,central,central,MURA_TT_1023
MURA-v1.1/train/XR_HAND/patient09769/study1_positive/image1.png,XR_HAND,patient09769,study1_positive,1,image1.png,train,/content/drive/MyDrive/MURA-v1.1/train/XR_HAND/patient09769/study1_positive/image1.png,train/XR_HAND/patient09769/study1_positive,1,abnormal,/content/MURA_abnormal_train/XR_HAND/patient09769/study1_positive/image1.png,True,13518,13518,4,22.52943,0.1220338983050847,central,central,MURA_TT_1024
MURA-v1.1/train/XR_HUMERUS/patient02723/study1_positive/image1.png,XR_HUMERUS,patient02723,study1_positive,1,image1.png,train,/content/drive/MyDrive/MURA-v1.1/train/XR_HUMERUS/patient02723/study1_positive/image1.png,train/XR_HUMERUS/patient02723/study1_positive,1,abnormal,/content/MURA_abnormal_train/XR_HUMERUS/patient02723/study1_positive/image1.png,True,4238,4238,3,23.034513,0.1397379912663755,central,central,MURA_TT_1025
MURA-v1.1/train/XR_SHOULDER/patient00460/study2_positive/image2.png,XR_SHOULDER,patient00460,study2_positive,1,image2.png,train,/content/drive/MyDrive/MURA-v1.1/train/XR_SHOULDER/patient00460/study2_positive/image2.png,train/XR_SHOULDER/patient00460/study2_positive,1,abnormal,/content/MURA_abnormal_train/XR_SHOULDER/patient00460/study2_positive/image2.png,True,1390,1390,4,29.899286,0.4886128364389234,central,central,MURA_TT_1026
MURA-v1.1/train/XR_WRIST/patient07074/study1_positive/image1.png,XR_WRIST,patient07074,study1_positive,1,image1.png,train,/content/drive/MyDrive/MURA-v1.1/train/XR_WRIST/patient07074/study1_positive/image1.png,train/XR_WRIST/patient07074/study1_positive,1,abnormal,/content/MURA_abnormal_train/XR_WRIST/patient07074/study1_positive/image1.png,True,11378,11378,6,21.951262,0.0108108108108108,central,central,MURA_TT_1027
MURA-v1.1/train/XR_HAND/patient07575/study1_positive/image3.png,XR_HAND,patient07575,study1_positive,1,image3.png,train,/content/drive/MyDrive/MURA-v1.1/train/XR_HAND/patient07575/study1_positive/image3.png,train/XR_HAND/patient07575/study1_positive,1,abnormal,/content/MURA_abnormal_train/XR_HAND/patient07575/study1_positive/image3.png,True,13490,13490,2,25.634636,0.4353312302839117,central,central,MURA_TT_1028
MURA-v1.1/train/XR_SHOULDER/patient01398/study1_positive/image3.png,XR_SHOULDER,patient01398,study1_positive,1,image3.png,train,/content/drive/MyDrive/MURA-v1.1/train/XR_SHOULDER/patient01398/study1_positive/image3.png,train/XR_SHOULDER/patient01398/study1_positive,1,abnormal,/content/MURA_abnormal_train/XR_SHOULDER/patient01398/study1_positive/image3.png,True,4113,4113,3,29.294647,0.642023346303502,intermediate,intermediate,MURA_TT_1029
MURA-v1.1/train/XR_WRIST/patient07395/study1_positive/image3.png,XR_WRIST,patient07395,study1_positive,1,image3.png,train,/content/drive/MyDrive/MURA-v1.1/train/XR_WRIST/patient07395/study1_positive/image3.png,train/XR_WRIST/patient07395/study1_positive,1,abnormal,/content/MURA_abnormal_train/XR_WRIST/patient07395/study1_positive/image3.png,True,12586,12586,2,22.295118,0.2091503267973856,central,central,MURA_TT_1030
MURA-v1.1/train/XR_WRIST/patient06381/study1_positive/image3.png,XR_WRIST,patient06381,study1_positive,1,image3.png,train,/content/drive/MyDrive/MURA-v1.1/train/XR_WRIST/patient06381/study1_positive/image3.png,train/XR_WRIST/patient06381/study1_positive,1,abnormal,/content/MURA_abnormal_train/XR_WRIST/patient06381/study1_positive/image3.png,True,8830,8830,8,26.05563,0.6687116564417178,intermediate,intermediate,MURA_TT_1031
MURA-v1.1/train/XR_FOREARM/patient09289/study1_positive/image1.png,XR_FOREARM,patient09289,study1_positive,1,image1.png,train,/content/drive/MyDrive/MURA-v1.1/train/XR_FOREARM/patient09289/study1_positive/image1.png,train/XR_FOREARM/patient09289/study1_positive,1,abnormal,/content/MURA_abnormal_train/XR_FOREARM/patient09289/study1_positive/image1.png,True,13354,13354,3,23.506786,0.3008849557522124,central,central,MURA_TT_1032
MURA-v1.1/train/XR_SHOULDER/patient01104/study1_positive/image3.png,XR_SHOULDER,patient01104,study1_positive,1,image3.png,train,/content/drive/MyDrive/MURA-v1.1/train/XR_SHOULDER/patient01104/study1_positive/image3.png,train/XR_SHOULDER/patient01104/study1_positive,1,abnormal,/content/MURA_abnormal_train/XR_SHOULDER/patient01104/study1_positive/image3.png,True,3285,3285,0,25.835749,0.6977077363896849,intermediate,intermediate,MURA_TT_1033
MURA-v1.1/train/XR_FINGER/patient03518/study1_positive/image1.png,XR_FINGER,patient03518,study1_positive,1,image1.png,train,/content/drive/MyDrive/MURA-v1.1/train/XR_FINGER/patient03518/study1_positive/image1.png,train/XR_FINGER/patient03518/study1_positive,1,abnormal,/content/MURA_abnormal_train/XR_FINGER/patient03518/study1_positive/image1.png,True,5755,5755,0,38.407,0.9384615384615383,peripheral,peripheral,MURA_TT_1034
MURA-v1.1/train/XR_FOREARM/patient09243/study1_positive/image1.png,XR_FOREARM,patient09243,study1_positive,1,image1.png,train,/content/drive/MyDrive/MURA-v1.1/train/XR_FOREARM/patient09243/study1_positive/image1.png,train/XR_FOREARM/patient09243/study1_positive,1,abnormal,/content/MURA_abnormal_train/XR_FOREARM/patient09243/study1_positive/image1.png,True,13214,13214,3,34.715904,0.9424778761061948,peripheral,peripheral,MURA_TT_1035
MURA-v1.1/train/XR_SHOULDER/patient01078/study1_positive/image4.png,XR_SHOULDER,patient01078,study1_positive,1,image4.png,train,/content/drive/MyDrive/MURA-v1.1/train/XR_SHOULDER/patient01078/study1_positive/image4.png,train/XR_SHOULDER/patient01078/study1_positive,1,abnormal,/content/MURA_abnormal_train/XR_SHOULDER/patient01078/study1_positive/image4.png,True,3212,3212,5,20.410492,0.1355450236966824,central,central,MURA_TT_1036
MURA-v1.1/train/XR_FINGER/patient03659/study1_positive/image1.png,XR_FINGER,patient03659,study1_positive,1,image1.png,train,/content/drive/MyDrive/MURA-v1.1/train/XR_FINGER/patient03659/study1_positive/image1.png,train/XR_FINGER/patient03659/study1_positive,1,abnormal,/content/MURA_abnormal_train/XR_FINGER/patient03659/study1_positive/image1.png,True,6230,6230,3,22.738863,0.2756183745583039,central,central,MURA_TT_1037
MURA-v1.1/train/XR_FOREARM/patient09156/study1_positive/image2.png,XR_FOREARM,patient09156,study1_positive,1,image2.png,train,/content/drive/MyDrive/MURA-v1.1/train/XR_FOREARM/patient09156/study1_positive/image2.png,train/XR_FOREARM/patient09156/study1_positive,1,abnormal,/content/MURA_abnormal_train/XR_FOREARM/patient09156/study1_positive/image2.png,True,12939,12939,1,23.165087,0.073170731707317,central,central,MURA_TT_1038
MURA-v1.1/train/XR_WRIST/patient01693/study1_positive/image2.png,XR_WRIST,patient01693,study1_positive,1,image2.png,train,/content/drive/MyDrive/MURA-v1.1/train/XR_WRIST/patient01693/study1_positive/image2.png,train/XR_WRIST/patient01693/study1_positive,1,abnormal,/content/MURA_abnormal_train/XR_WRIST/patient01693/study1_positive/image2.png,True,12614,12614,8,21.400553,0.1820040899795501,central,central,MURA_TT_1039
MURA-v1.1/train/XR_FOREARM/patient09151/study1_positive/image2.png,XR_FOREARM,patient09151,study1_positive,1,image2.png,train,/content/drive/MyDrive/MURA-v1.1/train/XR_FOREARM/patient09151/study1_positive/image2.png,train/XR_FOREARM/patient09151/study1_positive,1,abnormal,/content/MURA_abnormal_train/XR_FOREARM/patient09151/study1_positive/image2.png,True,12915,12915,2,20.336554,0.1587301587301587,central,central,MURA_TT_1040
MURA-v1.1/train/XR_SHOULDER/patient00587/study1_positive/image3.png,XR_SHOULDER,patient00587,study1_positive,1,image3.png,train,/content/drive/MyDrive/MURA-v1.1/train/XR_SHOULDER/patient00587/study1_positive/image3.png,train/XR_SHOULDER/patient00587/study1_positive,1,abnormal,/content/MURA_abnormal_train/XR_SHOULDER/patient00587/study1_positive/image3.png,True,1779,1779,0,20.570055,0.2177650429799427,central,central,MURA_TT_1041
MURA-v1.1/train/XR_HUMERUS/patient02853/study1_positive/image2.png,XR_HUMERUS,patient02853,study1_positive,1,image2.png,train,/content/drive/MyDrive/MURA-v1.1/train/XR_HUMERUS/patient02853/study1_positive/image2.png,train/XR_HUMERUS/patient02853/study1_positive,1,abnormal,/content/MURA_abnormal_train/XR_HUMERUS/patient02853/study1_positive/image2.png,True,4559,4559,2,23.43126,0.3427230046948357,central,central,MURA_TT_1042
MURA-v1.1/train/XR_ELBOW/patient05156/study1_positive/image3.png,XR_ELBOW,patient05156,study1_positive,1,image3.png,train,/content/drive/MyDrive/MURA-v1.1/train/XR_ELBOW/patient05156/study1_positive/image3.png,train/XR_ELBOW/patient05156/study1_positive,1,abnormal,/content/MURA_abnormal_train/XR_ELBOW/patient05156/study1_positive/image3.png,True,7659,7659,4,36.16248,0.8856382978723404,peripheral,peripheral,MURA_TT_1043
MURA-v1.1/train/XR_HUMERUS/patient02760/study1_positive/image1.png,XR_HUMERUS,patient02760,study1_positive,1,image1.png,train,/content/drive/MyDrive/MURA-v1.1/train/XR_HUMERUS/patient02760/study1_positive/image1.png,train/XR_HUMERUS/patient02760/study1_positive,1,abnormal,/content/MURA_abnormal_train/XR_HUMERUS/patient02760/study1_positive/image1.png,True,4330,4330,3,23.804987,0.2008733624454148,central,central,MURA_TT_1044
MURA-v1.1/train/XR_SHOULDER/patient00649/study1_positive/image4.png,XR_SHOULDER,patient00649,study1_positive,1,image4.png,train,/content/drive/MyDrive/MURA-v1.1/train/XR_SHOULDER/patient00649/study1_positive/image4.png,train/XR_SHOULDER/patient00649/study1_positive,1,abnormal,/content/MURA_abnormal_train/XR_SHOULDER/patient00649/study1_positive/image4.png,True,1961,1961,2,30.116385,0.7832929782082324,intermediate,intermediate,MURA_TT_1045
MURA-v1.1/train/XR_SHOULDER/patient00919/study1_positive/image4.png,XR_SHOULDER,patient00919,study1_positive,1,image4.png,train,/content/drive/MyDrive/MURA-v1.1/train/XR_SHOULDER/patient00919/study1_positive/image4.png,train/XR_SHOULDER/patient00919/study1_positive,1,abnormal,/content/MURA_abnormal_train/XR_SHOULDER/patient00919/study1_positive/image4.png,True,2763,2763,2,23.508738,0.1561743341404358,central,central,MURA_TT_1046
MURA-v1.1/train/XR_ELBOW/patient05182/study1_positive/image1.png,XR_ELBOW,patient05182,study1_positive,1,image1.png,train,/content/drive/MyDrive/MURA-v1.1/train/XR_ELBOW/patient05182/study1_positive/image1.png,train/XR_ELBOW/patient05182/study1_positive,1,abnormal,/content/MURA_abnormal_train/XR_ELBOW/patient05182/study1_positive/image1.png,True,7760,7760,1,17.496914,0.0797665369649805,central,central,MURA_TT_1047
MURA-v1.1/train/XR_ELBOW/patient05220/study1_positive/image2.png,XR_ELBOW,patient05220,study1_positive,1,image2.png,train,/content/drive/MyDrive/MURA-v1.1/train/XR_ELBOW/patient05220/study1_positive/image2.png,train/XR_ELBOW/patient05220/study1_positive,1,abnormal,/content/MURA_abnormal_train/XR_ELBOW/patient05220/study1_positive/image2.png,True,7904,7904,0,20.305317,0.0408163265306122,central,central,MURA_TT_1048
MURA-v1.1/train/XR_ELBOW/patient05065/study1_positive/image2.png,XR_ELBOW,patient05065,study1_positive,1,image2.png,train,/content/drive/MyDrive/MURA-v1.1/train/XR_ELBOW/patient05065/study1_positive/image2.png,train/XR_ELBOW/patient05065/study1_positive,1,abnormal,/content/MURA_abnormal_train/XR_ELBOW/patient05065/study1_positive/image2.png,True,7330,7330,2,22.618244,0.2664359861591695,central,central,MURA_TT_1049
MURA-v1.1/train/XR_FINGER/patient03487/study1_positive/image2.png,XR_FINGER,patient03487,study1_positive,1,image2.png,train,/content/drive/MyDrive/MURA-v1.1/train/XR_FINGER/patient03487/study1_positive/image2.png,train/XR_FINGER/patient03487/study1_positive,1,abnormal,/content/MURA_abnormal_train/XR_FINGER/patient03487/study1_positive/image2.png,True,5655,5655,5,25.46458,0.6297376093294461,intermediate,intermediate,MURA_TT_1050
MURA-v1.1/train/XR_HAND/patient09786/study1_positive/image2.png,XR_HAND,patient09786,study1_positive,1,image2.png,train,/content/drive/MyDrive/MURA-v1.1/train/XR_HAND/patient09786/study1_positive/image2.png,train/XR_HAND/patient09786/study1_positive,1,abnormal,/content/MURA_abnormal_train/XR_HAND/patient09786/study1_positive/image2.png,True,13584,13584,1,32.6292,0.7385159010600707,intermediate,intermediate,MURA_TT_1051
MURA-v1.1/train/XR_SHOULDER/patient00532/study1_positive/image1.png,XR_SHOULDER,patient00532,study1_positive,1,image1.png,train,/content/drive/MyDrive/MURA-v1.1/train/XR_SHOULDER/patient00532/study1_positive/image1.png,train/XR_SHOULDER/patient00532/study1_positive,1,abnormal,/content/MURA_abnormal_train/XR_SHOULDER/patient00532/study1_positive/image1.png,True,1613,1613,4,32.1481,0.7163561076604554,intermediate,intermediate,MURA_TT_1052
MURA-v1.1/train/XR_ELBOW/patient01422/study1_positive/image2.png,XR_ELBOW,patient01422,study1_positive,1,image2.png,train,/content/drive/MyDrive/MURA-v1.1/train/XR_ELBOW/patient01422/study1_positive/image2.png,train/XR_ELBOW/patient01422/study1_positive,1,abnormal,/content/MURA_abnormal_train/XR_ELBOW/patient01422/study1_positive/image2.png,True,7260,7260,1,16.956177,0.0408560311284046,central,central,MURA_TT_1053
MURA-v1.1/train/XR_WRIST/patient07262/study1_positive/image1.png,XR_WRIST,patient07262,study1_positive,1,image1.png,train,/content/drive/MyDrive/MURA-v1.1/train/XR_WRIST/patient07262/study1_positive/image1.png,train/XR_WRIST/patient07262/study1_positive,1,abnormal,/content/MURA_abnormal_train/XR_WRIST/patient07262/study1_positive/image1.png,True,12119,12119,2,19.682411,0.0435729847494553,central,central,MURA_TT_1054
MURA-v1.1/train/XR_WRIST/patient06835/study1_positive/image3.png,XR_WRIST,patient06835,study1_positive,1,image3.png,train,/content/drive/MyDrive/MURA-v1.1/train/XR_WRIST/patient06835/study1_positive/image3.png,train/XR_WRIST/patient06835/study1_positive,1,abnormal,/content/MURA_abnormal_train/XR_WRIST/patient06835/study1_positive/image3.png,True,10492,10492,1,29.182117,0.8178368121442126,peripheral,peripheral,MURA_TT_1055
MURA-v1.1/train/XR_WRIST/patient06765/study1_positive/image2.png,XR_WRIST,patient06765,study1_positive,1,image2.png,train,/content/drive/MyDrive/MURA-v1.1/train/XR_WRIST/patient06765/study1_positive/image2.png,train/XR_WRIST/patient06765/study1_positive,1,abnormal,/content/MURA_abnormal_train/XR_WRIST/patient06765/study1_positive/image2.png,True,10216,10216,5,21.095001,0.1851239669421487,central,central,MURA_TT_1056
MURA-v1.1/train/XR_WRIST/patient07178/study1_positive/image3.png,XR_WRIST,patient07178,study1_positive,1,image3.png,train,/content/drive/MyDrive/MURA-v1.1/train/XR_WRIST/patient07178/study1_positive/image3.png,train/XR_WRIST/patient07178/study1_positive,1,abnormal,/content/MURA_abnormal_train/XR_WRIST/patient07178/study1_positive/image3.png,True,11796,11796,5,22.620611,0.3421487603305785,central,central,MURA_TT_1057
MURA-v1.1/train/XR_SHOULDER/patient00090/study1_positive/image2.png,XR_SHOULDER,patient00090,study1_positive,1,image2.png,train,/content/drive/MyDrive/MURA-v1.1/train/XR_SHOULDER/patient00090/study1_positive/image2.png,train/XR_SHOULDER/patient00090/study1_positive,1,abnormal,/content/MURA_abnormal_train/XR_SHOULDER/patient00090/study1_positive/image2.png,True,264,264,5,30.017136,0.9251184834123224,peripheral,peripheral,MURA_TT_1058
MURA-v1.1/train/XR_HUMERUS/patient02726/study1_positive/image1.png,XR_HUMERUS,patient02726,study1_positive,1,image1.png,train,/content/drive/MyDrive/MURA-v1.1/train/XR_HUMERUS/patient02726/study1_positive/image1.png,train/XR_HUMERUS/patient02726/study1_positive,1,abnormal,/content/MURA_abnormal_train/XR_HUMERUS/patient02726/study1_positive/image1.png,True,4249,4249,3,29.996288,0.7292576419213974,intermediate,intermediate,MURA_TT_1059
MURA-v1.1/train/XR_FINGER/patient01380/study1_positive/image2.png,XR_FINGER,patient01380,study1_positive,1,image2.png,train,/content/drive/MyDrive/MURA-v1.1/train/XR_FINGER/patient01380/study1_positive/image2.png,train/XR_FINGER/patient01380/study1_positive,1,abnormal,/content/MURA_abnormal_train/XR_FINGER/patient01380/study1_positive/image2.png,True,5098,5098,1,33.296257,0.9345454545454546,peripheral,peripheral,MURA_TT_1060
MURA-v1.1/train/XR_WRIST/patient06453/study1_positive/image1.png,XR_WRIST,patient06453,study1_positive,1,image1.png,train,/content/drive/MyDrive/MURA-v1.1/train/XR_WRIST/patient06453/study1_positive/image1.png,train/XR_WRIST/patient06453/study1_positive,1,abnormal,/content/MURA_abnormal_train/XR_WRIST/patient06453/study1_positive/image1.png,True,9088,9088,1,23.906254,0.3738140417457306,central,central,MURA_TT_1061
MURA-v1.1/train/XR_WRIST/patient06830/study1_positive/image1.png,XR_WRIST,patient06830,study1_positive,1,image1.png,train,/content/drive/MyDrive/MURA-v1.1/train/XR_WRIST/patient06830/study1_positive/image1.png,train/XR_WRIST/patient06830/study1_positive,1,abnormal,/content/MURA_abnormal_train/XR_WRIST/patient06830/study1_positive/image1.png,True,10475,10475,6,28.37378,0.3891891891891892,central,central,MURA_TT_1062
MURA-v1.1/train/XR_HUMERUS/patient02718/study1_positive/image3.png,XR_HUMERUS,patient02718,study1_positive,1,image3.png,train,/content/drive/MyDrive/MURA-v1.1/train/XR_HUMERUS/patient02718/study1_positive/image3.png,train/XR_HUMERUS/patient02718/study1_positive,1,abnormal,/content/MURA_abnormal_train/XR_HUMERUS/patient02718/study1_positive/image3.png,True,4221,4221,1,29.992172,0.45,central,central,MURA_TT_1063
MURA-v1.1/train/XR_HUMERUS/patient02724/study1_positive/image1.png,XR_HUMERUS,patient02724,study1_positive,1,image1.png,train,/content/drive/MyDrive/MURA-v1.1/train/XR_HUMERUS/patient02724/study1_positive/image1.png,train/XR_HUMERUS/patient02724/study1_positive,1,abnormal,/content/MURA_abnormal_train/XR_HUMERUS/patient02724/study1_positive/image1.png,True,4240,4240,1,29.036324,0.4,central,central,MURA_TT_1064
MURA-v1.1/train/XR_SHOULDER/patient00128/study1_positive/image4.png,XR_SHOULDER,patient00128,study1_positive,1,image4.png,train,/content/drive/MyDrive/MURA-v1.1/train/XR_SHOULDER/patient00128/study1_positive/image4.png,train/XR_SHOULDER/patient00128/study1_positive,1,abnormal,/content/MURA_abnormal_train/XR_SHOULDER/patient00128/study1_positive/image4.png,True,387,387,2,22.83225,0.1089588377723971,central,central,MURA_TT_1065
MURA-v1.1/train/XR_SHOULDER/patient01153/study1_positive/image1.png,XR_SHOULDER,patient01153,study1_positive,1,image1.png,train,/content/drive/MyDrive/MURA-v1.1/train/XR_SHOULDER/patient01153/study1_positive/image1.png,train/XR_SHOULDER/patient01153/study1_positive,1,abnormal,/content/MURA_abnormal_train/XR_SHOULDER/patient01153/study1_positive/image1.png,True,3421,3421,2,33.240883,0.9225181598062954,peripheral,peripheral,MURA_TT_1066
MURA-v1.1/train/XR_WRIST/patient07346/study1_positive/image1.png,XR_WRIST,patient07346,study1_positive,1,image1.png,train,/content/drive/MyDrive/MURA-v1.1/train/XR_WRIST/patient07346/study1_positive/image1.png,train/XR_WRIST/patient07346/study1_positive,1,abnormal,/content/MURA_abnormal_train/XR_WRIST/patient07346/study1_positive/image1.png,True,12422,12422,3,26.579866,0.4329501915708812,central,central,MURA_TT_1067
MURA-v1.1/train/XR_FOREARM/patient09295/study1_positive/image2.png,XR_FOREARM,patient09295,study1_positive,1,image2.png,train,/content/drive/MyDrive/MURA-v1.1/train/XR_FOREARM/patient09295/study1_positive/image2.png,train/XR_FOREARM/patient09295/study1_positive,1,abnormal,/content/MURA_abnormal_train/XR_FOREARM/patient09295/study1_positive/image2.png,True,13376,13376,3,21.846672,0.1548672566371681,central,central,MURA_TT_1068
MURA-v1.1/train/XR_FINGER/patient03274/study1_positive/image3.png,XR_FINGER,patient03274,study1_positive,1,image3.png,train,/content/drive/MyDrive/MURA-v1.1/train/XR_FINGER/patient03274/study1_positive/image3.png,train/XR_FINGER/patient03274/study1_positive,1,abnormal,/content/MURA_abnormal_train/XR_FINGER/patient03274/study1_positive/image3.png,True,4941,4941,2,23.762152,0.3454038997214484,central,central,MURA_TT_1069
MURA-v1.1/train/XR_ELBOW/patient05107/study1_positive/image3.png,XR_ELBOW,patient05107,study1_positive,1,image3.png,train,/content/drive/MyDrive/MURA-v1.1/train/XR_ELBOW/patient05107/study1_positive/image3.png,train/XR_ELBOW/patient05107/study1_positive,1,abnormal,/content/MURA_abnormal_train/XR_ELBOW/patient05107/study1_positive/image3.png,True,7476,7476,1,18.962471,0.1964980544747081,central,central,MURA_TT_1070
MURA-v1.1/train/XR_ELBOW/patient04943/study1_positive/image1.png,XR_ELBOW,patient04943,study1_positive,1,image1.png,train,/content/drive/MyDrive/MURA-v1.1/train/XR_ELBOW/patient04943/study1_positive/image1.png,train/XR_ELBOW/patient04943/study1_positive,1,abnormal,/content/MURA_abnormal_train/XR_ELBOW/patient04943/study1_positive/image1.png,True,6866,6866,0,22.071293,0.1405895691609977,central,central,MURA_TT_1071
MURA-v1.1/train/XR_SHOULDER/patient01214/study1_positive/image1.png,XR_SHOULDER,patient01214,study1_positive,1,image1.png,train,/content/drive/MyDrive/MURA-v1.1/train/XR_SHOULDER/patient01214/study1_positive/image1.png,train/XR_SHOULDER/patient01214/study1_positive,1,abnormal,/content/MURA_abnormal_train/XR_SHOULDER/patient01214/study1_positive/image1.png,True,3603,3603,4,26.396875,0.1262939958592132,central,central,MURA_TT_1072
MURA-v1.1/train/XR_FINGER/patient03625/study1_positive/image3.png,XR_FINGER,patient03625,study1_positive,1,image3.png,train,/content/drive/MyDrive/MURA-v1.1/train/XR_FINGER/patient03625/study1_positive/image3.png,train/XR_FINGER/patient03625/study1_positive,1,abnormal,/content/MURA_abnormal_train/XR_FINGER/patient03625/study1_positive/image3.png,True,6118,6118,5,22.292088,0.271137026239067,central,central,MURA_TT_1073
MURA-v1.1/train/XR_WRIST/patient06931/study1_positive/image2.png,XR_WRIST,patient06931,study1_positive,1,image2.png,train,/content/drive/MyDrive/MURA-v1.1/train/XR_WRIST/patient06931/study1_positive/image2.png,train/XR_WRIST/patient06931/study1_positive,1,abnormal,/content/MURA_abnormal_train/XR_WRIST/patient06931/study1_positive/image2.png,True,10839,10839,5,25.886103,0.7041322314049587,intermediate,intermediate,MURA_TT_1074
MURA-v1.1/train/XR_ELBOW/patient05456/study1_positive/image2.png,XR_ELBOW,patient05456,study1_positive,1,image2.png,train,/content/drive/MyDrive/MURA-v1.1/train/XR_ELBOW/patient05456/study1_positive/image2.png,train/XR_ELBOW/patient05456/study1_positive,1,abnormal,/content/MURA_abnormal_train/XR_ELBOW/patient05456/study1_positive/image2.png,True,8733,8733,0,30.0161,0.8526077097505669,peripheral,peripheral,MURA_TT_1075
MURA-v1.1/train/XR_FOREARM/patient09206/study1_positive/image2.png,XR_FOREARM,patient09206,study1_positive,1,image2.png,train,/content/drive/MyDrive/MURA-v1.1/train/XR_FOREARM/patient09206/study1_positive/image2.png,train/XR_FOREARM/patient09206/study1_positive,1,abnormal,/content/MURA_abnormal_train/XR_FOREARM/patient09206/study1_positive/image2.png,True,13121,13121,2,30.202755,0.8888888888888888,peripheral,peripheral,MURA_TT_1076
MURA-v1.1/train/XR_FINGER/patient03769/study1_positive/image3.png,XR_FINGER,patient03769,study1_positive,1,image3.png,train,/content/drive/MyDrive/MURA-v1.1/train/XR_FINGER/patient03769/study1_positive/image3.png,train/XR_FINGER/patient03769/study1_positive,1,abnormal,/content/MURA_abnormal_train/XR_FINGER/patient03769/study1_positive/image3.png,True,6610,6610,0,27.822351,0.3815384615384615,central,central,MURA_TT_1077
MURA-v1.1/train/XR_FOREARM/patient09210/study1_positive/image2.png,XR_FOREARM,patient09210,study1_positive,1,image2.png,train,/content/drive/MyDrive/MURA-v1.1/train/XR_FOREARM/patient09210/study1_positive/image2.png,train/XR_FOREARM/patient09210/study1_positive,1,abnormal,/content/MURA_abnormal_train/XR_FOREARM/patient09210/study1_positive/image2.png,True,13131,13131,5,22.169292,0.2058823529411764,central,central,MURA_TT_1078
MURA-v1.1/train/XR_FOREARM/patient09248/study1_positive/image2.png,XR_FOREARM,patient09248,study1_positive,1,image2.png,train,/content/drive/MyDrive/MURA-v1.1/train/XR_FOREARM/patient09248/study1_positive/image2.png,train/XR_FOREARM/patient09248/study1_positive,1,abnormal,/content/MURA_abnormal_train/XR_FOREARM/patient09248/study1_positive/image2.png,True,13231,13231,2,19.205547,0.1111111111111111,central,central,MURA_TT_1079
MURA-v1.1/train/XR_ELBOW/patient05431/study1_positive/image3.png,XR_ELBOW,patient05431,study1_positive,1,image3.png,train,/content/drive/MyDrive/MURA-v1.1/train/XR_ELBOW/patient05431/study1_positive/image3.png,train/XR_ELBOW/patient05431/study1_positive,1,abnormal,/content/MURA_abnormal_train/XR_ELBOW/patient05431/study1_positive/image3.png,True,8643,8643,0,24.958736,0.4625850340136054,central,central,MURA_TT_1080
MURA-v1.1/train/XR_HAND/patient09749/study1_positive/image1.png,XR_HAND,patient09749,study1_positive,1,image1.png,train,/content/drive/MyDrive/MURA-v1.1/train/XR_HAND/patient09749/study1_positive/image1.png,train/XR_HAND/patient09749/study1_positive,1,abnormal,/content/MURA_abnormal_train/XR_HAND/patient09749/study1_positive/image1.png,True,13440,13440,1,24.104582,0.1024734982332155,central,central,MURA_TT_1081
MURA-v1.1/train/XR_HUMERUS/patient02702/study1_positive/image1.png,XR_HUMERUS,patient02702,study1_positive,1,image1.png,train,/content/drive/MyDrive/MURA-v1.1/train/XR_HUMERUS/patient02702/study1_positive/image1.png,train/XR_HUMERUS/patient02702/study1_positive,1,abnormal,/content/MURA_abnormal_train/XR_HUMERUS/patient02702/study1_positive/image1.png,True,4182,4182,2,23.319746,0.323943661971831,central,central,MURA_TT_1082
MURA-v1.1/train/XR_FINGER/patient03426/study1_positive/image1.png,XR_FINGER,patient03426,study1_positive,1,image1.png,train,/content/drive/MyDrive/MURA-v1.1/train/XR_FINGER/patient03426/study1_positive/image1.png,train/XR_FINGER/patient03426/study1_positive,1,abnormal,/content/MURA_abnormal_train/XR_FINGER/patient03426/study1_positive/image1.png,True,5449,5449,1,25.90851,0.4363636363636363,central,central,MURA_TT_1083
MURA-v1.1/train/XR_ELBOW/patient05339/study1_positive/image2.png,XR_ELBOW,patient05339,study1_positive,1,image2.png,train,/content/drive/MyDrive/MURA-v1.1/train/XR_ELBOW/patient05339/study1_positive/image2.png,train/XR_ELBOW/patient05339/study1_positive,1,abnormal,/content/MURA_abnormal_train/XR_ELBOW/patient05339/study1_positive/image2.png,True,8337,8337,0,29.066902,0.800453514739229,peripheral,peripheral,MURA_TT_1084
MURA-v1.1/train/XR_WRIST/patient04568/study1_positive/image3.png,XR_WRIST,patient04568,study1_positive,1,image3.png,train,/content/drive/MyDrive/MURA-v1.1/train/XR_WRIST/patient04568/study1_positive/image3.png,train/XR_WRIST/patient04568/study1_positive,1,abnormal,/content/MURA_abnormal_train/XR_WRIST/patient04568/study1_positive/image3.png,True,9624,9624,4,26.63132,0.4610951008645533,central,central,MURA_TT_1085
MURA-v1.1/train/XR_ELBOW/patient05138/study1_positive/image1.png,XR_ELBOW,patient05138,study1_positive,1,image1.png,train,/content/drive/MyDrive/MURA-v1.1/train/XR_ELBOW/patient05138/study1_positive/image1.png,train/XR_ELBOW/patient05138/study1_positive,1,abnormal,/content/MURA_abnormal_train/XR_ELBOW/patient05138/study1_positive/image1.png,True,7589,7589,1,22.814886,0.5544747081712063,intermediate,intermediate,MURA_TT_1086
MURA-v1.1/train/XR_FINGER/patient02946/study1_positive/image3.png,XR_FINGER,patient02946,study1_positive,1,image3.png,train,/content/drive/MyDrive/MURA-v1.1/train/XR_FINGER/patient02946/study1_positive/image3.png,train/XR_FINGER/patient02946/study1_positive,1,abnormal,/content/MURA_abnormal_train/XR_FINGER/patient02946/study1_positive/image3.png,True,5630,5630,1,27.01284,0.5672727272727273,intermediate,intermediate,MURA_TT_1087
MURA-v1.1/train/XR_HUMERUS/patient02779/study1_positive/image2.png,XR_HUMERUS,patient02779,study1_positive,1,image2.png,train,/content/drive/MyDrive/MURA-v1.1/train/XR_HUMERUS/patient02779/study1_positive/image2.png,train/XR_HUMERUS/patient02779/study1_positive,1,abnormal,/content/MURA_abnormal_train/XR_HUMERUS/patient02779/study1_positive/image2.png,True,4378,4378,2,25.345892,0.5727699530516432,intermediate,intermediate,MURA_TT_1088
MURA-v1.1/train/XR_ELBOW/patient05063/study1_positive/image2.png,XR_ELBOW,patient05063,study1_positive,1,image2.png,train,/content/drive/MyDrive/MURA-v1.1/train/XR_ELBOW/patient05063/study1_positive/image2.png,train/XR_ELBOW/patient05063/study1_positive,1,abnormal,/content/MURA_abnormal_train/XR_ELBOW/patient05063/study1_positive/image2.png,True,7324,7324,5,26.641098,0.3929618768328445,central,central,MURA_TT_1089
MURA-v1.1/train/XR_ELBOW/patient04940/study1_positive/image2.png,XR_ELBOW,patient04940,study1_positive,1,image2.png,train,/content/drive/MyDrive/MURA-v1.1/train/XR_ELBOW/patient04940/study1_positive/image2.png,train/XR_ELBOW/patient04940/study1_positive,1,abnormal,/content/MURA_abnormal_train/XR_ELBOW/patient04940/study1_positive/image2.png,True,6856,6856,4,30.806929,0.523936170212766,intermediate,intermediate,MURA_TT_1090
MURA-v1.1/train/XR_WRIST/patient07028/study1_positive/image3.png,XR_WRIST,patient07028,study1_positive,1,image3.png,train,/content/drive/MyDrive/MURA-v1.1/train/XR_WRIST/patient07028/study1_positive/image3.png,train/XR_WRIST/patient07028/study1_positive,1,abnormal,/content/MURA_abnormal_train/XR_WRIST/patient07028/study1_positive/image3.png,True,11182,11182,4,27.84662,0.5561959654178674,intermediate,intermediate,MURA_TT_1091
MURA-v1.1/train/XR_HUMERUS/patient02752/study1_positive/image1.png,XR_HUMERUS,patient02752,study1_positive,1,image1.png,train,/content/drive/MyDrive/MURA-v1.1/train/XR_HUMERUS/patient02752/study1_positive/image1.png,train/XR_HUMERUS/patient02752/study1_positive,1,abnormal,/content/MURA_abnormal_train/XR_HUMERUS/patient02752/study1_positive/image1.png,True,4308,4308,3,25.803581,0.4104803493449782,central,central,MURA_TT_1092
MURA-v1.1/train/XR_HAND/patient08998/study1_positive/image2.png,XR_HAND,patient08998,study1_positive,1,image2.png,train,/content/drive/MyDrive/MURA-v1.1/train/XR_HAND/patient08998/study1_positive/image2.png,train/XR_HAND/patient08998/study1_positive,1,abnormal,/content/MURA_abnormal_train/XR_HAND/patient08998/study1_positive/image2.png,True,14862,14862,1,21.411488,0.0106007067137809,central,central,MURA_TT_1093
MURA-v1.1/train/XR_SHOULDER/patient00715/study1_positive/image1.png,XR_SHOULDER,patient00715,study1_positive,1,image1.png,train,/content/drive/MyDrive/MURA-v1.1/train/XR_SHOULDER/patient00715/study1_positive/image1.png,train/XR_SHOULDER/patient00715/study1_positive,1,abnormal,/content/MURA_abnormal_train/XR_SHOULDER/patient00715/study1_positive/image1.png,True,2164,2164,5,27.60764,0.8274881516587678,peripheral,peripheral,MURA_TT_1094
MURA-v1.1/train/XR_SHOULDER/patient01309/study1_positive/image3.png,XR_SHOULDER,patient01309,study1_positive,1,image3.png,train,/content/drive/MyDrive/MURA-v1.1/train/XR_SHOULDER/patient01309/study1_positive/image3.png,train/XR_SHOULDER/patient01309/study1_positive,1,abnormal,/content/MURA_abnormal_train/XR_SHOULDER/patient01309/study1_positive/image3.png,True,3865,3865,5,27.333025,0.8104265402843602,peripheral,peripheral,MURA_TT_1095
MURA-v1.1/train/XR_WRIST/patient07225/study1_positive/image1.png,XR_WRIST,patient07225,study1_positive,1,image1.png,train,/content/drive/MyDrive/MURA-v1.1/train/XR_WRIST/patient07225/study1_positive/image1.png,train/XR_WRIST/patient07225/study1_positive,1,abnormal,/content/MURA_abnormal_train/XR_WRIST/patient07225/study1_positive/image1.png,True,11970,11970,2,24.829443,0.4749455337690632,central,central,MURA_TT_1096
MURA-v1.1/train/XR_FINGER/patient03259/study1_positive/image2.png,XR_FINGER,patient03259,study1_positive,1,image2.png,train,/content/drive/MyDrive/MURA-v1.1/train/XR_FINGER/patient03259/study1_positive/image2.png,train/XR_FINGER/patient03259/study1_positive,1,abnormal,/content/MURA_abnormal_train/XR_FINGER/patient03259/study1_positive/image2.png,True,4891,4891,5,21.587086,0.1836734693877551,central,central,MURA_TT_1097
MURA-v1.1/train/XR_ELBOW/patient05007/study1_positive/image1.png,XR_ELBOW,patient05007,study1_positive,1,image1.png,train,/content/drive/MyDrive/MURA-v1.1/train/XR_ELBOW/patient05007/study1_positive/image1.png,train/XR_ELBOW/patient05007/study1_positive,1,abnormal,/content/MURA_abnormal_train/XR_ELBOW/patient05007/study1_positive/image1.png,True,7120,7120,5,22.266388,0.0381231671554252,central,central,MURA_TT_1098
MURA-v1.1/train/XR_FOREARM/patient03359/study1_positive/image2.png,XR_FOREARM,patient03359,study1_positive,1,image2.png,train,/content/drive/MyDrive/MURA-v1.1/train/XR_FOREARM/patient03359/study1_positive/image2.png,train/XR_FOREARM/patient03359/study1_positive,1,abnormal,/content/MURA_abnormal_train/XR_FOREARM/patient03359/study1_positive/image2.png,True,13229,13229,3,23.286613,0.2787610619469026,central,central,MURA_TT_1099
MURA-v1.1/train/XR_SHOULDER/patient01356/study1_positive/image3.png,XR_SHOULDER,patient01356,study1_positive,1,image3.png,train,/content/drive/MyDrive/MURA-v1.1/train/XR_SHOULDER/patient01356/study1_positive/image3.png,train/XR_SHOULDER/patient01356/study1_positive,1,abnormal,/content/MURA_abnormal_train/XR_SHOULDER/patient01356/study1_positive/image3.png,True,4001,4001,5,22.80308,0.3450236966824644,central,central,MURA_TT_1100
MURA-v1.1/train/XR_FINGER/patient03357/study1_positive/image1.png,XR_FINGER,patient03357,study1_positive,1,image1.png,train,/content/drive/MyDrive/MURA-v1.1/train/XR_FINGER/patient03357/study1_positive/image1.png,train/XR_FINGER/patient03357/study1_positive,1,abnormal,/content/MURA_abnormal_train/XR_FINGER/patient03357/study1_positive/image1.png,True,5224,5224,5,22.327147,0.2740524781341107,central,central,MURA_TT_1101
MURA-v1.1/train/XR_WRIST/patient06798/study1_positive/image3.png,XR_WRIST,patient06798,study1_positive,1,image3.png,train,/content/drive/MyDrive/MURA-v1.1/train/XR_WRIST/patient06798/study1_positive/image3.png,train/XR_WRIST/patient06798/study1_positive,1,abnormal,/content/MURA_abnormal_train/XR_WRIST/patient06798/study1_positive/image3.png,True,10364,10364,8,19.923477,0.0685071574642126,central,central,MURA_TT_1102
MURA-v1.1/train/XR_FOREARM/patient03965/study1_positive/image1.png,XR_FOREARM,patient03965,study1_positive,1,image1.png,train,/content/drive/MyDrive/MURA-v1.1/train/XR_FOREARM/patient03965/study1_positive/image1.png,train/XR_FOREARM/patient03965/study1_positive,1,abnormal,/content/MURA_abnormal_train/XR_FOREARM/patient03965/study1_positive/image1.png,True,13032,13032,1,30.086483,0.6951219512195121,intermediate,intermediate,MURA_TT_1103
MURA-v1.1/train/XR_SHOULDER/patient00895/study1_positive/image2.png,XR_SHOULDER,patient00895,study1_positive,1,image2.png,train,/content/drive/MyDrive/MURA-v1.1/train/XR_SHOULDER/patient00895/study1_positive/image2.png,train/XR_SHOULDER/patient00895/study1_positive,1,abnormal,/content/MURA_abnormal_train/XR_SHOULDER/patient00895/study1_positive/image2.png,True,2689,2689,2,26.976488,0.5024213075060533,intermediate,intermediate,MURA_TT_1104
MURA-v1.1/train/XR_HUMERUS/patient02830/study1_positive/image1.png,XR_HUMERUS,patient02830,study1_positive,1,image1.png,train,/content/drive/MyDrive/MURA-v1.1/train/XR_HUMERUS/patient02830/study1_positive/image1.png,train/XR_HUMERUS/patient02830/study1_positive,1,abnormal,/content/MURA_abnormal_train/XR_HUMERUS/patient02830/study1_positive/image1.png,True,4499,4499,2,21.005333,0.1267605633802817,central,central,MURA_TT_1105
MURA-v1.1/train/XR_SHOULDER/patient00549/study1_positive/image1.png,XR_SHOULDER,patient00549,study1_positive,1,image1.png,train,/content/drive/MyDrive/MURA-v1.1/train/XR_SHOULDER/patient00549/study1_positive/image1.png,train/XR_SHOULDER/patient00549/study1_positive,1,abnormal,/content/MURA_abnormal_train/XR_SHOULDER/patient00549/study1_positive/image1.png,True,1657,1657,2,23.946354,0.1973365617433414,central,central,MURA_TT_1106
MURA-v1.1/train/XR_ELBOW/patient05100/study1_positive/image2.png,XR_ELBOW,patient05100,study1_positive,1,image2.png,train,/content/drive/MyDrive/MURA-v1.1/train/XR_ELBOW/patient05100/study1_positive/image2.png,train/XR_ELBOW/patient05100/study1_positive,1,abnormal,/content/MURA_abnormal_train/XR_ELBOW/patient05100/study1_positive/image2.png,True,7449,7449,1,20.32535,0.3073929961089494,central,central,MURA_TT_1107
MURA-v1.1/train/XR_SHOULDER/patient00566/study2_positive/image3.png,XR_SHOULDER,patient00566,study2_positive,1,image3.png,train,/content/drive/MyDrive/MURA-v1.1/train/XR_SHOULDER/patient00566/study2_positive/image3.png,train/XR_SHOULDER/patient00566/study2_positive,1,abnormal,/content/MURA_abnormal_train/XR_SHOULDER/patient00566/study2_positive/image3.png,True,1725,1725,1,32.86564,0.573134328358209,intermediate,intermediate,MURA_TT_1108
MURA-v1.1/train/XR_ELBOW/patient04669/study1_positive/image2.png,XR_ELBOW,patient04669,study1_positive,1,image2.png,train,/content/drive/MyDrive/MURA-v1.1/train/XR_ELBOW/patient04669/study1_positive/image2.png,train/XR_ELBOW/patient04669/study1_positive,1,abnormal,/content/MURA_abnormal_train/XR_ELBOW/patient04669/study1_positive/image2.png,True,7456,7456,1,19.796658,0.2665369649805447,central,central,MURA_TT_1109
MURA-v1.1/train/XR_FOREARM/patient09293/study1_positive/image1.png,XR_FOREARM,patient09293,study1_positive,1,image1.png,train,/content/drive/MyDrive/MURA-v1.1/train/XR_FOREARM/patient09293/study1_positive/image1.png,train/XR_FOREARM/patient09293/study1_positive,1,abnormal,/content/MURA_abnormal_train/XR_FOREARM/patient09293/study1_positive/image1.png,True,13369,13369,3,24.197317,0.3716814159292035,central,central,MURA_TT_1110
MURA-v1.1/train/XR_FINGER/patient03669/study1_positive/image2.png,XR_FINGER,patient03669,study1_positive,1,image2.png,train,/content/drive/MyDrive/MURA-v1.1/train/XR_FINGER/patient03669/study1_positive/image2.png,train/XR_FINGER/patient03669/study1_positive,1,abnormal,/content/MURA_abnormal_train/XR_FINGER/patient03669/study1_positive/image2.png,True,6266,6266,0,24.484283,0.123076923076923,central,central,MURA_TT_1111
MURA-v1.1/train/XR_HUMERUS/patient02816/study1_positive/image2.png,XR_HUMERUS,patient02816,study1_positive,1,image2.png,train,/content/drive/MyDrive/MURA-v1.1/train/XR_HUMERUS/patient02816/study1_positive/image2.png,train/XR_HUMERUS/patient02816/study1_positive,1,abnormal,/content/MURA_abnormal_train/XR_HUMERUS/patient02816/study1_positive/image2.png,True,4464,4464,3,25.090084,0.3231441048034934,central,central,MURA_TT_1112
MURA-v1.1/train/XR_FINGER/patient03507/study1_positive/image3.png,XR_FINGER,patient03507,study1_positive,1,image3.png,train,/content/drive/MyDrive/MURA-v1.1/train/XR_FINGER/patient03507/study1_positive/image3.png,train/XR_FINGER/patient03507/study1_positive,1,abnormal,/content/MURA_abnormal_train/XR_FINGER/patient03507/study1_positive/image3.png,True,5719,5719,1,31.61562,0.8872727272727273,peripheral,peripheral,MURA_TT_1113
MURA-v1.1/train/XR_HUMERUS/patient02755/study1_positive/image2.png,XR_HUMERUS,patient02755,study1_positive,1,image2.png,train,/content/drive/MyDrive/MURA-v1.1/train/XR_HUMERUS/patient02755/study1_positive/image2.png,train/XR_HUMERUS/patient02755/study1_positive,1,abnormal,/content/MURA_abnormal_train/XR_HUMERUS/patient02755/study1_positive/image2.png,True,4316,4316,3,25.637476,0.388646288209607,central,central,MURA_TT_1114
MURA-v1.1/train/XR_SHOULDER/patient01006/study1_positive/image3.png,XR_SHOULDER,patient01006,study1_positive,1,image3.png,train,/content/drive/MyDrive/MURA-v1.1/train/XR_SHOULDER/patient01006/study1_positive/image3.png,train/XR_SHOULDER/patient01006/study1_positive,1,abnormal,/content/MURA_abnormal_train/XR_SHOULDER/patient01006/study1_positive/image3.png,True,3009,3009,0,20.519205,0.2077363896848137,central,central,MURA_TT_1115
MURA-v1.1/train/XR_HAND/patient10070/study1_positive/image1.png,XR_HAND,patient10070,study1_positive,1,image1.png,train,/content/drive/MyDrive/MURA-v1.1/train/XR_HAND/patient10070/study1_positive/image1.png,train/XR_HAND/patient10070/study1_positive,1,abnormal,/content/MURA_abnormal_train/XR_HAND/patient10070/study1_positive/image1.png,True,14633,14633,2,24.62532,0.3533123028391167,central,central,MURA_TT_1116
MURA-v1.1/train/XR_SHOULDER/patient00023/study1_positive/image2.png,XR_SHOULDER,patient00023,study1_positive,1,image2.png,train,/content/drive/MyDrive/MURA-v1.1/train/XR_SHOULDER/patient00023/study1_positive/image2.png,train/XR_SHOULDER/patient00023/study1_positive,1,abnormal,/content/MURA_abnormal_train/XR_SHOULDER/patient00023/study1_positive/image2.png,True,60,60,5,21.252468,0.2028436018957346,central,central,MURA_TT_1117
MURA-v1.1/train/XR_ELBOW/patient05421/study1_positive/image4.png,XR_ELBOW,patient05421,study1_positive,1,image4.png,train,/content/drive/MyDrive/MURA-v1.1/train/XR_ELBOW/patient05421/study1_positive/image4.png,train/XR_ELBOW/patient05421/study1_positive,1,abnormal,/content/MURA_abnormal_train/XR_ELBOW/patient05421/study1_positive/image4.png,True,8618,8618,1,22.88511,0.5583657587548638,intermediate,intermediate,MURA_TT_1118
MURA-v1.1/train/XR_ELBOW/patient05443/study1_positive/image4.png,XR_ELBOW,patient05443,study1_positive,1,image4.png,train,/content/drive/MyDrive/MURA-v1.1/train/XR_ELBOW/patient05443/study1_positive/image4.png,train/XR_ELBOW/patient05443/study1_positive,1,abnormal,/content/MURA_abnormal_train/XR_ELBOW/patient05443/study1_positive/image4.png,True,8690,8690,0,27.534071,0.7052154195011338,intermediate,intermediate,MURA_TT_1119
MURA-v1.1/train/XR_ELBOW/patient05370/study1_positive/image3.png,XR_ELBOW,patient05370,study1_positive,1,image3.png,train,/content/drive/MyDrive/MURA-v1.1/train/XR_ELBOW/patient05370/study1_positive/image3.png,train/XR_ELBOW/patient05370/study1_positive,1,abnormal,/content/MURA_abnormal_train/XR_ELBOW/patient05370/study1_positive/image3.png,True,8440,8440,2,23.483753,0.3633217993079585,central,central,MURA_TT_1120
MURA-v1.1/train/XR_ELBOW/patient00511/study1_positive/image1.png,XR_ELBOW,patient00511,study1_positive,1,image1.png,train,/content/drive/MyDrive/MURA-v1.1/train/XR_ELBOW/patient00511/study1_positive/image1.png,train/XR_ELBOW/patient00511/study1_positive,1,abnormal,/content/MURA_abnormal_train/XR_ELBOW/patient00511/study1_positive/image1.png,True,7727,7727,4,28.022095,0.1994680851063829,central,central,MURA_TT_1121
MURA-v1.1/train/XR_ELBOW/patient05437/study1_positive/image2.png,XR_ELBOW,patient05437,study1_positive,1,image2.png,train,/content/drive/MyDrive/MURA-v1.1/train/XR_ELBOW/patient05437/study1_positive/image2.png,train/XR_ELBOW/patient05437/study1_positive,1,abnormal,/content/MURA_abnormal_train/XR_ELBOW/patient05437/study1_positive/image2.png,True,8672,8672,0,30.53759,0.8775510204081632,peripheral,peripheral,MURA_TT_1122
MURA-v1.1/train/XR_FINGER/patient00905/study1_positive/image1.png,XR_FINGER,patient00905,study1_positive,1,image1.png,train,/content/drive/MyDrive/MURA-v1.1/train/XR_FINGER/patient00905/study1_positive/image1.png,train/XR_FINGER/patient00905/study1_positive,1,abnormal,/content/MURA_abnormal_train/XR_FINGER/patient00905/study1_positive/image1.png,True,6204,6204,5,30.789452,0.9446064139941692,peripheral,peripheral,MURA_TT_1123
MURA-v1.1/train/XR_ELBOW/patient05170/study1_positive/image3.png,XR_ELBOW,patient05170,study1_positive,1,image3.png,train,/content/drive/MyDrive/MURA-v1.1/train/XR_ELBOW/patient05170/study1_positive/image3.png,train/XR_ELBOW/patient05170/study1_positive,1,abnormal,/content/MURA_abnormal_train/XR_ELBOW/patient05170/study1_positive/image3.png,True,7711,7711,1,20.753317,0.348249027237354,central,central,MURA_TT_1124
MURA-v1.1/train/XR_WRIST/patient07101/study1_positive/image2.png,XR_WRIST,patient07101,study1_positive,1,image2.png,train,/content/drive/MyDrive/MURA-v1.1/train/XR_WRIST/patient07101/study1_positive/image2.png,train/XR_WRIST/patient07101/study1_positive,1,abnormal,/content/MURA_abnormal_train/XR_WRIST/patient07101/study1_positive/image2.png,True,11477,11477,3,29.333206,0.710727969348659,intermediate,intermediate,MURA_TT_1125
MURA-v1.1/train/XR_SHOULDER/patient00205/study1_positive/image2.png,XR_SHOULDER,patient00205,study1_positive,1,image2.png,train,/content/drive/MyDrive/MURA-v1.1/train/XR_SHOULDER/patient00205/study1_positive/image2.png,train/XR_SHOULDER/patient00205/study1_positive,1,abnormal,/content/MURA_abnormal_train/XR_SHOULDER/patient00205/study1_positive/image2.png,True,614,614,5,19.258348,0.0502369668246445,central,central,MURA_TT_1126
MURA-v1.1/train/XR_ELBOW/patient04941/study1_positive/image1.png,XR_ELBOW,patient04941,study1_positive,1,image1.png,train,/content/drive/MyDrive/MURA-v1.1/train/XR_ELBOW/patient04941/study1_positive/image1.png,train/XR_ELBOW/patient04941/study1_positive,1,abnormal,/content/MURA_abnormal_train/XR_ELBOW/patient04941/study1_positive/image1.png,True,6858,6858,4,30.289248,0.4574468085106383,central,central,MURA_TT_1127
MURA-v1.1/train/XR_ELBOW/patient05428/study1_positive/image2.png,XR_ELBOW,patient05428,study1_positive,1,image2.png,train,/content/drive/MyDrive/MURA-v1.1/train/XR_ELBOW/patient05428/study1_positive/image2.png,train/XR_ELBOW/patient05428/study1_positive,1,abnormal,/content/MURA_abnormal_train/XR_ELBOW/patient05428/study1_positive/image2.png,True,8634,8634,2,19.504513,0.0449826989619377,central,central,MURA_TT_1128
MURA-v1.1/train/XR_HAND/patient09935/study1_positive/image2.png,XR_HAND,patient09935,study1_positive,1,image2.png,train,/content/drive/MyDrive/MURA-v1.1/train/XR_HAND/patient09935/study1_positive/image2.png,train/XR_HAND/patient09935/study1_positive,1,abnormal,/content/MURA_abnormal_train/XR_HAND/patient09935/study1_positive/image2.png,True,14159,14159,4,20.480656,0.0169491525423728,central,central,MURA_TT_1129
MURA-v1.1/train/XR_HAND/patient09772/study1_positive/image1.png,XR_HAND,patient09772,study1_positive,1,image1.png,train,/content/drive/MyDrive/MURA-v1.1/train/XR_HAND/patient09772/study1_positive/image1.png,train/XR_HAND/patient09772/study1_positive,1,abnormal,/content/MURA_abnormal_train/XR_HAND/patient09772/study1_positive/image1.png,True,13528,13528,1,24.429632,0.1342756183745583,central,central,MURA_TT_1130
MURA-v1.1/train/XR_ELBOW/patient05133/study1_positive/image2.png,XR_ELBOW,patient05133,study1_positive,1,image2.png,train,/content/drive/MyDrive/MURA-v1.1/train/XR_ELBOW/patient05133/study1_positive/image2.png,train/XR_ELBOW/patient05133/study1_positive,1,abnormal,/content/MURA_abnormal_train/XR_ELBOW/patient05133/study1_positive/image2.png,True,7575,7575,2,22.483526,0.2525951557093425,central,central,MURA_TT_1131
MURA-v1.1/train/XR_ELBOW/patient05309/study1_positive/image4.png,XR_ELBOW,patient05309,study1_positive,1,image4.png,train,/content/drive/MyDrive/MURA-v1.1/train/XR_ELBOW/patient05309/study1_positive/image4.png,train/XR_ELBOW/patient05309/study1_positive,1,abnormal,/content/MURA_abnormal_train/XR_ELBOW/patient05309/study1_positive/image4.png,True,8239,8239,1,20.367113,0.3093385214007782,central,central,MURA_TT_1132
MURA-v1.1/train/XR_WRIST/patient07125/study2_positive/image1.png,XR_WRIST,patient07125,study2_positive,1,image1.png,train,/content/drive/MyDrive/MURA-v1.1/train/XR_WRIST/patient07125/study2_positive/image1.png,train/XR_WRIST/patient07125/study2_positive,1,abnormal,/content/MURA_abnormal_train/XR_WRIST/patient07125/study2_positive/image1.png,True,11569,11569,8,28.771902,0.8721881390593047,peripheral,peripheral,MURA_TT_1133
MURA-v1.1/train/XR_SHOULDER/patient01394/study1_positive/image1.png,XR_SHOULDER,patient01394,study1_positive,1,image1.png,train,/content/drive/MyDrive/MURA-v1.1/train/XR_SHOULDER/patient01394/study1_positive/image1.png,train/XR_SHOULDER/patient01394/study1_positive,1,abnormal,/content/MURA_abnormal_train/XR_SHOULDER/patient01394/study1_positive/image1.png,True,4099,4099,5,24.09949,0.4976303317535545,central,central,MURA_TT_1134
MURA-v1.1/train/XR_FINGER/patient03230/study1_positive/image4.png,XR_FINGER,patient03230,study1_positive,1,image4.png,train,/content/drive/MyDrive/MURA-v1.1/train/XR_FINGER/patient03230/study1_positive/image4.png,train/XR_FINGER/patient03230/study1_positive,1,abnormal,/content/MURA_abnormal_train/XR_FINGER/patient03230/study1_positive/image4.png,True,4785,4785,5,25.497353,0.6355685131195336,intermediate,intermediate,MURA_TT_1135
MURA-v1.1/train/XR_WRIST/patient06968/study1_positive/image3.png,XR_WRIST,patient06968,study1_positive,1,image3.png,train,/content/drive/MyDrive/MURA-v1.1/train/XR_WRIST/patient06968/study1_positive/image3.png,train/XR_WRIST/patient06968/study1_positive,1,abnormal,/content/MURA_abnormal_train/XR_WRIST/patient06968/study1_positive/image3.png,True,10965,10965,2,21.4338,0.130718954248366,central,central,MURA_TT_1136
MURA-v1.1/train/XR_HUMERUS/patient02865/study1_positive/image1.png,XR_HUMERUS,patient02865,study1_positive,1,image1.png,train,/content/drive/MyDrive/MURA-v1.1/train/XR_HUMERUS/patient02865/study1_positive/image1.png,train/XR_HUMERUS/patient02865/study1_positive,1,abnormal,/content/MURA_abnormal_train/XR_HUMERUS/patient02865/study1_positive/image1.png,True,4585,4585,0,26.297504,0.0875912408759124,central,central,MURA_TT_1137
MURA-v1.1/train/XR_ELBOW/patient05051/study1_positive/image2.png,XR_ELBOW,patient05051,study1_positive,1,image2.png,train,/content/drive/MyDrive/MURA-v1.1/train/XR_ELBOW/patient05051/study1_positive/image2.png,train/XR_ELBOW/patient05051/study1_positive,1,abnormal,/content/MURA_abnormal_train/XR_ELBOW/patient05051/study1_positive/image2.png,True,7281,7281,2,31.96973,0.9204152249134948,peripheral,peripheral,MURA_TT_1138
MURA-v1.1/train/XR_ELBOW/patient05258/study1_positive/image3.png,XR_ELBOW,patient05258,study1_positive,1,image3.png,train,/content/drive/MyDrive/MURA-v1.1/train/XR_ELBOW/patient05258/study1_positive/image3.png,train/XR_ELBOW/patient05258/study1_positive,1,abnormal,/content/MURA_abnormal_train/XR_ELBOW/patient05258/study1_positive/image3.png,True,8043,8043,5,26.79821,0.4046920821114369,central,central,MURA_TT_1139
MURA-v1.1/train/XR_FINGER/patient03428/study1_positive/image3.png,XR_FINGER,patient03428,study1_positive,1,image3.png,train,/content/drive/MyDrive/MURA-v1.1/train/XR_FINGER/patient03428/study1_positive/image3.png,train/XR_FINGER/patient03428/study1_positive,1,abnormal,/content/MURA_abnormal_train/XR_FINGER/patient03428/study1_positive/image3.png,True,5459,5459,3,34.14881,0.9151943462897526,peripheral,peripheral,MURA_TT_1140
MURA-v1.1/train/XR_SHOULDER/patient01219/study1_positive/image2.png,XR_SHOULDER,patient01219,study1_positive,1,image2.png,train,/content/drive/MyDrive/MURA-v1.1/train/XR_SHOULDER/patient01219/study1_positive/image2.png,train/XR_SHOULDER/patient01219/study1_positive,1,abnormal,/content/MURA_abnormal_train/XR_SHOULDER/patient01219/study1_positive/image2.png,True,3611,3611,5,19.770226,0.0786729857819905,central,central,MURA_TT_1141
MURA-v1.1/train/XR_HAND/patient09899/study1_positive/image1.png,XR_HAND,patient09899,study1_positive,1,image1.png,train,/content/drive/MyDrive/MURA-v1.1/train/XR_HAND/patient09899/study1_positive/image1.png,train/XR_HAND/patient09899/study1_positive,1,abnormal,/content/MURA_abnormal_train/XR_HAND/patient09899/study1_positive/image1.png,True,14036,14036,2,30.746378,0.7791798107255521,intermediate,intermediate,MURA_TT_1142
MURA-v1.1/train/XR_SHOULDER/patient00560/study1_positive/image3.png,XR_SHOULDER,patient00560,study1_positive,1,image3.png,train,/content/drive/MyDrive/MURA-v1.1/train/XR_SHOULDER/patient00560/study1_positive/image3.png,train/XR_SHOULDER/patient00560/study1_positive,1,abnormal,/content/MURA_abnormal_train/XR_SHOULDER/patient00560/study1_positive/image3.png,True,1703,1703,0,24.234028,0.5630372492836676,intermediate,intermediate,MURA_TT_1143
MURA-v1.1/train/XR_ELBOW/patient03409/study1_positive/image2.png,XR_ELBOW,patient03409,study1_positive,1,image2.png,train,/content/drive/MyDrive/MURA-v1.1/train/XR_ELBOW/patient03409/study1_positive/image2.png,train/XR_ELBOW/patient03409/study1_positive,1,abnormal,/content/MURA_abnormal_train/XR_ELBOW/patient03409/study1_positive/image2.png,True,7051,7051,1,19.638025,0.2470817120622568,central,central,MURA_TT_1144
MURA-v1.1/train/XR_WRIST/patient07179/study1_positive/image3.png,XR_WRIST,patient07179,study1_positive,1,image3.png,train,/content/drive/MyDrive/MURA-v1.1/train/XR_WRIST/patient07179/study1_positive/image3.png,train/XR_WRIST/patient07179/study1_positive,1,abnormal,/content/MURA_abnormal_train/XR_WRIST/patient07179/study1_positive/image3.png,True,11799,11799,8,24.878914,0.5572597137014315,intermediate,intermediate,MURA_TT_1145
MURA-v1.1/train/XR_FOREARM/patient09147/study1_positive/image2.png,XR_FOREARM,patient09147,study1_positive,1,image2.png,train,/content/drive/MyDrive/MURA-v1.1/train/XR_FOREARM/patient09147/study1_positive/image2.png,train/XR_FOREARM/patient09147/study1_positive,1,abnormal,/content/MURA_abnormal_train/XR_FOREARM/patient09147/study1_positive/image2.png,True,12907,12907,5,34.035736,0.8921568627450981,peripheral,peripheral,MURA_TT_1146
MURA-v1.1/train/XR_SHOULDER/patient00576/study1_positive/image3.png,XR_SHOULDER,patient00576,study1_positive,1,image3.png,train,/content/drive/MyDrive/MURA-v1.1/train/XR_SHOULDER/patient00576/study1_positive/image3.png,train/XR_SHOULDER/patient00576/study1_positive,1,abnormal,/content/MURA_abnormal_train/XR_SHOULDER/patient00576/study1_positive/image3.png,True,1754,1754,1,25.975536,0.044776119402985,central,central,MURA_TT_1147
MURA-v1.1/train/XR_ELBOW/patient05171/study1_positive/image1.png,XR_ELBOW,patient05171,study1_positive,1,image1.png,train,/content/drive/MyDrive/MURA-v1.1/train/XR_ELBOW/patient05171/study1_positive/image1.png,train/XR_ELBOW/patient05171/study1_positive,1,abnormal,/content/MURA_abnormal_train/XR_ELBOW/patient05171/study1_positive/image1.png,True,7714,7714,1,22.750132,0.5428015564202334,intermediate,intermediate,MURA_TT_1148
MURA-v1.1/train/XR_FINGER/patient03440/study1_positive/image1.png,XR_FINGER,patient03440,study1_positive,1,image1.png,train,/content/drive/MyDrive/MURA-v1.1/train/XR_FINGER/patient03440/study1_positive/image1.png,train/XR_FINGER/patient03440/study1_positive,1,abnormal,/content/MURA_abnormal_train/XR_FINGER/patient03440/study1_positive/image1.png,True,5497,5497,3,24.208092,0.431095406360424,central,central,MURA_TT_1149
MURA-v1.1/train/XR_ELBOW/patient05055/study1_positive/image2.png,XR_ELBOW,patient05055,study1_positive,1,image2.png,train,/content/drive/MyDrive/MURA-v1.1/train/XR_ELBOW/patient05055/study1_positive/image2.png,train/XR_ELBOW/patient05055/study1_positive,1,abnormal,/content/MURA_abnormal_train/XR_ELBOW/patient05055/study1_positive/image2.png,True,7294,7294,1,16.308432,0.0175097276264591,central,central,MURA_TT_1150
MURA-v1.1/train/XR_WRIST/patient07165/study1_positive/image2.png,XR_WRIST,patient07165,study1_positive,1,image2.png,train,/content/drive/MyDrive/MURA-v1.1/train/XR_WRIST/patient07165/study1_positive/image2.png,train/XR_WRIST/patient07165/study1_positive,1,abnormal,/content/MURA_abnormal_train/XR_WRIST/patient07165/study1_positive/image2.png,True,11745,11745,5,21.49458,0.224793388429752,central,central,MURA_TT_1151
MURA-v1.1/train/XR_SHOULDER/patient00567/study1_positive/image2.png,XR_SHOULDER,patient00567,study1_positive,1,image2.png,train,/content/drive/MyDrive/MURA-v1.1/train/XR_SHOULDER/patient00567/study1_positive/image2.png,train/XR_SHOULDER/patient00567/study1_positive,1,abnormal,/content/MURA_abnormal_train/XR_SHOULDER/patient00567/study1_positive/image2.png,True,1727,1727,0,28.326487,0.8538681948424068,peripheral,peripheral,MURA_TT_1152
MURA-v1.1/train/XR_HAND/patient10094/study1_positive/image2.png,XR_HAND,patient10094,study1_positive,1,image2.png,train,/content/drive/MyDrive/MURA-v1.1/train/XR_HAND/patient10094/study1_positive/image2.png,train/XR_HAND/patient10094/study1_positive,1,abnormal,/content/MURA_abnormal_train/XR_HAND/patient10094/study1_positive/image2.png,True,14717,14717,4,24.407476,0.3389830508474576,central,central,MURA_TT_1153
MURA-v1.1/train/XR_WRIST/patient06880/study1_positive/image3.png,XR_WRIST,patient06880,study1_positive,1,image3.png,train,/content/drive/MyDrive/MURA-v1.1/train/XR_WRIST/patient06880/study1_positive/image3.png,train/XR_WRIST/patient06880/study1_positive,1,abnormal,/content/MURA_abnormal_train/XR_WRIST/patient06880/study1_positive/image3.png,True,10644,10644,3,26.676634,0.446360153256705,central,central,MURA_TT_1154
MURA-v1.1/train/XR_WRIST/patient06496/study1_positive/image1.png,XR_WRIST,patient06496,study1_positive,1,image1.png,train,/content/drive/MyDrive/MURA-v1.1/train/XR_WRIST/patient06496/study1_positive/image1.png,train/XR_WRIST/patient06496/study1_positive,1,abnormal,/content/MURA_abnormal_train/XR_WRIST/patient06496/study1_positive/image1.png,True,9231,9231,2,20.755215,0.0936819172113289,central,central,MURA_TT_1155
MURA-v1.1/train/XR_WRIST/patient05043/study1_positive/image3.png,XR_WRIST,patient05043,study1_positive,1,image3.png,train,/content/drive/MyDrive/MURA-v1.1/train/XR_WRIST/patient05043/study1_positive/image3.png,train/XR_WRIST/patient05043/study1_positive,1,abnormal,/content/MURA_abnormal_train/XR_WRIST/patient05043/study1_positive/image3.png,True,10666,10666,1,21.552708,0.1347248576850095,central,central,MURA_TT_1156
MURA-v1.1/train/XR_HAND/patient09777/study1_positive/image1.png,XR_HAND,patient09777,study1_positive,1,image1.png,train,/content/drive/MyDrive/MURA-v1.1/train/XR_HAND/patient09777/study1_positive/image1.png,train/XR_HAND/patient09777/study1_positive,1,abnormal,/content/MURA_abnormal_train/XR_HAND/patient09777/study1_positive/image1.png,True,13548,13548,0,19.686577,0.1008771929824561,central,central,MURA_TT_1157
MURA-v1.1/train/XR_HUMERUS/patient02899/study1_positive/image2.png,XR_HUMERUS,patient02899,study1_positive,1,image2.png,train,/content/drive/MyDrive/MURA-v1.1/train/XR_HUMERUS/patient02899/study1_positive/image2.png,train/XR_HUMERUS/patient02899/study1_positive,1,abnormal,/content/MURA_abnormal_train/XR_HUMERUS/patient02899/study1_positive/image2.png,True,4671,4671,0,23.154663,0.0072992700729927,central,central,MURA_TT_1158
MURA-v1.1/train/XR_FINGER/patient03545/study1_positive/image1.png,XR_FINGER,patient03545,study1_positive,1,image1.png,train,/content/drive/MyDrive/MURA-v1.1/train/XR_FINGER/patient03545/study1_positive/image1.png,train/XR_FINGER/patient03545/study1_positive,1,abnormal,/content/MURA_abnormal_train/XR_FINGER/patient03545/study1_positive/image1.png,True,5849,5849,2,20.358902,0.0529247910863509,central,central,MURA_TT_1159
MURA-v1.1/train/XR_ELBOW/patient05351/study1_positive/image3.png,XR_ELBOW,patient05351,study1_positive,1,image3.png,train,/content/drive/MyDrive/MURA-v1.1/train/XR_ELBOW/patient05351/study1_positive/image3.png,train/XR_ELBOW/patient05351/study1_positive,1,abnormal,/content/MURA_abnormal_train/XR_ELBOW/patient05351/study1_positive/image3.png,True,8380,8380,5,26.500635,0.3695014662756598,central,central,MURA_TT_1160
MURA-v1.1/train/XR_SHOULDER/patient00875/study1_positive/image3.png,XR_SHOULDER,patient00875,study1_positive,1,image3.png,train,/content/drive/MyDrive/MURA-v1.1/train/XR_SHOULDER/patient00875/study1_positive/image3.png,train/XR_SHOULDER/patient00875/study1_positive,1,abnormal,/content/MURA_abnormal_train/XR_SHOULDER/patient00875/study1_positive/image3.png,True,2637,2637,5,23.203575,0.3962085308056872,central,central,MURA_TT_1161
MURA-v1.1/train/XR_ELBOW/patient05388/study1_positive/image2.png,XR_ELBOW,patient05388,study1_positive,1,image2.png,train,/content/drive/MyDrive/MURA-v1.1/train/XR_ELBOW/patient05388/study1_positive/image2.png,train/XR_ELBOW/patient05388/study1_positive,1,abnormal,/content/MURA_abnormal_train/XR_ELBOW/patient05388/study1_positive/image2.png,True,8490,8490,5,30.302265,0.7800586510263929,intermediate,intermediate,MURA_TT_1162
MURA-v1.1/train/XR_SHOULDER/patient00192/study1_positive/image1.png,XR_SHOULDER,patient00192,study1_positive,1,image1.png,train,/content/drive/MyDrive/MURA-v1.1/train/XR_SHOULDER/patient00192/study1_positive/image1.png,train/XR_SHOULDER/patient00192/study1_positive,1,abnormal,/content/MURA_abnormal_train/XR_SHOULDER/patient00192/study1_positive/image1.png,True,575,575,0,20.75811,0.2277936962750716,central,central,MURA_TT_1163
MURA-v1.1/train/XR_ELBOW/patient05330/study1_positive/image1.png,XR_ELBOW,patient05330,study1_positive,1,image1.png,train,/content/drive/MyDrive/MURA-v1.1/train/XR_ELBOW/patient05330/study1_positive/image1.png,train/XR_ELBOW/patient05330/study1_positive,1,abnormal,/content/MURA_abnormal_train/XR_ELBOW/patient05330/study1_positive/image1.png,True,8310,8310,1,28.34784,0.9357976653696498,peripheral,peripheral,MURA_TT_1164
MURA-v1.1/train/XR_WRIST/patient07404/study1_positive/image1.png,XR_WRIST,patient07404,study1_positive,1,image1.png,train,/content/drive/MyDrive/MURA-v1.1/train/XR_WRIST/patient07404/study1_positive/image1.png,train/XR_WRIST/patient07404/study1_positive,1,abnormal,/content/MURA_abnormal_train/XR_WRIST/patient07404/study1_positive/image1.png,True,12622,12622,1,20.672743,0.0702087286527514,central,central,MURA_TT_1165
MURA-v1.1/train/XR_FOREARM/patient09137/study1_positive/image1.png,XR_FOREARM,patient09137,study1_positive,1,image1.png,train,/content/drive/MyDrive/MURA-v1.1/train/XR_FOREARM/patient09137/study1_positive/image1.png,train/XR_FOREARM/patient09137/study1_positive,1,abnormal,/content/MURA_abnormal_train/XR_FOREARM/patient09137/study1_positive/image1.png,True,12885,12885,3,22.83577,0.2123893805309734,central,central,MURA_TT_1166
MURA-v1.1/train/XR_ELBOW/patient04976/study1_positive/image3.png,XR_ELBOW,patient04976,study1_positive,1,image3.png,train,/content/drive/MyDrive/MURA-v1.1/train/XR_ELBOW/patient04976/study1_positive/image3.png,train/XR_ELBOW/patient04976/study1_positive,1,abnormal,/content/MURA_abnormal_train/XR_ELBOW/patient04976/study1_positive/image3.png,True,7003,7003,5,22.809767,0.064516129032258,central,central,MURA_TT_1167
MURA-v1.1/train/XR_SHOULDER/patient00397/study1_positive/image1.png,XR_SHOULDER,patient00397,study1_positive,1,image1.png,train,/content/drive/MyDrive/MURA-v1.1/train/XR_SHOULDER/patient00397/study1_positive/image1.png,train/XR_SHOULDER/patient00397/study1_positive,1,abnormal,/content/MURA_abnormal_train/XR_SHOULDER/patient00397/study1_positive/image1.png,True,1217,1217,4,25.039898,0.0455486542443064,central,central,MURA_TT_1168
MURA-v1.1/train/XR_WRIST/patient07309/study1_positive/image3.png,XR_WRIST,patient07309,study1_positive,1,image3.png,train,/content/drive/MyDrive/MURA-v1.1/train/XR_WRIST/patient07309/study1_positive/image3.png,train/XR_WRIST/patient07309/study1_positive,1,abnormal,/content/MURA_abnormal_train/XR_WRIST/patient07309/study1_positive/image3.png,True,12298,12298,8,28.6751,0.8660531697341514,peripheral,peripheral,MURA_TT_1169
MURA-v1.1/train/XR_ELBOW/patient05234/study1_positive/image4.png,XR_ELBOW,patient05234,study1_positive,1,image4.png,train,/content/drive/MyDrive/MURA-v1.1/train/XR_ELBOW/patient05234/study1_positive/image4.png,train/XR_ELBOW/patient05234/study1_positive,1,abnormal,/content/MURA_abnormal_train/XR_ELBOW/patient05234/study1_positive/image4.png,True,7949,7949,1,21.803555,0.4299610894941634,central,central,MURA_TT_1170
MURA-v1.1/train/XR_ELBOW/patient05400/study1_positive/image2.png,XR_ELBOW,patient05400,study1_positive,1,image2.png,train,/content/drive/MyDrive/MURA-v1.1/train/XR_ELBOW/patient05400/study1_positive/image2.png,train/XR_ELBOW/patient05400/study1_positive,1,abnormal,/content/MURA_abnormal_train/XR_ELBOW/patient05400/study1_positive/image2.png,True,8534,8534,0,22.892572,0.2562358276643991,central,central,MURA_TT_1171
MURA-v1.1/train/XR_SHOULDER/patient00632/study1_positive/image2.png,XR_SHOULDER,patient00632,study1_positive,1,image2.png,train,/content/drive/MyDrive/MURA-v1.1/train/XR_SHOULDER/patient00632/study1_positive/image2.png,train/XR_SHOULDER/patient00632/study1_positive,1,abnormal,/content/MURA_abnormal_train/XR_SHOULDER/patient00632/study1_positive/image2.png,True,1912,1912,4,26.158003,0.1014492753623188,central,central,MURA_TT_1172
MURA-v1.1/train/XR_WRIST/patient07416/study1_positive/image2.png,XR_WRIST,patient07416,study1_positive,1,image2.png,train,/content/drive/MyDrive/MURA-v1.1/train/XR_WRIST/patient07416/study1_positive/image2.png,train/XR_WRIST/patient07416/study1_positive,1,abnormal,/content/MURA_abnormal_train/XR_WRIST/patient07416/study1_positive/image2.png,True,12666,12666,2,21.674181,0.1481481481481481,central,central,MURA_TT_1173
MURA-v1.1/train/XR_FINGER/patient03630/study1_positive/image1.png,XR_FINGER,patient03630,study1_positive,1,image1.png,train,/content/drive/MyDrive/MURA-v1.1/train/XR_FINGER/patient03630/study1_positive/image1.png,train/XR_FINGER/patient03630/study1_positive,1,abnormal,/content/MURA_abnormal_train/XR_FINGER/patient03630/study1_positive/image1.png,True,6135,6135,3,38.042896,0.9469964664310954,peripheral,peripheral,MURA_TT_1174
MURA-v1.1/train/XR_FOREARM/patient01419/study2_positive/image1.png,XR_FOREARM,patient01419,study2_positive,1,image1.png,train,/content/drive/MyDrive/MURA-v1.1/train/XR_FOREARM/patient01419/study2_positive/image1.png,train/XR_FOREARM/patient01419/study2_positive,1,abnormal,/content/MURA_abnormal_train/XR_FOREARM/patient01419/study2_positive/image1.png,True,12876,12876,5,24.210817,0.3627450980392157,central,central,MURA_TT_1175
MURA-v1.1/train/XR_WRIST/patient07325/study1_positive/image1.png,XR_WRIST,patient07325,study1_positive,1,image1.png,train,/content/drive/MyDrive/MURA-v1.1/train/XR_WRIST/patient07325/study1_positive/image1.png,train/XR_WRIST/patient07325/study1_positive,1,abnormal,/content/MURA_abnormal_train/XR_WRIST/patient07325/study1_positive/image1.png,True,12349,12349,5,23.499723,0.4396694214876033,central,central,MURA_TT_1176
MURA-v1.1/train/XR_SHOULDER/patient00893/study1_positive/image5.png,XR_SHOULDER,patient00893,study1_positive,1,image5.png,train,/content/drive/MyDrive/MURA-v1.1/train/XR_SHOULDER/patient00893/study1_positive/image5.png,train/XR_SHOULDER/patient00893/study1_positive,1,abnormal,/content/MURA_abnormal_train/XR_SHOULDER/patient00893/study1_positive/image5.png,True,2685,2685,5,21.39613,0.218957345971564,central,central,MURA_TT_1177
MURA-v1.1/train/XR_ELBOW/patient05232/study1_positive/image3.png,XR_ELBOW,patient05232,study1_positive,1,image3.png,train,/content/drive/MyDrive/MURA-v1.1/train/XR_ELBOW/patient05232/study1_positive/image3.png,train/XR_ELBOW/patient05232/study1_positive,1,abnormal,/content/MURA_abnormal_train/XR_ELBOW/patient05232/study1_positive/image3.png,True,7940,7940,0,21.502682,0.0997732426303854,central,central,MURA_TT_1178
MURA-v1.1/train/XR_SHOULDER/patient01346/study1_positive/image1.png,XR_SHOULDER,patient01346,study1_positive,1,image1.png,train,/content/drive/MyDrive/MURA-v1.1/train/XR_SHOULDER/patient01346/study1_positive/image1.png,train/XR_SHOULDER/patient01346/study1_positive,1,abnormal,/content/MURA_abnormal_train/XR_SHOULDER/patient01346/study1_positive/image1.png,True,3968,3968,3,25.25993,0.245136186770428,central,central,MURA_TT_1179
MURA-v1.1/train/XR_HUMERUS/patient02712/study1_positive/image1.png,XR_HUMERUS,patient02712,study1_positive,1,image1.png,train,/content/drive/MyDrive/MURA-v1.1/train/XR_HUMERUS/patient02712/study1_positive/image1.png,train/XR_HUMERUS/patient02712/study1_positive,1,abnormal,/content/MURA_abnormal_train/XR_HUMERUS/patient02712/study1_positive/image1.png,True,4208,4208,3,26.469597,0.4759825327510917,central,central,MURA_TT_1180
MURA-v1.1/train/XR_HUMERUS/patient02929/study1_positive/image2.png,XR_HUMERUS,patient02929,study1_positive,1,image2.png,train,/content/drive/MyDrive/MURA-v1.1/train/XR_HUMERUS/patient02929/study1_positive/image2.png,train/XR_HUMERUS/patient02929/study1_positive,1,abnormal,/content/MURA_abnormal_train/XR_HUMERUS/patient02929/study1_positive/image2.png,True,4742,4742,3,25.057554,0.3056768558951965,central,central,MURA_TT_1181
MURA-v1.1/train/XR_SHOULDER/patient00804/study1_positive/image2.png,XR_SHOULDER,patient00804,study1_positive,1,image2.png,train,/content/drive/MyDrive/MURA-v1.1/train/XR_SHOULDER/patient00804/study1_positive/image2.png,train/XR_SHOULDER/patient00804/study1_positive,1,abnormal,/content/MURA_abnormal_train/XR_SHOULDER/patient00804/study1_positive/image2.png,True,2431,2431,0,30.50684,0.9312320916905444,peripheral,peripheral,MURA_TT_1182
MURA-v1.1/train/XR_ELBOW/patient05293/study1_positive/image1.png,XR_ELBOW,patient05293,study1_positive,1,image1.png,train,/content/drive/MyDrive/MURA-v1.1/train/XR_ELBOW/patient05293/study1_positive/image1.png,train/XR_ELBOW/patient05293/study1_positive,1,abnormal,/content/MURA_abnormal_train/XR_ELBOW/patient05293/study1_positive/image1.png,True,8166,8166,1,18.02986,0.122568093385214,central,central,MURA_TT_1183
MURA-v1.1/train/XR_SHOULDER/patient00291/study1_positive/image4.png,XR_SHOULDER,patient00291,study1_positive,1,image4.png,train,/content/drive/MyDrive/MURA-v1.1/train/XR_SHOULDER/patient00291/study1_positive/image4.png,train/XR_SHOULDER/patient00291/study1_positive,1,abnormal,/content/MURA_abnormal_train/XR_SHOULDER/patient00291/study1_positive/image4.png,True,880,880,2,22.382683,0.0799031476997578,central,central,MURA_TT_1184
MURA-v1.1/train/XR_FOREARM/patient09179/study1_positive/image2.png,XR_FOREARM,patient09179,study1_positive,1,image2.png,train,/content/drive/MyDrive/MURA-v1.1/train/XR_FOREARM/patient09179/study1_positive/image2.png,train/XR_FOREARM/patient09179/study1_positive,1,abnormal,/content/MURA_abnormal_train/XR_FOREARM/patient09179/study1_positive/image2.png,True,13026,13026,3,24.386522,0.3982300884955752,central,central,MURA_TT_1185
MURA-v1.1/train/XR_WRIST/patient06629/study1_positive/image1.png,XR_WRIST,patient06629,study1_positive,1,image1.png,train,/content/drive/MyDrive/MURA-v1.1/train/XR_WRIST/patient06629/study1_positive/image1.png,train/XR_WRIST/patient06629/study1_positive,1,abnormal,/content/MURA_abnormal_train/XR_WRIST/patient06629/study1_positive/image1.png,True,9686,9686,8,22.16682,0.2505112474437628,central,central,MURA_TT_1186
MURA-v1.1/train/XR_HUMERUS/patient00363/study1_positive/image1.png,XR_HUMERUS,patient00363,study1_positive,1,image1.png,train,/content/drive/MyDrive/MURA-v1.1/train/XR_HUMERUS/patient00363/study1_positive/image1.png,train/XR_HUMERUS/patient00363/study1_positive,1,abnormal,/content/MURA_abnormal_train/XR_HUMERUS/patient00363/study1_positive/image1.png,True,4721,4721,2,24.043205,0.4037558685446009,central,central,MURA_TT_1187
MURA-v1.1/train/XR_HAND/patient09813/study1_positive/image2.png,XR_HAND,patient09813,study1_positive,1,image2.png,train,/content/drive/MyDrive/MURA-v1.1/train/XR_HAND/patient09813/study1_positive/image2.png,train/XR_HAND/patient09813/study1_positive,1,abnormal,/content/MURA_abnormal_train/XR_HAND/patient09813/study1_positive/image2.png,True,13696,13696,0,27.379581,0.7807017543859649,intermediate,intermediate,MURA_TT_1188
MURA-v1.1/train/XR_WRIST/patient06509/study1_positive/image2.png,XR_WRIST,patient06509,study1_positive,1,image2.png,train,/content/drive/MyDrive/MURA-v1.1/train/XR_WRIST/patient06509/study1_positive/image2.png,train/XR_WRIST/patient06509/study1_positive,1,abnormal,/content/MURA_abnormal_train/XR_WRIST/patient06509/study1_positive/image2.png,True,9273,9273,8,17.071983,0.0010224948875255,central,central,MURA_TT_1189
MURA-v1.1/train/XR_SHOULDER/patient00653/study1_positive/image1.png,XR_SHOULDER,patient00653,study1_positive,1,image1.png,train,/content/drive/MyDrive/MURA-v1.1/train/XR_SHOULDER/patient00653/study1_positive/image1.png,train/XR_SHOULDER/patient00653/study1_positive,1,abnormal,/content/MURA_abnormal_train/XR_SHOULDER/patient00653/study1_positive/image1.png,True,1970,1970,2,25.55973,0.3559322033898305,central,central,MURA_TT_1190
MURA-v1.1/train/XR_SHOULDER/patient01058/study1_positive/image1.png,XR_SHOULDER,patient01058,study1_positive,1,image1.png,train,/content/drive/MyDrive/MURA-v1.1/train/XR_SHOULDER/patient01058/study1_positive/image1.png,train/XR_SHOULDER/patient01058/study1_positive,1,abnormal,/content/MURA_abnormal_train/XR_SHOULDER/patient01058/study1_positive/image1.png,True,3153,3153,5,27.50006,0.8236966824644549,peripheral,peripheral,MURA_TT_1191
MURA-v1.1/train/XR_SHOULDER/patient01027/study1_positive/image4.png,XR_SHOULDER,patient01027,study1_positive,1,image4.png,train,/content/drive/MyDrive/MURA-v1.1/train/XR_SHOULDER/patient01027/study1_positive/image4.png,train/XR_SHOULDER/patient01027/study1_positive,1,abnormal,/content/MURA_abnormal_train/XR_SHOULDER/patient01027/study1_positive/image4.png,True,3075,3075,5,20.33492,0.1260663507109004,central,central,MURA_TT_1192
MURA-v1.1/train/XR_FINGER/patient03743/study1_positive/image1.png,XR_FINGER,patient03743,study1_positive,1,image1.png,train,/content/drive/MyDrive/MURA-v1.1/train/XR_FINGER/patient03743/study1_positive/image1.png,train/XR_FINGER/patient03743/study1_positive,1,abnormal,/content/MURA_abnormal_train/XR_FINGER/patient03743/study1_positive/image1.png,True,6517,6517,2,30.398624,0.8161559888579387,peripheral,peripheral,MURA_TT_1193
MURA-v1.1/train/XR_WRIST/patient06632/study1_positive/image3.png,XR_WRIST,patient06632,study1_positive,1,image3.png,train,/content/drive/MyDrive/MURA-v1.1/train/XR_WRIST/patient06632/study1_positive/image3.png,train/XR_WRIST/patient06632/study1_positive,1,abnormal,/content/MURA_abnormal_train/XR_WRIST/patient06632/study1_positive/image3.png,True,9696,9696,3,26.04052,0.3869731800766283,central,central,MURA_TT_1194
MURA-v1.1/train/XR_SHOULDER/patient01282/study1_positive/image1.png,XR_SHOULDER,patient01282,study1_positive,1,image1.png,train,/content/drive/MyDrive/MURA-v1.1/train/XR_SHOULDER/patient01282/study1_positive/image1.png,train/XR_SHOULDER/patient01282/study1_positive,1,abnormal,/content/MURA_abnormal_train/XR_SHOULDER/patient01282/study1_positive/image1.png,True,3788,3788,2,25.001665,0.3002421307506053,central,central,MURA_TT_1195
MURA-v1.1/train/XR_SHOULDER/patient01239/study1_positive/image1.png,XR_SHOULDER,patient01239,study1_positive,1,image1.png,train,/content/drive/MyDrive/MURA-v1.1/train/XR_SHOULDER/patient01239/study1_positive/image1.png,train/XR_SHOULDER/patient01239/study1_positive,1,abnormal,/content/MURA_abnormal_train/XR_SHOULDER/patient01239/study1_positive/image1.png,True,3671,3671,2,27.354206,0.5387409200968523,intermediate,intermediate,MURA_TT_1196
MURA-v1.1/train/XR_ELBOW/patient05099/study1_positive/image1.png,XR_ELBOW,patient05099,study1_positive,1,image1.png,train,/content/drive/MyDrive/MURA-v1.1/train/XR_ELBOW/patient05099/study1_positive/image1.png,train/XR_ELBOW/patient05099/study1_positive,1,abnormal,/content/MURA_abnormal_train/XR_ELBOW/patient05099/study1_positive/image1.png,True,7437,7437,1,24.717342,0.7509727626459144,intermediate,intermediate,MURA_TT_1197
MURA-v1.1/train/XR_FOREARM/patient09198/study1_positive/image3.png,XR_FOREARM,patient09198,study1_positive,1,image3.png,train,/content/drive/MyDrive/MURA-v1.1/train/XR_FOREARM/patient09198/study1_positive/image3.png,train/XR_FOREARM/patient09198/study1_positive,1,abnormal,/content/MURA_abnormal_train/XR_FOREARM/patient09198/study1_positive/image3.png,True,13099,13099,3,27.962578,0.6946902654867256,intermediate,intermediate,MURA_TT_1198
MURA-v1.1/train/XR_SHOULDER/patient00139/study1_positive/image1.png,XR_SHOULDER,patient00139,study1_positive,1,image1.png,train,/content/drive/MyDrive/MURA-v1.1/train/XR_SHOULDER/patient00139/study1_positive/image1.png,train/XR_SHOULDER/patient00139/study1_positive,1,abnormal,/content/MURA_abnormal_train/XR_SHOULDER/patient00139/study1_positive/image1.png,True,420,420,2,21.720612,0.0387409200968523,central,central,MURA_TT_1199
MURA-v1.1/train/XR_HAND/patient10134/study1_positive/image2.png,XR_HAND,patient10134,study1_positive,1,image2.png,train,/content/drive/MyDrive/MURA-v1.1/train/XR_HAND/patient10134/study1_positive/image2.png,train/XR_HAND/patient10134/study1_positive,1,abnormal,/content/MURA_abnormal_train/XR_HAND/patient10134/study1_positive/image2.png,True,14858,14858,2,24.449356,0.3501577287066246,central,central,MURA_TT_1200
MURA-v1.1/train/XR_ELBOW/patient04935/study1_positive/image2.png,XR_ELBOW,patient04935,study1_positive,1,image2.png,train,/content/drive/MyDrive/MURA-v1.1/train/XR_ELBOW/patient04935/study1_positive/image2.png,train/XR_ELBOW/patient04935/study1_positive,1,abnormal,/content/MURA_abnormal_train/XR_ELBOW/patient04935/study1_positive/image2.png,True,6841,6841,1,16.9513,0.0389105058365758,central,central,MURA_TT_1201
MURA-v1.1/train/XR_HAND/patient09946/study1_positive/image5.png,XR_HAND,patient09946,study1_positive,1,image5.png,train,/content/drive/MyDrive/MURA-v1.1/train/XR_HAND/patient09946/study1_positive/image5.png,train/XR_HAND/patient09946/study1_positive,1,abnormal,/content/MURA_abnormal_train/XR_HAND/patient09946/study1_positive/image5.png,True,14195,14195,2,22.877209,0.1892744479495268,central,central,MURA_TT_1202
MURA-v1.1/train/XR_SHOULDER/patient00872/study1_positive/image2.png,XR_SHOULDER,patient00872,study1_positive,1,image2.png,train,/content/drive/MyDrive/MURA-v1.1/train/XR_SHOULDER/patient00872/study1_positive/image2.png,train/XR_SHOULDER/patient00872/study1_positive,1,abnormal,/content/MURA_abnormal_train/XR_SHOULDER/patient00872/study1_positive/image2.png,True,2625,2625,2,30.338167,0.8002421307506054,peripheral,peripheral,MURA_TT_1203
MURA-v1.1/train/XR_ELBOW/patient05167/study1_positive/image1.png,XR_ELBOW,patient05167,study1_positive,1,image1.png,train,/content/drive/MyDrive/MURA-v1.1/train/XR_ELBOW/patient05167/study1_positive/image1.png,train/XR_ELBOW/patient05167/study1_positive,1,abnormal,/content/MURA_abnormal_train/XR_ELBOW/patient05167/study1_positive/image1.png,True,7700,7700,4,35.49735,0.8563829787234043,peripheral,peripheral,MURA_TT_1204
MURA-v1.1/train/XR_ELBOW/patient04939/study1_positive/image1.png,XR_ELBOW,patient04939,study1_positive,1,image1.png,train,/content/drive/MyDrive/MURA-v1.1/train/XR_ELBOW/patient04939/study1_positive/image1.png,train/XR_ELBOW/patient04939/study1_positive,1,abnormal,/content/MURA_abnormal_train/XR_ELBOW/patient04939/study1_positive/image1.png,True,6853,6853,2,21.12666,0.1418685121107266,central,central,MURA_TT_1205
MURA-v1.1/train/XR_HUMERUS/patient02882/study1_positive/image2.png,XR_HUMERUS,patient02882,study1_positive,1,image2.png,train,/content/drive/MyDrive/MURA-v1.1/train/XR_HUMERUS/patient02882/study1_positive/image2.png,train/XR_HUMERUS/patient02882/study1_positive,1,abnormal,/content/MURA_abnormal_train/XR_HUMERUS/patient02882/study1_positive/image2.png,True,4629,4629,2,30.308607,0.8497652582159625,peripheral,peripheral,MURA_TT_1206
MURA-v1.1/train/XR_FINGER/patient03366/study1_positive/image2.png,XR_FINGER,patient03366,study1_positive,1,image2.png,train,/content/drive/MyDrive/MURA-v1.1/train/XR_FINGER/patient03366/study1_positive/image2.png,train/XR_FINGER/patient03366/study1_positive,1,abnormal,/content/MURA_abnormal_train/XR_FINGER/patient03366/study1_positive/image2.png,True,5255,5255,2,20.371086,0.0557103064066852,central,central,MURA_TT_1207
MURA-v1.1/train/XR_SHOULDER/patient00981/study1_positive/image2.png,XR_SHOULDER,patient00981,study1_positive,1,image2.png,train,/content/drive/MyDrive/MURA-v1.1/train/XR_SHOULDER/patient00981/study1_positive/image2.png,train/XR_SHOULDER/patient00981/study1_positive,1,abnormal,/content/MURA_abnormal_train/XR_SHOULDER/patient00981/study1_positive/image2.png,True,2946,2946,3,32.40195,0.8313878080415046,peripheral,peripheral,MURA_TT_1208
MURA-v1.1/train/XR_HUMERUS/patient02748/study1_positive/image2.png,XR_HUMERUS,patient02748,study1_positive,1,image2.png,train,/content/drive/MyDrive/MURA-v1.1/train/XR_HUMERUS/patient02748/study1_positive/image2.png,train/XR_HUMERUS/patient02748/study1_positive,1,abnormal,/content/MURA_abnormal_train/XR_HUMERUS/patient02748/study1_positive/image2.png,True,4301,4301,3,30.970638,0.7947598253275109,intermediate,intermediate,MURA_TT_1209
MURA-v1.1/train/XR_WRIST/patient03323/study1_positive/image3.png,XR_WRIST,patient03323,study1_positive,1,image3.png,train,/content/drive/MyDrive/MURA-v1.1/train/XR_WRIST/patient03323/study1_positive/image3.png,train/XR_WRIST/patient03323/study1_positive,1,abnormal,/content/MURA_abnormal_train/XR_WRIST/patient03323/study1_positive/image3.png,True,9451,9451,5,26.79424,0.7702479338842976,intermediate,intermediate,MURA_TT_1210
MURA-v1.1/train/XR_SHOULDER/patient00297/study3_positive/image2.png,XR_SHOULDER,patient00297,study3_positive,1,image2.png,train,/content/drive/MyDrive/MURA-v1.1/train/XR_SHOULDER/patient00297/study3_positive/image2.png,train/XR_SHOULDER/patient00297/study3_positive,1,abnormal,/content/MURA_abnormal_train/XR_SHOULDER/patient00297/study3_positive/image2.png,True,912,912,5,22.818796,0.347867298578199,central,central,MURA_TT_1211
MURA-v1.1/train/XR_WRIST/patient06792/study1_positive/image4.png,XR_WRIST,patient06792,study1_positive,1,image4.png,train,/content/drive/MyDrive/MURA-v1.1/train/XR_WRIST/patient06792/study1_positive/image4.png,train/XR_WRIST/patient06792/study1_positive,1,abnormal,/content/MURA_abnormal_train/XR_WRIST/patient06792/study1_positive/image4.png,True,10342,10342,1,24.569008,0.476280834914611,central,central,MURA_TT_1212
MURA-v1.1/train/XR_SHOULDER/patient00705/study1_positive/image3.png,XR_SHOULDER,patient00705,study1_positive,1,image3.png,train,/content/drive/MyDrive/MURA-v1.1/train/XR_SHOULDER/patient00705/study1_positive/image3.png,train/XR_SHOULDER/patient00705/study1_positive,1,abnormal,/content/MURA_abnormal_train/XR_SHOULDER/patient00705/study1_positive/image3.png,True,2131,2131,1,42.336826,0.844776119402985,peripheral,peripheral,MURA_TT_1213
MURA-v1.1/train/XR_ELBOW/patient05256/study1_positive/image2.png,XR_ELBOW,patient05256,study1_positive,1,image2.png,train,/content/drive/MyDrive/MURA-v1.1/train/XR_ELBOW/patient05256/study1_positive/image2.png,train/XR_ELBOW/patient05256/study1_positive,1,abnormal,/content/MURA_abnormal_train/XR_ELBOW/patient05256/study1_positive/image2.png,True,8037,8037,0,21.15197,0.0861678004535147,central,central,MURA_TT_1214
MURA-v1.1/train/XR_FINGER/patient03736/study1_positive/image3.png,XR_FINGER,patient03736,study1_positive,1,image3.png,train,/content/drive/MyDrive/MURA-v1.1/train/XR_FINGER/patient03736/study1_positive/image3.png,train/XR_FINGER/patient03736/study1_positive,1,abnormal,/content/MURA_abnormal_train/XR_FINGER/patient03736/study1_positive/image3.png,True,6496,6496,3,31.863413,0.8692579505300353,peripheral,peripheral,MURA_TT_1215
MURA-v1.1/train/XR_FOREARM/patient04136/study1_positive/image5.png,XR_FOREARM,patient04136,study1_positive,1,image5.png,train,/content/drive/MyDrive/MURA-v1.1/train/XR_FOREARM/patient04136/study1_positive/image5.png,train/XR_FOREARM/patient04136/study1_positive,1,abnormal,/content/MURA_abnormal_train/XR_FOREARM/patient04136/study1_positive/image5.png,True,13246,13246,4,29.541174,0.5714285714285714,intermediate,intermediate,MURA_TT_1216
MURA-v1.1/train/XR_ELBOW/patient05074/study1_positive/image1.png,XR_ELBOW,patient05074,study1_positive,1,image1.png,train,/content/drive/MyDrive/MURA-v1.1/train/XR_ELBOW/patient05074/study1_positive/image1.png,train/XR_ELBOW/patient05074/study1_positive,1,abnormal,/content/MURA_abnormal_train/XR_ELBOW/patient05074/study1_positive/image1.png,True,7357,7357,5,24.329508,0.1524926686217008,central,central,MURA_TT_1217
MURA-v1.1/train/XR_HAND/patient09779/study1_positive/image2.png,XR_HAND,patient09779,study1_positive,1,image2.png,train,/content/drive/MyDrive/MURA-v1.1/train/XR_HAND/patient09779/study1_positive/image2.png,train/XR_HAND/patient09779/study1_positive,1,abnormal,/content/MURA_abnormal_train/XR_HAND/patient09779/study1_positive/image2.png,True,13554,13554,3,29.699392,0.3846153846153846,central,central,MURA_TT_1218
MURA-v1.1/train/XR_FINGER/patient03781/study1_positive/image1.png,XR_FINGER,patient03781,study1_positive,1,image1.png,train,/content/drive/MyDrive/MURA-v1.1/train/XR_FINGER/patient03781/study1_positive/image1.png,train/XR_FINGER/patient03781/study1_positive,1,abnormal,/content/MURA_abnormal_train/XR_FINGER/patient03781/study1_positive/image1.png,True,6647,6647,2,24.16972,0.3899721448467966,central,central,MURA_TT_1219
MURA-v1.1/train/XR_HAND/patient10050/study1_positive/image1.png,XR_HAND,patient10050,study1_positive,1,image1.png,train,/content/drive/MyDrive/MURA-v1.1/train/XR_HAND/patient10050/study1_positive/image1.png,train/XR_HAND/patient10050/study1_positive,1,abnormal,/content/MURA_abnormal_train/XR_HAND/patient10050/study1_positive/image1.png,True,14562,14562,4,23.250864,0.1932203389830508,central,central,MURA_TT_1220
MURA-v1.1/train/XR_HAND/patient05421/study1_positive/image3.png,XR_HAND,patient05421,study1_positive,1,image3.png,train,/content/drive/MyDrive/MURA-v1.1/train/XR_HAND/patient05421/study1_positive/image3.png,train/XR_HAND/patient05421/study1_positive,1,abnormal,/content/MURA_abnormal_train/XR_HAND/patient05421/study1_positive/image3.png,True,13582,13582,4,26.44819,0.6,intermediate,intermediate,MURA_TT_1221
MURA-v1.1/train/XR_WRIST/patient06772/study1_positive/image3.png,XR_WRIST,patient06772,study1_positive,1,image3.png,train,/content/drive/MyDrive/MURA-v1.1/train/XR_WRIST/patient06772/study1_positive/image3.png,train/XR_WRIST/patient06772/study1_positive,1,abnormal,/content/MURA_abnormal_train/XR_WRIST/patient06772/study1_positive/image3.png,True,10244,10244,3,25.569735,0.3352490421455938,central,central,MURA_TT_1222
MURA-v1.1/train/XR_SHOULDER/patient00004/study1_positive/image3.png,XR_SHOULDER,patient00004,study1_positive,1,image3.png,train,/content/drive/MyDrive/MURA-v1.1/train/XR_SHOULDER/patient00004/study1_positive/image3.png,train/XR_SHOULDER/patient00004/study1_positive,1,abnormal,/content/MURA_abnormal_train/XR_SHOULDER/patient00004/study1_positive/image3.png,True,11,11,0,28.758518,0.8681948424068768,peripheral,peripheral,MURA_TT_1223
MURA-v1.1/train/XR_FINGER/patient03287/study1_positive/image3.png,XR_FINGER,patient03287,study1_positive,1,image3.png,train,/content/drive/MyDrive/MURA-v1.1/train/XR_FINGER/patient03287/study1_positive/image3.png,train/XR_FINGER/patient03287/study1_positive,1,abnormal,/content/MURA_abnormal_train/XR_FINGER/patient03287/study1_positive/image3.png,True,4984,4984,4,23.02165,0.3759791122715404,central,central,MURA_TT_1224
MURA-v1.1/train/XR_SHOULDER/patient01141/study1_positive/image1.png,XR_SHOULDER,patient01141,study1_positive,1,image1.png,train,/content/drive/MyDrive/MURA-v1.1/train/XR_SHOULDER/patient01141/study1_positive/image1.png,train/XR_SHOULDER/patient01141/study1_positive,1,abnormal,/content/MURA_abnormal_train/XR_SHOULDER/patient01141/study1_positive/image1.png,True,3388,3388,1,44.110188,0.8746268656716418,peripheral,peripheral,MURA_TT_1225
MURA-v1.1/train/XR_WRIST/patient07069/study1_positive/image2.png,XR_WRIST,patient07069,study1_positive,1,image2.png,train,/content/drive/MyDrive/MURA-v1.1/train/XR_WRIST/patient07069/study1_positive/image2.png,train/XR_WRIST/patient07069/study1_positive,1,abnormal,/content/MURA_abnormal_train/XR_WRIST/patient07069/study1_positive/image2.png,True,11353,11353,4,26.795322,0.4755043227665706,central,central,MURA_TT_1226
MURA-v1.1/train/XR_SHOULDER/patient01301/study1_positive/image2.png,XR_SHOULDER,patient01301,study1_positive,1,image2.png,train,/content/drive/MyDrive/MURA-v1.1/train/XR_SHOULDER/patient01301/study1_positive/image2.png,train/XR_SHOULDER/patient01301/study1_positive,1,abnormal,/content/MURA_abnormal_train/XR_SHOULDER/patient01301/study1_positive/image2.png,True,3838,3838,0,20.99238,0.2449856733524355,central,central,MURA_TT_1227
MURA-v1.1/train/XR_HAND/patient09787/study1_positive/image1.png,XR_HAND,patient09787,study1_positive,1,image1.png,train,/content/drive/MyDrive/MURA-v1.1/train/XR_HAND/patient09787/study1_positive/image1.png,train/XR_HAND/patient09787/study1_positive,1,abnormal,/content/MURA_abnormal_train/XR_HAND/patient09787/study1_positive/image1.png,True,13586,13586,5,17.094423,0.0037037037037037,central,central,MURA_TT_1228
MURA-v1.1/train/XR_FINGER/patient03388/study1_positive/image3.png,XR_FINGER,patient03388,study1_positive,1,image3.png,train,/content/drive/MyDrive/MURA-v1.1/train/XR_FINGER/patient03388/study1_positive/image3.png,train/XR_FINGER/patient03388/study1_positive,1,abnormal,/content/MURA_abnormal_train/XR_FINGER/patient03388/study1_positive/image3.png,True,5326,5326,4,28.048609,0.8198433420365535,peripheral,peripheral,MURA_TT_1229
MURA-v1.1/train/XR_FOREARM/patient01443/study1_positive/image1.png,XR_FOREARM,patient01443,study1_positive,1,image1.png,train,/content/drive/MyDrive/MURA-v1.1/train/XR_FOREARM/patient01443/study1_positive/image1.png,train/XR_FOREARM/patient01443/study1_positive,1,abnormal,/content/MURA_abnormal_train/XR_FOREARM/patient01443/study1_positive/image1.png,True,12854,12854,5,34.4921,0.9215686274509804,peripheral,peripheral,MURA_TT_1230
MURA-v1.1/train/XR_WRIST/patient06501/study1_positive/image2.png,XR_WRIST,patient06501,study1_positive,1,image2.png,train,/content/drive/MyDrive/MURA-v1.1/train/XR_WRIST/patient06501/study1_positive/image2.png,train/XR_WRIST/patient06501/study1_positive,1,abnormal,/content/MURA_abnormal_train/XR_WRIST/patient06501/study1_positive/image2.png,True,9246,9246,6,24.445871,0.0756756756756756,central,central,MURA_TT_1231
MURA-v1.1/train/XR_HAND/patient09405/study1_positive/image2.png,XR_HAND,patient09405,study1_positive,1,image2.png,train,/content/drive/MyDrive/MURA-v1.1/train/XR_HAND/patient09405/study1_positive/image2.png,train/XR_HAND/patient09405/study1_positive,1,abnormal,/content/MURA_abnormal_train/XR_HAND/patient09405/study1_positive/image2.png,True,13745,13745,2,40.28521,0.943217665615142,peripheral,peripheral,MURA_TT_1232
MURA-v1.1/train/XR_FOREARM/patient09089/study1_positive/image1.png,XR_FOREARM,patient09089,study1_positive,1,image1.png,train,/content/drive/MyDrive/MURA-v1.1/train/XR_FOREARM/patient09089/study1_positive/image1.png,train/XR_FOREARM/patient09089/study1_positive,1,abnormal,/content/MURA_abnormal_train/XR_FOREARM/patient09089/study1_positive/image1.png,True,12745,12745,5,28.915468,0.7058823529411765,intermediate,intermediate,MURA_TT_1233
MURA-v1.1/train/XR_FINGER/patient03470/study1_positive/image3.png,XR_FINGER,patient03470,study1_positive,1,image3.png,train,/content/drive/MyDrive/MURA-v1.1/train/XR_FINGER/patient03470/study1_positive/image3.png,train/XR_FINGER/patient03470/study1_positive,1,abnormal,/content/MURA_abnormal_train/XR_FINGER/patient03470/study1_positive/image3.png,True,5598,5598,5,27.26866,0.7900874635568513,intermediate,intermediate,MURA_TT_1234
MURA-v1.1/train/XR_SHOULDER/patient00218/study1_positive/image1.png,XR_SHOULDER,patient00218,study1_positive,1,image1.png,train,/content/drive/MyDrive/MURA-v1.1/train/XR_SHOULDER/patient00218/study1_positive/image1.png,train/XR_SHOULDER/patient00218/study1_positive,1,abnormal,/content/MURA_abnormal_train/XR_SHOULDER/patient00218/study1_positive/image1.png,True,653,653,0,19.178085,0.0873925501432664,central,central,MURA_TT_1235
MURA-v1.1/train/XR_FOREARM/patient03956/study1_positive/image3.png,XR_FOREARM,patient03956,study1_positive,1,image3.png,train,/content/drive/MyDrive/MURA-v1.1/train/XR_FOREARM/patient03956/study1_positive/image3.png,train/XR_FOREARM/patient03956/study1_positive,1,abnormal,/content/MURA_abnormal_train/XR_FOREARM/patient03956/study1_positive/image3.png,True,13066,13066,3,31.923355,0.8893805309734514,peripheral,peripheral,MURA_TT_1236
MURA-v1.1/train/XR_SHOULDER/patient00423/study1_positive/image1.png,XR_SHOULDER,patient00423,study1_positive,1,image1.png,train,/content/drive/MyDrive/MURA-v1.1/train/XR_SHOULDER/patient00423/study1_positive/image1.png,train/XR_SHOULDER/patient00423/study1_positive,1,abnormal,/content/MURA_abnormal_train/XR_SHOULDER/patient00423/study1_positive/image1.png,True,1290,1290,3,26.663815,0.3904020752269779,central,central,MURA_TT_1237
MURA-v1.1/train/XR_SHOULDER/patient00877/study1_positive/image2.png,XR_SHOULDER,patient00877,study1_positive,1,image2.png,train,/content/drive/MyDrive/MURA-v1.1/train/XR_SHOULDER/patient00877/study1_positive/image2.png,train/XR_SHOULDER/patient00877/study1_positive,1,abnormal,/content/MURA_abnormal_train/XR_SHOULDER/patient00877/study1_positive/image2.png,True,2640,2640,3,26.939163,0.4189364461738002,central,central,MURA_TT_1238
MURA-v1.1/train/XR_HUMERUS/patient02798/study1_positive/image1.png,XR_HUMERUS,patient02798,study1_positive,1,image1.png,train,/content/drive/MyDrive/MURA-v1.1/train/XR_HUMERUS/patient02798/study1_positive/image1.png,train/XR_HUMERUS/patient02798/study1_positive,1,abnormal,/content/MURA_abnormal_train/XR_HUMERUS/patient02798/study1_positive/image1.png,True,4420,4420,3,30.08626,0.7379912663755459,intermediate,intermediate,MURA_TT_1239
MURA-v1.1/train/XR_HUMERUS/patient02871/study1_positive/image5.png,XR_HUMERUS,patient02871,study1_positive,1,image5.png,train,/content/drive/MyDrive/MURA-v1.1/train/XR_HUMERUS/patient02871/study1_positive/image5.png,train/XR_HUMERUS/patient02871/study1_positive,1,abnormal,/content/MURA_abnormal_train/XR_HUMERUS/patient02871/study1_positive/image5.png,True,4604,4604,1,30.019117,0.5,central,central,MURA_TT_1240
MURA-v1.1/train/XR_FINGER/patient03759/study1_positive/image3.png,XR_FINGER,patient03759,study1_positive,1,image3.png,train,/content/drive/MyDrive/MURA-v1.1/train/XR_FINGER/patient03759/study1_positive/image3.png,train/XR_FINGER/patient03759/study1_positive,1,abnormal,/content/MURA_abnormal_train/XR_FINGER/patient03759/study1_positive/image3.png,True,6575,6575,2,23.383665,0.3147632311977716,central,central,MURA_TT_1241
MURA-v1.1/train/XR_FOREARM/patient01528/study1_positive/image2.png,XR_FOREARM,patient01528,study1_positive,1,image2.png,train,/content/drive/MyDrive/MURA-v1.1/train/XR_FOREARM/patient01528/study1_positive/image2.png,train/XR_FOREARM/patient01528/study1_positive,1,abnormal,/content/MURA_abnormal_train/XR_FOREARM/patient01528/study1_positive/image2.png,True,12859,12859,3,25.058258,0.4557522123893805,central,central,MURA_TT_1242
MURA-v1.1/train/XR_SHOULDER/patient00848/study1_positive/image2.png,XR_SHOULDER,patient00848,study1_positive,1,image2.png,train,/content/drive/MyDrive/MURA-v1.1/train/XR_SHOULDER/patient00848/study1_positive/image2.png,train/XR_SHOULDER/patient00848/study1_positive,1,abnormal,/content/MURA_abnormal_train/XR_SHOULDER/patient00848/study1_positive/image2.png,True,2549,2549,5,23.743586,0.4606635071090047,central,central,MURA_TT_1243
MURA-v1.1/train/XR_FINGER/patient03292/study1_positive/image3.png,XR_FINGER,patient03292,study1_positive,1,image3.png,train,/content/drive/MyDrive/MURA-v1.1/train/XR_FINGER/patient03292/study1_positive/image3.png,train/XR_FINGER/patient03292/study1_positive,1,abnormal,/content/MURA_abnormal_train/XR_FINGER/patient03292/study1_positive/image3.png,True,5012,5012,1,29.635443,0.8145454545454546,peripheral,peripheral,MURA_TT_1244
MURA-v1.1/train/XR_HAND/patient09126/study1_positive/image1.png,XR_HAND,patient09126,study1_positive,1,image1.png,train,/content/drive/MyDrive/MURA-v1.1/train/XR_HAND/patient09126/study1_positive/image1.png,train/XR_HAND/patient09126/study1_positive,1,abnormal,/content/MURA_abnormal_train/XR_HAND/patient09126/study1_positive/image1.png,True,13862,13862,5,23.391815,0.6148148148148148,intermediate,intermediate,MURA_TT_1245
MURA-v1.1/train/XR_HAND/patient10124/study1_positive/image3.png,XR_HAND,patient10124,study1_positive,1,image3.png,train,/content/drive/MyDrive/MURA-v1.1/train/XR_HAND/patient10124/study1_positive/image3.png,train/XR_HAND/patient10124/study1_positive,1,abnormal,/content/MURA_abnormal_train/XR_HAND/patient10124/study1_positive/image3.png,True,14828,14828,1,26.817133,0.3356890459363957,central,central,MURA_TT_1246
MURA-v1.1/train/XR_FOREARM/patient09261/study1_positive/image1.png,XR_FOREARM,patient09261,study1_positive,1,image1.png,train,/content/drive/MyDrive/MURA-v1.1/train/XR_FOREARM/patient09261/study1_positive/image1.png,train/XR_FOREARM/patient09261/study1_positive,1,abnormal,/content/MURA_abnormal_train/XR_FOREARM/patient09261/study1_positive/image1.png,True,13270,13270,5,33.42306,0.8529411764705882,peripheral,peripheral,MURA_TT_1247
MURA-v1.1/train/XR_HUMERUS/patient02718/study1_positive/image2.png,XR_HUMERUS,patient02718,study1_positive,1,image2.png,train,/content/drive/MyDrive/MURA-v1.1/train/XR_HUMERUS/patient02718/study1_positive/image2.png,train/XR_HUMERUS/patient02718/study1_positive,1,abnormal,/content/MURA_abnormal_train/XR_HUMERUS/patient02718/study1_positive/image2.png,True,4220,4220,1,31.954477,0.55,intermediate,intermediate,MURA_TT_1248
MURA-v1.1/train/XR_HAND/patient10082/study1_positive/image1.png,XR_HAND,patient10082,study1_positive,1,image1.png,train,/content/drive/MyDrive/MURA-v1.1/train/XR_HAND/patient10082/study1_positive/image1.png,train/XR_HAND/patient10082/study1_positive,1,abnormal,/content/MURA_abnormal_train/XR_HAND/patient10082/study1_positive/image1.png,True,14675,14675,5,24.817688,0.7518518518518519,intermediate,intermediate,MURA_TT_1249
MURA-v1.1/train/XR_SHOULDER/patient00268/study1_positive/image1.png,XR_SHOULDER,patient00268,study1_positive,1,image1.png,train,/content/drive/MyDrive/MURA-v1.1/train/XR_SHOULDER/patient00268/study1_positive/image1.png,train/XR_SHOULDER/patient00268/study1_positive,1,abnormal,/content/MURA_abnormal_train/XR_SHOULDER/patient00268/study1_positive/image1.png,True,795,795,5,22.542875,0.3241706161137441,central,central,MURA_TT_1250
MURA-v1.1/train/XR_SHOULDER/patient01147/study1_positive/image3.png,XR_SHOULDER,patient01147,study1_positive,1,image3.png,train,/content/drive/MyDrive/MURA-v1.1/train/XR_SHOULDER/patient01147/study1_positive/image3.png,train/XR_SHOULDER/patient01147/study1_positive,1,abnormal,/content/MURA_abnormal_train/XR_SHOULDER/patient01147/study1_positive/image3.png,True,3403,3403,4,34.06082,0.8530020703933747,peripheral,peripheral,MURA_TT_1251
MURA-v1.1/train/XR_SHOULDER/patient00258/study1_positive/image4.png,XR_SHOULDER,patient00258,study1_positive,1,image4.png,train,/content/drive/MyDrive/MURA-v1.1/train/XR_SHOULDER/patient00258/study1_positive/image4.png,train/XR_SHOULDER/patient00258/study1_positive,1,abnormal,/content/MURA_abnormal_train/XR_SHOULDER/patient00258/study1_positive/image4.png,True,776,776,5,23.823282,0.4672985781990521,central,central,MURA_TT_1252
MURA-v1.1/train/XR_SHOULDER/patient00198/study1_positive/image1.png,XR_SHOULDER,patient00198,study1_positive,1,image1.png,train,/content/drive/MyDrive/MURA-v1.1/train/XR_SHOULDER/patient00198/study1_positive/image1.png,train/XR_SHOULDER/patient00198/study1_positive,1,abnormal,/content/MURA_abnormal_train/XR_SHOULDER/patient00198/study1_positive/image1.png,True,590,590,5,21.339916,0.2104265402843602,central,central,MURA_TT_1253
MURA-v1.1/train/XR_WRIST/patient06467/study1_positive/image2.png,XR_WRIST,patient06467,study1_positive,1,image2.png,train,/content/drive/MyDrive/MURA-v1.1/train/XR_WRIST/patient06467/study1_positive/image2.png,train/XR_WRIST/patient06467/study1_positive,1,abnormal,/content/MURA_abnormal_train/XR_WRIST/patient06467/study1_positive/image2.png,True,9133,9133,1,26.545341,0.6375711574952562,intermediate,intermediate,MURA_TT_1254
MURA-v1.1/train/XR_SHOULDER/patient01087/study1_positive/image2.png,XR_SHOULDER,patient01087,study1_positive,1,image2.png,train,/content/drive/MyDrive/MURA-v1.1/train/XR_SHOULDER/patient01087/study1_positive/image2.png,train/XR_SHOULDER/patient01087/study1_positive,1,abnormal,/content/MURA_abnormal_train/XR_SHOULDER/patient01087/study1_positive/image2.png,True,3235,3235,1,29.116705,0.3044776119402985,central,central,MURA_TT_1255
MURA-v1.1/train/XR_WRIST/patient00805/study1_positive/image2.png,XR_WRIST,patient00805,study1_positive,1,image2.png,train,/content/drive/MyDrive/MURA-v1.1/train/XR_WRIST/patient00805/study1_positive/image2.png,train/XR_WRIST/patient00805/study1_positive,1,abnormal,/content/MURA_abnormal_train/XR_WRIST/patient00805/study1_positive/image2.png,True,11503,11503,2,29.761456,0.8235294117647058,peripheral,peripheral,MURA_TT_1256
MURA-v1.1/train/XR_WRIST/patient05125/study1_positive/image1.png,XR_WRIST,patient05125,study1_positive,1,image1.png,train,/content/drive/MyDrive/MURA-v1.1/train/XR_WRIST/patient05125/study1_positive/image1.png,train/XR_WRIST/patient05125/study1_positive,1,abnormal,/content/MURA_abnormal_train/XR_WRIST/patient05125/study1_positive/image1.png,True,11463,11463,3,34.746582,0.942528735632184,peripheral,peripheral,MURA_TT_1257
MURA-v1.1/train/XR_SHOULDER/patient01325/study1_positive/image4.png,XR_SHOULDER,patient01325,study1_positive,1,image4.png,train,/content/drive/MyDrive/MURA-v1.1/train/XR_SHOULDER/patient01325/study1_positive/image4.png,train/XR_SHOULDER/patient01325/study1_positive,1,abnormal,/content/MURA_abnormal_train/XR_SHOULDER/patient01325/study1_positive/image4.png,True,3917,3917,0,29.156876,0.8896848137535817,peripheral,peripheral,MURA_TT_1258
MURA-v1.1/train/XR_HAND/patient09895/study1_positive/image1.png,XR_HAND,patient09895,study1_positive,1,image1.png,train,/content/drive/MyDrive/MURA-v1.1/train/XR_HAND/patient09895/study1_positive/image1.png,train/XR_HAND/patient09895/study1_positive,1,abnormal,/content/MURA_abnormal_train/XR_HAND/patient09895/study1_positive/image1.png,True,14023,14023,3,33.861504,0.7362637362637363,intermediate,intermediate,MURA_TT_1259
MURA-v1.1/train/XR_ELBOW/patient05369/study1_positive/image1.png,XR_ELBOW,patient05369,study1_positive,1,image1.png,train,/content/drive/MyDrive/MURA-v1.1/train/XR_ELBOW/patient05369/study1_positive/image1.png,train/XR_ELBOW/patient05369/study1_positive,1,abnormal,/content/MURA_abnormal_train/XR_ELBOW/patient05369/study1_positive/image1.png,True,8434,8434,1,16.898676,0.036964980544747,central,central,MURA_TT_1260
MURA-v1.1/train/XR_SHOULDER/patient01266/study1_positive/image4.png,XR_SHOULDER,patient01266,study1_positive,1,image4.png,train,/content/drive/MyDrive/MURA-v1.1/train/XR_SHOULDER/patient01266/study1_positive/image4.png,train/XR_SHOULDER/patient01266/study1_positive,1,abnormal,/content/MURA_abnormal_train/XR_SHOULDER/patient01266/study1_positive/image4.png,True,3740,3740,0,21.928867,0.336676217765043,central,central,MURA_TT_1261
MURA-v1.1/train/XR_HAND/patient09979/study1_positive/image1.png,XR_HAND,patient09979,study1_positive,1,image1.png,train,/content/drive/MyDrive/MURA-v1.1/train/XR_HAND/patient09979/study1_positive/image1.png,train/XR_HAND/patient09979/study1_positive,1,abnormal,/content/MURA_abnormal_train/XR_HAND/patient09979/study1_positive/image1.png,True,14311,14311,1,36.756836,0.8798586572438163,peripheral,peripheral,MURA_TT_1262
MURA-v1.1/train/XR_SHOULDER/patient00692/study1_positive/image2.png,XR_SHOULDER,patient00692,study1_positive,1,image2.png,train,/content/drive/MyDrive/MURA-v1.1/train/XR_SHOULDER/patient00692/study1_positive/image2.png,train/XR_SHOULDER/patient00692/study1_positive,1,abnormal,/content/MURA_abnormal_train/XR_SHOULDER/patient00692/study1_positive/image2.png,True,2093,2093,2,23.71019,0.1731234866828087,central,central,MURA_TT_1263
MURA-v1.1/train/XR_FOREARM/patient09150/study1_positive/image2.png,XR_FOREARM,patient09150,study1_positive,1,image2.png,train,/content/drive/MyDrive/MURA-v1.1/train/XR_FOREARM/patient09150/study1_positive/image2.png,train/XR_FOREARM/patient09150/study1_positive,1,abnormal,/content/MURA_abnormal_train/XR_FOREARM/patient09150/study1_positive/image2.png,True,12913,12913,3,19.811743,0.0353982300884955,central,central,MURA_TT_1264
MURA-v1.1/train/XR_SHOULDER/patient01262/study1_positive/image2.png,XR_SHOULDER,patient01262,study1_positive,1,image2.png,train,/content/drive/MyDrive/MURA-v1.1/train/XR_SHOULDER/patient01262/study1_positive/image2.png,train/XR_SHOULDER/patient01262/study1_positive,1,abnormal,/content/MURA_abnormal_train/XR_SHOULDER/patient01262/study1_positive/image2.png,True,3728,3728,5,20.54705,0.1440758293838862,central,central,MURA_TT_1265
MURA-v1.1/train/XR_ELBOW/patient05123/study1_positive/image2.png,XR_ELBOW,patient05123,study1_positive,1,image2.png,train,/content/drive/MyDrive/MURA-v1.1/train/XR_ELBOW/patient05123/study1_positive/image2.png,train/XR_ELBOW/patient05123/study1_positive,1,abnormal,/content/MURA_abnormal_train/XR_ELBOW/patient05123/study1_positive/image2.png,True,7543,7543,0,31.462957,0.91156462585034,peripheral,peripheral,MURA_TT_1266
MURA-v1.1/train/XR_ELBOW/patient04965/study1_positive/image2.png,XR_ELBOW,patient04965,study1_positive,1,image2.png,train,/content/drive/MyDrive/MURA-v1.1/train/XR_ELBOW/patient04965/study1_positive/image2.png,train/XR_ELBOW/patient04965/study1_positive,1,abnormal,/content/MURA_abnormal_train/XR_ELBOW/patient04965/study1_positive/image2.png,True,6966,6966,2,21.757326,0.1868512110726643,central,central,MURA_TT_1267
MURA-v1.1/train/XR_HUMERUS/patient02867/study1_positive/image1.png,XR_HUMERUS,patient02867,study1_positive,1,image1.png,train,/content/drive/MyDrive/MURA-v1.1/train/XR_HUMERUS/patient02867/study1_positive/image1.png,train/XR_HUMERUS/patient02867/study1_positive,1,abnormal,/content/MURA_abnormal_train/XR_HUMERUS/patient02867/study1_positive/image1.png,True,4589,4589,3,30.640615,0.7729257641921398,intermediate,intermediate,MURA_TT_1268
MURA-v1.1/train/XR_HAND/patient09915/study1_positive/image2.png,XR_HAND,patient09915,study1_positive,1,image2.png,train,/content/drive/MyDrive/MURA-v1.1/train/XR_HAND/patient09915/study1_positive/image2.png,train/XR_HAND/patient09915/study1_positive,1,abnormal,/content/MURA_abnormal_train/XR_HAND/patient09915/study1_positive/image2.png,True,14097,14097,4,29.612473,0.847457627118644,peripheral,peripheral,MURA_TT_1269
MURA-v1.1/train/XR_WRIST/patient06893/study1_positive/image2.png,XR_WRIST,patient06893,study1_positive,1,image2.png,train,/content/drive/MyDrive/MURA-v1.1/train/XR_WRIST/patient06893/study1_positive/image2.png,train/XR_WRIST/patient06893/study1_positive,1,abnormal,/content/MURA_abnormal_train/XR_WRIST/patient06893/study1_positive/image2.png,True,10690,10690,2,28.841347,0.7864923747276689,intermediate,intermediate,MURA_TT_1270
MURA-v1.1/train/XR_HAND/patient10076/study1_positive/image1.png,XR_HAND,patient10076,study1_positive,1,image1.png,train,/content/drive/MyDrive/MURA-v1.1/train/XR_HAND/patient10076/study1_positive/image1.png,train/XR_HAND/patient10076/study1_positive,1,abnormal,/content/MURA_abnormal_train/XR_HAND/patient10076/study1_positive/image1.png,True,14654,14654,2,22.686792,0.1735015772870662,central,central,MURA_TT_1271
MURA-v1.1/train/XR_SHOULDER/patient00971/study1_positive/image3.png,XR_SHOULDER,patient00971,study1_positive,1,image3.png,train,/content/drive/MyDrive/MURA-v1.1/train/XR_SHOULDER/patient00971/study1_positive/image3.png,train/XR_SHOULDER/patient00971/study1_positive,1,abnormal,/content/MURA_abnormal_train/XR_SHOULDER/patient00971/study1_positive/image3.png,True,2917,2917,0,25.242588,0.6461318051575932,intermediate,intermediate,MURA_TT_1272
MURA-v1.1/train/XR_FINGER/patient03706/study1_positive/image3.png,XR_FINGER,patient03706,study1_positive,1,image3.png,train,/content/drive/MyDrive/MURA-v1.1/train/XR_FINGER/patient03706/study1_positive/image3.png,train/XR_FINGER/patient03706/study1_positive,1,abnormal,/content/MURA_abnormal_train/XR_FINGER/patient03706/study1_positive/image3.png,True,6390,6390,4,28.651003,0.8485639686684073,peripheral,peripheral,MURA_TT_1273
MURA-v1.1/train/XR_WRIST/patient07268/study1_positive/image2.png,XR_WRIST,patient07268,study1_positive,1,image2.png,train,/content/drive/MyDrive/MURA-v1.1/train/XR_WRIST/patient07268/study1_positive/image2.png,train/XR_WRIST/patient07268/study1_positive,1,abnormal,/content/MURA_abnormal_train/XR_WRIST/patient07268/study1_positive/image2.png,True,12141,12141,4,25.558798,0.3487031700288184,central,central,MURA_TT_1274
MURA-v1.1/train/XR_FINGER/patient03478/study1_positive/image2.png,XR_FINGER,patient03478,study1_positive,1,image2.png,train,/content/drive/MyDrive/MURA-v1.1/train/XR_FINGER/patient03478/study1_positive/image2.png,train/XR_FINGER/patient03478/study1_positive,1,abnormal,/content/MURA_abnormal_train/XR_FINGER/patient03478/study1_positive/image2.png,True,5626,5626,1,27.791906,0.6436363636363637,intermediate,intermediate,MURA_TT_1275
MURA-v1.1/train/XR_FINGER/patient03537/study1_positive/image1.png,XR_FINGER,patient03537,study1_positive,1,image1.png,train,/content/drive/MyDrive/MURA-v1.1/train/XR_FINGER/patient03537/study1_positive/image1.png,train/XR_FINGER/patient03537/study1_positive,1,abnormal,/content/MURA_abnormal_train/XR_FINGER/patient03537/study1_positive/image1.png,True,5820,5820,2,23.316832,0.309192200557103,central,central,MURA_TT_1276
MURA-v1.1/train/XR_HUMERUS/patient02728/study1_positive/image1.png,XR_HUMERUS,patient02728,study1_positive,1,image1.png,train,/content/drive/MyDrive/MURA-v1.1/train/XR_HUMERUS/patient02728/study1_positive/image1.png,train/XR_HUMERUS/patient02728/study1_positive,1,abnormal,/content/MURA_abnormal_train/XR_HUMERUS/patient02728/study1_positive/image1.png,True,4254,4254,0,40.090782,0.9124087591240876,peripheral,peripheral,MURA_TT_1277
MURA-v1.1/train/XR_HAND/patient09875/study1_positive/image2.png,XR_HAND,patient09875,study1_positive,1,image2.png,train,/content/drive/MyDrive/MURA-v1.1/train/XR_HAND/patient09875/study1_positive/image2.png,train/XR_HAND/patient09875/study1_positive,1,abnormal,/content/MURA_abnormal_train/XR_HAND/patient09875/study1_positive/image2.png,True,13927,13927,4,25.258715,0.4677966101694915,central,central,MURA_TT_1278
MURA-v1.1/train/XR_HAND/patient02512/study1_positive/image3.png,XR_HAND,patient02512,study1_positive,1,image3.png,train,/content/drive/MyDrive/MURA-v1.1/train/XR_HAND/patient02512/study1_positive/image3.png,train/XR_HAND/patient02512/study1_positive,1,abnormal,/content/MURA_abnormal_train/XR_HAND/patient02512/study1_positive/image3.png,True,13641,13641,2,25.239374,0.3974763406940063,central,central,MURA_TT_1279
MURA-v1.1/train/XR_WRIST/patient06364/study1_positive/image1.png,XR_WRIST,patient06364,study1_positive,1,image1.png,train,/content/drive/MyDrive/MURA-v1.1/train/XR_WRIST/patient06364/study1_positive/image1.png,train/XR_WRIST/patient06364/study1_positive,1,abnormal,/content/MURA_abnormal_train/XR_WRIST/patient06364/study1_positive/image1.png,True,8760,8760,7,30.893373,0.4482758620689655,central,central,MURA_TT_1280
MURA-v1.1/train/XR_FINGER/patient03534/study1_positive/image1.png,XR_FINGER,patient03534,study1_positive,1,image1.png,train,/content/drive/MyDrive/MURA-v1.1/train/XR_FINGER/patient03534/study1_positive/image1.png,train/XR_FINGER/patient03534/study1_positive,1,abnormal,/content/MURA_abnormal_train/XR_FINGER/patient03534/study1_positive/image1.png,True,5808,5808,4,20.237564,0.1096605744125326,central,central,MURA_TT_1281
MURA-v1.1/train/XR_SHOULDER/patient01130/study1_positive/image1.png,XR_SHOULDER,patient01130,study1_positive,1,image1.png,train,/content/drive/MyDrive/MURA-v1.1/train/XR_SHOULDER/patient01130/study1_positive/image1.png,train/XR_SHOULDER/patient01130/study1_positive,1,abnormal,/content/MURA_abnormal_train/XR_SHOULDER/patient01130/study1_positive/image1.png,True,3352,3352,4,31.788336,0.6956521739130435,intermediate,intermediate,MURA_TT_1282
MURA-v1.1/train/XR_SHOULDER/patient01175/study1_positive/image1.png,XR_SHOULDER,patient01175,study1_positive,1,image1.png,train,/content/drive/MyDrive/MURA-v1.1/train/XR_SHOULDER/patient01175/study1_positive/image1.png,train/XR_SHOULDER/patient01175/study1_positive,1,abnormal,/content/MURA_abnormal_train/XR_SHOULDER/patient01175/study1_positive/image1.png,True,3483,3483,4,27.243383,0.1987577639751552,central,central,MURA_TT_1283
MURA-v1.1/train/XR_SHOULDER/patient00771/study1_positive/image3.png,XR_SHOULDER,patient00771,study1_positive,1,image3.png,train,/content/drive/MyDrive/MURA-v1.1/train/XR_SHOULDER/patient00771/study1_positive/image3.png,train/XR_SHOULDER/patient00771/study1_positive,1,abnormal,/content/MURA_abnormal_train/XR_SHOULDER/patient00771/study1_positive/image3.png,True,2346,2346,5,29.596727,0.9156398104265404,peripheral,peripheral,MURA_TT_1284
MURA-v1.1/train/XR_FOREARM/patient09279/study1_positive/image2.png,XR_FOREARM,patient09279,study1_positive,1,image2.png,train,/content/drive/MyDrive/MURA-v1.1/train/XR_FOREARM/patient09279/study1_positive/image2.png,train/XR_FOREARM/patient09279/study1_positive,1,abnormal,/content/MURA_abnormal_train/XR_FOREARM/patient09279/study1_positive/image2.png,True,13323,13323,3,23.578344,0.3097345132743362,central,central,MURA_TT_1285
MURA-v1.1/train/XR_ELBOW/patient05088/study1_positive/image3.png,XR_ELBOW,patient05088,study1_positive,1,image3.png,train,/content/drive/MyDrive/MURA-v1.1/train/XR_ELBOW/patient05088/study1_positive/image3.png,train/XR_ELBOW/patient05088/study1_positive,1,abnormal,/content/MURA_abnormal_train/XR_ELBOW/patient05088/study1_positive/image3.png,True,7395,7395,3,30.882751,0.4,central,central,MURA_TT_1286
MURA-v1.1/train/XR_HUMERUS/patient02913/study1_positive/image1.png,XR_HUMERUS,patient02913,study1_positive,1,image1.png,train,/content/drive/MyDrive/MURA-v1.1/train/XR_HUMERUS/patient02913/study1_positive/image1.png,train/XR_HUMERUS/patient02913/study1_positive,1,abnormal,/content/MURA_abnormal_train/XR_HUMERUS/patient02913/study1_positive/image1.png,True,4704,4704,3,27.500977,0.5982532751091703,intermediate,intermediate,MURA_TT_1287
MURA-v1.1/train/XR_ELBOW/patient04999/study1_positive/image2.png,XR_ELBOW,patient04999,study1_positive,1,image2.png,train,/content/drive/MyDrive/MURA-v1.1/train/XR_ELBOW/patient04999/study1_positive/image2.png,train/XR_ELBOW/patient04999/study1_positive,1,abnormal,/content/MURA_abnormal_train/XR_ELBOW/patient04999/study1_positive/image2.png,True,7093,7093,0,25.691181,0.5419501133786848,intermediate,intermediate,MURA_TT_1288
MURA-v1.1/train/XR_FOREARM/patient09196/study1_positive/image1.png,XR_FOREARM,patient09196,study1_positive,1,image1.png,train,/content/drive/MyDrive/MURA-v1.1/train/XR_FOREARM/patient09196/study1_positive/image1.png,train/XR_FOREARM/patient09196/study1_positive,1,abnormal,/content/MURA_abnormal_train/XR_FOREARM/patient09196/study1_positive/image1.png,True,13088,13088,5,24.366247,0.3823529411764705,central,central,MURA_TT_1289
MURA-v1.1/train/XR_ELBOW/patient05396/study1_positive/image3.png,XR_ELBOW,patient05396,study1_positive,1,image3.png,train,/content/drive/MyDrive/MURA-v1.1/train/XR_ELBOW/patient05396/study1_positive/image3.png,train/XR_ELBOW/patient05396/study1_positive,1,abnormal,/content/MURA_abnormal_train/XR_ELBOW/patient05396/study1_positive/image3.png,True,8522,8522,1,19.094715,0.2081712062256809,central,central,MURA_TT_1290
MURA-v1.1/train/XR_WRIST/patient07051/study1_positive/image3.png,XR_WRIST,patient07051,study1_positive,1,image3.png,train,/content/drive/MyDrive/MURA-v1.1/train/XR_WRIST/patient07051/study1_positive/image3.png,train/XR_WRIST/patient07051/study1_positive,1,abnormal,/content/MURA_abnormal_train/XR_WRIST/patient07051/study1_positive/image3.png,True,11280,11280,8,22.582228,0.2883435582822086,central,central,MURA_TT_1291
MURA-v1.1/train/XR_SHOULDER/patient01275/study1_positive/image2.png,XR_SHOULDER,patient01275,study1_positive,1,image2.png,train,/content/drive/MyDrive/MURA-v1.1/train/XR_SHOULDER/patient01275/study1_positive/image2.png,train/XR_SHOULDER/patient01275/study1_positive,1,abnormal,/content/MURA_abnormal_train/XR_SHOULDER/patient01275/study1_positive/image2.png,True,3765,3765,0,22.355526,0.3753581661891118,central,central,MURA_TT_1292
MURA-v1.1/train/XR_HAND/patient05853/study1_positive/image2.png,XR_HAND,patient05853,study1_positive,1,image2.png,train,/content/drive/MyDrive/MURA-v1.1/train/XR_HAND/patient05853/study1_positive/image2.png,train/XR_HAND/patient05853/study1_positive,1,abnormal,/content/MURA_abnormal_train/XR_HAND/patient05853/study1_positive/image2.png,True,14809,14809,3,30.044024,0.4395604395604395,central,central,MURA_TT_1293
MURA-v1.1/train/XR_SHOULDER/patient01064/study1_positive/image2.png,XR_SHOULDER,patient01064,study1_positive,1,image2.png,train,/content/drive/MyDrive/MURA-v1.1/train/XR_SHOULDER/patient01064/study1_positive/image2.png,train/XR_SHOULDER/patient01064/study1_positive,1,abnormal,/content/MURA_abnormal_train/XR_SHOULDER/patient01064/study1_positive/image2.png,True,3169,3169,2,34.16954,0.946731234866828,peripheral,peripheral,MURA_TT_1294
MURA-v1.1/train/XR_WRIST/patient06418/study1_positive/image2.png,XR_WRIST,patient06418,study1_positive,1,image2.png,train,/content/drive/MyDrive/MURA-v1.1/train/XR_WRIST/patient06418/study1_positive/image2.png,train/XR_WRIST/patient06418/study1_positive,1,abnormal,/content/MURA_abnormal_train/XR_WRIST/patient06418/study1_positive/image2.png,True,8965,8965,7,24.08486,0.0344827586206896,central,central,MURA_TT_1295
MURA-v1.1/train/XR_HUMERUS/patient02769/study1_positive/image2.png,XR_HUMERUS,patient02769,study1_positive,1,image2.png,train,/content/drive/MyDrive/MURA-v1.1/train/XR_HUMERUS/patient02769/study1_positive/image2.png,train/XR_HUMERUS/patient02769/study1_positive,1,abnormal,/content/MURA_abnormal_train/XR_HUMERUS/patient02769/study1_positive/image2.png,True,4353,4353,2,34.329666,0.943661971830986,peripheral,peripheral,MURA_TT_1296
MURA-v1.1/train/XR_HUMERUS/patient02901/study1_positive/image1.png,XR_HUMERUS,patient02901,study1_positive,1,image1.png,train,/content/drive/MyDrive/MURA-v1.1/train/XR_HUMERUS/patient02901/study1_positive/image1.png,train/XR_HUMERUS/patient02901/study1_positive,1,abnormal,/content/MURA_abnormal_train/XR_HUMERUS/patient02901/study1_positive/image1.png,True,4675,4675,3,32.104897,0.8427947598253275,peripheral,peripheral,MURA_TT_1297
MURA-v1.1/train/XR_WRIST/patient06372/study1_positive/image3.png,XR_WRIST,patient06372,study1_positive,1,image3.png,train,/content/drive/MyDrive/MURA-v1.1/train/XR_WRIST/patient06372/study1_positive/image3.png,train/XR_WRIST/patient06372/study1_positive,1,abnormal,/content/MURA_abnormal_train/XR_WRIST/patient06372/study1_positive/image3.png,True,8791,8791,4,27.39645,0.5100864553314121,intermediate,intermediate,MURA_TT_1298
MURA-v1.1/train/XR_WRIST/patient05651/study1_positive/image3.png,XR_WRIST,patient05651,study1_positive,1,image3.png,train,/content/drive/MyDrive/MURA-v1.1/train/XR_WRIST/patient05651/study1_positive/image3.png,train/XR_WRIST/patient05651/study1_positive,1,abnormal,/content/MURA_abnormal_train/XR_WRIST/patient05651/study1_positive/image3.png,True,11206,11206,8,20.466984,0.1063394683026584,central,central,MURA_TT_1299
MURA-v1.1/train/XR_FINGER/patient02094/study1_positive/image3.png,XR_FINGER,patient02094,study1_positive,1,image3.png,train,/content/drive/MyDrive/MURA-v1.1/train/XR_FINGER/patient02094/study1_positive/image3.png,train/XR_FINGER/patient02094/study1_positive,1,abnormal,/content/MURA_abnormal_train/XR_FINGER/patient02094/study1_positive/image3.png,True,5946,5946,4,30.70753,0.9190600522193212,peripheral,peripheral,MURA_TT_1300
MURA-v1.1/train/XR_FINGER/patient03322/study1_positive/image3.png,XR_FINGER,patient03322,study1_positive,1,image3.png,train,/content/drive/MyDrive/MURA-v1.1/train/XR_FINGER/patient03322/study1_positive/image3.png,train/XR_FINGER/patient03322/study1_positive,1,abnormal,/content/MURA_abnormal_train/XR_FINGER/patient03322/study1_positive/image3.png,True,5108,5108,1,24.247505,0.2727272727272727,central,central,MURA_TT_1301
MURA-v1.1/train/XR_SHOULDER/patient00745/study1_positive/image4.png,XR_SHOULDER,patient00745,study1_positive,1,image4.png,train,/content/drive/MyDrive/MURA-v1.1/train/XR_SHOULDER/patient00745/study1_positive/image4.png,train/XR_SHOULDER/patient00745/study1_positive,1,abnormal,/content/MURA_abnormal_train/XR_SHOULDER/patient00745/study1_positive/image4.png,True,2266,2266,0,21.603207,0.3037249283667622,central,central,MURA_TT_1302
MURA-v1.1/train/XR_ELBOW/patient05003/study1_positive/image1.png,XR_ELBOW,patient05003,study1_positive,1,image1.png,train,/content/drive/MyDrive/MURA-v1.1/train/XR_ELBOW/patient05003/study1_positive/image1.png,train/XR_ELBOW/patient05003/study1_positive,1,abnormal,/content/MURA_abnormal_train/XR_ELBOW/patient05003/study1_positive/image1.png,True,7104,7104,0,21.040941,0.0816326530612244,central,central,MURA_TT_1303
MURA-v1.1/train/XR_SHOULDER/patient00044/study1_positive/image3.png,XR_SHOULDER,patient00044,study1_positive,1,image3.png,train,/content/drive/MyDrive/MURA-v1.1/train/XR_SHOULDER/patient00044/study1_positive/image3.png,train/XR_SHOULDER/patient00044/study1_positive,1,abnormal,/content/MURA_abnormal_train/XR_SHOULDER/patient00044/study1_positive/image3.png,True,130,130,0,24.056253,0.5415472779369628,intermediate,intermediate,MURA_TT_1304
MURA-v1.1/train/XR_SHOULDER/patient00223/study1_positive/image1.png,XR_SHOULDER,patient00223,study1_positive,1,image1.png,train,/content/drive/MyDrive/MURA-v1.1/train/XR_SHOULDER/patient00223/study1_positive/image1.png,train/XR_SHOULDER/patient00223/study1_positive,1,abnormal,/content/MURA_abnormal_train/XR_SHOULDER/patient00223/study1_positive/image1.png,True,671,671,3,22.321554,0.0428015564202334,central,central,MURA_TT_1305
MURA-v1.1/train/XR_WRIST/patient07367/study1_positive/image3.png,XR_WRIST,patient07367,study1_positive,1,image3.png,train,/content/drive/MyDrive/MURA-v1.1/train/XR_WRIST/patient07367/study1_positive/image3.png,train/XR_WRIST/patient07367/study1_positive,1,abnormal,/content/MURA_abnormal_train/XR_WRIST/patient07367/study1_positive/image3.png,True,12483,12483,5,21.411337,0.2181818181818181,central,central,MURA_TT_1306
MURA-v1.1/train/XR_HAND/patient09912/study1_positive/image3.png,XR_HAND,patient09912,study1_positive,1,image3.png,train,/content/drive/MyDrive/MURA-v1.1/train/XR_HAND/patient09912/study1_positive/image3.png,train/XR_HAND/patient09912/study1_positive,1,abnormal,/content/MURA_abnormal_train/XR_HAND/patient09912/study1_positive/image3.png,True,14086,14086,5,19.365301,0.1444444444444444,central,central,MURA_TT_1307
MURA-v1.1/train/XR_ELBOW/patient04954/study1_positive/image1.png,XR_ELBOW,patient04954,study1_positive,1,image1.png,train,/content/drive/MyDrive/MURA-v1.1/train/XR_ELBOW/patient04954/study1_positive/image1.png,train/XR_ELBOW/patient04954/study1_positive,1,abnormal,/content/MURA_abnormal_train/XR_ELBOW/patient04954/study1_positive/image1.png,True,6931,6931,3,29.129673,0.2,central,central,MURA_TT_1308
MURA-v1.1/train/XR_SHOULDER/patient01326/study1_positive/image1.png,XR_SHOULDER,patient01326,study1_positive,1,image1.png,train,/content/drive/MyDrive/MURA-v1.1/train/XR_SHOULDER/patient01326/study1_positive/image1.png,train/XR_SHOULDER/patient01326/study1_positive,1,abnormal,/content/MURA_abnormal_train/XR_SHOULDER/patient01326/study1_positive/image1.png,True,3918,3918,3,28.658478,0.5719844357976653,intermediate,intermediate,MURA_TT_1309
MURA-v1.1/train/XR_SHOULDER/patient00697/study1_positive/image4.png,XR_SHOULDER,patient00697,study1_positive,1,image4.png,train,/content/drive/MyDrive/MURA-v1.1/train/XR_SHOULDER/patient00697/study1_positive/image4.png,train/XR_SHOULDER/patient00697/study1_positive,1,abnormal,/content/MURA_abnormal_train/XR_SHOULDER/patient00697/study1_positive/image4.png,True,2109,2109,0,19.34988,0.0945558739255014,central,central,MURA_TT_1310
MURA-v1.1/train/XR_SHOULDER/patient00381/study1_positive/image1.png,XR_SHOULDER,patient00381,study1_positive,1,image1.png,train,/content/drive/MyDrive/MURA-v1.1/train/XR_SHOULDER/patient00381/study1_positive/image1.png,train/XR_SHOULDER/patient00381/study1_positive,1,abnormal,/content/MURA_abnormal_train/XR_SHOULDER/patient00381/study1_positive/image1.png,True,1167,1167,1,29.499268,0.3343283582089552,central,central,MURA_TT_1311
MURA-v1.1/train/XR_WRIST/patient06543/study1_positive/image3.png,XR_WRIST,patient06543,study1_positive,1,image3.png,train,/content/drive/MyDrive/MURA-v1.1/train/XR_WRIST/patient06543/study1_positive/image3.png,train/XR_WRIST/patient06543/study1_positive,1,abnormal,/content/MURA_abnormal_train/XR_WRIST/patient06543/study1_positive/image3.png,True,9389,9389,1,22.410385,0.1992409867172675,central,central,MURA_TT_1312
MURA-v1.1/train/XR_HAND/patient10115/study1_positive/image2.png,XR_HAND,patient10115,study1_positive,1,image2.png,train,/content/drive/MyDrive/MURA-v1.1/train/XR_HAND/patient10115/study1_positive/image2.png,train/XR_HAND/patient10115/study1_positive,1,abnormal,/content/MURA_abnormal_train/XR_HAND/patient10115/study1_positive/image2.png,True,14794,14794,4,23.062286,0.1694915254237288,central,central,MURA_TT_1313
MURA-v1.1/train/XR_FINGER/patient03455/study1_positive/image1.png,XR_FINGER,patient03455,study1_positive,1,image1.png,train,/content/drive/MyDrive/MURA-v1.1/train/XR_FINGER/patient03455/study1_positive/image1.png,train/XR_FINGER/patient03455/study1_positive,1,abnormal,/content/MURA_abnormal_train/XR_FINGER/patient03455/study1_positive/image1.png,True,5550,5550,4,25.548178,0.6631853785900783,intermediate,intermediate,MURA_TT_1314
MURA-v1.1/train/XR_HAND/patient09890/study1_positive/image1.png,XR_HAND,patient09890,study1_positive,1,image1.png,train,/content/drive/MyDrive/MURA-v1.1/train/XR_HAND/patient09890/study1_positive/image1.png,train/XR_HAND/patient09890/study1_positive,1,abnormal,/content/MURA_abnormal_train/XR_HAND/patient09890/study1_positive/image1.png,True,13997,13997,5,20.996737,0.3111111111111111,central,central,MURA_TT_1315
MURA-v1.1/train/XR_HUMERUS/patient02751/study1_positive/image1.png,XR_HUMERUS,patient02751,study1_positive,1,image1.png,train,/content/drive/MyDrive/MURA-v1.1/train/XR_HUMERUS/patient02751/study1_positive/image1.png,train/XR_HUMERUS/patient02751/study1_positive,1,abnormal,/content/MURA_abnormal_train/XR_HUMERUS/patient02751/study1_positive/image1.png,True,4306,4306,2,35.315166,0.9483568075117372,peripheral,peripheral,MURA_TT_1316
MURA-v1.1/train/XR_HUMERUS/patient02724/study1_positive/image3.png,XR_HUMERUS,patient02724,study1_positive,1,image3.png,train,/content/drive/MyDrive/MURA-v1.1/train/XR_HUMERUS/patient02724/study1_positive/image3.png,train/XR_HUMERUS/patient02724/study1_positive,1,abnormal,/content/MURA_abnormal_train/XR_HUMERUS/patient02724/study1_positive/image3.png,True,4242,4242,1,26.83807,0.25,central,central,MURA_TT_1317
MURA-v1.1/train/XR_FOREARM/patient09213/study1_positive/image1.png,XR_FOREARM,patient09213,study1_positive,1,image1.png,train,/content/drive/MyDrive/MURA-v1.1/train/XR_FOREARM/patient09213/study1_positive/image1.png,train/XR_FOREARM/patient09213/study1_positive,1,abnormal,/content/MURA_abnormal_train/XR_FOREARM/patient09213/study1_positive/image1.png,True,13136,13136,1,25.386581,0.1829268292682926,central,central,MURA_TT_1318
MURA-v1.1/train/XR_HAND/patient05474/study1_positive/image1.png,XR_HAND,patient05474,study1_positive,1,image1.png,train,/content/drive/MyDrive/MURA-v1.1/train/XR_HAND/patient05474/study1_positive/image1.png,train/XR_HAND/patient05474/study1_positive,1,abnormal,/content/MURA_abnormal_train/XR_HAND/patient05474/study1_positive/image1.png,True,14743,14743,0,21.90597,0.2982456140350877,central,central,MURA_TT_1319
MURA-v1.1/train/XR_FOREARM/patient09224/study1_positive/image2.png,XR_FOREARM,patient09224,study1_positive,1,image2.png,train,/content/drive/MyDrive/MURA-v1.1/train/XR_FOREARM/patient09224/study1_positive/image2.png,train/XR_FOREARM/patient09224/study1_positive,1,abnormal,/content/MURA_abnormal_train/XR_FOREARM/patient09224/study1_positive/image2.png,True,13165,13165,3,23.516033,0.3053097345132743,central,central,MURA_TT_1320
MURA-v1.1/train/XR_ELBOW/patient05004/study1_positive/image2.png,XR_ELBOW,patient05004,study1_positive,1,image2.png,train,/content/drive/MyDrive/MURA-v1.1/train/XR_ELBOW/patient05004/study1_positive/image2.png,train/XR_ELBOW/patient05004/study1_positive,1,abnormal,/content/MURA_abnormal_train/XR_ELBOW/patient05004/study1_positive/image2.png,True,7109,7109,5,26.39522,0.3548387096774194,central,central,MURA_TT_1321
MURA-v1.1/train/XR_FOREARM/patient06444/study1_positive/image1.png,XR_FOREARM,patient06444,study1_positive,1,image1.png,train,/content/drive/MyDrive/MURA-v1.1/train/XR_FOREARM/patient06444/study1_positive/image1.png,train/XR_FOREARM/patient06444/study1_positive,1,abnormal,/content/MURA_abnormal_train/XR_FOREARM/patient06444/study1_positive/image1.png,True,12800,12800,5,30.481503,0.7843137254901961,intermediate,intermediate,MURA_TT_1322
MURA-v1.1/train/XR_WRIST/patient06912/study1_positive/image1.png,XR_WRIST,patient06912,study1_positive,1,image1.png,train,/content/drive/MyDrive/MURA-v1.1/train/XR_WRIST/patient06912/study1_positive/image1.png,train/XR_WRIST/patient06912/study1_positive,1,abnormal,/content/MURA_abnormal_train/XR_WRIST/patient06912/study1_positive/image1.png,True,10762,10762,8,29.680801,0.9141104294478528,peripheral,peripheral,MURA_TT_1323
MURA-v1.1/train/XR_WRIST/patient07242/study1_positive/image1.png,XR_WRIST,patient07242,study1_positive,1,image1.png,train,/content/drive/MyDrive/MURA-v1.1/train/XR_WRIST/patient07242/study1_positive/image1.png,train/XR_WRIST/patient07242/study1_positive,1,abnormal,/content/MURA_abnormal_train/XR_WRIST/patient07242/study1_positive/image1.png,True,12040,12040,1,27.318602,0.7077798861480076,intermediate,intermediate,MURA_TT_1324
MURA-v1.1/train/XR_HUMERUS/patient02886/study1_positive/image2.png,XR_HUMERUS,patient02886,study1_positive,1,image2.png,train,/content/drive/MyDrive/MURA-v1.1/train/XR_HUMERUS/patient02886/study1_positive/image2.png,train/XR_HUMERUS/patient02886/study1_positive,1,abnormal,/content/MURA_abnormal_train/XR_HUMERUS/patient02886/study1_positive/image2.png,True,4640,4640,3,33.55011,0.8908296943231441,peripheral,peripheral,MURA_TT_1325
MURA-v1.1/train/XR_SHOULDER/patient00328/study2_positive/image2.png,XR_SHOULDER,patient00328,study2_positive,1,image2.png,train,/content/drive/MyDrive/MURA-v1.1/train/XR_SHOULDER/patient00328/study2_positive/image2.png,train/XR_SHOULDER/patient00328/study2_positive,1,abnormal,/content/MURA_abnormal_train/XR_SHOULDER/patient00328/study2_positive/image2.png,True,1016,1016,4,33.01513,0.7929606625258799,intermediate,intermediate,MURA_TT_1326
MURA-v1.1/train/XR_SHOULDER/patient00598/study1_positive/image3.png,XR_SHOULDER,patient00598,study1_positive,1,image3.png,train,/content/drive/MyDrive/MURA-v1.1/train/XR_SHOULDER/patient00598/study1_positive/image3.png,train/XR_SHOULDER/patient00598/study1_positive,1,abnormal,/content/MURA_abnormal_train/XR_SHOULDER/patient00598/study1_positive/image3.png,True,1808,1808,3,36.063816,0.9390402075226978,peripheral,peripheral,MURA_TT_1327
MURA-v1.1/train/XR_WRIST/patient06611/study1_positive/image2.png,XR_WRIST,patient06611,study1_positive,1,image2.png,train,/content/drive/MyDrive/MURA-v1.1/train/XR_WRIST/patient06611/study1_positive/image2.png,train/XR_WRIST/patient06611/study1_positive,1,abnormal,/content/MURA_abnormal_train/XR_WRIST/patient06611/study1_positive/image2.png,True,9633,9633,1,23.944185,0.381404174573055,central,central,MURA_TT_1328
MURA-v1.1/train/XR_HAND/patient10033/study1_positive/image3.png,XR_HAND,patient10033,study1_positive,1,image3.png,train,/content/drive/MyDrive/MURA-v1.1/train/XR_HAND/patient10033/study1_positive/image3.png,train/XR_HAND/patient10033/study1_positive,1,abnormal,/content/MURA_abnormal_train/XR_HAND/patient10033/study1_positive/image3.png,True,14518,14518,4,30.32619,0.8847457627118644,peripheral,peripheral,MURA_TT_1329
MURA-v1.1/train/XR_SHOULDER/patient00155/study1_positive/image4.png,XR_SHOULDER,patient00155,study1_positive,1,image4.png,train,/content/drive/MyDrive/MURA-v1.1/train/XR_SHOULDER/patient00155/study1_positive/image4.png,train/XR_SHOULDER/patient00155/study1_positive,1,abnormal,/content/MURA_abnormal_train/XR_SHOULDER/patient00155/study1_positive/image4.png,True,475,475,0,25.956171,0.7163323782234957,intermediate,intermediate,MURA_TT_1330
MURA-v1.1/train/XR_HUMERUS/patient02906/study1_positive/image1.png,XR_HUMERUS,patient02906,study1_positive,1,image1.png,train,/content/drive/MyDrive/MURA-v1.1/train/XR_HUMERUS/patient02906/study1_positive/image1.png,train/XR_HUMERUS/patient02906/study1_positive,1,abnormal,/content/MURA_abnormal_train/XR_HUMERUS/patient02906/study1_positive/image1.png,True,4685,4685,2,23.156712,0.3051643192488263,central,central,MURA_TT_1331
MURA-v1.1/train/XR_ELBOW/patient05414/study1_positive/image2.png,XR_ELBOW,patient05414,study1_positive,1,image2.png,train,/content/drive/MyDrive/MURA-v1.1/train/XR_ELBOW/patient05414/study1_positive/image2.png,train/XR_ELBOW/patient05414/study1_positive,1,abnormal,/content/MURA_abnormal_train/XR_ELBOW/patient05414/study1_positive/image2.png,True,8596,8596,1,23.962875,0.6595330739299611,intermediate,intermediate,MURA_TT_1332
MURA-v1.1/train/XR_SHOULDER/patient01225/study1_positive/image2.png,XR_SHOULDER,patient01225,study1_positive,1,image2.png,train,/content/drive/MyDrive/MURA-v1.1/train/XR_SHOULDER/patient01225/study1_positive/image2.png,train/XR_SHOULDER/patient01225/study1_positive,1,abnormal,/content/MURA_abnormal_train/XR_SHOULDER/patient01225/study1_positive/image2.png,True,3629,3629,5,21.387112,0.2161137440758294,central,central,MURA_TT_1333
MURA-v1.1/train/XR_FOREARM/patient09114/study1_positive/image2.png,XR_FOREARM,patient09114,study1_positive,1,image2.png,train,/content/drive/MyDrive/MURA-v1.1/train/XR_FOREARM/patient09114/study1_positive/image2.png,train/XR_FOREARM/patient09114/study1_positive,1,abnormal,/content/MURA_abnormal_train/XR_FOREARM/patient09114/study1_positive/image2.png,True,12820,12820,0,22.70368,0.1801801801801801,central,central,MURA_TT_1334
MURA-v1.1/train/XR_SHOULDER/patient01385/study1_positive/image2.png,XR_SHOULDER,patient01385,study1_positive,1,image2.png,train,/content/drive/MyDrive/MURA-v1.1/train/XR_SHOULDER/patient01385/study1_positive/image2.png,train/XR_SHOULDER/patient01385/study1_positive,1,abnormal,/content/MURA_abnormal_train/XR_SHOULDER/patient01385/study1_positive/image2.png,True,4079,4079,0,21.593634,0.3008595988538682,central,central,MURA_TT_1335
MURA-v1.1/train/XR_SHOULDER/patient01162/study1_positive/image3.png,XR_SHOULDER,patient01162,study1_positive,1,image3.png,train,/content/drive/MyDrive/MURA-v1.1/train/XR_SHOULDER/patient01162/study1_positive/image3.png,train/XR_SHOULDER/patient01162/study1_positive,1,abnormal,/content/MURA_abnormal_train/XR_SHOULDER/patient01162/study1_positive/image3.png,True,3449,3449,0,19.570787,0.1060171919770773,central,central,MURA_TT_1336
MURA-v1.1/train/XR_HAND/patient06451/study1_positive/image2.png,XR_HAND,patient06451,study1_positive,1,image2.png,train,/content/drive/MyDrive/MURA-v1.1/train/XR_HAND/patient06451/study1_positive/image2.png,train/XR_HAND/patient06451/study1_positive,1,abnormal,/content/MURA_abnormal_train/XR_HAND/patient06451/study1_positive/image2.png,True,14700,14700,3,41.094738,0.934065934065934,peripheral,peripheral,MURA_TT_1337
MURA-v1.1/train/XR_HAND/patient05219/study1_positive/image3.png,XR_HAND,patient05219,study1_positive,1,image3.png,train,/content/drive/MyDrive/MURA-v1.1/train/XR_HAND/patient05219/study1_positive/image3.png,train/XR_HAND/patient05219/study1_positive,1,abnormal,/content/MURA_abnormal_train/XR_HAND/patient05219/study1_positive/image3.png,True,14755,14755,5,18.109705,0.0333333333333333,central,central,MURA_TT_1338
MURA-v1.1/train/XR_HUMERUS/patient02806/study1_positive/image1.png,XR_HUMERUS,patient02806,study1_positive,1,image1.png,train,/content/drive/MyDrive/MURA-v1.1/train/XR_HUMERUS/patient02806/study1_positive/image1.png,train/XR_HUMERUS/patient02806/study1_positive,1,abnormal,/content/MURA_abnormal_train/XR_HUMERUS/patient02806/study1_positive/image1.png,True,4443,4443,2,22.034561,0.1924882629107981,central,central,MURA_TT_1339
MURA-v1.1/train/XR_SHOULDER/patient00287/study1_positive/image2.png,XR_SHOULDER,patient00287,study1_positive,1,image2.png,train,/content/drive/MyDrive/MURA-v1.1/train/XR_SHOULDER/patient00287/study1_positive/image2.png,train/XR_SHOULDER/patient00287/study1_positive,1,abnormal,/content/MURA_abnormal_train/XR_SHOULDER/patient00287/study1_positive/image2.png,True,863,863,2,33.859833,0.940677966101695,peripheral,peripheral,MURA_TT_1340
MURA-v1.1/train/XR_WRIST/patient06866/study1_positive/image2.png,XR_WRIST,patient06866,study1_positive,1,image2.png,train,/content/drive/MyDrive/MURA-v1.1/train/XR_WRIST/patient06866/study1_positive/image2.png,train/XR_WRIST/patient06866/study1_positive,1,abnormal,/content/MURA_abnormal_train/XR_WRIST/patient06866/study1_positive/image2.png,True,10597,10597,4,27.37381,0.5072046109510087,intermediate,intermediate,MURA_TT_1341
MURA-v1.1/train/XR_SHOULDER/patient01284/study1_positive/image1.png,XR_SHOULDER,patient01284,study1_positive,1,image1.png,train,/content/drive/MyDrive/MURA-v1.1/train/XR_SHOULDER/patient01284/study1_positive/image1.png,train/XR_SHOULDER/patient01284/study1_positive,1,abnormal,/content/MURA_abnormal_train/XR_SHOULDER/patient01284/study1_positive/image1.png,True,3793,3793,4,26.788038,0.1532091097308488,central,central,MURA_TT_1342
MURA-v1.1/train/XR_HAND/patient10020/study1_positive/image1.png,XR_HAND,patient10020,study1_positive,1,image1.png,train,/content/drive/MyDrive/MURA-v1.1/train/XR_HAND/patient10020/study1_positive/image1.png,train/XR_HAND/patient10020/study1_positive,1,abnormal,/content/MURA_abnormal_train/XR_HAND/patient10020/study1_positive/image1.png,True,14476,14476,3,29.89433,0.4065934065934066,central,central,MURA_TT_1343
MURA-v1.1/train/XR_WRIST/patient01264/study1_positive/image2.png,XR_WRIST,patient01264,study1_positive,1,image2.png,train,/content/drive/MyDrive/MURA-v1.1/train/XR_WRIST/patient01264/study1_positive/image2.png,train/XR_WRIST/patient01264/study1_positive,1,abnormal,/content/MURA_abnormal_train/XR_WRIST/patient01264/study1_positive/image2.png,True,10420,10420,2,22.518545,0.2374727668845316,central,central,MURA_TT_1344
MURA-v1.1/train/XR_HAND/patient10100/study1_positive/image3.png,XR_HAND,patient10100,study1_positive,1,image3.png,train,/content/drive/MyDrive/MURA-v1.1/train/XR_HAND/patient10100/study1_positive/image3.png,train/XR_HAND/patient10100/study1_positive,1,abnormal,/content/MURA_abnormal_train/XR_HAND/patient10100/study1_positive/image3.png,True,14739,14739,2,26.058422,0.4700315457413249,central,central,MURA_TT_1345
MURA-v1.1/train/XR_FOREARM/patient09183/study1_positive/image2.png,XR_FOREARM,patient09183,study1_positive,1,image2.png,train,/content/drive/MyDrive/MURA-v1.1/train/XR_FOREARM/patient09183/study1_positive/image2.png,train/XR_FOREARM/patient09183/study1_positive,1,abnormal,/content/MURA_abnormal_train/XR_FOREARM/patient09183/study1_positive/image2.png,True,13043,13043,5,33.73848,0.8725490196078431,peripheral,peripheral,MURA_TT_1346
MURA-v1.1/train/XR_FOREARM/patient09297/study1_positive/image1.png,XR_FOREARM,patient09297,study1_positive,1,image1.png,train,/content/drive/MyDrive/MURA-v1.1/train/XR_FOREARM/patient09297/study1_positive/image1.png,train/XR_FOREARM/patient09297/study1_positive,1,abnormal,/content/MURA_abnormal_train/XR_FOREARM/patient09297/study1_positive/image1.png,True,13384,13384,5,20.72767,0.0980392156862745,central,central,MURA_TT_1347
MURA-v1.1/train/XR_FINGER/patient00042/study1_positive/image2.png,XR_FINGER,patient00042,study1_positive,1,image2.png,train,/content/drive/MyDrive/MURA-v1.1/train/XR_FINGER/patient00042/study1_positive/image2.png,train/XR_FINGER/patient00042/study1_positive,1,abnormal,/content/MURA_abnormal_train/XR_FINGER/patient00042/study1_positive/image2.png,True,5609,5609,4,22.233725,0.2898172323759791,central,central,MURA_TT_1348
MURA-v1.1/train/XR_ELBOW/patient04918/study1_positive/image5.png,XR_ELBOW,patient04918,study1_positive,1,image5.png,train,/content/drive/MyDrive/MURA-v1.1/train/XR_ELBOW/patient04918/study1_positive/image5.png,train/XR_ELBOW/patient04918/study1_positive,1,abnormal,/content/MURA_abnormal_train/XR_ELBOW/patient04918/study1_positive/image5.png,True,6783,6783,5,30.075436,0.750733137829912,intermediate,intermediate,MURA_TT_1349
MURA-v1.1/train/XR_ELBOW/patient05403/study1_positive/image2.png,XR_ELBOW,patient05403,study1_positive,1,image2.png,train,/content/drive/MyDrive/MURA-v1.1/train/XR_ELBOW/patient05403/study1_positive/image2.png,train/XR_ELBOW/patient05403/study1_positive,1,abnormal,/content/MURA_abnormal_train/XR_ELBOW/patient05403/study1_positive/image2.png,True,8544,8544,1,21.899574,0.4455252918287938,central,central,MURA_TT_1350
MURA-v1.1/train/XR_WRIST/patient06440/study1_positive/image2.png,XR_WRIST,patient06440,study1_positive,1,image2.png,train,/content/drive/MyDrive/MURA-v1.1/train/XR_WRIST/patient06440/study1_positive/image2.png,train/XR_WRIST/patient06440/study1_positive,1,abnormal,/content/MURA_abnormal_train/XR_WRIST/patient06440/study1_positive/image2.png,True,9044,9044,2,24.973398,0.4901960784313725,central,central,MURA_TT_1351
MURA-v1.1/train/XR_FINGER/patient03698/study1_positive/image3.png,XR_FINGER,patient03698,study1_positive,1,image3.png,train,/content/drive/MyDrive/MURA-v1.1/train/XR_FINGER/patient03698/study1_positive/image3.png,train/XR_FINGER/patient03698/study1_positive,1,abnormal,/content/MURA_abnormal_train/XR_FINGER/patient03698/study1_positive/image3.png,True,6365,6365,3,25.045103,0.5123674911660777,intermediate,intermediate,MURA_TT_1352
MURA-v1.1/train/XR_FINGER/patient03589/study1_positive/image2.png,XR_FINGER,patient03589,study1_positive,1,image2.png,train,/content/drive/MyDrive/MURA-v1.1/train/XR_FINGER/patient03589/study1_positive/image2.png,train/XR_FINGER/patient03589/study1_positive,1,abnormal,/content/MURA_abnormal_train/XR_FINGER/patient03589/study1_positive/image2.png,True,6003,6003,2,26.69584,0.6545961002785515,intermediate,intermediate,MURA_TT_1353
MURA-v1.1/train/XR_ELBOW/patient05336/study1_positive/image1.png,XR_ELBOW,patient05336,study1_positive,1,image1.png,train,/content/drive/MyDrive/MURA-v1.1/train/XR_ELBOW/patient05336/study1_positive/image1.png,train/XR_ELBOW/patient05336/study1_positive,1,abnormal,/content/MURA_abnormal_train/XR_ELBOW/patient05336/study1_positive/image1.png,True,8328,8328,3,32.964905,0.5111111111111111,intermediate,intermediate,MURA_TT_1354
MURA-v1.1/train/XR_HUMERUS/patient02928/study1_positive/image2.png,XR_HUMERUS,patient02928,study1_positive,1,image2.png,train,/content/drive/MyDrive/MURA-v1.1/train/XR_HUMERUS/patient02928/study1_positive/image2.png,train/XR_HUMERUS/patient02928/study1_positive,1,abnormal,/content/MURA_abnormal_train/XR_HUMERUS/patient02928/study1_positive/image2.png,True,4740,4740,2,19.994987,0.0610328638497652,central,central,MURA_TT_1355
MURA-v1.1/train/XR_WRIST/patient06633/study1_positive/image2.png,XR_WRIST,patient06633,study1_positive,1,image2.png,train,/content/drive/MyDrive/MURA-v1.1/train/XR_WRIST/patient06633/study1_positive/image2.png,train/XR_WRIST/patient06633/study1_positive,1,abnormal,/content/MURA_abnormal_train/XR_WRIST/patient06633/study1_positive/image2.png,True,9698,9698,3,27.136341,0.5019157088122606,intermediate,intermediate,MURA_TT_1356
MURA-v1.1/train/XR_SHOULDER/patient00280/study1_positive/image3.png,XR_SHOULDER,patient00280,study1_positive,1,image3.png,train,/content/drive/MyDrive/MURA-v1.1/train/XR_SHOULDER/patient00280/study1_positive/image3.png,train/XR_SHOULDER/patient00280/study1_positive,1,abnormal,/content/MURA_abnormal_train/XR_SHOULDER/patient00280/study1_positive/image3.png,True,841,841,3,26.498934,0.3761348897535668,central,central,MURA_TT_1357
MURA-v1.1/train/XR_SHOULDER/patient00053/study1_positive/image3.png,XR_SHOULDER,patient00053,study1_positive,1,image3.png,train,/content/drive/MyDrive/MURA-v1.1/train/XR_SHOULDER/patient00053/study1_positive/image3.png,train/XR_SHOULDER/patient00053/study1_positive,1,abnormal,/content/MURA_abnormal_train/XR_SHOULDER/patient00053/study1_positive/image3.png,True,157,157,3,23.8191,0.125810635538262,central,central,MURA_TT_1358
MURA-v1.1/train/XR_FOREARM/patient09232/study1_positive/image2.png,XR_FOREARM,patient09232,study1_positive,1,image2.png,train,/content/drive/MyDrive/MURA-v1.1/train/XR_FOREARM/patient09232/study1_positive/image2.png,train/XR_FOREARM/patient09232/study1_positive,1,abnormal,/content/MURA_abnormal_train/XR_FOREARM/patient09232/study1_positive/image2.png,True,13190,13190,1,27.487259,0.4146341463414634,central,central,MURA_TT_1359
MURA-v1.1/train/XR_ELBOW/patient04978/study1_positive/image5.png,XR_ELBOW,patient04978,study1_positive,1,image5.png,train,/content/drive/MyDrive/MURA-v1.1/train/XR_ELBOW/patient04978/study1_positive/image5.png,train/XR_ELBOW/patient04978/study1_positive,1,abnormal,/content/MURA_abnormal_train/XR_ELBOW/patient04978/study1_positive/image5.png,True,7012,7012,1,20.269913,0.301556420233463,central,central,MURA_TT_1360
MURA-v1.1/train/XR_SHOULDER/patient00048/study1_positive/image3.png,XR_SHOULDER,patient00048,study1_positive,1,image3.png,train,/content/drive/MyDrive/MURA-v1.1/train/XR_SHOULDER/patient00048/study1_positive/image3.png,train/XR_SHOULDER/patient00048/study1_positive,1,abnormal,/content/MURA_abnormal_train/XR_SHOULDER/patient00048/study1_positive/image3.png,True,142,142,2,25.57162,0.3571428571428571,central,central,MURA_TT_1361
MURA-v1.1/train/XR_HAND/patient09848/study1_positive/image2.png,XR_HAND,patient09848,study1_positive,1,image2.png,train,/content/drive/MyDrive/MURA-v1.1/train/XR_HAND/patient09848/study1_positive/image2.png,train/XR_HAND/patient09848/study1_positive,1,abnormal,/content/MURA_abnormal_train/XR_HAND/patient09848/study1_positive/image2.png,True,13825,13825,2,34.832077,0.8927444794952681,peripheral,peripheral,MURA_TT_1362
MURA-v1.1/train/XR_SHOULDER/patient00015/study1_positive/image1.png,XR_SHOULDER,patient00015,study1_positive,1,image1.png,train,/content/drive/MyDrive/MURA-v1.1/train/XR_SHOULDER/patient00015/study1_positive/image1.png,train/XR_SHOULDER/patient00015/study1_positive,1,abnormal,/content/MURA_abnormal_train/XR_SHOULDER/patient00015/study1_positive/image1.png,True,33,33,5,19.712345,0.0758293838862559,central,central,MURA_TT_1363
MURA-v1.1/train/XR_WRIST/patient07022/study1_positive/image2.png,XR_WRIST,patient07022,study1_positive,1,image2.png,train,/content/drive/MyDrive/MURA-v1.1/train/XR_WRIST/patient07022/study1_positive/image2.png,train/XR_WRIST/patient07022/study1_positive,1,abnormal,/content/MURA_abnormal_train/XR_WRIST/patient07022/study1_positive/image2.png,True,11160,11160,6,29.204584,0.5027027027027027,intermediate,intermediate,MURA_TT_1364
MURA-v1.1/train/XR_FINGER/patient03787/study1_positive/image1.png,XR_FINGER,patient03787,study1_positive,1,image1.png,train,/content/drive/MyDrive/MURA-v1.1/train/XR_FINGER/patient03787/study1_positive/image1.png,train/XR_FINGER/patient03787/study1_positive,1,abnormal,/content/MURA_abnormal_train/XR_FINGER/patient03787/study1_positive/image1.png,True,6669,6669,0,25.51551,0.1784615384615384,central,central,MURA_TT_1365
MURA-v1.1/train/XR_ELBOW/patient05226/study1_positive/image5.png,XR_ELBOW,patient05226,study1_positive,1,image5.png,train,/content/drive/MyDrive/MURA-v1.1/train/XR_ELBOW/patient05226/study1_positive/image5.png,train/XR_ELBOW/patient05226/study1_positive,1,abnormal,/content/MURA_abnormal_train/XR_ELBOW/patient05226/study1_positive/image5.png,True,7925,7925,0,27.406189,0.6848072562358276,intermediate,intermediate,MURA_TT_1366
MURA-v1.1/train/XR_WRIST/patient06690/study1_positive/image2.png,XR_WRIST,patient06690,study1_positive,1,image2.png,train,/content/drive/MyDrive/MURA-v1.1/train/XR_WRIST/patient06690/study1_positive/image2.png,train/XR_WRIST/patient06690/study1_positive,1,abnormal,/content/MURA_abnormal_train/XR_WRIST/patient06690/study1_positive/image2.png,True,9924,9924,8,26.515293,0.7249488752556237,intermediate,intermediate,MURA_TT_1367
MURA-v1.1/train/XR_FOREARM/patient09264/study1_positive/image1.png,XR_FOREARM,patient09264,study1_positive,1,image1.png,train,/content/drive/MyDrive/MURA-v1.1/train/XR_FOREARM/patient09264/study1_positive/image1.png,train/XR_FOREARM/patient09264/study1_positive,1,abnormal,/content/MURA_abnormal_train/XR_FOREARM/patient09264/study1_positive/image1.png,True,13276,13276,3,20.473295,0.0530973451327433,central,central,MURA_TT_1368
MURA-v1.1/train/XR_WRIST/patient07066/study1_positive/image1.png,XR_WRIST,patient07066,study1_positive,1,image1.png,train,/content/drive/MyDrive/MURA-v1.1/train/XR_WRIST/patient07066/study1_positive/image1.png,train/XR_WRIST/patient07066/study1_positive,1,abnormal,/content/MURA_abnormal_train/XR_WRIST/patient07066/study1_positive/image1.png,True,11334,11334,8,22.673058,0.2995910020449898,central,central,MURA_TT_1369
MURA-v1.1/train/XR_SHOULDER/patient00269/study1_positive/image2.png,XR_SHOULDER,patient00269,study1_positive,1,image2.png,train,/content/drive/MyDrive/MURA-v1.1/train/XR_SHOULDER/patient00269/study1_positive/image2.png,train/XR_SHOULDER/patient00269/study1_positive,1,abnormal,/content/MURA_abnormal_train/XR_SHOULDER/patient00269/study1_positive/image2.png,True,804,804,4,27.308971,0.2028985507246377,central,central,MURA_TT_1370
MURA-v1.1/train/XR_HAND/patient07826/study1_positive/image3.png,XR_HAND,patient07826,study1_positive,1,image3.png,train,/content/drive/MyDrive/MURA-v1.1/train/XR_HAND/patient07826/study1_positive/image3.png,train/XR_HAND/patient07826/study1_positive,1,abnormal,/content/MURA_abnormal_train/XR_HAND/patient07826/study1_positive/image3.png,True,14224,14224,5,29.066103,0.925925925925926,peripheral,peripheral,MURA_TT_1371
MURA-v1.1/train/XR_SHOULDER/patient00757/study1_positive/image2.png,XR_SHOULDER,patient00757,study1_positive,1,image2.png,train,/content/drive/MyDrive/MURA-v1.1/train/XR_SHOULDER/patient00757/study1_positive/image2.png,train/XR_SHOULDER/patient00757/study1_positive,1,abnormal,/content/MURA_abnormal_train/XR_SHOULDER/patient00757/study1_positive/image2.png,True,2310,2310,5,30.619097,0.9440758293838862,peripheral,peripheral,MURA_TT_1372
MURA-v1.1/train/XR_FOREARM/patient04221/study1_positive/image2.png,XR_FOREARM,patient04221,study1_positive,1,image2.png,train,/content/drive/MyDrive/MURA-v1.1/train/XR_FOREARM/patient04221/study1_positive/image2.png,train/XR_FOREARM/patient04221/study1_positive,1,abnormal,/content/MURA_abnormal_train/XR_FOREARM/patient04221/study1_positive/image2.png,True,12966,12966,5,34.38518,0.9117647058823528,peripheral,peripheral,MURA_TT_1373
MURA-v1.1/train/XR_ELBOW/patient05029/study1_positive/image2.png,XR_ELBOW,patient05029,study1_positive,1,image2.png,train,/content/drive/MyDrive/MURA-v1.1/train/XR_ELBOW/patient05029/study1_positive/image2.png,train/XR_ELBOW/patient05029/study1_positive,1,abnormal,/content/MURA_abnormal_train/XR_ELBOW/patient05029/study1_positive/image2.png,True,7203,7203,4,28.735819,0.2739361702127659,central,central,MURA_TT_1374
MURA-v1.1/train/XR_HAND/patient10135/study1_positive/image3.png,XR_HAND,patient10135,study1_positive,1,image3.png,train,/content/drive/MyDrive/MURA-v1.1/train/XR_HAND/patient10135/study1_positive/image3.png,train/XR_HAND/patient10135/study1_positive,1,abnormal,/content/MURA_abnormal_train/XR_HAND/patient10135/study1_positive/image3.png,True,14866,14866,4,24.74923,0.3830508474576271,central,central,MURA_TT_1375
MURA-v1.1/train/XR_FINGER/patient03439/study1_positive/image2.png,XR_FINGER,patient03439,study1_positive,1,image2.png,train,/content/drive/MyDrive/MURA-v1.1/train/XR_FINGER/patient03439/study1_positive/image2.png,train/XR_FINGER/patient03439/study1_positive,1,abnormal,/content/MURA_abnormal_train/XR_FINGER/patient03439/study1_positive/image2.png,True,5495,5495,4,23.241056,0.4177545691906005,central,central,MURA_TT_1376
MURA-v1.1/train/XR_FOREARM/patient09105/study1_positive/image1.png,XR_FOREARM,patient09105,study1_positive,1,image1.png,train,/content/drive/MyDrive/MURA-v1.1/train/XR_FOREARM/patient09105/study1_positive/image1.png,train/XR_FOREARM/patient09105/study1_positive,1,abnormal,/content/MURA_abnormal_train/XR_FOREARM/patient09105/study1_positive/image1.png,True,12792,12792,3,17.92218,0.0044247787610619,central,central,MURA_TT_1377
MURA-v1.1/train/XR_HAND/patient10111/study1_positive/image1.png,XR_HAND,patient10111,study1_positive,1,image1.png,train,/content/drive/MyDrive/MURA-v1.1/train/XR_HAND/patient10111/study1_positive/image1.png,train/XR_HAND/patient10111/study1_positive,1,abnormal,/content/MURA_abnormal_train/XR_HAND/patient10111/study1_positive/image1.png,True,14778,14778,0,22.604006,0.3859649122807017,central,central,MURA_TT_1378
MURA-v1.1/train/XR_WRIST/patient07039/study1_positive/image2.png,XR_WRIST,patient07039,study1_positive,1,image2.png,train,/content/drive/MyDrive/MURA-v1.1/train/XR_WRIST/patient07039/study1_positive/image2.png,train/XR_WRIST/patient07039/study1_positive,1,abnormal,/content/MURA_abnormal_train/XR_WRIST/patient07039/study1_positive/image2.png,True,11228,11228,5,21.875708,0.2644628099173554,central,central,MURA_TT_1379
MURA-v1.1/train/XR_WRIST/patient06801/study1_positive/image2.png,XR_WRIST,patient06801,study1_positive,1,image2.png,train,/content/drive/MyDrive/MURA-v1.1/train/XR_WRIST/patient06801/study1_positive/image2.png,train/XR_WRIST/patient06801/study1_positive,1,abnormal,/content/MURA_abnormal_train/XR_WRIST/patient06801/study1_positive/image2.png,True,10373,10373,1,24.710716,0.4876660341555977,central,central,MURA_TT_1380
MURA-v1.1/train/XR_FOREARM/patient09218/study1_positive/image2.png,XR_FOREARM,patient09218,study1_positive,1,image2.png,train,/content/drive/MyDrive/MURA-v1.1/train/XR_FOREARM/patient09218/study1_positive/image2.png,train/XR_FOREARM/patient09218/study1_positive,1,abnormal,/content/MURA_abnormal_train/XR_FOREARM/patient09218/study1_positive/image2.png,True,13153,13153,5,26.140347,0.5196078431372549,intermediate,intermediate,MURA_TT_1381
MURA-v1.1/train/XR_FINGER/patient03511/study1_positive/image2.png,XR_FINGER,patient03511,study1_positive,1,image2.png,train,/content/drive/MyDrive/MURA-v1.1/train/XR_FINGER/patient03511/study1_positive/image2.png,train/XR_FINGER/patient03511/study1_positive,1,abnormal,/content/MURA_abnormal_train/XR_FINGER/patient03511/study1_positive/image2.png,True,5733,5733,3,23.01952,0.293286219081272,central,central,MURA_TT_1382
MURA-v1.1/train/XR_HUMERUS/patient02814/study1_positive/image2.png,XR_HUMERUS,patient02814,study1_positive,1,image2.png,train,/content/drive/MyDrive/MURA-v1.1/train/XR_HUMERUS/patient02814/study1_positive/image2.png,train/XR_HUMERUS/patient02814/study1_positive,1,abnormal,/content/MURA_abnormal_train/XR_HUMERUS/patient02814/study1_positive/image2.png,True,4460,4460,2,31.132658,0.8779342723004695,peripheral,peripheral,MURA_TT_1383
MURA-v1.1/train/XR_HAND/patient10089/study1_positive/image1.png,XR_HAND,patient10089,study1_positive,1,image1.png,train,/content/drive/MyDrive/MURA-v1.1/train/XR_HAND/patient10089/study1_positive/image1.png,train/XR_HAND/patient10089/study1_positive,1,abnormal,/content/MURA_abnormal_train/XR_HAND/patient10089/study1_positive/image1.png,True,14696,14696,2,25.473684,0.4195583596214511,central,central,MURA_TT_1384
MURA-v1.1/train/XR_WRIST/patient07049/study1_positive/image3.png,XR_WRIST,patient07049,study1_positive,1,image3.png,train,/content/drive/MyDrive/MURA-v1.1/train/XR_WRIST/patient07049/study1_positive/image3.png,train/XR_WRIST/patient07049/study1_positive,1,abnormal,/content/MURA_abnormal_train/XR_WRIST/patient07049/study1_positive/image3.png,True,11275,11275,1,26.414532,0.6223908918406073,intermediate,intermediate,MURA_TT_1385
MURA-v1.1/train/XR_FOREARM/patient09146/study1_positive/image1.png,XR_FOREARM,patient09146,study1_positive,1,image1.png,train,/content/drive/MyDrive/MURA-v1.1/train/XR_FOREARM/patient09146/study1_positive/image1.png,train/XR_FOREARM/patient09146/study1_positive,1,abnormal,/content/MURA_abnormal_train/XR_FOREARM/patient09146/study1_positive/image1.png,True,12904,12904,2,22.750633,0.3253968253968254,central,central,MURA_TT_1386
MURA-v1.1/train/XR_ELBOW/patient04912/study1_positive/image2.png,XR_ELBOW,patient04912,study1_positive,1,image2.png,train,/content/drive/MyDrive/MURA-v1.1/train/XR_ELBOW/patient04912/study1_positive/image2.png,train/XR_ELBOW/patient04912/study1_positive,1,abnormal,/content/MURA_abnormal_train/XR_ELBOW/patient04912/study1_positive/image2.png,True,6756,6756,1,28.085857,0.9280155642023348,peripheral,peripheral,MURA_TT_1387
MURA-v1.1/train/XR_FINGER/patient03800/study1_positive/image2.png,XR_FINGER,patient03800,study1_positive,1,image2.png,train,/content/drive/MyDrive/MURA-v1.1/train/XR_FINGER/patient03800/study1_positive/image2.png,train/XR_FINGER/patient03800/study1_positive,1,abnormal,/content/MURA_abnormal_train/XR_FINGER/patient03800/study1_positive/image2.png,True,6711,6711,3,23.752401,0.392226148409894,central,central,MURA_TT_1388
MURA-v1.1/train/XR_WRIST/patient07324/study1_positive/image2.png,XR_WRIST,patient07324,study1_positive,1,image2.png,train,/content/drive/MyDrive/MURA-v1.1/train/XR_WRIST/patient07324/study1_positive/image2.png,train/XR_WRIST/patient07324/study1_positive,1,abnormal,/content/MURA_abnormal_train/XR_WRIST/patient07324/study1_positive/image2.png,True,12347,12347,8,20.31903,0.0930470347648261,central,central,MURA_TT_1389
MURA-v1.1/train/XR_HAND/patient09852/study1_positive/image2.png,XR_HAND,patient09852,study1_positive,1,image2.png,train,/content/drive/MyDrive/MURA-v1.1/train/XR_HAND/patient09852/study1_positive/image2.png,train/XR_HAND/patient09852/study1_positive,1,abnormal,/content/MURA_abnormal_train/XR_HAND/patient09852/study1_positive/image2.png,True,13837,13837,5,23.831062,0.6518518518518519,intermediate,intermediate,MURA_TT_1390
MURA-v1.1/train/XR_FOREARM/patient09214/study1_positive/image2.png,XR_FOREARM,patient09214,study1_positive,1,image2.png,train,/content/drive/MyDrive/MURA-v1.1/train/XR_FOREARM/patient09214/study1_positive/image2.png,train/XR_FOREARM/patient09214/study1_positive,1,abnormal,/content/MURA_abnormal_train/XR_FOREARM/patient09214/study1_positive/image2.png,True,13144,13144,1,34.51255,0.926829268292683,peripheral,peripheral,MURA_TT_1391
MURA-v1.1/train/XR_WRIST/patient07414/study1_positive/image1.png,XR_WRIST,patient07414,study1_positive,1,image1.png,train,/content/drive/MyDrive/MURA-v1.1/train/XR_WRIST/patient07414/study1_positive/image1.png,train/XR_WRIST/patient07414/study1_positive,1,abnormal,/content/MURA_abnormal_train/XR_WRIST/patient07414/study1_positive/image1.png,True,12656,12656,8,22.788977,0.3190184049079754,central,central,MURA_TT_1392
MURA-v1.1/train/XR_ELBOW/patient05229/study1_positive/image2.png,XR_ELBOW,patient05229,study1_positive,1,image2.png,train,/content/drive/MyDrive/MURA-v1.1/train/XR_ELBOW/patient05229/study1_positive/image2.png,train/XR_ELBOW/patient05229/study1_positive,1,abnormal,/content/MURA_abnormal_train/XR_ELBOW/patient05229/study1_positive/image2.png,True,7930,7930,1,21.371138,0.4027237354085603,central,central,MURA_TT_1393
MURA-v1.1/train/XR_HAND/patient10113/study1_positive/image1.png,XR_HAND,patient10113,study1_positive,1,image1.png,train,/content/drive/MyDrive/MURA-v1.1/train/XR_HAND/patient10113/study1_positive/image1.png,train/XR_HAND/patient10113/study1_positive,1,abnormal,/content/MURA_abnormal_train/XR_HAND/patient10113/study1_positive/image1.png,True,14785,14785,2,24.388117,0.3406940063091482,central,central,MURA_TT_1394
MURA-v1.1/train/XR_SHOULDER/patient00162/study1_positive/image2.png,XR_SHOULDER,patient00162,study1_positive,1,image2.png,train,/content/drive/MyDrive/MURA-v1.1/train/XR_SHOULDER/patient00162/study1_positive/image2.png,train/XR_SHOULDER/patient00162/study1_positive,1,abnormal,/content/MURA_abnormal_train/XR_SHOULDER/patient00162/study1_positive/image2.png,True,492,492,5,21.188404,0.190521327014218,central,central,MURA_TT_1395
MURA-v1.1/train/XR_WRIST/patient06851/study1_positive/image2.png,XR_WRIST,patient06851,study1_positive,1,image2.png,train,/content/drive/MyDrive/MURA-v1.1/train/XR_WRIST/patient06851/study1_positive/image2.png,train/XR_WRIST/patient06851/study1_positive,1,abnormal,/content/MURA_abnormal_train/XR_WRIST/patient06851/study1_positive/image2.png,True,10543,10543,8,18.907642,0.0194274028629856,central,central,MURA_TT_1396
MURA-v1.1/train/XR_HAND/patient10137/study1_positive/image2.png,XR_HAND,patient10137,study1_positive,1,image2.png,train,/content/drive/MyDrive/MURA-v1.1/train/XR_HAND/patient10137/study1_positive/image2.png,train/XR_HAND/patient10137/study1_positive,1,abnormal,/content/MURA_abnormal_train/XR_HAND/patient10137/study1_positive/image2.png,True,14871,14871,0,23.585768,0.4868421052631579,central,central,MURA_TT_1397
MURA-v1.1/train/XR_FINGER/patient03557/study1_positive/image3.png,XR_FINGER,patient03557,study1_positive,1,image3.png,train,/content/drive/MyDrive/MURA-v1.1/train/XR_FINGER/patient03557/study1_positive/image3.png,train/XR_FINGER/patient03557/study1_positive,1,abnormal,/content/MURA_abnormal_train/XR_FINGER/patient03557/study1_positive/image3.png,True,5896,5896,4,28.931868,0.8642297650130548,peripheral,peripheral,MURA_TT_1398
MURA-v1.1/train/XR_SHOULDER/patient01350/study1_positive/image4.png,XR_SHOULDER,patient01350,study1_positive,1,image4.png,train,/content/drive/MyDrive/MURA-v1.1/train/XR_SHOULDER/patient01350/study1_positive/image4.png,train/XR_SHOULDER/patient01350/study1_positive,1,abnormal,/content/MURA_abnormal_train/XR_SHOULDER/patient01350/study1_positive/image4.png,True,3981,3981,2,24.830305,0.2857142857142857,central,central,MURA_TT_1399
MURA-v1.1/train/XR_SHOULDER/patient00183/study1_positive/image2.png,XR_SHOULDER,patient00183,study1_positive,1,image2.png,train,/content/drive/MyDrive/MURA-v1.1/train/XR_SHOULDER/patient00183/study1_positive/image2.png,train/XR_SHOULDER/patient00183/study1_positive,1,abnormal,/content/MURA_abnormal_train/XR_SHOULDER/patient00183/study1_positive/image2.png,True,551,551,2,29.987452,0.7687651331719129,intermediate,intermediate,MURA_TT_1400
MURA-v1.1/train/XR_ELBOW/patient04971/study1_positive/image1.png,XR_ELBOW,patient04971,study1_positive,1,image1.png,train,/content/drive/MyDrive/MURA-v1.1/train/XR_ELBOW/patient04971/study1_positive/image1.png,train/XR_ELBOW/patient04971/study1_positive,1,abnormal,/content/MURA_abnormal_train/XR_ELBOW/patient04971/study1_positive/image1.png,True,6982,6982,0,24.921019,0.4580498866213152,central,central,MURA_TT_1401
MURA-v1.1/train/XR_FINGER/patient03411/study1_positive/image1.png,XR_FINGER,patient03411,study1_positive,1,image1.png,train,/content/drive/MyDrive/MURA-v1.1/train/XR_FINGER/patient03411/study1_positive/image1.png,train/XR_FINGER/patient03411/study1_positive,1,abnormal,/content/MURA_abnormal_train/XR_FINGER/patient03411/study1_positive/image1.png,True,5400,5400,2,25.201672,0.5181058495821727,intermediate,intermediate,MURA_TT_1402
MURA-v1.1/train/XR_FINGER/patient03553/study1_positive/image2.png,XR_FINGER,patient03553,study1_positive,1,image2.png,train,/content/drive/MyDrive/MURA-v1.1/train/XR_FINGER/patient03553/study1_positive/image2.png,train/XR_FINGER/patient03553/study1_positive,1,abnormal,/content/MURA_abnormal_train/XR_FINGER/patient03553/study1_positive/image2.png,True,5879,5879,0,24.691877,0.1384615384615384,central,central,MURA_TT_1403
MURA-v1.1/train/XR_HUMERUS/patient02738/study1_positive/image2.png,XR_HUMERUS,patient02738,study1_positive,1,image2.png,train,/content/drive/MyDrive/MURA-v1.1/train/XR_HUMERUS/patient02738/study1_positive/image2.png,train/XR_HUMERUS/patient02738/study1_positive,1,abnormal,/content/MURA_abnormal_train/XR_HUMERUS/patient02738/study1_positive/image2.png,True,4278,4278,2,19.947975,0.056338028169014,central,central,MURA_TT_1404
MURA-v1.1/train/XR_SHOULDER/patient00115/study1_positive/image1.png,XR_SHOULDER,patient00115,study1_positive,1,image1.png,train,/content/drive/MyDrive/MURA-v1.1/train/XR_SHOULDER/patient00115/study1_positive/image1.png,train/XR_SHOULDER/patient00115/study1_positive,1,abnormal,/content/MURA_abnormal_train/XR_SHOULDER/patient00115/study1_positive/image1.png,True,340,340,0,21.277473,0.2707736389684814,central,central,MURA_TT_1405
MURA-v1.1/train/XR_WRIST/patient06630/study1_positive/image1.png,XR_WRIST,patient06630,study1_positive,1,image1.png,train,/content/drive/MyDrive/MURA-v1.1/train/XR_WRIST/patient06630/study1_positive/image1.png,train/XR_WRIST/patient06630/study1_positive,1,abnormal,/content/MURA_abnormal_train/XR_WRIST/patient06630/study1_positive/image1.png,True,9689,9689,3,30.997189,0.8199233716475096,peripheral,peripheral,MURA_TT_1406
MURA-v1.1/train/XR_FOREARM/patient09258/study1_positive/image2.png,XR_FOREARM,patient09258,study1_positive,1,image2.png,train,/content/drive/MyDrive/MURA-v1.1/train/XR_FOREARM/patient09258/study1_positive/image2.png,train/XR_FOREARM/patient09258/study1_positive,1,abnormal,/content/MURA_abnormal_train/XR_FOREARM/patient09258/study1_positive/image2.png,True,13263,13263,3,30.75859,0.827433628318584,peripheral,peripheral,MURA_TT_1407
MURA-v1.1/train/XR_WRIST/patient07391/study1_positive/image4.png,XR_WRIST,patient07391,study1_positive,1,image4.png,train,/content/drive/MyDrive/MURA-v1.1/train/XR_WRIST/patient07391/study1_positive/image4.png,train/XR_WRIST/patient07391/study1_positive,1,abnormal,/content/MURA_abnormal_train/XR_WRIST/patient07391/study1_positive/image4.png,True,12572,12572,4,23.730179,0.1757925072046109,central,central,MURA_TT_1408
MURA-v1.1/train/XR_WRIST/patient06447/study1_positive/image2.png,XR_WRIST,patient06447,study1_positive,1,image2.png,train,/content/drive/MyDrive/MURA-v1.1/train/XR_WRIST/patient06447/study1_positive/image2.png,train/XR_WRIST/patient06447/study1_positive,1,abnormal,/content/MURA_abnormal_train/XR_WRIST/patient06447/study1_positive/image2.png,True,9069,9069,6,29.865437,0.572972972972973,intermediate,intermediate,MURA_TT_1409
MURA-v1.1/train/XR_FOREARM/patient09265/study1_positive/image2.png,XR_FOREARM,patient09265,study1_positive,1,image2.png,train,/content/drive/MyDrive/MURA-v1.1/train/XR_FOREARM/patient09265/study1_positive/image2.png,train/XR_FOREARM/patient09265/study1_positive,1,abnormal,/content/MURA_abnormal_train/XR_FOREARM/patient09265/study1_positive/image2.png,True,13279,13279,3,30.823298,0.831858407079646,peripheral,peripheral,MURA_TT_1410
MURA-v1.1/train/XR_HAND/patient10071/study1_positive/image1.png,XR_HAND,patient10071,study1_positive,1,image1.png,train,/content/drive/MyDrive/MURA-v1.1/train/XR_HAND/patient10071/study1_positive/image1.png,train/XR_HAND/patient10071/study1_positive,1,abnormal,/content/MURA_abnormal_train/XR_HAND/patient10071/study1_positive/image1.png,True,14636,14636,2,25.267582,0.4069400630914827,central,central,MURA_TT_1411
MURA-v1.1/train/XR_ELBOW/patient05249/study1_positive/image4.png,XR_ELBOW,patient05249,study1_positive,1,image4.png,train,/content/drive/MyDrive/MURA-v1.1/train/XR_ELBOW/patient05249/study1_positive/image4.png,train/XR_ELBOW/patient05249/study1_positive,1,abnormal,/content/MURA_abnormal_train/XR_ELBOW/patient05249/study1_positive/image4.png,True,8001,8001,2,29.51262,0.8304498269896193,peripheral,peripheral,MURA_TT_1412
MURA-v1.1/train/XR_HAND/patient10127/study1_positive/image1.png,XR_HAND,patient10127,study1_positive,1,image1.png,train,/content/drive/MyDrive/MURA-v1.1/train/XR_HAND/patient10127/study1_positive/image1.png,train/XR_HAND/patient10127/study1_positive,1,abnormal,/content/MURA_abnormal_train/XR_HAND/patient10127/study1_positive/image1.png,True,14833,14833,4,19.560442,0.0033898305084745,central,central,MURA_TT_1413
MURA-v1.1/train/XR_SHOULDER/patient00486/study1_positive/image1.png,XR_SHOULDER,patient00486,study1_positive,1,image1.png,train,/content/drive/MyDrive/MURA-v1.1/train/XR_SHOULDER/patient00486/study1_positive/image1.png,train/XR_SHOULDER/patient00486/study1_positive,1,abnormal,/content/MURA_abnormal_train/XR_SHOULDER/patient00486/study1_positive/image1.png,True,1472,1472,5,27.74073,0.8398104265402844,peripheral,peripheral,MURA_TT_1414
MURA-v1.1/train/XR_ELBOW/patient05374/study1_positive/image2.png,XR_ELBOW,patient05374,study1_positive,1,image2.png,train,/content/drive/MyDrive/MURA-v1.1/train/XR_ELBOW/patient05374/study1_positive/image2.png,train/XR_ELBOW/patient05374/study1_positive,1,abnormal,/content/MURA_abnormal_train/XR_ELBOW/patient05374/study1_positive/image2.png,True,8451,8451,5,24.043127,0.1348973607038123,central,central,MURA_TT_1415
MURA-v1.1/train/XR_FINGER/patient03384/study1_positive/image3.png,XR_FINGER,patient03384,study1_positive,1,image3.png,train,/content/drive/MyDrive/MURA-v1.1/train/XR_FINGER/patient03384/study1_positive/image3.png,train/XR_FINGER/patient03384/study1_positive,1,abnormal,/content/MURA_abnormal_train/XR_FINGER/patient03384/study1_positive/image3.png,True,5311,5311,1,23.75787,0.2254545454545454,central,central,MURA_TT_1416
MURA-v1.1/train/XR_WRIST/patient06669/study1_positive/image3.png,XR_WRIST,patient06669,study1_positive,1,image3.png,train,/content/drive/MyDrive/MURA-v1.1/train/XR_WRIST/patient06669/study1_positive/image3.png,train/XR_WRIST/patient06669/study1_positive,1,abnormal,/content/MURA_abnormal_train/XR_WRIST/patient06669/study1_positive/image3.png,True,9831,9831,6,29.421917,0.527027027027027,intermediate,intermediate,MURA_TT_1417
MURA-v1.1/train/XR_HUMERUS/patient02742/study1_positive/image1.png,XR_HUMERUS,patient02742,study1_positive,1,image1.png,train,/content/drive/MyDrive/MURA-v1.1/train/XR_HUMERUS/patient02742/study1_positive/image1.png,train/XR_HUMERUS/patient02742/study1_positive,1,abnormal,/content/MURA_abnormal_train/XR_HUMERUS/patient02742/study1_positive/image1.png,True,4285,4285,2,24.84642,0.4929577464788732,central,central,MURA_TT_1418
MURA-v1.1/train/XR_FINGER/patient03363/study1_positive/image2.png,XR_FINGER,patient03363,study1_positive,1,image2.png,train,/content/drive/MyDrive/MURA-v1.1/train/XR_FINGER/patient03363/study1_positive/image2.png,train/XR_FINGER/patient03363/study1_positive,1,abnormal,/content/MURA_abnormal_train/XR_FINGER/patient03363/study1_positive/image2.png,True,5246,5246,5,22.242203,0.2682215743440233,central,central,MURA_TT_1419
MURA-v1.1/train/XR_SHOULDER/patient00117/study1_positive/image1.png,XR_SHOULDER,patient00117,study1_positive,1,image1.png,train,/content/drive/MyDrive/MURA-v1.1/train/XR_SHOULDER/patient00117/study1_positive/image1.png,train/XR_SHOULDER/patient00117/study1_positive,1,abnormal,/content/MURA_abnormal_train/XR_SHOULDER/patient00117/study1_positive/image1.png,True,348,348,2,30.664642,0.8244552058111381,peripheral,peripheral,MURA_TT_1420
MURA-v1.1/train/XR_HUMERUS/patient02731/study1_positive/image2.png,XR_HUMERUS,patient02731,study1_positive,1,image2.png,train,/content/drive/MyDrive/MURA-v1.1/train/XR_HUMERUS/patient02731/study1_positive/image2.png,train/XR_HUMERUS/patient02731/study1_positive,1,abnormal,/content/MURA_abnormal_train/XR_HUMERUS/patient02731/study1_positive/image2.png,True,4261,4261,0,34.681145,0.7591240875912408,intermediate,intermediate,MURA_TT_1421
MURA-v1.1/train/XR_HAND/patient09785/study1_positive/image1.png,XR_HAND,patient09785,study1_positive,1,image1.png,train,/content/drive/MyDrive/MURA-v1.1/train/XR_HAND/patient09785/study1_positive/image1.png,train/XR_HAND/patient09785/study1_positive,1,abnormal,/content/MURA_abnormal_train/XR_HAND/patient09785/study1_positive/image1.png,True,13577,13577,0,24.101044,0.5350877192982456,intermediate,intermediate,MURA_TT_1422
MURA-v1.1/train/XR_WRIST/patient07422/study1_positive/image2.png,XR_WRIST,patient07422,study1_positive,1,image2.png,train,/content/drive/MyDrive/MURA-v1.1/train/XR_WRIST/patient07422/study1_positive/image2.png,train/XR_WRIST/patient07422/study1_positive,1,abnormal,/content/MURA_abnormal_train/XR_WRIST/patient07422/study1_positive/image2.png,True,12698,12698,3,32.046993,0.8620689655172413,peripheral,peripheral,MURA_TT_1423
MURA-v1.1/train/XR_HAND/patient00126/study1_positive/image2.png,XR_HAND,patient00126,study1_positive,1,image2.png,train,/content/drive/MyDrive/MURA-v1.1/train/XR_HAND/patient00126/study1_positive/image2.png,train/XR_HAND/patient00126/study1_positive,1,abnormal,/content/MURA_abnormal_train/XR_HAND/patient00126/study1_positive/image2.png,True,14646,14646,0,23.358381,0.4473684210526316,central,central,MURA_TT_1424
MURA-v1.1/train/XR_SHOULDER/patient00917/study1_positive/image1.png,XR_SHOULDER,patient00917,study1_positive,1,image1.png,train,/content/drive/MyDrive/MURA-v1.1/train/XR_SHOULDER/patient00917/study1_positive/image1.png,train/XR_SHOULDER/patient00917/study1_positive,1,abnormal,/content/MURA_abnormal_train/XR_SHOULDER/patient00917/study1_positive/image1.png,True,2752,2752,1,30.334146,0.4,central,central,MURA_TT_1425
MURA-v1.1/train/XR_SHOULDER/patient00130/study1_positive/image4.png,XR_SHOULDER,patient00130,study1_positive,1,image4.png,train,/content/drive/MyDrive/MURA-v1.1/train/XR_SHOULDER/patient00130/study1_positive/image4.png,train/XR_SHOULDER/patient00130/study1_positive,1,abnormal,/content/MURA_abnormal_train/XR_SHOULDER/patient00130/study1_positive/image4.png,True,394,394,0,17.56681,0.0186246418338108,central,central,MURA_TT_1426
MURA-v1.1/train/XR_SHOULDER/patient01378/study1_positive/image1.png,XR_SHOULDER,patient01378,study1_positive,1,image1.png,train,/content/drive/MyDrive/MURA-v1.1/train/XR_SHOULDER/patient01378/study1_positive/image1.png,train/XR_SHOULDER/patient01378/study1_positive,1,abnormal,/content/MURA_abnormal_train/XR_SHOULDER/patient01378/study1_positive/image1.png,True,4066,4066,4,31.603737,0.6749482401656315,intermediate,intermediate,MURA_TT_1427
MURA-v1.1/train/XR_WRIST/patient06713/study1_positive/image2.png,XR_WRIST,patient06713,study1_positive,1,image2.png,train,/content/drive/MyDrive/MURA-v1.1/train/XR_WRIST/patient06713/study1_positive/image2.png,train/XR_WRIST/patient06713/study1_positive,1,abnormal,/content/MURA_abnormal_train/XR_WRIST/patient06713/study1_positive/image2.png,True,10019,10019,8,27.709032,0.8128834355828221,peripheral,peripheral,MURA_TT_1428
MURA-v1.1/train/XR_FINGER/patient03801/study1_positive/image2.png,XR_FINGER,patient03801,study1_positive,1,image2.png,train,/content/drive/MyDrive/MURA-v1.1/train/XR_FINGER/patient03801/study1_positive/image2.png,train/XR_FINGER/patient03801/study1_positive,1,abnormal,/content/MURA_abnormal_train/XR_FINGER/patient03801/study1_positive/image2.png,True,6715,6715,5,24.072775,0.4839650145772595,central,central,MURA_TT_1429
MURA-v1.1/train/XR_ELBOW/patient05432/study1_positive/image4.png,XR_ELBOW,patient05432,study1_positive,1,image4.png,train,/content/drive/MyDrive/MURA-v1.1/train/XR_ELBOW/patient05432/study1_positive/image4.png,train/XR_ELBOW/patient05432/study1_positive,1,abnormal,/content/MURA_abnormal_train/XR_ELBOW/patient05432/study1_positive/image4.png,True,8649,8649,0,19.410414,0.0204081632653061,central,central,MURA_TT_1430
MURA-v1.1/train/XR_FINGER/patient03329/study1_positive/image1.png,XR_FINGER,patient03329,study1_positive,1,image1.png,train,/content/drive/MyDrive/MURA-v1.1/train/XR_FINGER/patient03329/study1_positive/image1.png,train/XR_FINGER/patient03329/study1_positive,1,abnormal,/content/MURA_abnormal_train/XR_FINGER/patient03329/study1_positive/image1.png,True,5134,5134,1,29.711256,0.8181818181818182,peripheral,peripheral,MURA_TT_1431
MURA-v1.1/train/XR_SHOULDER/patient01172/study1_positive/image3.png,XR_SHOULDER,patient01172,study1_positive,1,image3.png,train,/content/drive/MyDrive/MURA-v1.1/train/XR_SHOULDER/patient01172/study1_positive/image3.png,train/XR_SHOULDER/patient01172/study1_positive,1,abnormal,/content/MURA_abnormal_train/XR_SHOULDER/patient01172/study1_positive/image3.png,True,3476,3476,2,26.734985,0.473365617433414,central,central,MURA_TT_1432
MURA-v1.1/train/XR_SHOULDER/patient01401/study1_positive/image1.png,XR_SHOULDER,patient01401,study1_positive,1,image1.png,train,/content/drive/MyDrive/MURA-v1.1/train/XR_SHOULDER/patient01401/study1_positive/image1.png,train/XR_SHOULDER/patient01401/study1_positive,1,abnormal,/content/MURA_abnormal_train/XR_SHOULDER/patient01401/study1_positive/image1.png,True,4116,4116,2,24.737946,0.2687651331719128,central,central,MURA_TT_1433
MURA-v1.1/train/XR_WRIST/patient07171/study1_positive/image4.png,XR_WRIST,patient07171,study1_positive,1,image4.png,train,/content/drive/MyDrive/MURA-v1.1/train/XR_WRIST/patient07171/study1_positive/image4.png,train/XR_WRIST/patient07171/study1_positive,1,abnormal,/content/MURA_abnormal_train/XR_WRIST/patient07171/study1_positive/image4.png,True,11773,11773,2,27.410275,0.690631808278867,intermediate,intermediate,MURA_TT_1434
MURA-v1.1/train/XR_FINGER/patient03493/study1_positive/image2.png,XR_FINGER,patient03493,study1_positive,1,image2.png,train,/content/drive/MyDrive/MURA-v1.1/train/XR_FINGER/patient03493/study1_positive/image2.png,train/XR_FINGER/patient03493/study1_positive,1,abnormal,/content/MURA_abnormal_train/XR_FINGER/patient03493/study1_positive/image2.png,True,5674,5674,1,22.168398,0.1018181818181818,central,central,MURA_TT_1435
MURA-v1.1/train/XR_FINGER/patient03635/study1_positive/image1.png,XR_FINGER,patient03635,study1_positive,1,image1.png,train,/content/drive/MyDrive/MURA-v1.1/train/XR_FINGER/patient03635/study1_positive/image1.png,train/XR_FINGER/patient03635/study1_positive,1,abnormal,/content/MURA_abnormal_train/XR_FINGER/patient03635/study1_positive/image1.png,True,6147,6147,3,22.677319,0.2614840989399293,central,central,MURA_TT_1436
MURA-v1.1/train/XR_FINGER/patient03539/study1_positive/image2.png,XR_FINGER,patient03539,study1_positive,1,image2.png,train,/content/drive/MyDrive/MURA-v1.1/train/XR_FINGER/patient03539/study1_positive/image2.png,train/XR_FINGER/patient03539/study1_positive,1,abnormal,/content/MURA_abnormal_train/XR_FINGER/patient03539/study1_positive/image2.png,True,5828,5828,4,21.656927,0.2323759791122715,central,central,MURA_TT_1437
MURA-v1.1/train/XR_ELBOW/patient05012/study1_positive/image4.png,XR_ELBOW,patient05012,study1_positive,1,image4.png,train,/content/drive/MyDrive/MURA-v1.1/train/XR_ELBOW/patient05012/study1_positive/image4.png,train/XR_ELBOW/patient05012/study1_positive,1,abnormal,/content/MURA_abnormal_train/XR_ELBOW/patient05012/study1_positive/image4.png,True,7144,7144,4,31.995192,0.6382978723404256,intermediate,intermediate,MURA_TT_1438
MURA-v1.1/train/XR_HAND/patient06302/study1_positive/image3.png,XR_HAND,patient06302,study1_positive,1,image3.png,train,/content/drive/MyDrive/MURA-v1.1/train/XR_HAND/patient06302/study1_positive/image3.png,train/XR_HAND/patient06302/study1_positive,1,abnormal,/content/MURA_abnormal_train/XR_HAND/patient06302/study1_positive/image3.png,True,13511,13511,4,22.093685,0.0915254237288135,central,central,MURA_TT_1439
MURA-v1.1/train/XR_SHOULDER/patient00724/study1_positive/image1.png,XR_SHOULDER,patient00724,study1_positive,1,image1.png,train,/content/drive/MyDrive/MURA-v1.1/train/XR_SHOULDER/patient00724/study1_positive/image1.png,train/XR_SHOULDER/patient00724/study1_positive,1,abnormal,/content/MURA_abnormal_train/XR_SHOULDER/patient00724/study1_positive/image1.png,True,2193,2193,0,30.768646,0.9355300859598854,peripheral,peripheral,MURA_TT_1440
MURA-v1.1/train/XR_WRIST/patient06837/study1_positive/image2.png,XR_WRIST,patient06837,study1_positive,1,image2.png,train,/content/drive/MyDrive/MURA-v1.1/train/XR_WRIST/patient06837/study1_positive/image2.png,train/XR_WRIST/patient06837/study1_positive,1,abnormal,/content/MURA_abnormal_train/XR_WRIST/patient06837/study1_positive/image2.png,True,10500,10500,0,34.50127,0.7058823529411765,intermediate,intermediate,MURA_TT_1441
MURA-v1.1/train/XR_HUMERUS/patient02730/study1_positive/image1.png,XR_HUMERUS,patient02730,study1_positive,1,image1.png,train,/content/drive/MyDrive/MURA-v1.1/train/XR_HUMERUS/patient02730/study1_positive/image1.png,train/XR_HUMERUS/patient02730/study1_positive,1,abnormal,/content/MURA_abnormal_train/XR_HUMERUS/patient02730/study1_positive/image1.png,True,4258,4258,0,34.686302,0.7664233576642335,intermediate,intermediate,MURA_TT_1442
MURA-v1.1/train/XR_WRIST/patient07280/study1_positive/image2.png,XR_WRIST,patient07280,study1_positive,1,image2.png,train,/content/drive/MyDrive/MURA-v1.1/train/XR_WRIST/patient07280/study1_positive/image2.png,train/XR_WRIST/patient07280/study1_positive,1,abnormal,/content/MURA_abnormal_train/XR_WRIST/patient07280/study1_positive/image2.png,True,12185,12185,8,23.467297,0.4028629856850715,central,central,MURA_TT_1443
MURA-v1.1/train/XR_ELBOW/patient05281/study1_positive/image3.png,XR_ELBOW,patient05281,study1_positive,1,image3.png,train,/content/drive/MyDrive/MURA-v1.1/train/XR_ELBOW/patient05281/study1_positive/image3.png,train/XR_ELBOW/patient05281/study1_positive,1,abnormal,/content/MURA_abnormal_train/XR_ELBOW/patient05281/study1_positive/image3.png,True,8125,8125,1,21.16683,0.3852140077821012,central,central,MURA_TT_1444
MURA-v1.1/train/XR_HUMERUS/patient02800/study1_positive/image2.png,XR_HUMERUS,patient02800,study1_positive,1,image2.png,train,/content/drive/MyDrive/MURA-v1.1/train/XR_HUMERUS/patient02800/study1_positive/image2.png,train/XR_HUMERUS/patient02800/study1_positive,1,abnormal,/content/MURA_abnormal_train/XR_HUMERUS/patient02800/study1_positive/image2.png,True,4427,4427,0,33.362553,0.708029197080292,intermediate,intermediate,MURA_TT_1445
MURA-v1.1/train/XR_HUMERUS/patient02799/study1_positive/image1.png,XR_HUMERUS,patient02799,study1_positive,1,image1.png,train,/content/drive/MyDrive/MURA-v1.1/train/XR_HUMERUS/patient02799/study1_positive/image1.png,train/XR_HUMERUS/patient02799/study1_positive,1,abnormal,/content/MURA_abnormal_train/XR_HUMERUS/patient02799/study1_positive/image1.png,True,4424,4424,2,22.259842,0.2300469483568075,central,central,MURA_TT_1446
MURA-v1.1/train/XR_HUMERUS/patient02767/study1_positive/image2.png,XR_HUMERUS,patient02767,study1_positive,1,image2.png,train,/content/drive/MyDrive/MURA-v1.1/train/XR_HUMERUS/patient02767/study1_positive/image2.png,train/XR_HUMERUS/patient02767/study1_positive,1,abnormal,/content/MURA_abnormal_train/XR_HUMERUS/patient02767/study1_positive/image2.png,True,4348,4348,2,29.973606,0.8356807511737089,peripheral,peripheral,MURA_TT_1447
MURA-v1.1/train/XR_WRIST/patient02290/study1_positive/image3.png,XR_WRIST,patient02290,study1_positive,1,image3.png,train,/content/drive/MyDrive/MURA-v1.1/train/XR_WRIST/patient02290/study1_positive/image3.png,train/XR_WRIST/patient02290/study1_positive,1,abnormal,/content/MURA_abnormal_train/XR_WRIST/patient02290/study1_positive/image3.png,True,12093,12093,8,23.13595,0.3680981595092024,central,central,MURA_TT_1448
MURA-v1.1/train/XR_SHOULDER/patient00908/study1_positive/image3.png,XR_SHOULDER,patient00908,study1_positive,1,image3.png,train,/content/drive/MyDrive/MURA-v1.1/train/XR_SHOULDER/patient00908/study1_positive/image3.png,train/XR_SHOULDER/patient00908/study1_positive,1,abnormal,/content/MURA_abnormal_train/XR_SHOULDER/patient00908/study1_positive/image3.png,True,2725,2725,2,24.517246,0.24818401937046,central,central,MURA_TT_1449
MURA-v1.1/train/XR_FOREARM/patient02242/study1_positive/image2.png,XR_FOREARM,patient02242,study1_positive,1,image2.png,train,/content/drive/MyDrive/MURA-v1.1/train/XR_FOREARM/patient02242/study1_positive/image2.png,train/XR_FOREARM/patient02242/study1_positive,1,abnormal,/content/MURA_abnormal_train/XR_FOREARM/patient02242/study1_positive/image2.png,True,12805,12805,3,34.309128,0.9292035398230089,peripheral,peripheral,MURA_TT_1450
MURA-v1.1/train/XR_WRIST/patient07265/study1_positive/image3.png,XR_WRIST,patient07265,study1_positive,1,image3.png,train,/content/drive/MyDrive/MURA-v1.1/train/XR_WRIST/patient07265/study1_positive/image3.png,train/XR_WRIST/patient07265/study1_positive,1,abnormal,/content/MURA_abnormal_train/XR_WRIST/patient07265/study1_positive/image3.png,True,12132,12132,5,25.447313,0.6595041322314049,intermediate,intermediate,MURA_TT_1451
MURA-v1.1/train/XR_HUMERUS/patient02695/study1_positive/image1.png,XR_HUMERUS,patient02695,study1_positive,1,image1.png,train,/content/drive/MyDrive/MURA-v1.1/train/XR_HUMERUS/patient02695/study1_positive/image1.png,train/XR_HUMERUS/patient02695/study1_positive,1,abnormal,/content/MURA_abnormal_train/XR_HUMERUS/patient02695/study1_positive/image1.png,True,4168,4168,0,30.34585,0.3941605839416058,central,central,MURA_TT_1452
MURA-v1.1/train/XR_ELBOW/patient05068/study1_positive/image2.png,XR_ELBOW,patient05068,study1_positive,1,image2.png,train,/content/drive/MyDrive/MURA-v1.1/train/XR_ELBOW/patient05068/study1_positive/image2.png,train/XR_ELBOW/patient05068/study1_positive,1,abnormal,/content/MURA_abnormal_train/XR_ELBOW/patient05068/study1_positive/image2.png,True,7339,7339,2,27.009235,0.7024221453287197,intermediate,intermediate,MURA_TT_1453
MURA-v1.1/train/XR_HUMERUS/patient02787/study1_positive/image1.png,XR_HUMERUS,patient02787,study1_positive,1,image1.png,train,/content/drive/MyDrive/MURA-v1.1/train/XR_HUMERUS/patient02787/study1_positive/image1.png,train/XR_HUMERUS/patient02787/study1_positive,1,abnormal,/content/MURA_abnormal_train/XR_HUMERUS/patient02787/study1_positive/image1.png,True,4395,4395,2,29.33884,0.812206572769953,peripheral,peripheral,MURA_TT_1454
MURA-v1.1/train/XR_WRIST/patient07228/study1_positive/image2.png,XR_WRIST,patient07228,study1_positive,1,image2.png,train,/content/drive/MyDrive/MURA-v1.1/train/XR_WRIST/patient07228/study1_positive/image2.png,train/XR_WRIST/patient07228/study1_positive,1,abnormal,/content/MURA_abnormal_train/XR_WRIST/patient07228/study1_positive/image2.png,True,11980,11980,3,26.03265,0.3850574712643678,central,central,MURA_TT_1455
MURA-v1.1/train/XR_WRIST/patient06575/study1_positive/image1.png,XR_WRIST,patient06575,study1_positive,1,image1.png,train,/content/drive/MyDrive/MURA-v1.1/train/XR_WRIST/patient06575/study1_positive/image1.png,train/XR_WRIST/patient06575/study1_positive,1,abnormal,/content/MURA_abnormal_train/XR_WRIST/patient06575/study1_positive/image1.png,True,9498,9498,8,30.318808,0.9335378323108384,peripheral,peripheral,MURA_TT_1456
MURA-v1.1/train/XR_HAND/patient09851/study1_positive/image3.png,XR_HAND,patient09851,study1_positive,1,image3.png,train,/content/drive/MyDrive/MURA-v1.1/train/XR_HAND/patient09851/study1_positive/image3.png,train/XR_HAND/patient09851/study1_positive,1,abnormal,/content/MURA_abnormal_train/XR_HAND/patient09851/study1_positive/image3.png,True,13832,13832,1,24.77872,0.1519434628975265,central,central,MURA_TT_1457
MURA-v1.1/train/XR_FOREARM/patient09113/study1_positive/image1.png,XR_FOREARM,patient09113,study1_positive,1,image1.png,train,/content/drive/MyDrive/MURA-v1.1/train/XR_FOREARM/patient09113/study1_positive/image1.png,train/XR_FOREARM/patient09113/study1_positive,1,abnormal,/content/MURA_abnormal_train/XR_FOREARM/patient09113/study1_positive/image1.png,True,12818,12818,0,35.076286,0.945945945945946,peripheral,peripheral,MURA_TT_1458
MURA-v1.1/train/XR_FOREARM/patient09153/study1_positive/image2.png,XR_FOREARM,patient09153,study1_positive,1,image2.png,train,/content/drive/MyDrive/MURA-v1.1/train/XR_FOREARM/patient09153/study1_positive/image2.png,train/XR_FOREARM/patient09153/study1_positive,1,abnormal,/content/MURA_abnormal_train/XR_FOREARM/patient09153/study1_positive/image2.png,True,12923,12923,4,25.196728,0.2857142857142857,central,central,MURA_TT_1459
MURA-v1.1/train/XR_SHOULDER/patient01345/study1_positive/image1.png,XR_SHOULDER,patient01345,study1_positive,1,image1.png,train,/content/drive/MyDrive/MURA-v1.1/train/XR_SHOULDER/patient01345/study1_positive/image1.png,train/XR_SHOULDER/patient01345/study1_positive,1,abnormal,/content/MURA_abnormal_train/XR_SHOULDER/patient01345/study1_positive/image1.png,True,3966,3966,0,25.895674,0.7048710601719198,intermediate,intermediate,MURA_TT_1460
MURA-v1.1/train/XR_SHOULDER/patient00302/study1_positive/image1.png,XR_SHOULDER,patient00302,study1_positive,1,image1.png,train,/content/drive/MyDrive/MURA-v1.1/train/XR_SHOULDER/patient00302/study1_positive/image1.png,train/XR_SHOULDER/patient00302/study1_positive,1,abnormal,/content/MURA_abnormal_train/XR_SHOULDER/patient00302/study1_positive/image1.png,True,928,928,2,22.679379,0.0980629539951573,central,central,MURA_TT_1461
MURA-v1.1/train/XR_WRIST/patient06775/study1_positive/image2.png,XR_WRIST,patient06775,study1_positive,1,image2.png,train,/content/drive/MyDrive/MURA-v1.1/train/XR_WRIST/patient06775/study1_positive/image2.png,train/XR_WRIST/patient06775/study1_positive,1,abnormal,/content/MURA_abnormal_train/XR_WRIST/patient06775/study1_positive/image2.png,True,10252,10252,2,21.022015,0.1132897603485838,central,central,MURA_TT_1462
MURA-v1.1/train/XR_SHOULDER/patient01084/study1_positive/image4.png,XR_SHOULDER,patient01084,study1_positive,1,image4.png,train,/content/drive/MyDrive/MURA-v1.1/train/XR_SHOULDER/patient01084/study1_positive/image4.png,train/XR_SHOULDER/patient01084/study1_positive,1,abnormal,/content/MURA_abnormal_train/XR_SHOULDER/patient01084/study1_positive/image4.png,True,3230,3230,1,37.133354,0.755223880597015,intermediate,intermediate,MURA_TT_1463
MURA-v1.1/train/XR_FINGER/patient03492/study1_positive/image1.png,XR_FINGER,patient03492,study1_positive,1,image1.png,train,/content/drive/MyDrive/MURA-v1.1/train/XR_FINGER/patient03492/study1_positive/image1.png,train/XR_FINGER/patient03492/study1_positive,1,abnormal,/content/MURA_abnormal_train/XR_FINGER/patient03492/study1_positive/image1.png,True,5670,5670,4,24.081633,0.5300261096605744,intermediate,intermediate,MURA_TT_1464
MURA-v1.1/train/XR_FOREARM/patient09234/study1_positive/image1.png,XR_FOREARM,patient09234,study1_positive,1,image1.png,train,/content/drive/MyDrive/MURA-v1.1/train/XR_FOREARM/patient09234/study1_positive/image1.png,train/XR_FOREARM/patient09234/study1_positive,1,abnormal,/content/MURA_abnormal_train/XR_FOREARM/patient09234/study1_positive/image1.png,True,13194,13194,0,23.103046,0.2432432432432432,central,central,MURA_TT_1465
MURA-v1.1/train/XR_HUMERUS/patient02708/study1_positive/image2.png,XR_HUMERUS,patient02708,study1_positive,1,image2.png,train,/content/drive/MyDrive/MURA-v1.1/train/XR_HUMERUS/patient02708/study1_positive/image2.png,train/XR_HUMERUS/patient02708/study1_positive,1,abnormal,/content/MURA_abnormal_train/XR_HUMERUS/patient02708/study1_positive/image2.png,True,4197,4197,3,26.675789,0.5021834061135371,intermediate,intermediate,MURA_TT_1466
MURA-v1.1/train/XR_HUMERUS/patient02923/study1_positive/image1.png,XR_HUMERUS,patient02923,study1_positive,1,image1.png,train,/content/drive/MyDrive/MURA-v1.1/train/XR_HUMERUS/patient02923/study1_positive/image1.png,train/XR_HUMERUS/patient02923/study1_positive,1,abnormal,/content/MURA_abnormal_train/XR_HUMERUS/patient02923/study1_positive/image1.png,True,4727,4727,3,26.41477,0.4541484716157205,central,central,MURA_TT_1467
MURA-v1.1/train/XR_HAND/patient00008/study1_positive/image2.png,XR_HAND,patient00008,study1_positive,1,image2.png,train,/content/drive/MyDrive/MURA-v1.1/train/XR_HAND/patient00008/study1_positive/image2.png,train/XR_HAND/patient00008/study1_positive,1,abnormal,/content/MURA_abnormal_train/XR_HAND/patient00008/study1_positive/image2.png,True,14495,14495,1,27.195087,0.392226148409894,central,central,MURA_TT_1468
MURA-v1.1/train/XR_FINGER/patient03762/study1_positive/image2.png,XR_FINGER,patient03762,study1_positive,1,image2.png,train,/content/drive/MyDrive/MURA-v1.1/train/XR_FINGER/patient03762/study1_positive/image2.png,train/XR_FINGER/patient03762/study1_positive,1,abnormal,/content/MURA_abnormal_train/XR_FINGER/patient03762/study1_positive/image2.png,True,6586,6586,5,20.812666,0.1020408163265306,central,central,MURA_TT_1469
MURA-v1.1/train/XR_FOREARM/patient09215/study1_positive/image2.png,XR_FOREARM,patient09215,study1_positive,1,image2.png,train,/content/drive/MyDrive/MURA-v1.1/train/XR_FOREARM/patient09215/study1_positive/image2.png,train/XR_FOREARM/patient09215/study1_positive,1,abnormal,/content/MURA_abnormal_train/XR_FOREARM/patient09215/study1_positive/image2.png,True,13146,13146,2,25.060553,0.5873015873015873,intermediate,intermediate,MURA_TT_1470
MURA-v1.1/train/XR_WRIST/patient07250/study1_positive/image2.png,XR_WRIST,patient07250,study1_positive,1,image2.png,train,/content/drive/MyDrive/MURA-v1.1/train/XR_WRIST/patient07250/study1_positive/image2.png,train/XR_WRIST/patient07250/study1_positive,1,abnormal,/content/MURA_abnormal_train/XR_WRIST/patient07250/study1_positive/image2.png,True,12067,12067,8,22.183422,0.2525562372188139,central,central,MURA_TT_1471
MURA-v1.1/train/XR_WRIST/patient06471/study1_positive/image2.png,XR_WRIST,patient06471,study1_positive,1,image2.png,train,/content/drive/MyDrive/MURA-v1.1/train/XR_WRIST/patient06471/study1_positive/image2.png,train/XR_WRIST/patient06471/study1_positive,1,abnormal,/content/MURA_abnormal_train/XR_WRIST/patient06471/study1_positive/image2.png,True,9149,9149,4,34.57397,0.8731988472622478,peripheral,peripheral,MURA_TT_1472
MURA-v1.1/train/XR_SHOULDER/patient00492/study1_positive/image3.png,XR_SHOULDER,patient00492,study1_positive,1,image3.png,train,/content/drive/MyDrive/MURA-v1.1/train/XR_SHOULDER/patient00492/study1_positive/image3.png,train/XR_SHOULDER/patient00492/study1_positive,1,abnormal,/content/MURA_abnormal_train/XR_SHOULDER/patient00492/study1_positive/image3.png,True,1491,1491,5,21.18868,0.1914691943127962,central,central,MURA_TT_1473
MURA-v1.1/train/XR_HUMERUS/patient02808/study1_positive/image1.png,XR_HUMERUS,patient02808,study1_positive,1,image1.png,train,/content/drive/MyDrive/MURA-v1.1/train/XR_HUMERUS/patient02808/study1_positive/image1.png,train/XR_HUMERUS/patient02808/study1_positive,1,abnormal,/content/MURA_abnormal_train/XR_HUMERUS/patient02808/study1_positive/image1.png,True,4447,4447,3,27.506544,0.6026200873362445,intermediate,intermediate,MURA_TT_1474
MURA-v1.1/train/XR_HAND/patient09784/study1_positive/image2.png,XR_HAND,patient09784,study1_positive,1,image2.png,train,/content/drive/MyDrive/MURA-v1.1/train/XR_HAND/patient09784/study1_positive/image2.png,train/XR_HAND/patient09784/study1_positive,1,abnormal,/content/MURA_abnormal_train/XR_HAND/patient09784/study1_positive/image2.png,True,13574,13574,1,25.396124,0.1908127208480565,central,central,MURA_TT_1475
MURA-v1.1/train/XR_ELBOW/patient05165/study1_positive/image1.png,XR_ELBOW,patient05165,study1_positive,1,image1.png,train,/content/drive/MyDrive/MURA-v1.1/train/XR_ELBOW/patient05165/study1_positive/image1.png,train/XR_ELBOW/patient05165/study1_positive,1,abnormal,/content/MURA_abnormal_train/XR_ELBOW/patient05165/study1_positive/image1.png,True,7694,7694,1,27.259,0.8949416342412452,peripheral,peripheral,MURA_TT_1476
MURA-v1.1/train/XR_HAND/patient10038/study1_positive/image1.png,XR_HAND,patient10038,study1_positive,1,image1.png,train,/content/drive/MyDrive/MURA-v1.1/train/XR_HAND/patient10038/study1_positive/image1.png,train/XR_HAND/patient10038/study1_positive,1,abnormal,/content/MURA_abnormal_train/XR_HAND/patient10038/study1_positive/image1.png,True,14530,14530,0,22.926126,0.425438596491228,central,central,MURA_TT_1477
MURA-v1.1/train/XR_WRIST/patient02273/study1_positive/image3.png,XR_WRIST,patient02273,study1_positive,1,image3.png,train,/content/drive/MyDrive/MURA-v1.1/train/XR_WRIST/patient02273/study1_positive/image3.png,train/XR_WRIST/patient02273/study1_positive,1,abnormal,/content/MURA_abnormal_train/XR_WRIST/patient02273/study1_positive/image3.png,True,9877,9877,2,25.31244,0.5228758169934641,intermediate,intermediate,MURA_TT_1478
MURA-v1.1/train/XR_HUMERUS/patient02811/study1_positive/image2.png,XR_HUMERUS,patient02811,study1_positive,1,image2.png,train,/content/drive/MyDrive/MURA-v1.1/train/XR_HUMERUS/patient02811/study1_positive/image2.png,train/XR_HUMERUS/patient02811/study1_positive,1,abnormal,/content/MURA_abnormal_train/XR_HUMERUS/patient02811/study1_positive/image2.png,True,4454,4454,2,28.905436,0.7981220657276995,intermediate,intermediate,MURA_TT_1479
MURA-v1.1/train/XR_HAND/patient09985/study1_positive/image1.png,XR_HAND,patient09985,study1_positive,1,image1.png,train,/content/drive/MyDrive/MURA-v1.1/train/XR_HAND/patient09985/study1_positive/image1.png,train/XR_HAND/patient09985/study1_positive,1,abnormal,/content/MURA_abnormal_train/XR_HAND/patient09985/study1_positive/image1.png,True,14328,14328,2,20.356857,0.0315457413249211,central,central,MURA_TT_1480
MURA-v1.1/train/XR_ELBOW/patient02611/study1_positive/image4.png,XR_ELBOW,patient02611,study1_positive,1,image4.png,train,/content/drive/MyDrive/MURA-v1.1/train/XR_ELBOW/patient02611/study1_positive/image4.png,train/XR_ELBOW/patient02611/study1_positive,1,abnormal,/content/MURA_abnormal_train/XR_ELBOW/patient02611/study1_positive/image4.png,True,7735,7735,1,25.838045,0.8171206225680934,peripheral,peripheral,MURA_TT_1481
MURA-v1.1/train/XR_FOREARM/patient09085/study1_positive/image2.png,XR_FOREARM,patient09085,study1_positive,1,image2.png,train,/content/drive/MyDrive/MURA-v1.1/train/XR_FOREARM/patient09085/study1_positive/image2.png,train/XR_FOREARM/patient09085/study1_positive,1,abnormal,/content/MURA_abnormal_train/XR_FOREARM/patient09085/study1_positive/image2.png,True,12735,12735,3,24.297209,0.3849557522123893,central,central,MURA_TT_1482
MURA-v1.1/train/XR_WRIST/patient04606/study1_positive/image3.png,XR_WRIST,patient04606,study1_positive,1,image3.png,train,/content/drive/MyDrive/MURA-v1.1/train/XR_WRIST/patient04606/study1_positive/image3.png,train/XR_WRIST/patient04606/study1_positive,1,abnormal,/content/MURA_abnormal_train/XR_WRIST/patient04606/study1_positive/image3.png,True,12280,12280,7,37.693604,0.8758620689655172,peripheral,peripheral,MURA_TT_1483
MURA-v1.1/train/XR_FOREARM/patient09200/study1_positive/image3.png,XR_FOREARM,patient09200,study1_positive,1,image3.png,train,/content/drive/MyDrive/MURA-v1.1/train/XR_FOREARM/patient09200/study1_positive/image3.png,train/XR_FOREARM/patient09200/study1_positive,1,abnormal,/content/MURA_abnormal_train/XR_FOREARM/patient09200/study1_positive/image3.png,True,13104,13104,2,26.81786,0.7222222222222222,intermediate,intermediate,MURA_TT_1484
MURA-v1.1/train/XR_FINGER/patient03657/study1_positive/image3.png,XR_FINGER,patient03657,study1_positive,1,image3.png,train,/content/drive/MyDrive/MURA-v1.1/train/XR_FINGER/patient03657/study1_positive/image3.png,train/XR_FINGER/patient03657/study1_positive,1,abnormal,/content/MURA_abnormal_train/XR_FINGER/patient03657/study1_positive/image3.png,True,6226,6226,2,22.627443,0.2367688022284122,central,central,MURA_TT_1485
MURA-v1.1/train/XR_ELBOW/patient04921/study1_positive/image3.png,XR_ELBOW,patient04921,study1_positive,1,image3.png,train,/content/drive/MyDrive/MURA-v1.1/train/XR_ELBOW/patient04921/study1_positive/image3.png,train/XR_ELBOW/patient04921/study1_positive,1,abnormal,/content/MURA_abnormal_train/XR_ELBOW/patient04921/study1_positive/image3.png,True,6793,6793,5,27.979246,0.5190615835777126,intermediate,intermediate,MURA_TT_1486
MURA-v1.1/train/XR_FOREARM/patient03735/study1_positive/image5.png,XR_FOREARM,patient03735,study1_positive,1,image5.png,train,/content/drive/MyDrive/MURA-v1.1/train/XR_FOREARM/patient03735/study1_positive/image5.png,train/XR_FOREARM/patient03735/study1_positive,1,abnormal,/content/MURA_abnormal_train/XR_FOREARM/patient03735/study1_positive/image5.png,True,13381,13381,3,24.674059,0.4203539823008849,central,central,MURA_TT_1487
MURA-v1.1/train/XR_HAND/patient10079/study1_positive/image1.png,XR_HAND,patient10079,study1_positive,1,image1.png,train,/content/drive/MyDrive/MURA-v1.1/train/XR_HAND/patient10079/study1_positive/image1.png,train/XR_HAND/patient10079/study1_positive,1,abnormal,/content/MURA_abnormal_train/XR_HAND/patient10079/study1_positive/image1.png,True,14662,14662,4,29.031145,0.8067796610169492,peripheral,peripheral,MURA_TT_1488
MURA-v1.1/train/XR_HAND/patient09763/study1_positive/image3.png,XR_HAND,patient09763,study1_positive,1,image3.png,train,/content/drive/MyDrive/MURA-v1.1/train/XR_HAND/patient09763/study1_positive/image3.png,train/XR_HAND/patient09763/study1_positive,1,abnormal,/content/MURA_abnormal_train/XR_HAND/patient09763/study1_positive/image3.png,True,13499,13499,1,38.125996,0.8975265017667845,peripheral,peripheral,MURA_TT_1489
MURA-v1.1/train/XR_HAND/patient09897/study1_positive/image1.png,XR_HAND,patient09897,study1_positive,1,image1.png,train,/content/drive/MyDrive/MURA-v1.1/train/XR_HAND/patient09897/study1_positive/image1.png,train/XR_HAND/patient09897/study1_positive,1,abnormal,/content/MURA_abnormal_train/XR_HAND/patient09897/study1_positive/image1.png,True,14027,14027,2,33.710808,0.8832807570977917,peripheral,peripheral,MURA_TT_1490
MURA-v1.1/train/XR_ELBOW/patient04990/study1_positive/image2.png,XR_ELBOW,patient04990,study1_positive,1,image2.png,train,/content/drive/MyDrive/MURA-v1.1/train/XR_ELBOW/patient04990/study1_positive/image2.png,train/XR_ELBOW/patient04990/study1_positive,1,abnormal,/content/MURA_abnormal_train/XR_ELBOW/patient04990/study1_positive/image2.png,True,7058,7058,0,28.42545,0.7573696145124716,intermediate,intermediate,MURA_TT_1491
MURA-v1.1/train/XR_SHOULDER/patient00538/study1_positive/image1.png,XR_SHOULDER,patient00538,study1_positive,1,image1.png,train,/content/drive/MyDrive/MURA-v1.1/train/XR_SHOULDER/patient00538/study1_positive/image1.png,train/XR_SHOULDER/patient00538/study1_positive,1,abnormal,/content/MURA_abnormal_train/XR_SHOULDER/patient00538/study1_positive/image1.png,True,1627,1627,3,27.110527,0.430609597924773,central,central,MURA_TT_1492
MURA-v1.1/train/XR_WRIST/patient06399/study1_positive/image3.png,XR_WRIST,patient06399,study1_positive,1,image3.png,train,/content/drive/MyDrive/MURA-v1.1/train/XR_WRIST/patient06399/study1_positive/image3.png,train/XR_WRIST/patient06399/study1_positive,1,abnormal,/content/MURA_abnormal_train/XR_WRIST/patient06399/study1_positive/image3.png,True,8901,8901,3,23.57439,0.1168582375478927,central,central,MURA_TT_1493
MURA-v1.1/train/XR_HUMERUS/patient02914/study1_positive/image2.png,XR_HUMERUS,patient02914,study1_positive,1,image2.png,train,/content/drive/MyDrive/MURA-v1.1/train/XR_HUMERUS/patient02914/study1_positive/image2.png,train/XR_HUMERUS/patient02914/study1_positive,1,abnormal,/content/MURA_abnormal_train/XR_HUMERUS/patient02914/study1_positive/image2.png,True,4707,4707,0,30.317694,0.3868613138686131,central,central,MURA_TT_1494
MURA-v1.1/train/XR_HAND/patient10044/study1_positive/image1.png,XR_HAND,patient10044,study1_positive,1,image1.png,train,/content/drive/MyDrive/MURA-v1.1/train/XR_HAND/patient10044/study1_positive/image1.png,train/XR_HAND/patient10044/study1_positive,1,abnormal,/content/MURA_abnormal_train/XR_HAND/patient10044/study1_positive/image1.png,True,14545,14545,3,25.591105,0.0659340659340659,central,central,MURA_TT_1495
MURA-v1.1/train/XR_HAND/patient10081/study1_positive/image2.png,XR_HAND,patient10081,study1_positive,1,image2.png,train,/content/drive/MyDrive/MURA-v1.1/train/XR_HAND/patient10081/study1_positive/image2.png,train/XR_HAND/patient10081/study1_positive,1,abnormal,/content/MURA_abnormal_train/XR_HAND/patient10081/study1_positive/image2.png,True,14669,14669,0,29.569399,0.8903508771929824,peripheral,peripheral,MURA_TT_1496
MURA-v1.1/train/XR_SHOULDER/patient00883/study1_positive/image2.png,XR_SHOULDER,patient00883,study1_positive,1,image2.png,train,/content/drive/MyDrive/MURA-v1.1/train/XR_SHOULDER/patient00883/study1_positive/image2.png,train/XR_SHOULDER/patient00883/study1_positive,1,abnormal,/content/MURA_abnormal_train/XR_SHOULDER/patient00883/study1_positive/image2.png,True,2655,2655,0,26.257565,0.7320916905444126,intermediate,intermediate,MURA_TT_1497
MURA-v1.1/train/XR_WRIST/patient06644/study1_positive/image1.png,XR_WRIST,patient06644,study1_positive,1,image1.png,train,/content/drive/MyDrive/MURA-v1.1/train/XR_WRIST/patient06644/study1_positive/image1.png,train/XR_WRIST/patient06644/study1_positive,1,abnormal,/content/MURA_abnormal_train/XR_WRIST/patient06644/study1_positive/image1.png,True,9739,9739,8,29.138285,0.8885480572597138,peripheral,peripheral,MURA_TT_1498
MURA-v1.1/train/XR_ELBOW/patient04942/study1_positive/image3.png,XR_ELBOW,patient04942,study1_positive,1,image3.png,train,/content/drive/MyDrive/MURA-v1.1/train/XR_ELBOW/patient04942/study1_positive/image3.png,train/XR_ELBOW/patient04942/study1_positive,1,abnormal,/content/MURA_abnormal_train/XR_ELBOW/patient04942/study1_positive/image3.png,True,6865,6865,0,25.097734,0.4852607709750567,central,central,MURA_TT_1499
MURA-v1.1/train/XR_HUMERUS/patient02813/study1_positive/image2.png,XR_HUMERUS,patient02813,study1_positive,1,image2.png,train,/content/drive/MyDrive/MURA-v1.1/train/XR_HUMERUS/patient02813/study1_positive/image2.png,train/XR_HUMERUS/patient02813/study1_positive,1,abnormal,/content/MURA_abnormal_train/XR_HUMERUS/patient02813/study1_positive/image2.png,True,4458,4458,0,27.57747,0.1751824817518248,central,central,MURA_TT_1500
MURA-v1.1/train/XR_WRIST/patient06678/study1_positive/image2.png,XR_WRIST,patient06678,study1_positive,1,image2.png,train,/content/drive/MyDrive/MURA-v1.1/train/XR_WRIST/patient06678/study1_positive/image2.png,train/XR_WRIST/patient06678/study1_positive,1,abnormal,/content/MURA_abnormal_train/XR_WRIST/patient06678/study1_positive/image2.png,True,9865,9865,3,24.206118,0.1896551724137931,central,central,MURA_TT_1501
MURA-v1.1/train/XR_ELBOW/patient01856/study2_positive/image4.png,XR_ELBOW,patient01856,study2_positive,1,image4.png,train,/content/drive/MyDrive/MURA-v1.1/train/XR_ELBOW/patient01856/study2_positive/image4.png,train/XR_ELBOW/patient01856/study2_positive,1,abnormal,/content/MURA_abnormal_train/XR_ELBOW/patient01856/study2_positive/image4.png,True,6913,6913,5,29.648615,0.6950146627565983,intermediate,intermediate,MURA_TT_1502
MURA-v1.1/train/XR_SHOULDER/patient01120/study1_positive/image2.png,XR_SHOULDER,patient01120,study1_positive,1,image2.png,train,/content/drive/MyDrive/MURA-v1.1/train/XR_SHOULDER/patient01120/study1_positive/image2.png,train/XR_SHOULDER/patient01120/study1_positive,1,abnormal,/content/MURA_abnormal_train/XR_SHOULDER/patient01120/study1_positive/image2.png,True,3324,3324,5,27.322842,0.8085308056872038,peripheral,peripheral,MURA_TT_1503
MURA-v1.1/train/XR_WRIST/patient06437/study1_positive/image3.png,XR_WRIST,patient06437,study1_positive,1,image3.png,train,/content/drive/MyDrive/MURA-v1.1/train/XR_WRIST/patient06437/study1_positive/image3.png,train/XR_WRIST/patient06437/study1_positive,1,abnormal,/content/MURA_abnormal_train/XR_WRIST/patient06437/study1_positive/image3.png,True,9032,9032,5,25.803858,0.6958677685950413,intermediate,intermediate,MURA_TT_1504
MURA-v1.1/train/XR_FINGER/patient03263/study1_positive/image1.png,XR_FINGER,patient03263,study1_positive,1,image1.png,train,/content/drive/MyDrive/MURA-v1.1/train/XR_FINGER/patient03263/study1_positive/image1.png,train/XR_FINGER/patient03263/study1_positive,1,abnormal,/content/MURA_abnormal_train/XR_FINGER/patient03263/study1_positive/image1.png,True,4904,4904,3,26.173456,0.6219081272084805,intermediate,intermediate,MURA_TT_1505
MURA-v1.1/train/XR_HUMERUS/patient02804/study1_positive/image2.png,XR_HUMERUS,patient02804,study1_positive,1,image2.png,train,/content/drive/MyDrive/MURA-v1.1/train/XR_HUMERUS/patient02804/study1_positive/image2.png,train/XR_HUMERUS/patient02804/study1_positive,1,abnormal,/content/MURA_abnormal_train/XR_HUMERUS/patient02804/study1_positive/image2.png,True,4438,4438,0,26.148335,0.0802919708029197,central,central,MURA_TT_1506
MURA-v1.1/train/XR_HUMERUS/patient02862/study1_positive/image2.png,XR_HUMERUS,patient02862,study1_positive,1,image2.png,train,/content/drive/MyDrive/MURA-v1.1/train/XR_HUMERUS/patient02862/study1_positive/image2.png,train/XR_HUMERUS/patient02862/study1_positive,1,abnormal,/content/MURA_abnormal_train/XR_HUMERUS/patient02862/study1_positive/image2.png,True,4579,4579,2,26.73027,0.6807511737089202,intermediate,intermediate,MURA_TT_1507
MURA-v1.1/train/XR_HAND/patient10066/study1_positive/image1.png,XR_HAND,patient10066,study1_positive,1,image1.png,train,/content/drive/MyDrive/MURA-v1.1/train/XR_HAND/patient10066/study1_positive/image1.png,train/XR_HAND/patient10066/study1_positive,1,abnormal,/content/MURA_abnormal_train/XR_HAND/patient10066/study1_positive/image1.png,True,14618,14618,2,21.965656,0.1104100946372239,central,central,MURA_TT_1508
MURA-v1.1/train/XR_WRIST/patient06977/study1_positive/image2.png,XR_WRIST,patient06977,study1_positive,1,image2.png,train,/content/drive/MyDrive/MURA-v1.1/train/XR_WRIST/patient06977/study1_positive/image2.png,train/XR_WRIST/patient06977/study1_positive,1,abnormal,/content/MURA_abnormal_train/XR_WRIST/patient06977/study1_positive/image2.png,True,11005,11005,5,20.682364,0.1471074380165289,central,central,MURA_TT_1509
MURA-v1.1/train/XR_FINGER/patient03691/study1_positive/image1.png,XR_FINGER,patient03691,study1_positive,1,image1.png,train,/content/drive/MyDrive/MURA-v1.1/train/XR_FINGER/patient03691/study1_positive/image1.png,train/XR_FINGER/patient03691/study1_positive,1,abnormal,/content/MURA_abnormal_train/XR_FINGER/patient03691/study1_positive/image1.png,True,6342,6342,0,29.039577,0.4892307692307692,central,central,MURA_TT_1510
MURA-v1.1/train/XR_SHOULDER/patient00424/study1_positive/image1.png,XR_SHOULDER,patient00424,study1_positive,1,image1.png,train,/content/drive/MyDrive/MURA-v1.1/train/XR_SHOULDER/patient00424/study1_positive/image1.png,train/XR_SHOULDER/patient00424/study1_positive,1,abnormal,/content/MURA_abnormal_train/XR_SHOULDER/patient00424/study1_positive/image1.png,True,1293,1293,3,23.63337,0.1115434500648508,central,central,MURA_TT_1511
MURA-v1.1/train/XR_SHOULDER/patient01144/study1_positive/image2.png,XR_SHOULDER,patient01144,study1_positive,1,image2.png,train,/content/drive/MyDrive/MURA-v1.1/train/XR_SHOULDER/patient01144/study1_positive/image2.png,train/XR_SHOULDER/patient01144/study1_positive,1,abnormal,/content/MURA_abnormal_train/XR_SHOULDER/patient01144/study1_positive/image2.png,True,3397,3397,5,24.2176,0.5127962085308057,intermediate,intermediate,MURA_TT_1512
MURA-v1.1/train/XR_FINGER/patient03240/study1_positive/image1.png,XR_FINGER,patient03240,study1_positive,1,image1.png,train,/content/drive/MyDrive/MURA-v1.1/train/XR_FINGER/patient03240/study1_positive/image1.png,train/XR_FINGER/patient03240/study1_positive,1,abnormal,/content/MURA_abnormal_train/XR_FINGER/patient03240/study1_positive/image1.png,True,4815,4815,0,33.569164,0.796923076923077,intermediate,intermediate,MURA_TT_1513
MURA-v1.1/train/XR_ELBOW/patient05042/study1_positive/image1.png,XR_ELBOW,patient05042,study1_positive,1,image1.png,train,/content/drive/MyDrive/MURA-v1.1/train/XR_ELBOW/patient05042/study1_positive/image1.png,train/XR_ELBOW/patient05042/study1_positive,1,abnormal,/content/MURA_abnormal_train/XR_ELBOW/patient05042/study1_positive/image1.png,True,7252,7252,2,21.165617,0.1522491349480969,central,central,MURA_TT_1514
MURA-v1.1/train/XR_HUMERUS/patient02796/study1_positive/image1.png,XR_HUMERUS,patient02796,study1_positive,1,image1.png,train,/content/drive/MyDrive/MURA-v1.1/train/XR_HUMERUS/patient02796/study1_positive/image1.png,train/XR_HUMERUS/patient02796/study1_positive,1,abnormal,/content/MURA_abnormal_train/XR_HUMERUS/patient02796/study1_positive/image1.png,True,4416,4416,3,29.98401,0.7248908296943232,intermediate,intermediate,MURA_TT_1515
MURA-v1.1/train/XR_SHOULDER/patient00370/study1_positive/image3.png,XR_SHOULDER,patient00370,study1_positive,1,image3.png,train,/content/drive/MyDrive/MURA-v1.1/train/XR_SHOULDER/patient00370/study1_positive/image3.png,train/XR_SHOULDER/patient00370/study1_positive,1,abnormal,/content/MURA_abnormal_train/XR_SHOULDER/patient00370/study1_positive/image3.png,True,1138,1138,0,23.858986,0.5243553008595988,intermediate,intermediate,MURA_TT_1516
MURA-v1.1/train/XR_FOREARM/patient00687/study1_positive/image1.png,XR_FOREARM,patient00687,study1_positive,1,image1.png,train,/content/drive/MyDrive/MURA-v1.1/train/XR_FOREARM/patient00687/study1_positive/image1.png,train/XR_FOREARM/patient00687/study1_positive,1,abnormal,/content/MURA_abnormal_train/XR_FOREARM/patient00687/study1_positive/image1.png,True,13249,13249,0,28.503836,0.7027027027027027,intermediate,intermediate,MURA_TT_1517
MURA-v1.1/train/XR_ELBOW/patient05253/study1_positive/image3.png,XR_ELBOW,patient05253,study1_positive,1,image3.png,train,/content/drive/MyDrive/MURA-v1.1/train/XR_ELBOW/patient05253/study1_positive/image3.png,train/XR_ELBOW/patient05253/study1_positive,1,abnormal,/content/MURA_abnormal_train/XR_ELBOW/patient05253/study1_positive/image3.png,True,8020,8020,0,31.58122,0.9138321995464852,peripheral,peripheral,MURA_TT_1518
MURA-v1.1/train/XR_SHOULDER/patient00444/study1_positive/image2.png,XR_SHOULDER,patient00444,study1_positive,1,image2.png,train,/content/drive/MyDrive/MURA-v1.1/train/XR_SHOULDER/patient00444/study1_positive/image2.png,train/XR_SHOULDER/patient00444/study1_positive,1,abnormal,/content/MURA_abnormal_train/XR_SHOULDER/patient00444/study1_positive/image2.png,True,1350,1350,5,26.111994,0.7090047393364929,intermediate,intermediate,MURA_TT_1519
MURA-v1.1/train/XR_FOREARM/patient09274/study1_positive/image2.png,XR_FOREARM,patient09274,study1_positive,1,image2.png,train,/content/drive/MyDrive/MURA-v1.1/train/XR_FOREARM/patient09274/study1_positive/image2.png,train/XR_FOREARM/patient09274/study1_positive,1,abnormal,/content/MURA_abnormal_train/XR_FOREARM/patient09274/study1_positive/image2.png,True,13306,13306,5,21.069029,0.1274509803921568,central,central,MURA_TT_1520
MURA-v1.1/train/XR_HAND/patient09773/study1_positive/image3.png,XR_HAND,patient09773,study1_positive,1,image3.png,train,/content/drive/MyDrive/MURA-v1.1/train/XR_HAND/patient09773/study1_positive/image3.png,train/XR_HAND/patient09773/study1_positive,1,abnormal,/content/MURA_abnormal_train/XR_HAND/patient09773/study1_positive/image3.png,True,13536,13536,2,26.069742,0.4763406940063091,central,central,MURA_TT_1521
MURA-v1.1/train/XR_SHOULDER/patient00157/study1_positive/image1.png,XR_SHOULDER,patient00157,study1_positive,1,image1.png,train,/content/drive/MyDrive/MURA-v1.1/train/XR_SHOULDER/patient00157/study1_positive/image1.png,train/XR_SHOULDER/patient00157/study1_positive,1,abnormal,/content/MURA_abnormal_train/XR_SHOULDER/patient00157/study1_positive/image1.png,True,478,478,3,23.069178,0.0765239948119325,central,central,MURA_TT_1522
MURA-v1.1/train/XR_HUMERUS/patient02893/study1_positive/image1.png,XR_HUMERUS,patient02893,study1_positive,1,image1.png,train,/content/drive/MyDrive/MURA-v1.1/train/XR_HUMERUS/patient02893/study1_positive/image1.png,train/XR_HUMERUS/patient02893/study1_positive,1,abnormal,/content/MURA_abnormal_train/XR_HUMERUS/patient02893/study1_positive/image1.png,True,4655,4655,3,24.654911,0.2620087336244541,central,central,MURA_TT_1523
MURA-v1.1/train/XR_SHOULDER/patient00611/study1_positive/image1.png,XR_SHOULDER,patient00611,study1_positive,1,image1.png,train,/content/drive/MyDrive/MURA-v1.1/train/XR_SHOULDER/patient00611/study1_positive/image1.png,train/XR_SHOULDER/patient00611/study1_positive,1,abnormal,/content/MURA_abnormal_train/XR_SHOULDER/patient00611/study1_positive/image1.png,True,1846,1846,0,22.444939,0.3810888252148997,central,central,MURA_TT_1524
MURA-v1.1/train/XR_FINGER/patient03335/study1_positive/image3.png,XR_FINGER,patient03335,study1_positive,1,image3.png,train,/content/drive/MyDrive/MURA-v1.1/train/XR_FINGER/patient03335/study1_positive/image3.png,train/XR_FINGER/patient03335/study1_positive,1,abnormal,/content/MURA_abnormal_train/XR_FINGER/patient03335/study1_positive/image3.png,True,5154,5154,4,20.843267,0.1409921671018277,central,central,MURA_TT_1525
MURA-v1.1/train/XR_HAND/patient05913/study1_positive/image3.png,XR_HAND,patient05913,study1_positive,1,image3.png,train,/content/drive/MyDrive/MURA-v1.1/train/XR_HAND/patient05913/study1_positive/image3.png,train/XR_HAND/patient05913/study1_positive,1,abnormal,/content/MURA_abnormal_train/XR_HAND/patient05913/study1_positive/image3.png,True,13463,13463,5,23.302483,0.6074074074074074,intermediate,intermediate,MURA_TT_1526
MURA-v1.1/train/XR_FOREARM/patient06355/study1_positive/image1.png,XR_FOREARM,patient06355,study1_positive,1,image1.png,train,/content/drive/MyDrive/MURA-v1.1/train/XR_FOREARM/patient06355/study1_positive/image1.png,train/XR_FOREARM/patient06355/study1_positive,1,abnormal,/content/MURA_abnormal_train/XR_FOREARM/patient06355/study1_positive/image1.png,True,12931,12931,3,23.965305,0.3451327433628318,central,central,MURA_TT_1527
MURA-v1.1/train/XR_FINGER/patient03679/study1_positive/image4.png,XR_FINGER,patient03679,study1_positive,1,image4.png,train,/content/drive/MyDrive/MURA-v1.1/train/XR_FINGER/patient03679/study1_positive/image4.png,train/XR_FINGER/patient03679/study1_positive,1,abnormal,/content/MURA_abnormal_train/XR_FINGER/patient03679/study1_positive/image4.png,True,6309,6309,2,25.927317,0.5905292479108635,intermediate,intermediate,MURA_TT_1528
MURA-v1.1/train/XR_FINGER/patient03605/study1_positive/image3.png,XR_FINGER,patient03605,study1_positive,1,image3.png,train,/content/drive/MyDrive/MURA-v1.1/train/XR_FINGER/patient03605/study1_positive/image3.png,train/XR_FINGER/patient03605/study1_positive,1,abnormal,/content/MURA_abnormal_train/XR_FINGER/patient03605/study1_positive/image3.png,True,6057,6057,5,23.006317,0.3702623906705539,central,central,MURA_TT_1529
MURA-v1.1/train/XR_FINGER/patient03434/study1_positive/image3.png,XR_FINGER,patient03434,study1_positive,1,image3.png,train,/content/drive/MyDrive/MURA-v1.1/train/XR_FINGER/patient03434/study1_positive/image3.png,train/XR_FINGER/patient03434/study1_positive,1,abnormal,/content/MURA_abnormal_train/XR_FINGER/patient03434/study1_positive/image3.png,True,5477,5477,0,33.727386,0.8092307692307692,peripheral,peripheral,MURA_TT_1530
MURA-v1.1/train/XR_ELBOW/patient05052/study1_positive/image4.png,XR_ELBOW,patient05052,study1_positive,1,image4.png,train,/content/drive/MyDrive/MURA-v1.1/train/XR_ELBOW/patient05052/study1_positive/image4.png,train/XR_ELBOW/patient05052/study1_positive,1,abnormal,/content/MURA_abnormal_train/XR_ELBOW/patient05052/study1_positive/image4.png,True,7285,7285,0,22.791788,0.2312925170068027,central,central,MURA_TT_1531
MURA-v1.1/train/XR_FOREARM/patient09126/study1_positive/image1.png,XR_FOREARM,patient09126,study1_positive,1,image1.png,train,/content/drive/MyDrive/MURA-v1.1/train/XR_FOREARM/patient09126/study1_positive/image1.png,train/XR_FOREARM/patient09126/study1_positive,1,abnormal,/content/MURA_abnormal_train/XR_FOREARM/patient09126/study1_positive/image1.png,True,12847,12847,3,28.12214,0.7079646017699115,intermediate,intermediate,MURA_TT_1532
MURA-v1.1/train/XR_ELBOW/patient05120/study1_positive/image1.png,XR_ELBOW,patient05120,study1_positive,1,image1.png,train,/content/drive/MyDrive/MURA-v1.1/train/XR_ELBOW/patient05120/study1_positive/image1.png,train/XR_ELBOW/patient05120/study1_positive,1,abnormal,/content/MURA_abnormal_train/XR_ELBOW/patient05120/study1_positive/image1.png,True,7531,7531,0,26.564804,0.6235827664399093,intermediate,intermediate,MURA_TT_1533
MURA-v1.1/train/XR_HAND/patient09800/study1_positive/image3.png,XR_HAND,patient09800,study1_positive,1,image3.png,train,/content/drive/MyDrive/MURA-v1.1/train/XR_HAND/patient09800/study1_positive/image3.png,train/XR_HAND/patient09800/study1_positive,1,abnormal,/content/MURA_abnormal_train/XR_HAND/patient09800/study1_positive/image3.png,True,13647,13647,4,21.276272,0.047457627118644,central,central,MURA_TT_1534
MURA-v1.1/train/XR_WRIST/patient07376/study1_positive/image4.png,XR_WRIST,patient07376,study1_positive,1,image4.png,train,/content/drive/MyDrive/MURA-v1.1/train/XR_WRIST/patient07376/study1_positive/image4.png,train/XR_WRIST/patient07376/study1_positive,1,abnormal,/content/MURA_abnormal_train/XR_WRIST/patient07376/study1_positive/image4.png,True,12522,12522,4,29.54845,0.6801152737752162,intermediate,intermediate,MURA_TT_1535
MURA-v1.1/train/XR_HAND/patient09966/study1_positive/image3.png,XR_HAND,patient09966,study1_positive,1,image3.png,train,/content/drive/MyDrive/MURA-v1.1/train/XR_HAND/patient09966/study1_positive/image3.png,train/XR_HAND/patient09966/study1_positive,1,abnormal,/content/MURA_abnormal_train/XR_HAND/patient09966/study1_positive/image3.png,True,14278,14278,2,23.412653,0.2302839116719243,central,central,MURA_TT_1536
MURA-v1.1/train/XR_WRIST/patient07134/study1_positive/image2.png,XR_WRIST,patient07134,study1_positive,1,image2.png,train,/content/drive/MyDrive/MURA-v1.1/train/XR_WRIST/patient07134/study1_positive/image2.png,train/XR_WRIST/patient07134/study1_positive,1,abnormal,/content/MURA_abnormal_train/XR_WRIST/patient07134/study1_positive/image2.png,True,11602,11602,6,28.485968,0.4081081081081081,central,central,MURA_TT_1537
MURA-v1.1/train/XR_FINGER/patient03362/study1_positive/image2.png,XR_FINGER,patient03362,study1_positive,1,image2.png,train,/content/drive/MyDrive/MURA-v1.1/train/XR_FINGER/patient03362/study1_positive/image2.png,train/XR_FINGER/patient03362/study1_positive,1,abnormal,/content/MURA_abnormal_train/XR_FINGER/patient03362/study1_positive/image2.png,True,5244,5244,2,36.029434,0.935933147632312,peripheral,peripheral,MURA_TT_1538
MURA-v1.1/train/XR_HAND/patient09854/study1_positive/image2.png,XR_HAND,patient09854,study1_positive,1,image2.png,train,/content/drive/MyDrive/MURA-v1.1/train/XR_HAND/patient09854/study1_positive/image2.png,train/XR_HAND/patient09854/study1_positive,1,abnormal,/content/MURA_abnormal_train/XR_HAND/patient09854/study1_positive/image2.png,True,13842,13842,4,25.000029,0.4135593220338983,central,central,MURA_TT_1539
MURA-v1.1/train/XR_FINGER/patient03464/study1_positive/image2.png,XR_FINGER,patient03464,study1_positive,1,image2.png,train,/content/drive/MyDrive/MURA-v1.1/train/XR_FINGER/patient03464/study1_positive/image2.png,train/XR_FINGER/patient03464/study1_positive,1,abnormal,/content/MURA_abnormal_train/XR_FINGER/patient03464/study1_positive/image2.png,True,5579,5579,5,25.284184,0.6034985422740525,intermediate,intermediate,MURA_TT_1540
MURA-v1.1/train/XR_HAND/patient10042/study1_positive/image1.png,XR_HAND,patient10042,study1_positive,1,image1.png,train,/content/drive/MyDrive/MURA-v1.1/train/XR_HAND/patient10042/study1_positive/image1.png,train/XR_HAND/patient10042/study1_positive,1,abnormal,/content/MURA_abnormal_train/XR_HAND/patient10042/study1_positive/image1.png,True,14540,14540,0,18.295649,0.0350877192982456,central,central,MURA_TT_1541
MURA-v1.1/train/XR_WRIST/patient03676/study1_positive/image2.png,XR_WRIST,patient03676,study1_positive,1,image2.png,train,/content/drive/MyDrive/MURA-v1.1/train/XR_WRIST/patient03676/study1_positive/image2.png,train/XR_WRIST/patient03676/study1_positive,1,abnormal,/content/MURA_abnormal_train/XR_WRIST/patient03676/study1_positive/image2.png,True,10883,10883,7,35.702316,0.8,intermediate,intermediate,MURA_TT_1542
MURA-v1.1/train/XR_HUMERUS/patient02746/study1_positive/image2.png,XR_HUMERUS,patient02746,study1_positive,1,image2.png,train,/content/drive/MyDrive/MURA-v1.1/train/XR_HUMERUS/patient02746/study1_positive/image2.png,train/XR_HUMERUS/patient02746/study1_positive,1,abnormal,/content/MURA_abnormal_train/XR_HUMERUS/patient02746/study1_positive/image2.png,True,4296,4296,2,24.149328,0.4225352112676056,central,central,MURA_TT_1543
MURA-v1.1/train/XR_SHOULDER/patient00476/study1_positive/image3.png,XR_SHOULDER,patient00476,study1_positive,1,image3.png,train,/content/drive/MyDrive/MURA-v1.1/train/XR_SHOULDER/patient00476/study1_positive/image3.png,train/XR_SHOULDER/patient00476/study1_positive,1,abnormal,/content/MURA_abnormal_train/XR_SHOULDER/patient00476/study1_positive/image3.png,True,1436,1436,0,23.49917,0.4828080229226361,central,central,MURA_TT_1544
MURA-v1.1/train/XR_ELBOW/patient05125/study1_positive/image2.png,XR_ELBOW,patient05125,study1_positive,1,image2.png,train,/content/drive/MyDrive/MURA-v1.1/train/XR_ELBOW/patient05125/study1_positive/image2.png,train/XR_ELBOW/patient05125/study1_positive,1,abnormal,/content/MURA_abnormal_train/XR_ELBOW/patient05125/study1_positive/image2.png,True,7552,7552,5,26.174969,0.3255131964809384,central,central,MURA_TT_1545
MURA-v1.1/train/XR_SHOULDER/patient00909/study1_positive/image4.png,XR_SHOULDER,patient00909,study1_positive,1,image4.png,train,/content/drive/MyDrive/MURA-v1.1/train/XR_SHOULDER/patient00909/study1_positive/image4.png,train/XR_SHOULDER/patient00909/study1_positive,1,abnormal,/content/MURA_abnormal_train/XR_SHOULDER/patient00909/study1_positive/image4.png,True,2730,2730,3,28.413336,0.5577172503242542,intermediate,intermediate,MURA_TT_1546
MURA-v1.1/train/XR_HUMERUS/patient02838/study1_positive/image2.png,XR_HUMERUS,patient02838,study1_positive,1,image2.png,train,/content/drive/MyDrive/MURA-v1.1/train/XR_HUMERUS/patient02838/study1_positive/image2.png,train/XR_HUMERUS/patient02838/study1_positive,1,abnormal,/content/MURA_abnormal_train/XR_HUMERUS/patient02838/study1_positive/image2.png,True,4519,4519,3,21.268215,0.0436681222707423,central,central,MURA_TT_1547
MURA-v1.1/train/XR_HAND/patient03867/study1_positive/image3.png,XR_HAND,patient03867,study1_positive,1,image3.png,train,/content/drive/MyDrive/MURA-v1.1/train/XR_HAND/patient03867/study1_positive/image3.png,train/XR_HAND/patient03867/study1_positive,1,abnormal,/content/MURA_abnormal_train/XR_HAND/patient03867/study1_positive/image3.png,True,14221,14221,1,23.290226,0.03886925795053,central,central,MURA_TT_1548
MURA-v1.1/train/XR_WRIST/patient06359/study1_positive/image1.png,XR_WRIST,patient06359,study1_positive,1,image1.png,train,/content/drive/MyDrive/MURA-v1.1/train/XR_WRIST/patient06359/study1_positive/image1.png,train/XR_WRIST/patient06359/study1_positive,1,abnormal,/content/MURA_abnormal_train/XR_WRIST/patient06359/study1_positive/image1.png,True,8741,8741,3,31.754318,0.8505747126436781,peripheral,peripheral,MURA_TT_1549
MURA-v1.1/train/XR_FINGER/patient03583/study1_positive/image3.png,XR_FINGER,patient03583,study1_positive,1,image3.png,train,/content/drive/MyDrive/MURA-v1.1/train/XR_FINGER/patient03583/study1_positive/image3.png,train/XR_FINGER/patient03583/study1_positive,1,abnormal,/content/MURA_abnormal_train/XR_FINGER/patient03583/study1_positive/image3.png,True,5981,5981,4,25.62536,0.6736292428198434,intermediate,intermediate,MURA_TT_1550
MURA-v1.1/train/XR_ELBOW/patient04997/study1_positive/image2.png,XR_ELBOW,patient04997,study1_positive,1,image2.png,train,/content/drive/MyDrive/MURA-v1.1/train/XR_ELBOW/patient04997/study1_positive/image2.png,train/XR_ELBOW/patient04997/study1_positive,1,abnormal,/content/MURA_abnormal_train/XR_ELBOW/patient04997/study1_positive/image2.png,True,7088,7088,2,27.443752,0.740484429065744,intermediate,intermediate,MURA_TT_1551
MURA-v1.1/train/XR_HAND/patient05358/study1_positive/image2.png,XR_HAND,patient05358,study1_positive,1,image2.png,train,/content/drive/MyDrive/MURA-v1.1/train/XR_HAND/patient05358/study1_positive/image2.png,train/XR_HAND/patient05358/study1_positive,1,abnormal,/content/MURA_abnormal_train/XR_HAND/patient05358/study1_positive/image2.png,True,13834,13834,5,21.098326,0.337037037037037,central,central,MURA_TT_1552
MURA-v1.1/train/XR_HAND/patient10017/study1_positive/image2.png,XR_HAND,patient10017,study1_positive,1,image2.png,train,/content/drive/MyDrive/MURA-v1.1/train/XR_HAND/patient10017/study1_positive/image2.png,train/XR_HAND/patient10017/study1_positive,1,abnormal,/content/MURA_abnormal_train/XR_HAND/patient10017/study1_positive/image2.png,True,14469,14469,2,28.292946,0.6498422712933754,intermediate,intermediate,MURA_TT_1553
MURA-v1.1/train/XR_SHOULDER/patient00091/study1_positive/image1.png,XR_SHOULDER,patient00091,study1_positive,1,image1.png,train,/content/drive/MyDrive/MURA-v1.1/train/XR_SHOULDER/patient00091/study1_positive/image1.png,train/XR_SHOULDER/patient00091/study1_positive,1,abnormal,/content/MURA_abnormal_train/XR_SHOULDER/patient00091/study1_positive/image1.png,True,265,265,2,25.204157,0.3232445520581113,central,central,MURA_TT_1554
MURA-v1.1/train/XR_FOREARM/patient09107/study1_positive/image1.png,XR_FOREARM,patient09107,study1_positive,1,image1.png,train,/content/drive/MyDrive/MURA-v1.1/train/XR_FOREARM/patient09107/study1_positive/image1.png,train/XR_FOREARM/patient09107/study1_positive,1,abnormal,/content/MURA_abnormal_train/XR_FOREARM/patient09107/study1_positive/image1.png,True,12798,12798,2,19.908188,0.1269841269841269,central,central,MURA_TT_1555
MURA-v1.1/train/XR_FOREARM/patient09277/study1_positive/image2.png,XR_FOREARM,patient09277,study1_positive,1,image2.png,train,/content/drive/MyDrive/MURA-v1.1/train/XR_FOREARM/patient09277/study1_positive/image2.png,train/XR_FOREARM/patient09277/study1_positive,1,abnormal,/content/MURA_abnormal_train/XR_FOREARM/patient09277/study1_positive/image2.png,True,13318,13318,3,28.008316,0.6991150442477876,intermediate,intermediate,MURA_TT_1556
MURA-v1.1/train/XR_SHOULDER/patient00996/study1_positive/image1.png,XR_SHOULDER,patient00996,study1_positive,1,image1.png,train,/content/drive/MyDrive/MURA-v1.1/train/XR_SHOULDER/patient00996/study1_positive/image1.png,train/XR_SHOULDER/patient00996/study1_positive,1,abnormal,/content/MURA_abnormal_train/XR_SHOULDER/patient00996/study1_positive/image1.png,True,2977,2977,5,24.886332,0.5933649289099526,intermediate,intermediate,MURA_TT_1557
MURA-v1.1/train/XR_FOREARM/patient09288/study1_positive/image1.png,XR_FOREARM,patient09288,study1_positive,1,image1.png,train,/content/drive/MyDrive/MURA-v1.1/train/XR_FOREARM/patient09288/study1_positive/image1.png,train/XR_FOREARM/patient09288/study1_positive,1,abnormal,/content/MURA_abnormal_train/XR_FOREARM/patient09288/study1_positive/image1.png,True,13352,13352,0,23.536716,0.3063063063063063,central,central,MURA_TT_1558
MURA-v1.1/train/XR_WRIST/patient03215/study1_positive/image3.png,XR_WRIST,patient03215,study1_positive,1,image3.png,train,/content/drive/MyDrive/MURA-v1.1/train/XR_WRIST/patient03215/study1_positive/image3.png,train/XR_WRIST/patient03215/study1_positive,1,abnormal,/content/MURA_abnormal_train/XR_WRIST/patient03215/study1_positive/image3.png,True,11387,11387,7,36.20505,0.8275862068965517,peripheral,peripheral,MURA_TT_1559
MURA-v1.1/train/XR_ELBOW/patient04947/study1_positive/image2.png,XR_ELBOW,patient04947,study1_positive,1,image2.png,train,/content/drive/MyDrive/MURA-v1.1/train/XR_ELBOW/patient04947/study1_positive/image2.png,train/XR_ELBOW/patient04947/study1_positive,1,abnormal,/content/MURA_abnormal_train/XR_ELBOW/patient04947/study1_positive/image2.png,True,6883,6883,0,22.458996,0.1836734693877551,central,central,MURA_TT_1560
MURA-v1.1/train/XR_ELBOW/patient05273/study1_positive/image1.png,XR_ELBOW,patient05273,study1_positive,1,image1.png,train,/content/drive/MyDrive/MURA-v1.1/train/XR_ELBOW/patient05273/study1_positive/image1.png,train/XR_ELBOW/patient05273/study1_positive,1,abnormal,/content/MURA_abnormal_train/XR_ELBOW/patient05273/study1_positive/image1.png,True,8095,8095,2,19.96214,0.0588235294117647,central,central,MURA_TT_1561
MURA-v1.1/train/XR_SHOULDER/patient01389/study1_positive/image1.png,XR_SHOULDER,patient01389,study1_positive,1,image1.png,train,/content/drive/MyDrive/MURA-v1.1/train/XR_SHOULDER/patient01389/study1_positive/image1.png,train/XR_SHOULDER/patient01389/study1_positive,1,abnormal,/content/MURA_abnormal_train/XR_SHOULDER/patient01389/study1_positive/image1.png,True,4087,4087,2,30.408638,0.8087167070217918,peripheral,peripheral,MURA_TT_1562
MURA-v1.1/train/XR_SHOULDER/patient01181/study1_positive/image3.png,XR_SHOULDER,patient01181,study1_positive,1,image3.png,train,/content/drive/MyDrive/MURA-v1.1/train/XR_SHOULDER/patient01181/study1_positive/image3.png,train/XR_SHOULDER/patient01181/study1_positive,1,abnormal,/content/MURA_abnormal_train/XR_SHOULDER/patient01181/study1_positive/image3.png,True,3504,3504,2,24.44111,0.2397094430992736,central,central,MURA_TT_1563
MURA-v1.1/train/XR_WRIST/patient07202/study1_positive/image1.png,XR_WRIST,patient07202,study1_positive,1,image1.png,train,/content/drive/MyDrive/MURA-v1.1/train/XR_WRIST/patient07202/study1_positive/image1.png,train/XR_WRIST/patient07202/study1_positive,1,abnormal,/content/MURA_abnormal_train/XR_WRIST/patient07202/study1_positive/image1.png,True,11881,11881,8,25.538889,0.6288343558282209,intermediate,intermediate,MURA_TT_1564
MURA-v1.1/train/XR_HAND/patient09991/study1_positive/image2.png,XR_HAND,patient09991,study1_positive,1,image2.png,train,/content/drive/MyDrive/MURA-v1.1/train/XR_HAND/patient09991/study1_positive/image2.png,train/XR_HAND/patient09991/study1_positive,1,abnormal,/content/MURA_abnormal_train/XR_HAND/patient09991/study1_positive/image2.png,True,14353,14353,4,25.836401,0.5254237288135594,intermediate,intermediate,MURA_TT_1565
MURA-v1.1/train/XR_HAND/patient10110/study1_positive/image1.png,XR_HAND,patient10110,study1_positive,1,image1.png,train,/content/drive/MyDrive/MURA-v1.1/train/XR_HAND/patient10110/study1_positive/image1.png,train/XR_HAND/patient10110/study1_positive,1,abnormal,/content/MURA_abnormal_train/XR_HAND/patient10110/study1_positive/image1.png,True,14775,14775,5,26.724276,0.8777777777777778,peripheral,peripheral,MURA_TT_1566
MURA-v1.1/train/XR_WRIST/patient06647/study1_positive/image1.png,XR_WRIST,patient06647,study1_positive,1,image1.png,train,/content/drive/MyDrive/MURA-v1.1/train/XR_WRIST/patient06647/study1_positive/image1.png,train/XR_WRIST/patient06647/study1_positive,1,abnormal,/content/MURA_abnormal_train/XR_WRIST/patient06647/study1_positive/image1.png,True,9747,9747,8,26.481678,0.7208588957055214,intermediate,intermediate,MURA_TT_1567
MURA-v1.1/train/XR_ELBOW/patient05265/study1_positive/image2.png,XR_ELBOW,patient05265,study1_positive,1,image2.png,train,/content/drive/MyDrive/MURA-v1.1/train/XR_ELBOW/patient05265/study1_positive/image2.png,train/XR_ELBOW/patient05265/study1_positive,1,abnormal,/content/MURA_abnormal_train/XR_ELBOW/patient05265/study1_positive/image2.png,True,8065,8065,4,28.5707,0.2526595744680851,central,central,MURA_TT_1568
MURA-v1.1/train/XR_HUMERUS/patient01768/study1_positive/image1.png,XR_HUMERUS,patient01768,study1_positive,1,image1.png,train,/content/drive/MyDrive/MURA-v1.1/train/XR_HUMERUS/patient01768/study1_positive/image1.png,train/XR_HUMERUS/patient01768/study1_positive,1,abnormal,/content/MURA_abnormal_train/XR_HUMERUS/patient01768/study1_positive/image1.png,True,4272,4272,3,25.766523,0.3973799126637554,central,central,MURA_TT_1569
MURA-v1.1/train/XR_HUMERUS/patient02739/study1_positive/image2.png,XR_HUMERUS,patient02739,study1_positive,1,image2.png,train,/content/drive/MyDrive/MURA-v1.1/train/XR_HUMERUS/patient02739/study1_positive/image2.png,train/XR_HUMERUS/patient02739/study1_positive,1,abnormal,/content/MURA_abnormal_train/XR_HUMERUS/patient02739/study1_positive/image2.png,True,4280,4280,0,25.23545,0.0437956204379562,central,central,MURA_TT_1570
MURA-v1.1/train/XR_WRIST/patient07421/study1_positive/image3.png,XR_WRIST,patient07421,study1_positive,1,image3.png,train,/content/drive/MyDrive/MURA-v1.1/train/XR_WRIST/patient07421/study1_positive/image3.png,train/XR_WRIST/patient07421/study1_positive,1,abnormal,/content/MURA_abnormal_train/XR_WRIST/patient07421/study1_positive/image3.png,True,12692,12692,8,20.708082,0.1267893660531697,central,central,MURA_TT_1571
MURA-v1.1/train/XR_WRIST/patient07251/study1_positive/image1.png,XR_WRIST,patient07251,study1_positive,1,image1.png,train,/content/drive/MyDrive/MURA-v1.1/train/XR_WRIST/patient07251/study1_positive/image1.png,train/XR_WRIST/patient07251/study1_positive,1,abnormal,/content/MURA_abnormal_train/XR_WRIST/patient07251/study1_positive/image1.png,True,12069,12069,2,23.288855,0.3246187363834422,central,central,MURA_TT_1572
MURA-v1.1/train/XR_FOREARM/patient09094/study1_positive/image2.png,XR_FOREARM,patient09094,study1_positive,1,image2.png,train,/content/drive/MyDrive/MURA-v1.1/train/XR_FOREARM/patient09094/study1_positive/image2.png,train/XR_FOREARM/patient09094/study1_positive,1,abnormal,/content/MURA_abnormal_train/XR_FOREARM/patient09094/study1_positive/image2.png,True,12759,12759,1,33.066532,0.8414634146341463,peripheral,peripheral,MURA_TT_1573
MURA-v1.1/train/XR_ELBOW/patient05450/study1_positive/image3.png,XR_ELBOW,patient05450,study1_positive,1,image3.png,train,/content/drive/MyDrive/MURA-v1.1/train/XR_ELBOW/patient05450/study1_positive/image3.png,train/XR_ELBOW/patient05450/study1_positive,1,abnormal,/content/MURA_abnormal_train/XR_ELBOW/patient05450/study1_positive/image3.png,True,8715,8715,4,28.86496,0.2925531914893617,central,central,MURA_TT_1574
MURA-v1.1/train/XR_FINGER/patient03251/study2_positive/image2.png,XR_FINGER,patient03251,study2_positive,1,image2.png,train,/content/drive/MyDrive/MURA-v1.1/train/XR_FINGER/patient03251/study2_positive/image2.png,train/XR_FINGER/patient03251/study2_positive,1,abnormal,/content/MURA_abnormal_train/XR_FINGER/patient03251/study2_positive/image2.png,True,4862,4862,0,28.734472,0.4738461538461538,central,central,MURA_TT_1575
MURA-v1.1/train/XR_FINGER/patient03597/study1_positive/image4.png,XR_FINGER,patient03597,study1_positive,1,image4.png,train,/content/drive/MyDrive/MURA-v1.1/train/XR_FINGER/patient03597/study1_positive/image4.png,train/XR_FINGER/patient03597/study1_positive,1,abnormal,/content/MURA_abnormal_train/XR_FINGER/patient03597/study1_positive/image4.png,True,6033,6033,4,28.85541,0.8590078328981723,peripheral,peripheral,MURA_TT_1576
MURA-v1.1/train/XR_WRIST/patient06623/study1_positive/image1.png,XR_WRIST,patient06623,study1_positive,1,image1.png,train,/content/drive/MyDrive/MURA-v1.1/train/XR_WRIST/patient06623/study1_positive/image1.png,train/XR_WRIST/patient06623/study1_positive,1,abnormal,/content/MURA_abnormal_train/XR_WRIST/patient06623/study1_positive/image1.png,True,9666,9666,3,24.873404,0.2567049808429119,central,central,MURA_TT_1577
MURA-v1.1/train/XR_WRIST/patient07175/study1_positive/image3.png,XR_WRIST,patient07175,study1_positive,1,image3.png,train,/content/drive/MyDrive/MURA-v1.1/train/XR_WRIST/patient07175/study1_positive/image3.png,train/XR_WRIST/patient07175/study1_positive,1,abnormal,/content/MURA_abnormal_train/XR_WRIST/patient07175/study1_positive/image3.png,True,11787,11787,3,26.180334,0.3984674329501915,central,central,MURA_TT_1578
MURA-v1.1/train/XR_WRIST/patient06995/study1_positive/image1.png,XR_WRIST,patient06995,study1_positive,1,image1.png,train,/content/drive/MyDrive/MURA-v1.1/train/XR_WRIST/patient06995/study1_positive/image1.png,train/XR_WRIST/patient06995/study1_positive,1,abnormal,/content/MURA_abnormal_train/XR_WRIST/patient06995/study1_positive/image1.png,True,11062,11062,6,33.977875,0.8216216216216217,peripheral,peripheral,MURA_TT_1579
MURA-v1.1/train/XR_WRIST/patient06538/study1_positive/image3.png,XR_WRIST,patient06538,study1_positive,1,image3.png,train,/content/drive/MyDrive/MURA-v1.1/train/XR_WRIST/patient06538/study1_positive/image3.png,train/XR_WRIST/patient06538/study1_positive,1,abnormal,/content/MURA_abnormal_train/XR_WRIST/patient06538/study1_positive/image3.png,True,9373,9373,8,28.305296,0.8537832310838446,peripheral,peripheral,MURA_TT_1580
MURA-v1.1/train/XR_FINGER/patient03432/study1_positive/image1.png,XR_FINGER,patient03432,study1_positive,1,image1.png,train,/content/drive/MyDrive/MURA-v1.1/train/XR_FINGER/patient03432/study1_positive/image1.png,train/XR_FINGER/patient03432/study1_positive,1,abnormal,/content/MURA_abnormal_train/XR_FINGER/patient03432/study1_positive/image1.png,True,5469,5469,5,22.094816,0.2448979591836734,central,central,MURA_TT_1581
MURA-v1.1/train/XR_WRIST/patient07322/study1_positive/image1.png,XR_WRIST,patient07322,study1_positive,1,image1.png,train,/content/drive/MyDrive/MURA-v1.1/train/XR_WRIST/patient07322/study1_positive/image1.png,train/XR_WRIST/patient07322/study1_positive,1,abnormal,/content/MURA_abnormal_train/XR_WRIST/patient07322/study1_positive/image1.png,True,12337,12337,8,29.971397,0.9233128834355828,peripheral,peripheral,MURA_TT_1582
MURA-v1.1/train/XR_HUMERUS/patient02770/study1_positive/image2.png,XR_HUMERUS,patient02770,study1_positive,1,image2.png,train,/content/drive/MyDrive/MURA-v1.1/train/XR_HUMERUS/patient02770/study1_positive/image2.png,train/XR_HUMERUS/patient02770/study1_positive,1,abnormal,/content/MURA_abnormal_train/XR_HUMERUS/patient02770/study1_positive/image2.png,True,4355,4355,2,22.497925,0.2488262910798122,central,central,MURA_TT_1583
MURA-v1.1/train/XR_FINGER/patient03294/study1_positive/image2.png,XR_FINGER,patient03294,study1_positive,1,image2.png,train,/content/drive/MyDrive/MURA-v1.1/train/XR_FINGER/patient03294/study1_positive/image2.png,train/XR_FINGER/patient03294/study1_positive,1,abnormal,/content/MURA_abnormal_train/XR_FINGER/patient03294/study1_positive/image2.png,True,5017,5017,4,21.521656,0.216710182767624,central,central,MURA_TT_1584
MURA-v1.1/train/XR_ELBOW/patient05019/study1_positive/image2.png,XR_ELBOW,patient05019,study1_positive,1,image2.png,train,/content/drive/MyDrive/MURA-v1.1/train/XR_ELBOW/patient05019/study1_positive/image2.png,train/XR_ELBOW/patient05019/study1_positive,1,abnormal,/content/MURA_abnormal_train/XR_ELBOW/patient05019/study1_positive/image2.png,True,7167,7167,2,24.958586,0.5121107266435986,intermediate,intermediate,MURA_TT_1585
MURA-v1.1/train/XR_SHOULDER/patient00873/study1_positive/image1.png,XR_SHOULDER,patient00873,study1_positive,1,image1.png,train,/content/drive/MyDrive/MURA-v1.1/train/XR_SHOULDER/patient00873/study1_positive/image1.png,train/XR_SHOULDER/patient00873/study1_positive,1,abnormal,/content/MURA_abnormal_train/XR_SHOULDER/patient00873/study1_positive/image1.png,True,2627,2627,1,28.085978,0.217910447761194,central,central,MURA_TT_1586
MURA-v1.1/train/XR_SHOULDER/patient00805/study1_positive/image2.png,XR_SHOULDER,patient00805,study1_positive,1,image2.png,train,/content/drive/MyDrive/MURA-v1.1/train/XR_SHOULDER/patient00805/study1_positive/image2.png,train/XR_SHOULDER/patient00805/study1_positive,1,abnormal,/content/MURA_abnormal_train/XR_SHOULDER/patient00805/study1_positive/image2.png,True,2434,2434,0,22.089634,0.3524355300859599,central,central,MURA_TT_1587
MURA-v1.1/train/XR_ELBOW/patient05332/study1_positive/image2.png,XR_ELBOW,patient05332,study1_positive,1,image2.png,train,/content/drive/MyDrive/MURA-v1.1/train/XR_ELBOW/patient05332/study1_positive/image2.png,train/XR_ELBOW/patient05332/study1_positive,1,abnormal,/content/MURA_abnormal_train/XR_ELBOW/patient05332/study1_positive/image2.png,True,8318,8318,0,24.41645,0.4013605442176871,central,central,MURA_TT_1588
MURA-v1.1/train/XR_SHOULDER/patient01371/study1_positive/image4.png,XR_SHOULDER,patient01371,study1_positive,1,image4.png,train,/content/drive/MyDrive/MURA-v1.1/train/XR_SHOULDER/patient01371/study1_positive/image4.png,train/XR_SHOULDER/patient01371/study1_positive,1,abnormal,/content/MURA_abnormal_train/XR_SHOULDER/patient01371/study1_positive/image4.png,True,4050,4050,5,23.107733,0.385781990521327,central,central,MURA_TT_1589
MURA-v1.1/train/XR_HUMERUS/patient02793/study1_positive/image2.png,XR_HUMERUS,patient02793,study1_positive,1,image2.png,train,/content/drive/MyDrive/MURA-v1.1/train/XR_HUMERUS/patient02793/study1_positive/image2.png,train/XR_HUMERUS/patient02793/study1_positive,1,abnormal,/content/MURA_abnormal_train/XR_HUMERUS/patient02793/study1_positive/image2.png,True,4409,4409,2,23.009827,0.2863849765258216,central,central,MURA_TT_1590
MURA-v1.1/train/XR_WRIST/patient03005/study1_positive/image1.png,XR_WRIST,patient03005,study1_positive,1,image1.png,train,/content/drive/MyDrive/MURA-v1.1/train/XR_WRIST/patient03005/study1_positive/image1.png,train/XR_WRIST/patient03005/study1_positive,1,abnormal,/content/MURA_abnormal_train/XR_WRIST/patient03005/study1_positive/image1.png,True,9129,9129,8,24.487541,0.5071574642126789,intermediate,intermediate,MURA_TT_1591
MURA-v1.1/train/XR_FINGER/patient03341/study1_positive/image1.png,XR_FINGER,patient03341,study1_positive,1,image1.png,train,/content/drive/MyDrive/MURA-v1.1/train/XR_FINGER/patient03341/study1_positive/image1.png,train/XR_FINGER/patient03341/study1_positive,1,abnormal,/content/MURA_abnormal_train/XR_FINGER/patient03341/study1_positive/image1.png,True,5173,5173,5,29.955862,0.924198250728863,peripheral,peripheral,MURA_TT_1592
MURA-v1.1/train/XR_SHOULDER/patient00458/study1_positive/image3.png,XR_SHOULDER,patient00458,study1_positive,1,image3.png,train,/content/drive/MyDrive/MURA-v1.1/train/XR_SHOULDER/patient00458/study1_positive/image3.png,train/XR_SHOULDER/patient00458/study1_positive,1,abnormal,/content/MURA_abnormal_train/XR_SHOULDER/patient00458/study1_positive/image3.png,True,1384,1384,5,21.290504,0.2075829383886256,central,central,MURA_TT_1593
MURA-v1.1/train/XR_FOREARM/patient09136/study1_positive/image1.png,XR_FOREARM,patient09136,study1_positive,1,image1.png,train,/content/drive/MyDrive/MURA-v1.1/train/XR_FOREARM/patient09136/study1_positive/image1.png,train/XR_FOREARM/patient09136/study1_positive,1,abnormal,/content/MURA_abnormal_train/XR_FOREARM/patient09136/study1_positive/image1.png,True,12883,12883,3,21.232489,0.0973451327433628,central,central,MURA_TT_1594
MURA-v1.1/train/XR_WRIST/patient06860/study1_positive/image2.png,XR_WRIST,patient06860,study1_positive,1,image2.png,train,/content/drive/MyDrive/MURA-v1.1/train/XR_WRIST/patient06860/study1_positive/image2.png,train/XR_WRIST/patient06860/study1_positive,1,abnormal,/content/MURA_abnormal_train/XR_WRIST/patient06860/study1_positive/image2.png,True,10573,10573,1,21.503847,0.1290322580645161,central,central,MURA_TT_1595
MURA-v1.1/train/XR_HUMERUS/patient02844/study1_positive/image1.png,XR_HUMERUS,patient02844,study1_positive,1,image1.png,train,/content/drive/MyDrive/MURA-v1.1/train/XR_HUMERUS/patient02844/study1_positive/image1.png,train/XR_HUMERUS/patient02844/study1_positive,1,abnormal,/content/MURA_abnormal_train/XR_HUMERUS/patient02844/study1_positive/image1.png,True,4531,4531,0,39.044033,0.8759124087591241,peripheral,peripheral,MURA_TT_1596
MURA-v1.1/train/XR_WRIST/patient06903/study1_positive/image3.png,XR_WRIST,patient06903,study1_positive,1,image3.png,train,/content/drive/MyDrive/MURA-v1.1/train/XR_WRIST/patient06903/study1_positive/image3.png,train/XR_WRIST/patient06903/study1_positive,1,abnormal,/content/MURA_abnormal_train/XR_WRIST/patient06903/study1_positive/image3.png,True,10732,10732,2,23.596785,0.3572984749455338,central,central,MURA_TT_1597
MURA-v1.1/train/XR_SHOULDER/patient00346/study1_positive/image1.png,XR_SHOULDER,patient00346,study1_positive,1,image1.png,train,/content/drive/MyDrive/MURA-v1.1/train/XR_SHOULDER/patient00346/study1_positive/image1.png,train/XR_SHOULDER/patient00346/study1_positive,1,abnormal,/content/MURA_abnormal_train/XR_SHOULDER/patient00346/study1_positive/image1.png,True,1065,1065,5,20.898403,0.1725118483412322,central,central,MURA_TT_1598
MURA-v1.1/train/XR_HAND/patient10049/study1_positive/image2.png,XR_HAND,patient10049,study1_positive,1,image2.png,train,/content/drive/MyDrive/MURA-v1.1/train/XR_HAND/patient10049/study1_positive/image2.png,train/XR_HAND/patient10049/study1_positive,1,abnormal,/content/MURA_abnormal_train/XR_HAND/patient10049/study1_positive/image2.png,True,14560,14560,5,18.948458,0.0962962962962963,central,central,MURA_TT_1599
MURA-v1.1/train/XR_WRIST/patient00233/study1_positive/image1.png,XR_WRIST,patient00233,study1_positive,1,image1.png,train,/content/drive/MyDrive/MURA-v1.1/train/XR_WRIST/patient00233/study1_positive/image1.png,train/XR_WRIST/patient00233/study1_positive,1,abnormal,/content/MURA_abnormal_train/XR_WRIST/patient00233/study1_positive/image1.png,True,11396,11396,6,36.45564,0.8918918918918919,peripheral,peripheral,MURA_TT_1600
MURA-v1.1/train/XR_FINGER/patient03305/study1_positive/image4.png,XR_FINGER,patient03305,study1_positive,1,image4.png,train,/content/drive/MyDrive/MURA-v1.1/train/XR_FINGER/patient03305/study1_positive/image4.png,train/XR_FINGER/patient03305/study1_positive,1,abnormal,/content/MURA_abnormal_train/XR_FINGER/patient03305/study1_positive/image4.png,True,5054,5054,0,27.640856,0.3630769230769231,central,central,MURA_TT_1601
MURA-v1.1/train/XR_HAND/patient10061/study1_positive/image3.png,XR_HAND,patient10061,study1_positive,1,image3.png,train,/content/drive/MyDrive/MURA-v1.1/train/XR_HAND/patient10061/study1_positive/image3.png,train/XR_HAND/patient10061/study1_positive,1,abnormal,/content/MURA_abnormal_train/XR_HAND/patient10061/study1_positive/image3.png,True,14606,14606,1,25.673426,0.2190812720848056,central,central,MURA_TT_1602
MURA-v1.1/train/XR_WRIST/patient01440/study1_positive/image2.png,XR_WRIST,patient01440,study1_positive,1,image2.png,train,/content/drive/MyDrive/MURA-v1.1/train/XR_WRIST/patient01440/study1_positive/image2.png,train/XR_WRIST/patient01440/study1_positive,1,abnormal,/content/MURA_abnormal_train/XR_WRIST/patient01440/study1_positive/image2.png,True,9767,9767,1,22.581223,0.2296015180265654,central,central,MURA_TT_1603
MURA-v1.1/train/XR_ELBOW/patient01057/study1_positive/image3.png,XR_ELBOW,patient01057,study1_positive,1,image3.png,train,/content/drive/MyDrive/MURA-v1.1/train/XR_ELBOW/patient01057/study1_positive/image3.png,train/XR_ELBOW/patient01057/study1_positive,1,abnormal,/content/MURA_abnormal_train/XR_ELBOW/patient01057/study1_positive/image3.png,True,7846,7846,4,36.006565,0.8776595744680851,peripheral,peripheral,MURA_TT_1604
MURA-v1.1/train/XR_ELBOW/patient01979/study1_positive/image2.png,XR_ELBOW,patient01979,study1_positive,1,image2.png,train,/content/drive/MyDrive/MURA-v1.1/train/XR_ELBOW/patient01979/study1_positive/image2.png,train/XR_ELBOW/patient01979/study1_positive,1,abnormal,/content/MURA_abnormal_train/XR_ELBOW/patient01979/study1_positive/image2.png,True,7646,7646,0,24.269976,0.3832199546485261,central,central,MURA_TT_1605
MURA-v1.1/train/XR_WRIST/patient07279/study1_positive/image2.png,XR_WRIST,patient07279,study1_positive,1,image2.png,train,/content/drive/MyDrive/MURA-v1.1/train/XR_WRIST/patient07279/study1_positive/image2.png,train/XR_WRIST/patient07279/study1_positive,1,abnormal,/content/MURA_abnormal_train/XR_WRIST/patient07279/study1_positive/image2.png,True,12182,12182,4,22.600697,0.0864553314121037,central,central,MURA_TT_1606
MURA-v1.1/train/XR_FINGER/patient03790/study1_positive/image3.png,XR_FINGER,patient03790,study1_positive,1,image3.png,train,/content/drive/MyDrive/MURA-v1.1/train/XR_FINGER/patient03790/study1_positive/image3.png,train/XR_FINGER/patient03790/study1_positive,1,abnormal,/content/MURA_abnormal_train/XR_FINGER/patient03790/study1_positive/image3.png,True,6681,6681,3,26.110079,0.6148409893992933,intermediate,intermediate,MURA_TT_1607
MURA-v1.1/train/XR_WRIST/patient06400/study1_positive/image3.png,XR_WRIST,patient06400,study1_positive,1,image3.png,train,/content/drive/MyDrive/MURA-v1.1/train/XR_WRIST/patient06400/study1_positive/image3.png,train/XR_WRIST/patient06400/study1_positive,1,abnormal,/content/MURA_abnormal_train/XR_WRIST/patient06400/study1_positive/image3.png,True,8907,8907,8,21.901478,0.2290388548057259,central,central,MURA_TT_1608
MURA-v1.1/train/XR_SHOULDER/patient00622/study1_positive/image3.png,XR_SHOULDER,patient00622,study1_positive,1,image3.png,train,/content/drive/MyDrive/MURA-v1.1/train/XR_SHOULDER/patient00622/study1_positive/image3.png,train/XR_SHOULDER/patient00622/study1_positive,1,abnormal,/content/MURA_abnormal_train/XR_SHOULDER/patient00622/study1_positive/image3.png,True,1880,1880,3,24.064959,0.1413748378728923,central,central,MURA_TT_1609
MURA-v1.1/train/XR_ELBOW/patient05049/study1_positive/image1.png,XR_ELBOW,patient05049,study1_positive,1,image1.png,train,/content/drive/MyDrive/MURA-v1.1/train/XR_ELBOW/patient05049/study1_positive/image1.png,train/XR_ELBOW/patient05049/study1_positive,1,abnormal,/content/MURA_abnormal_train/XR_ELBOW/patient05049/study1_positive/image1.png,True,7276,7276,4,36.263363,0.8909574468085106,peripheral,peripheral,MURA_TT_1610
MURA-v1.1/train/XR_ELBOW/patient04952/study1_positive/image1.png,XR_ELBOW,patient04952,study1_positive,1,image1.png,train,/content/drive/MyDrive/MURA-v1.1/train/XR_ELBOW/patient04952/study1_positive/image1.png,train/XR_ELBOW/patient04952/study1_positive,1,abnormal,/content/MURA_abnormal_train/XR_ELBOW/patient04952/study1_positive/image1.png,True,6914,6914,0,25.375887,0.5124716553287982,intermediate,intermediate,MURA_TT_1611
MURA-v1.1/train/XR_HAND/patient09767/study1_positive/image1.png,XR_HAND,patient09767,study1_positive,1,image1.png,train,/content/drive/MyDrive/MURA-v1.1/train/XR_HAND/patient09767/study1_positive/image1.png,train/XR_HAND/patient09767/study1_positive,1,abnormal,/content/MURA_abnormal_train/XR_HAND/patient09767/study1_positive/image1.png,True,13512,13512,0,20.971373,0.2105263157894736,central,central,MURA_TT_1612
MURA-v1.1/train/XR_HUMERUS/patient02780/study1_positive/image1.png,XR_HUMERUS,patient02780,study1_positive,1,image1.png,train,/content/drive/MyDrive/MURA-v1.1/train/XR_HUMERUS/patient02780/study1_positive/image1.png,train/XR_HUMERUS/patient02780/study1_positive,1,abnormal,/content/MURA_abnormal_train/XR_HUMERUS/patient02780/study1_positive/image1.png,True,4381,4381,2,20.945183,0.1173708920187793,central,central,MURA_TT_1613
MURA-v1.1/train/XR_SHOULDER/patient00349/study1_positive/image2.png,XR_SHOULDER,patient00349,study1_positive,1,image2.png,train,/content/drive/MyDrive/MURA-v1.1/train/XR_SHOULDER/patient00349/study1_positive/image2.png,train/XR_SHOULDER/patient00349/study1_positive,1,abnormal,/content/MURA_abnormal_train/XR_SHOULDER/patient00349/study1_positive/image2.png,True,1079,1079,3,25.595219,0.2723735408560311,central,central,MURA_TT_1614
MURA-v1.1/train/XR_FINGER/patient03359/study1_positive/image3.png,XR_FINGER,patient03359,study1_positive,1,image3.png,train,/content/drive/MyDrive/MURA-v1.1/train/XR_FINGER/patient03359/study1_positive/image3.png,train/XR_FINGER/patient03359/study1_positive,1,abnormal,/content/MURA_abnormal_train/XR_FINGER/patient03359/study1_positive/image3.png,True,5233,5233,4,17.799227,0.0234986945169712,central,central,MURA_TT_1615
MURA-v1.1/train/XR_WRIST/patient06365/study1_positive/image2.png,XR_WRIST,patient06365,study1_positive,1,image2.png,train,/content/drive/MyDrive/MURA-v1.1/train/XR_WRIST/patient06365/study1_positive/image2.png,train/XR_WRIST/patient06365/study1_positive,1,abnormal,/content/MURA_abnormal_train/XR_WRIST/patient06365/study1_positive/image2.png,True,8767,8767,2,30.242008,0.8474945533769063,peripheral,peripheral,MURA_TT_1616
MURA-v1.1/train/XR_WRIST/patient06778/study2_positive/image2.png,XR_WRIST,patient06778,study2_positive,1,image2.png,train,/content/drive/MyDrive/MURA-v1.1/train/XR_WRIST/patient06778/study2_positive/image2.png,train/XR_WRIST/patient06778/study2_positive,1,abnormal,/content/MURA_abnormal_train/XR_WRIST/patient06778/study2_positive/image2.png,True,10271,10271,8,26.615633,0.7310838445807771,intermediate,intermediate,MURA_TT_1617
MURA-v1.1/train/XR_FOREARM/patient01077/study1_positive/image2.png,XR_FOREARM,patient01077,study1_positive,1,image2.png,train,/content/drive/MyDrive/MURA-v1.1/train/XR_FOREARM/patient01077/study1_positive/image2.png,train/XR_FOREARM/patient01077/study1_positive,1,abnormal,/content/MURA_abnormal_train/XR_FOREARM/patient01077/study1_positive/image2.png,True,13341,13341,3,25.615822,0.5088495575221239,intermediate,intermediate,MURA_TT_1618
MURA-v1.1/train/XR_WRIST/patient04645/study1_positive/image3.png,XR_WRIST,patient04645,study1_positive,1,image3.png,train,/content/drive/MyDrive/MURA-v1.1/train/XR_WRIST/patient04645/study1_positive/image3.png,train/XR_WRIST/patient04645/study1_positive,1,abnormal,/content/MURA_abnormal_train/XR_WRIST/patient04645/study1_positive/image3.png,True,10298,10298,5,27.75555,0.824793388429752,peripheral,peripheral,MURA_TT_1619
MURA-v1.1/train/XR_FOREARM/patient09098/study1_positive/image2.png,XR_FOREARM,patient09098,study1_positive,1,image2.png,train,/content/drive/MyDrive/MURA-v1.1/train/XR_FOREARM/patient09098/study1_positive/image2.png,train/XR_FOREARM/patient09098/study1_positive,1,abnormal,/content/MURA_abnormal_train/XR_FOREARM/patient09098/study1_positive/image2.png,True,12773,12773,2,28.250868,0.8174603174603174,peripheral,peripheral,MURA_TT_1620
MURA-v1.1/train/XR_WRIST/patient02378/study1_positive/image1.png,XR_WRIST,patient02378,study1_positive,1,image1.png,train,/content/drive/MyDrive/MURA-v1.1/train/XR_WRIST/patient02378/study1_positive/image1.png,train/XR_WRIST/patient02378/study1_positive,1,abnormal,/content/MURA_abnormal_train/XR_WRIST/patient02378/study1_positive/image1.png,True,10469,10469,3,21.504505,0.0153256704980842,central,central,MURA_TT_1621
MURA-v1.1/train/XR_SHOULDER/patient01336/study1_positive/image2.png,XR_SHOULDER,patient01336,study1_positive,1,image2.png,train,/content/drive/MyDrive/MURA-v1.1/train/XR_SHOULDER/patient01336/study1_positive/image2.png,train/XR_SHOULDER/patient01336/study1_positive,1,abnormal,/content/MURA_abnormal_train/XR_SHOULDER/patient01336/study1_positive/image2.png,True,3939,3939,0,23.77785,0.5085959885386819,intermediate,intermediate,MURA_TT_1622
MURA-v1.1/train/XR_HUMERUS/patient02868/study1_positive/image1.png,XR_HUMERUS,patient02868,study1_positive,1,image1.png,train,/content/drive/MyDrive/MURA-v1.1/train/XR_HUMERUS/patient02868/study1_positive/image1.png,train/XR_HUMERUS/patient02868/study1_positive,1,abnormal,/content/MURA_abnormal_train/XR_HUMERUS/patient02868/study1_positive/image1.png,True,4591,4591,3,32.003075,0.8384279475982532,peripheral,peripheral,MURA_TT_1623
MURA-v1.1/train/XR_SHOULDER/patient01070/study1_positive/image1.png,XR_SHOULDER,patient01070,study1_positive,1,image1.png,train,/content/drive/MyDrive/MURA-v1.1/train/XR_SHOULDER/patient01070/study1_positive/image1.png,train/XR_SHOULDER/patient01070/study1_positive,1,abnormal,/content/MURA_abnormal_train/XR_SHOULDER/patient01070/study1_positive/image1.png,True,3185,3185,3,30.023048,0.7042801556420234,intermediate,intermediate,MURA_TT_1624
MURA-v1.1/train/XR_SHOULDER/patient00347/study1_positive/image3.png,XR_SHOULDER,patient00347,study1_positive,1,image3.png,train,/content/drive/MyDrive/MURA-v1.1/train/XR_SHOULDER/patient00347/study1_positive/image3.png,train/XR_SHOULDER/patient00347/study1_positive,1,abnormal,/content/MURA_abnormal_train/XR_SHOULDER/patient00347/study1_positive/image3.png,True,1071,1071,5,21.96767,0.2654028436018957,central,central,MURA_TT_1625
MURA-v1.1/train/XR_WRIST/patient06406/study1_positive/image3.png,XR_WRIST,patient06406,study1_positive,1,image3.png,train,/content/drive/MyDrive/MURA-v1.1/train/XR_WRIST/patient06406/study1_positive/image3.png,train/XR_WRIST/patient06406/study1_positive,1,abnormal,/content/MURA_abnormal_train/XR_WRIST/patient06406/study1_positive/image3.png,True,8925,8925,2,22.446241,0.2287581699346405,central,central,MURA_TT_1626
MURA-v1.1/train/XR_SHOULDER/patient00383/study1_positive/image4.png,XR_SHOULDER,patient00383,study1_positive,1,image4.png,train,/content/drive/MyDrive/MURA-v1.1/train/XR_SHOULDER/patient00383/study1_positive/image4.png,train/XR_SHOULDER/patient00383/study1_positive,1,abnormal,/content/MURA_abnormal_train/XR_SHOULDER/patient00383/study1_positive/image4.png,True,1176,1176,2,23.47767,0.1525423728813559,central,central,MURA_TT_1627
MURA-v1.1/train/XR_WRIST/patient06512/study1_positive/image2.png,XR_WRIST,patient06512,study1_positive,1,image2.png,train,/content/drive/MyDrive/MURA-v1.1/train/XR_WRIST/patient06512/study1_positive/image2.png,train/XR_WRIST/patient06512/study1_positive,1,abnormal,/content/MURA_abnormal_train/XR_WRIST/patient06512/study1_positive/image2.png,True,9285,9285,5,19.68885,0.0743801652892562,central,central,MURA_TT_1628
MURA-v1.1/train/XR_HAND/patient10059/study1_positive/image2.png,XR_HAND,patient10059,study1_positive,1,image2.png,train,/content/drive/MyDrive/MURA-v1.1/train/XR_HAND/patient10059/study1_positive/image2.png,train/XR_HAND/patient10059/study1_positive,1,abnormal,/content/MURA_abnormal_train/XR_HAND/patient10059/study1_positive/image2.png,True,14598,14598,1,23.656406,0.0636042402826855,central,central,MURA_TT_1629
MURA-v1.1/train/XR_WRIST/patient07419/study1_positive/image4.png,XR_WRIST,patient07419,study1_positive,1,image4.png,train,/content/drive/MyDrive/MURA-v1.1/train/XR_WRIST/patient07419/study1_positive/image4.png,train/XR_WRIST/patient07419/study1_positive,1,abnormal,/content/MURA_abnormal_train/XR_WRIST/patient07419/study1_positive/image4.png,True,12682,12682,1,21.901817,0.1631878557874762,central,central,MURA_TT_1630
MURA-v1.1/train/XR_ELBOW/patient05262/study1_positive/image2.png,XR_ELBOW,patient05262,study1_positive,1,image2.png,train,/content/drive/MyDrive/MURA-v1.1/train/XR_ELBOW/patient05262/study1_positive/image2.png,train/XR_ELBOW/patient05262/study1_positive,1,abnormal,/content/MURA_abnormal_train/XR_ELBOW/patient05262/study1_positive/image2.png,True,8053,8053,2,31.860996,0.916955017301038,peripheral,peripheral,MURA_TT_1631
MURA-v1.1/train/XR_HAND/patient09782/study1_positive/image3.png,XR_HAND,patient09782,study1_positive,1,image3.png,train,/content/drive/MyDrive/MURA-v1.1/train/XR_HAND/patient09782/study1_positive/image3.png,train/XR_HAND/patient09782/study1_positive,1,abnormal,/content/MURA_abnormal_train/XR_HAND/patient09782/study1_positive/image3.png,True,13566,13566,5,21.097528,0.3333333333333333,central,central,MURA_TT_1632
MURA-v1.1/train/XR_SHOULDER/patient00999/study1_positive/image2.png,XR_SHOULDER,patient00999,study1_positive,1,image2.png,train,/content/drive/MyDrive/MURA-v1.1/train/XR_SHOULDER/patient00999/study1_positive/image2.png,train/XR_SHOULDER/patient00999/study1_positive,1,abnormal,/content/MURA_abnormal_train/XR_SHOULDER/patient00999/study1_positive/image2.png,True,2987,2987,0,19.116625,0.0816618911174785,central,central,MURA_TT_1633
MURA-v1.1/train/XR_HAND/patient10013/study1_positive/image2.png,XR_HAND,patient10013,study1_positive,1,image2.png,train,/content/drive/MyDrive/MURA-v1.1/train/XR_HAND/patient10013/study1_positive/image2.png,train/XR_HAND/patient10013/study1_positive,1,abnormal,/content/MURA_abnormal_train/XR_HAND/patient10013/study1_positive/image2.png,True,14448,14448,1,36.986168,0.8869257950530035,peripheral,peripheral,MURA_TT_1634
MURA-v1.1/train/XR_WRIST/patient06096/study1_positive/image4.png,XR_WRIST,patient06096,study1_positive,1,image4.png,train,/content/drive/MyDrive/MURA-v1.1/train/XR_WRIST/patient06096/study1_positive/image4.png,train/XR_WRIST/patient06096/study1_positive,1,abnormal,/content/MURA_abnormal_train/XR_WRIST/patient06096/study1_positive/image4.png,True,11366,11366,2,26.289871,0.6122004357298475,intermediate,intermediate,MURA_TT_1635
MURA-v1.1/train/XR_HAND/patient08483/study1_positive/image2.png,XR_HAND,patient08483,study1_positive,1,image2.png,train,/content/drive/MyDrive/MURA-v1.1/train/XR_HAND/patient08483/study1_positive/image2.png,train/XR_HAND/patient08483/study1_positive,1,abnormal,/content/MURA_abnormal_train/XR_HAND/patient08483/study1_positive/image2.png,True,14800,14800,3,29.973238,0.4175824175824176,central,central,MURA_TT_1636
MURA-v1.1/train/XR_HAND/patient09560/study1_positive/image1.png,XR_HAND,patient09560,study1_positive,1,image1.png,train,/content/drive/MyDrive/MURA-v1.1/train/XR_HAND/patient09560/study1_positive/image1.png,train/XR_HAND/patient09560/study1_positive,1,abnormal,/content/MURA_abnormal_train/XR_HAND/patient09560/study1_positive/image1.png,True,13865,13865,4,20.712301,0.0271186440677966,central,central,MURA_TT_1637
MURA-v1.1/train/XR_ELBOW/patient05093/study1_positive/image1.png,XR_ELBOW,patient05093,study1_positive,1,image1.png,train,/content/drive/MyDrive/MURA-v1.1/train/XR_ELBOW/patient05093/study1_positive/image1.png,train/XR_ELBOW/patient05093/study1_positive,1,abnormal,/content/MURA_abnormal_train/XR_ELBOW/patient05093/study1_positive/image1.png,True,7412,7412,2,25.89741,0.6124567474048442,intermediate,intermediate,MURA_TT_1638
MURA-v1.1/train/XR_WRIST/patient06559/study1_positive/image3.png,XR_WRIST,patient06559,study1_positive,1,image3.png,train,/content/drive/MyDrive/MURA-v1.1/train/XR_WRIST/patient06559/study1_positive/image3.png,train/XR_WRIST/patient06559/study1_positive,1,abnormal,/content/MURA_abnormal_train/XR_WRIST/patient06559/study1_positive/image3.png,True,9444,9444,6,27.448942,0.2702702702702703,central,central,MURA_TT_1639
MURA-v1.1/train/XR_WRIST/patient05870/study1_positive/image2.png,XR_WRIST,patient05870,study1_positive,1,image2.png,train,/content/drive/MyDrive/MURA-v1.1/train/XR_WRIST/patient05870/study1_positive/image2.png,train/XR_WRIST/patient05870/study1_positive,1,abnormal,/content/MURA_abnormal_train/XR_WRIST/patient05870/study1_positive/image2.png,True,10815,10815,4,30.200754,0.7175792507204611,intermediate,intermediate,MURA_TT_1640
MURA-v1.1/train/XR_FINGER/patient03687/study1_positive/image1.png,XR_FINGER,patient03687,study1_positive,1,image1.png,train,/content/drive/MyDrive/MURA-v1.1/train/XR_FINGER/patient03687/study1_positive/image1.png,train/XR_FINGER/patient03687/study1_positive,1,abnormal,/content/MURA_abnormal_train/XR_FINGER/patient03687/study1_positive/image1.png,True,6330,6330,5,21.361746,0.1603498542274052,central,central,MURA_TT_1641
MURA-v1.1/train/XR_HUMERUS/patient02185/study1_positive/image2.png,XR_HUMERUS,patient02185,study1_positive,1,image2.png,train,/content/drive/MyDrive/MURA-v1.1/train/XR_HUMERUS/patient02185/study1_positive/image2.png,train/XR_HUMERUS/patient02185/study1_positive,1,abnormal,/content/MURA_abnormal_train/XR_HUMERUS/patient02185/study1_positive/image2.png,True,4191,4191,3,25.86927,0.4235807860262008,central,central,MURA_TT_1642
MURA-v1.1/train/XR_SHOULDER/patient00173/study1_positive/image1.png,XR_SHOULDER,patient00173,study1_positive,1,image1.png,train,/content/drive/MyDrive/MURA-v1.1/train/XR_SHOULDER/patient00173/study1_positive/image1.png,train/XR_SHOULDER/patient00173/study1_positive,1,abnormal,/content/MURA_abnormal_train/XR_SHOULDER/patient00173/study1_positive/image1.png,True,521,521,1,28.868404,0.2805970149253731,central,central,MURA_TT_1643
MURA-v1.1/train/XR_WRIST/patient06652/study1_positive/image3.png,XR_WRIST,patient06652,study1_positive,1,image3.png,train,/content/drive/MyDrive/MURA-v1.1/train/XR_WRIST/patient06652/study1_positive/image3.png,train/XR_WRIST/patient06652/study1_positive,1,abnormal,/content/MURA_abnormal_train/XR_WRIST/patient06652/study1_positive/image3.png,True,9771,9771,2,25.970608,0.5751633986928104,intermediate,intermediate,MURA_TT_1644
MURA-v1.1/train/XR_ELBOW/patient01839/study1_positive/image2.png,XR_ELBOW,patient01839,study1_positive,1,image2.png,train,/content/drive/MyDrive/MURA-v1.1/train/XR_ELBOW/patient01839/study1_positive/image2.png,train/XR_ELBOW/patient01839/study1_positive,1,abnormal,/content/MURA_abnormal_train/XR_ELBOW/patient01839/study1_positive/image2.png,True,6921,6921,1,23.14025,0.5797665369649806,intermediate,intermediate,MURA_TT_1645
MURA-v1.1/train/XR_SHOULDER/patient01168/study1_positive/image2.png,XR_SHOULDER,patient01168,study1_positive,1,image2.png,train,/content/drive/MyDrive/MURA-v1.1/train/XR_SHOULDER/patient01168/study1_positive/image2.png,train/XR_SHOULDER/patient01168/study1_positive,1,abnormal,/content/MURA_abnormal_train/XR_SHOULDER/patient01168/study1_positive/image2.png,True,3466,3466,4,28.464434,0.3271221532091097,central,central,MURA_TT_1646
MURA-v1.1/train/XR_SHOULDER/patient00654/study1_positive/image2.png,XR_SHOULDER,patient00654,study1_positive,1,image2.png,train,/content/drive/MyDrive/MURA-v1.1/train/XR_SHOULDER/patient00654/study1_positive/image2.png,train/XR_SHOULDER/patient00654/study1_positive,1,abnormal,/content/MURA_abnormal_train/XR_SHOULDER/patient00654/study1_positive/image2.png,True,1976,1976,4,29.551538,0.4472049689440994,central,central,MURA_TT_1647
MURA-v1.1/train/XR_FOREARM/patient09125/study1_positive/image2.png,XR_FOREARM,patient09125,study1_positive,1,image2.png,train,/content/drive/MyDrive/MURA-v1.1/train/XR_FOREARM/patient09125/study1_positive/image2.png,train/XR_FOREARM/patient09125/study1_positive,1,abnormal,/content/MURA_abnormal_train/XR_FOREARM/patient09125/study1_positive/image2.png,True,12846,12846,1,24.887932,0.1585365853658536,central,central,MURA_TT_1648
MURA-v1.1/train/XR_WRIST/patient07299/study1_positive/image3.png,XR_WRIST,patient07299,study1_positive,1,image3.png,train,/content/drive/MyDrive/MURA-v1.1/train/XR_WRIST/patient07299/study1_positive/image3.png,train/XR_WRIST/patient07299/study1_positive,1,abnormal,/content/MURA_abnormal_train/XR_WRIST/patient07299/study1_positive/image3.png,True,12259,12259,4,25.936924,0.3832853025936599,central,central,MURA_TT_1649
MURA-v1.1/train/XR_HUMERUS/patient02419/study1_positive/image3.png,XR_HUMERUS,patient02419,study1_positive,1,image3.png,train,/content/drive/MyDrive/MURA-v1.1/train/XR_HUMERUS/patient02419/study1_positive/image3.png,train/XR_HUMERUS/patient02419/study1_positive,1,abnormal,/content/MURA_abnormal_train/XR_HUMERUS/patient02419/study1_positive/image3.png,True,4227,4227,3,27.00285,0.5414847161572053,intermediate,intermediate,MURA_TT_1650
MURA-v1.1/train/XR_ELBOW/patient05017/study1_positive/image1.png,XR_ELBOW,patient05017,study1_positive,1,image1.png,train,/content/drive/MyDrive/MURA-v1.1/train/XR_ELBOW/patient05017/study1_positive/image1.png,train/XR_ELBOW/patient05017/study1_positive,1,abnormal,/content/MURA_abnormal_train/XR_ELBOW/patient05017/study1_positive/image1.png,True,7158,7158,0,30.167448,0.8594104308390023,peripheral,peripheral,MURA_TT_1651
MURA-v1.1/train/XR_ELBOW/patient04904/study1_positive/image1.png,XR_ELBOW,patient04904,study1_positive,1,image1.png,train,/content/drive/MyDrive/MURA-v1.1/train/XR_ELBOW/patient04904/study1_positive/image1.png,train/XR_ELBOW/patient04904/study1_positive,1,abnormal,/content/MURA_abnormal_train/XR_ELBOW/patient04904/study1_positive/image1.png,True,6736,6736,2,25.597742,0.5640138408304498,intermediate,intermediate,MURA_TT_1652
MURA-v1.1/train/XR_FINGER/patient03747/study1_positive/image3.png,XR_FINGER,patient03747,study1_positive,1,image3.png,train,/content/drive/MyDrive/MURA-v1.1/train/XR_FINGER/patient03747/study1_positive/image3.png,train/XR_FINGER/patient03747/study1_positive,1,abnormal,/content/MURA_abnormal_train/XR_FINGER/patient03747/study1_positive/image3.png,True,6533,6533,2,30.360985,0.807799442896936,peripheral,peripheral,MURA_TT_1653
MURA-v1.1/train/XR_WRIST/patient07208/study1_positive/image1.png,XR_WRIST,patient07208,study1_positive,1,image1.png,train,/content/drive/MyDrive/MURA-v1.1/train/XR_WRIST/patient07208/study1_positive/image1.png,train/XR_WRIST/patient07208/study1_positive,1,abnormal,/content/MURA_abnormal_train/XR_WRIST/patient07208/study1_positive/image1.png,True,11905,11905,8,24.071491,0.467280163599182,central,central,MURA_TT_1654
MURA-v1.1/train/XR_ELBOW/patient05356/study1_positive/image1.png,XR_ELBOW,patient05356,study1_positive,1,image1.png,train,/content/drive/MyDrive/MURA-v1.1/train/XR_ELBOW/patient05356/study1_positive/image1.png,train/XR_ELBOW/patient05356/study1_positive,1,abnormal,/content/MURA_abnormal_train/XR_ELBOW/patient05356/study1_positive/image1.png,True,8392,8392,4,29.304443,0.3537234042553192,central,central,MURA_TT_1655
MURA-v1.1/train/XR_WRIST/patient06530/study1_positive/image1.png,XR_WRIST,patient06530,study1_positive,1,image1.png,train,/content/drive/MyDrive/MURA-v1.1/train/XR_WRIST/patient06530/study1_positive/image1.png,train/XR_WRIST/patient06530/study1_positive,1,abnormal,/content/MURA_abnormal_train/XR_WRIST/patient06530/study1_positive/image1.png,True,9345,9345,7,30.221653,0.4137931034482758,central,central,MURA_TT_1656
MURA-v1.1/train/XR_HUMERUS/patient02861/study1_positive/image2.png,XR_HUMERUS,patient02861,study1_positive,1,image2.png,train,/content/drive/MyDrive/MURA-v1.1/train/XR_HUMERUS/patient02861/study1_positive/image2.png,train/XR_HUMERUS/patient02861/study1_positive,1,abnormal,/content/MURA_abnormal_train/XR_HUMERUS/patient02861/study1_positive/image2.png,True,4576,4576,3,25.510832,0.3755458515283842,central,central,MURA_TT_1657
MURA-v1.1/train/XR_WRIST/patient06339/study1_positive/image3.png,XR_WRIST,patient06339,study1_positive,1,image3.png,train,/content/drive/MyDrive/MURA-v1.1/train/XR_WRIST/patient06339/study1_positive/image3.png,train/XR_WRIST/patient06339/study1_positive,1,abnormal,/content/MURA_abnormal_train/XR_WRIST/patient06339/study1_positive/image3.png,True,11965,11965,7,28.183779,0.2413793103448276,central,central,MURA_TT_1658
MURA-v1.1/train/XR_ELBOW/patient05094/study1_positive/image3.png,XR_ELBOW,patient05094,study1_positive,1,image3.png,train,/content/drive/MyDrive/MURA-v1.1/train/XR_ELBOW/patient05094/study1_positive/image3.png,train/XR_ELBOW/patient05094/study1_positive,1,abnormal,/content/MURA_abnormal_train/XR_ELBOW/patient05094/study1_positive/image3.png,True,7421,7421,0,23.589302,0.3174603174603174,central,central,MURA_TT_1659
MURA-v1.1/train/XR_HUMERUS/patient02847/study1_positive/image1.png,XR_HUMERUS,patient02847,study1_positive,1,image1.png,train,/content/drive/MyDrive/MURA-v1.1/train/XR_HUMERUS/patient02847/study1_positive/image1.png,train/XR_HUMERUS/patient02847/study1_positive,1,abnormal,/content/MURA_abnormal_train/XR_HUMERUS/patient02847/study1_positive/image1.png,True,4538,4538,0,33.04084,0.6715328467153284,intermediate,intermediate,MURA_TT_1660
MURA-v1.1/train/XR_WRIST/patient06395/study1_positive/image4.png,XR_WRIST,patient06395,study1_positive,1,image4.png,train,/content/drive/MyDrive/MURA-v1.1/train/XR_WRIST/patient06395/study1_positive/image4.png,train/XR_WRIST/patient06395/study1_positive,1,abnormal,/content/MURA_abnormal_train/XR_WRIST/patient06395/study1_positive/image4.png,True,8887,8887,7,35.7362,0.8068965517241379,peripheral,peripheral,MURA_TT_1661
MURA-v1.1/train/XR_HUMERUS/patient02339/study1_positive/image2.png,XR_HUMERUS,patient02339,study1_positive,1,image2.png,train,/content/drive/MyDrive/MURA-v1.1/train/XR_HUMERUS/patient02339/study1_positive/image2.png,train/XR_HUMERUS/patient02339/study1_positive,1,abnormal,/content/MURA_abnormal_train/XR_HUMERUS/patient02339/study1_positive/image2.png,True,4376,4376,2,19.907478,0.0516431924882629,central,central,MURA_TT_1662
MURA-v1.1/train/XR_FINGER/patient03009/study1_positive/image1.png,XR_FINGER,patient03009,study1_positive,1,image1.png,train,/content/drive/MyDrive/MURA-v1.1/train/XR_FINGER/patient03009/study1_positive/image1.png,train/XR_FINGER/patient03009/study1_positive,1,abnormal,/content/MURA_abnormal_train/XR_FINGER/patient03009/study1_positive/image1.png,True,6186,6186,3,29.636217,0.8162544169611308,peripheral,peripheral,MURA_TT_1663
MURA-v1.1/train/XR_ELBOW/patient04950/study1_positive/image2.png,XR_ELBOW,patient04950,study1_positive,1,image2.png,train,/content/drive/MyDrive/MURA-v1.1/train/XR_ELBOW/patient04950/study1_positive/image2.png,train/XR_ELBOW/patient04950/study1_positive,1,abnormal,/content/MURA_abnormal_train/XR_ELBOW/patient04950/study1_positive/image2.png,True,6900,6900,5,27.085016,0.4252199413489736,central,central,MURA_TT_1664
MURA-v1.1/train/XR_SHOULDER/patient01003/study1_positive/image3.png,XR_SHOULDER,patient01003,study1_positive,1,image3.png,train,/content/drive/MyDrive/MURA-v1.1/train/XR_SHOULDER/patient01003/study1_positive/image3.png,train/XR_SHOULDER/patient01003/study1_positive,1,abnormal,/content/MURA_abnormal_train/XR_SHOULDER/patient01003/study1_positive/image3.png,True,3001,3001,2,29.49205,0.7312348668280871,intermediate,intermediate,MURA_TT_1665
MURA-v1.1/train/XR_HAND/patient09776/study1_positive/image2.png,XR_HAND,patient09776,study1_positive,1,image2.png,train,/content/drive/MyDrive/MURA-v1.1/train/XR_HAND/patient09776/study1_positive/image2.png,train/XR_HAND/patient09776/study1_positive,1,abnormal,/content/MURA_abnormal_train/XR_HAND/patient09776/study1_positive/image2.png,True,13547,13547,4,24.222298,0.3050847457627119,central,central,MURA_TT_1666
MURA-v1.1/train/XR_WRIST/patient07064/study1_positive/image1.png,XR_WRIST,patient07064,study1_positive,1,image1.png,train,/content/drive/MyDrive/MURA-v1.1/train/XR_WRIST/patient07064/study1_positive/image1.png,train/XR_WRIST/patient07064/study1_positive,1,abnormal,/content/MURA_abnormal_train/XR_WRIST/patient07064/study1_positive/image1.png,True,11328,11328,3,27.529097,0.5459770114942529,intermediate,intermediate,MURA_TT_1667
MURA-v1.1/train/XR_HAND/patient09821/study1_positive/image1.png,XR_HAND,patient09821,study1_positive,1,image1.png,train,/content/drive/MyDrive/MURA-v1.1/train/XR_HAND/patient09821/study1_positive/image1.png,train/XR_HAND/patient09821/study1_positive,1,abnormal,/content/MURA_abnormal_train/XR_HAND/patient09821/study1_positive/image1.png,True,13734,13734,3,28.237535,0.2527472527472527,central,central,MURA_TT_1668
MURA-v1.1/train/XR_WRIST/patient06870/study1_positive/image2.png,XR_WRIST,patient06870,study1_positive,1,image2.png,train,/content/drive/MyDrive/MURA-v1.1/train/XR_WRIST/patient06870/study1_positive/image2.png,train/XR_WRIST/patient06870/study1_positive,1,abnormal,/content/MURA_abnormal_train/XR_WRIST/patient06870/study1_positive/image2.png,True,10611,10611,0,27.268898,0.1764705882352941,central,central,MURA_TT_1669
MURA-v1.1/train/XR_WRIST/patient07222/study1_positive/image2.png,XR_WRIST,patient07222,study1_positive,1,image2.png,train,/content/drive/MyDrive/MURA-v1.1/train/XR_WRIST/patient07222/study1_positive/image2.png,train/XR_WRIST/patient07222/study1_positive,1,abnormal,/content/MURA_abnormal_train/XR_WRIST/patient07222/study1_positive/image2.png,True,11953,11953,6,34.216953,0.8324324324324325,peripheral,peripheral,MURA_TT_1670
MURA-v1.1/train/XR_FOREARM/patient09191/study1_positive/image4.png,XR_FOREARM,patient09191,study1_positive,1,image4.png,train,/content/drive/MyDrive/MURA-v1.1/train/XR_FOREARM/patient09191/study1_positive/image4.png,train/XR_FOREARM/patient09191/study1_positive,1,abnormal,/content/MURA_abnormal_train/XR_FOREARM/patient09191/study1_positive/image4.png,True,13075,13075,2,23.48159,0.4126984126984127,central,central,MURA_TT_1671
MURA-v1.1/train/XR_FINGER/patient03658/study1_positive/image2.png,XR_FINGER,patient03658,study1_positive,1,image2.png,train,/content/drive/MyDrive/MURA-v1.1/train/XR_FINGER/patient03658/study1_positive/image2.png,train/XR_FINGER/patient03658/study1_positive,1,abnormal,/content/MURA_abnormal_train/XR_FINGER/patient03658/study1_positive/image2.png,True,6228,6228,1,21.971245,0.0872727272727272,central,central,MURA_TT_1672
MURA-v1.1/train/XR_WRIST/patient07150/study1_positive/image3.png,XR_WRIST,patient07150,study1_positive,1,image3.png,train,/content/drive/MyDrive/MURA-v1.1/train/XR_WRIST/patient07150/study1_positive/image3.png,train/XR_WRIST/patient07150/study1_positive,1,abnormal,/content/MURA_abnormal_train/XR_WRIST/patient07150/study1_positive/image3.png,True,11667,11667,3,25.277344,0.2873563218390804,central,central,MURA_TT_1673
MURA-v1.1/train/XR_ELBOW/patient05117/study1_positive/image1.png,XR_ELBOW,patient05117,study1_positive,1,image1.png,train,/content/drive/MyDrive/MURA-v1.1/train/XR_ELBOW/patient05117/study1_positive/image1.png,train/XR_ELBOW/patient05117/study1_positive,1,abnormal,/content/MURA_abnormal_train/XR_ELBOW/patient05117/study1_positive/image1.png,True,7520,7520,5,27.856234,0.5102639296187683,intermediate,intermediate,MURA_TT_1674
MURA-v1.1/train/XR_WRIST/patient07281/study1_positive/image3.png,XR_WRIST,patient07281,study1_positive,1,image3.png,train,/content/drive/MyDrive/MURA-v1.1/train/XR_WRIST/patient07281/study1_positive/image3.png,train/XR_WRIST/patient07281/study1_positive,1,abnormal,/content/MURA_abnormal_train/XR_WRIST/patient07281/study1_positive/image3.png,True,12189,12189,1,25.090979,0.5123339658444023,intermediate,intermediate,MURA_TT_1675
MURA-v1.1/train/XR_SHOULDER/patient00833/study1_positive/image3.png,XR_SHOULDER,patient00833,study1_positive,1,image3.png,train,/content/drive/MyDrive/MURA-v1.1/train/XR_SHOULDER/patient00833/study1_positive/image3.png,train/XR_SHOULDER/patient00833/study1_positive,1,abnormal,/content/MURA_abnormal_train/XR_SHOULDER/patient00833/study1_positive/image3.png,True,2510,2510,2,22.984205,0.1162227602905569,central,central,MURA_TT_1676
MURA-v1.1/train/XR_SHOULDER/patient01384/study1_positive/image1.png,XR_SHOULDER,patient01384,study1_positive,1,image1.png,train,/content/drive/MyDrive/MURA-v1.1/train/XR_SHOULDER/patient01384/study1_positive/image1.png,train/XR_SHOULDER/patient01384/study1_positive,1,abnormal,/content/MURA_abnormal_train/XR_SHOULDER/patient01384/study1_positive/image1.png,True,4077,4077,4,26.415161,0.1325051759834368,central,central,MURA_TT_1677
MURA-v1.1/train/XR_ELBOW/patient05383/study1_positive/image1.png,XR_ELBOW,patient05383,study1_positive,1,image1.png,train,/content/drive/MyDrive/MURA-v1.1/train/XR_ELBOW/patient05383/study1_positive/image1.png,train/XR_ELBOW/patient05383/study1_positive,1,abnormal,/content/MURA_abnormal_train/XR_ELBOW/patient05383/study1_positive/image1.png,True,8476,8476,2,26.140247,0.643598615916955,intermediate,intermediate,MURA_TT_1678
MURA-v1.1/train/XR_FINGER/patient03448/study1_positive/image1.png,XR_FINGER,patient03448,study1_positive,1,image1.png,train,/content/drive/MyDrive/MURA-v1.1/train/XR_FINGER/patient03448/study1_positive/image1.png,train/XR_FINGER/patient03448/study1_positive,1,abnormal,/content/MURA_abnormal_train/XR_FINGER/patient03448/study1_positive/image1.png,True,5525,5525,4,22.970945,0.370757180156658,central,central,MURA_TT_1679
MURA-v1.1/train/XR_FOREARM/patient04174/study1_positive/image2.png,XR_FOREARM,patient04174,study1_positive,1,image2.png,train,/content/drive/MyDrive/MURA-v1.1/train/XR_FOREARM/patient04174/study1_positive/image2.png,train/XR_FOREARM/patient04174/study1_positive,1,abnormal,/content/MURA_abnormal_train/XR_FOREARM/patient04174/study1_positive/image2.png,True,13096,13096,2,31.885159,0.9444444444444444,peripheral,peripheral,MURA_TT_1680
MURA-v1.1/train/XR_WRIST/patient07258/study1_positive/image3.png,XR_WRIST,patient07258,study1_positive,1,image3.png,train,/content/drive/MyDrive/MURA-v1.1/train/XR_WRIST/patient07258/study1_positive/image3.png,train/XR_WRIST/patient07258/study1_positive,1,abnormal,/content/MURA_abnormal_train/XR_WRIST/patient07258/study1_positive/image3.png,True,12099,12099,8,27.955471,0.8353783231083844,peripheral,peripheral,MURA_TT_1681
MURA-v1.1/train/XR_WRIST/patient06551/study1_positive/image2.png,XR_WRIST,patient06551,study1_positive,1,image2.png,train,/content/drive/MyDrive/MURA-v1.1/train/XR_WRIST/patient06551/study1_positive/image2.png,train/XR_WRIST/patient06551/study1_positive,1,abnormal,/content/MURA_abnormal_train/XR_WRIST/patient06551/study1_positive/image2.png,True,9416,9416,6,35.994858,0.8729729729729729,peripheral,peripheral,MURA_TT_1682
MURA-v1.1/train/XR_FINGER/patient03554/study1_positive/image2.png,XR_FINGER,patient03554,study1_positive,1,image2.png,train,/content/drive/MyDrive/MURA-v1.1/train/XR_FINGER/patient03554/study1_positive/image2.png,train/XR_FINGER/patient03554/study1_positive,1,abnormal,/content/MURA_abnormal_train/XR_FINGER/patient03554/study1_positive/image2.png,True,5883,5883,5,27.471708,0.8046647230320699,peripheral,peripheral,MURA_TT_1683
MURA-v1.1/train/XR_WRIST/patient07362/study1_positive/image3.png,XR_WRIST,patient07362,study1_positive,1,image3.png,train,/content/drive/MyDrive/MURA-v1.1/train/XR_WRIST/patient07362/study1_positive/image3.png,train/XR_WRIST/patient07362/study1_positive,1,abnormal,/content/MURA_abnormal_train/XR_WRIST/patient07362/study1_positive/image3.png,True,12468,12468,4,30.46158,0.7319884726224783,intermediate,intermediate,MURA_TT_1684
MURA-v1.1/train/XR_HAND/patient09780/study1_positive/image2.png,XR_HAND,patient09780,study1_positive,1,image2.png,train,/content/drive/MyDrive/MURA-v1.1/train/XR_HAND/patient09780/study1_positive/image2.png,train/XR_HAND/patient09780/study1_positive,1,abnormal,/content/MURA_abnormal_train/XR_HAND/patient09780/study1_positive/image2.png,True,13556,13556,4,27.153542,0.6745762711864407,intermediate,intermediate,MURA_TT_1685
MURA-v1.1/train/XR_FINGER/patient03602/study1_positive/image2.png,XR_FINGER,patient03602,study1_positive,1,image2.png,train,/content/drive/MyDrive/MURA-v1.1/train/XR_FINGER/patient03602/study1_positive/image2.png,train/XR_FINGER/patient03602/study1_positive,1,abnormal,/content/MURA_abnormal_train/XR_FINGER/patient03602/study1_positive/image2.png,True,6047,6047,4,25.445889,0.6553524804177546,intermediate,intermediate,MURA_TT_1686
MURA-v1.1/train/XR_WRIST/patient07284/study1_positive/image2.png,XR_WRIST,patient07284,study1_positive,1,image2.png,train,/content/drive/MyDrive/MURA-v1.1/train/XR_WRIST/patient07284/study1_positive/image2.png,train/XR_WRIST/patient07284/study1_positive,1,abnormal,/content/MURA_abnormal_train/XR_WRIST/patient07284/study1_positive/image2.png,True,12198,12198,5,22.923244,0.3752066115702479,central,central,MURA_TT_1687
MURA-v1.1/train/XR_SHOULDER/patient01148/study1_positive/image4.png,XR_SHOULDER,patient01148,study1_positive,1,image4.png,train,/content/drive/MyDrive/MURA-v1.1/train/XR_SHOULDER/patient01148/study1_positive/image4.png,train/XR_SHOULDER/patient01148/study1_positive,1,abnormal,/content/MURA_abnormal_train/XR_SHOULDER/patient01148/study1_positive/image4.png,True,3407,3407,0,22.805058,0.4126074498567335,central,central,MURA_TT_1688
MURA-v1.1/train/XR_ELBOW/patient04925/study1_positive/image1.png,XR_ELBOW,patient04925,study1_positive,1,image1.png,train,/content/drive/MyDrive/MURA-v1.1/train/XR_ELBOW/patient04925/study1_positive/image1.png,train/XR_ELBOW/patient04925/study1_positive,1,abnormal,/content/MURA_abnormal_train/XR_ELBOW/patient04925/study1_positive/image1.png,True,6804,6804,2,20.276913,0.0830449826989619,central,central,MURA_TT_1689
MURA-v1.1/train/XR_WRIST/patient07113/study1_positive/image1.png,XR_WRIST,patient07113,study1_positive,1,image1.png,train,/content/drive/MyDrive/MURA-v1.1/train/XR_WRIST/patient07113/study1_positive/image1.png,train/XR_WRIST/patient07113/study1_positive,1,abnormal,/content/MURA_abnormal_train/XR_WRIST/patient07113/study1_positive/image1.png,True,11516,11516,3,26.525093,0.4291187739463601,central,central,MURA_TT_1690
MURA-v1.1/train/XR_WRIST/patient06769/study1_positive/image2.png,XR_WRIST,patient06769,study1_positive,1,image2.png,train,/content/drive/MyDrive/MURA-v1.1/train/XR_WRIST/patient06769/study1_positive/image2.png,train/XR_WRIST/patient06769/study1_positive,1,abnormal,/content/MURA_abnormal_train/XR_WRIST/patient06769/study1_positive/image2.png,True,10228,10228,8,24.014801,0.4591002044989775,central,central,MURA_TT_1691
MURA-v1.1/train/XR_FINGER/patient03403/study1_positive/image1.png,XR_FINGER,patient03403,study1_positive,1,image1.png,train,/content/drive/MyDrive/MURA-v1.1/train/XR_FINGER/patient03403/study1_positive/image1.png,train/XR_FINGER/patient03403/study1_positive,1,abnormal,/content/MURA_abnormal_train/XR_FINGER/patient03403/study1_positive/image1.png,True,5376,5376,2,30.226778,0.8050139275766016,peripheral,peripheral,MURA_TT_1692
MURA-v1.1/train/XR_HAND/patient07501/study1_positive/image1.png,XR_HAND,patient07501,study1_positive,1,image1.png,train,/content/drive/MyDrive/MURA-v1.1/train/XR_HAND/patient07501/study1_positive/image1.png,train/XR_HAND/patient07501/study1_positive,1,abnormal,/content/MURA_abnormal_train/XR_HAND/patient07501/study1_positive/image1.png,True,13468,13468,5,17.860064,0.0185185185185185,central,central,MURA_TT_1693
MURA-v1.1/train/XR_WRIST/patient06969/study1_positive/image3.png,XR_WRIST,patient06969,study1_positive,1,image3.png,train,/content/drive/MyDrive/MURA-v1.1/train/XR_WRIST/patient06969/study1_positive/image3.png,train/XR_WRIST/patient06969/study1_positive,1,abnormal,/content/MURA_abnormal_train/XR_WRIST/patient06969/study1_positive/image3.png,True,10968,10968,6,29.56522,0.5567567567567567,intermediate,intermediate,MURA_TT_1694
MURA-v1.1/train/XR_FOREARM/patient09249/study1_positive/image1.png,XR_FOREARM,patient09249,study1_positive,1,image1.png,train,/content/drive/MyDrive/MURA-v1.1/train/XR_FOREARM/patient09249/study1_positive/image1.png,train/XR_FOREARM/patient09249/study1_positive,1,abnormal,/content/MURA_abnormal_train/XR_FOREARM/patient09249/study1_positive/image1.png,True,13232,13232,3,25.554558,0.5,central,central,MURA_TT_1695
MURA-v1.1/train/XR_SHOULDER/patient00604/study2_positive/image1.png,XR_SHOULDER,patient00604,study2_positive,1,image1.png,train,/content/drive/MyDrive/MURA-v1.1/train/XR_SHOULDER/patient00604/study2_positive/image1.png,train/XR_SHOULDER/patient00604/study2_positive,1,abnormal,/content/MURA_abnormal_train/XR_SHOULDER/patient00604/study2_positive/image1.png,True,1824,1824,3,24.302996,0.159533073929961,central,central,MURA_TT_1696
MURA-v1.1/train/XR_FINGER/patient03665/study1_positive/image1.png,XR_FINGER,patient03665,study1_positive,1,image1.png,train,/content/drive/MyDrive/MURA-v1.1/train/XR_FINGER/patient03665/study1_positive/image1.png,train/XR_FINGER/patient03665/study1_positive,1,abnormal,/content/MURA_abnormal_train/XR_FINGER/patient03665/study1_positive/image1.png,True,6250,6250,4,21.16898,0.1801566579634465,central,central,MURA_TT_1697
MURA-v1.1/train/XR_SHOULDER/patient00327/study1_positive/image2.png,XR_SHOULDER,patient00327,study1_positive,1,image2.png,train,/content/drive/MyDrive/MURA-v1.1/train/XR_SHOULDER/patient00327/study1_positive/image2.png,train/XR_SHOULDER/patient00327/study1_positive,1,abnormal,/content/MURA_abnormal_train/XR_SHOULDER/patient00327/study1_positive/image2.png,True,1010,1010,2,30.902956,0.8353510895883777,peripheral,peripheral,MURA_TT_1698
MURA-v1.1/train/XR_ELBOW/patient05037/study1_positive/image4.png,XR_ELBOW,patient05037,study1_positive,1,image4.png,train,/content/drive/MyDrive/MURA-v1.1/train/XR_ELBOW/patient05037/study1_positive/image4.png,train/XR_ELBOW/patient05037/study1_positive,1,abnormal,/content/MURA_abnormal_train/XR_ELBOW/patient05037/study1_positive/image4.png,True,7233,7233,4,30.259306,0.449468085106383,central,central,MURA_TT_1699
MURA-v1.1/train/XR_HUMERUS/patient02709/study1_positive/image2.png,XR_HUMERUS,patient02709,study1_positive,1,image2.png,train,/content/drive/MyDrive/MURA-v1.1/train/XR_HUMERUS/patient02709/study1_positive/image2.png,train/XR_HUMERUS/patient02709/study1_positive,1,abnormal,/content/MURA_abnormal_train/XR_HUMERUS/patient02709/study1_positive/image2.png,True,4199,4199,3,26.702736,0.519650655021834,intermediate,intermediate,MURA_TT_1700
MURA-v1.1/train/XR_SHOULDER/patient00956/study1_positive/image3.png,XR_SHOULDER,patient00956,study1_positive,1,image3.png,train,/content/drive/MyDrive/MURA-v1.1/train/XR_SHOULDER/patient00956/study1_positive/image3.png,train/XR_SHOULDER/patient00956/study1_positive,1,abnormal,/content/MURA_abnormal_train/XR_SHOULDER/patient00956/study1_positive/image3.png,True,2871,2871,0,28.837532,0.8753581661891118,peripheral,peripheral,MURA_TT_1701
MURA-v1.1/train/XR_FOREARM/patient09129/study1_positive/image2.png,XR_FOREARM,patient09129,study1_positive,1,image2.png,train,/content/drive/MyDrive/MURA-v1.1/train/XR_FOREARM/patient09129/study1_positive/image2.png,train/XR_FOREARM/patient09129/study1_positive,1,abnormal,/content/MURA_abnormal_train/XR_FOREARM/patient09129/study1_positive/image2.png,True,12861,12861,1,32.33079,0.8048780487804879,peripheral,peripheral,MURA_TT_1702
MURA-v1.1/train/XR_ELBOW/patient00034/study1_positive/image3.png,XR_ELBOW,patient00034,study1_positive,1,image3.png,train,/content/drive/MyDrive/MURA-v1.1/train/XR_ELBOW/patient00034/study1_positive/image3.png,train/XR_ELBOW/patient00034/study1_positive,1,abnormal,/content/MURA_abnormal_train/XR_ELBOW/patient00034/study1_positive/image3.png,True,7446,7446,2,21.938166,0.2145328719723183,central,central,MURA_TT_1703
MURA-v1.1/train/XR_HAND/patient09839/study1_positive/image2.png,XR_HAND,patient09839,study1_positive,1,image2.png,train,/content/drive/MyDrive/MURA-v1.1/train/XR_HAND/patient09839/study1_positive/image2.png,train/XR_HAND/patient09839/study1_positive,1,abnormal,/content/MURA_abnormal_train/XR_HAND/patient09839/study1_positive/image2.png,True,13795,13795,0,23.198092,0.4385964912280701,central,central,MURA_TT_1704
MURA-v1.1/train/XR_SHOULDER/patient00619/study1_positive/image2.png,XR_SHOULDER,patient00619,study1_positive,1,image2.png,train,/content/drive/MyDrive/MURA-v1.1/train/XR_SHOULDER/patient00619/study1_positive/image2.png,train/XR_SHOULDER/patient00619/study1_positive,1,abnormal,/content/MURA_abnormal_train/XR_SHOULDER/patient00619/study1_positive/image2.png,True,1871,1871,5,21.372484,0.2132701421800948,central,central,MURA_TT_1705
MURA-v1.1/train/XR_HAND/patient09939/study1_positive/image3.png,XR_HAND,patient09939,study1_positive,1,image3.png,train,/content/drive/MyDrive/MURA-v1.1/train/XR_HAND/patient09939/study1_positive/image3.png,train/XR_HAND/patient09939/study1_positive,1,abnormal,/content/MURA_abnormal_train/XR_HAND/patient09939/study1_positive/image3.png,True,14169,14169,5,26.806942,0.8814814814814815,peripheral,peripheral,MURA_TT_1706
MURA-v1.1/train/XR_ELBOW/patient05255/study1_positive/image4.png,XR_ELBOW,patient05255,study1_positive,1,image4.png,train,/content/drive/MyDrive/MURA-v1.1/train/XR_ELBOW/patient05255/study1_positive/image4.png,train/XR_ELBOW/patient05255/study1_positive,1,abnormal,/content/MURA_abnormal_train/XR_ELBOW/patient05255/study1_positive/image4.png,True,8030,8030,4,25.51323,0.0398936170212766,central,central,MURA_TT_1707
MURA-v1.1/train/XR_WRIST/patient03402/study1_positive/image1.png,XR_WRIST,patient03402,study1_positive,1,image1.png,train,/content/drive/MyDrive/MURA-v1.1/train/XR_WRIST/patient03402/study1_positive/image1.png,train/XR_WRIST/patient03402/study1_positive,1,abnormal,/content/MURA_abnormal_train/XR_WRIST/patient03402/study1_positive/image1.png,True,9905,9905,1,28.539196,0.793168880455408,intermediate,intermediate,MURA_TT_1708
MURA-v1.1/train/XR_HAND/patient07928/study1_positive/image2.png,XR_HAND,patient07928,study1_positive,1,image2.png,train,/content/drive/MyDrive/MURA-v1.1/train/XR_HAND/patient07928/study1_positive/image2.png,train/XR_HAND/patient07928/study1_positive,1,abnormal,/content/MURA_abnormal_train/XR_HAND/patient07928/study1_positive/image2.png,True,14203,14203,3,27.334309,0.1868131868131868,central,central,MURA_TT_1709
MURA-v1.1/train/XR_FINGER/patient03572/study1_positive/image1.png,XR_FINGER,patient03572,study1_positive,1,image1.png,train,/content/drive/MyDrive/MURA-v1.1/train/XR_FINGER/patient03572/study1_positive/image1.png,train/XR_FINGER/patient03572/study1_positive,1,abnormal,/content/MURA_abnormal_train/XR_FINGER/patient03572/study1_positive/image1.png,True,5941,5941,0,24.64225,0.1323076923076923,central,central,MURA_TT_1710
MURA-v1.1/train/XR_FINGER/patient03308/study1_positive/image1.png,XR_FINGER,patient03308,study1_positive,1,image1.png,train,/content/drive/MyDrive/MURA-v1.1/train/XR_FINGER/patient03308/study1_positive/image1.png,train/XR_FINGER/patient03308/study1_positive,1,abnormal,/content/MURA_abnormal_train/XR_FINGER/patient03308/study1_positive/image1.png,True,5061,5061,0,22.717934,0.0246153846153846,central,central,MURA_TT_1711
MURA-v1.1/train/XR_WRIST/patient06405/study1_positive/image2.png,XR_WRIST,patient06405,study1_positive,1,image2.png,train,/content/drive/MyDrive/MURA-v1.1/train/XR_WRIST/patient06405/study1_positive/image2.png,train/XR_WRIST/patient06405/study1_positive,1,abnormal,/content/MURA_abnormal_train/XR_WRIST/patient06405/study1_positive/image2.png,True,8921,8921,5,22.12635,0.2876033057851239,central,central,MURA_TT_1712
MURA-v1.1/train/XR_FINGER/patient03670/study1_positive/image4.png,XR_FINGER,patient03670,study1_positive,1,image4.png,train,/content/drive/MyDrive/MURA-v1.1/train/XR_FINGER/patient03670/study1_positive/image4.png,train/XR_FINGER/patient03670/study1_positive,1,abnormal,/content/MURA_abnormal_train/XR_FINGER/patient03670/study1_positive/image4.png,True,6271,6271,2,25.42764,0.5459610027855153,intermediate,intermediate,MURA_TT_1713
MURA-v1.1/train/XR_ELBOW/patient04995/study1_positive/image4.png,XR_ELBOW,patient04995,study1_positive,1,image4.png,train,/content/drive/MyDrive/MURA-v1.1/train/XR_ELBOW/patient04995/study1_positive/image4.png,train/XR_ELBOW/patient04995/study1_positive,1,abnormal,/content/MURA_abnormal_train/XR_ELBOW/patient04995/study1_positive/image4.png,True,7081,7081,1,25.551935,0.8035019455252919,peripheral,peripheral,MURA_TT_1714
MURA-v1.1/train/XR_SHOULDER/patient00333/study1_positive/image1.png,XR_SHOULDER,patient00333,study1_positive,1,image1.png,train,/content/drive/MyDrive/MURA-v1.1/train/XR_SHOULDER/patient00333/study1_positive/image1.png,train/XR_SHOULDER/patient00333/study1_positive,1,abnormal,/content/MURA_abnormal_train/XR_SHOULDER/patient00333/study1_positive/image1.png,True,1032,1032,0,23.228409,0.4570200573065902,central,central,MURA_TT_1715
MURA-v1.1/train/XR_ELBOW/patient05419/study1_positive/image3.png,XR_ELBOW,patient05419,study1_positive,1,image3.png,train,/content/drive/MyDrive/MURA-v1.1/train/XR_ELBOW/patient05419/study1_positive/image3.png,train/XR_ELBOW/patient05419/study1_positive,1,abnormal,/content/MURA_abnormal_train/XR_ELBOW/patient05419/study1_positive/image3.png,True,8612,8612,4,27.142763,0.1462765957446808,central,central,MURA_TT_1716
MURA-v1.1/train/XR_SHOULDER/patient00834/study1_positive/image2.png,XR_SHOULDER,patient00834,study1_positive,1,image2.png,train,/content/drive/MyDrive/MURA-v1.1/train/XR_SHOULDER/patient00834/study1_positive/image2.png,train/XR_SHOULDER/patient00834/study1_positive,1,abnormal,/content/MURA_abnormal_train/XR_SHOULDER/patient00834/study1_positive/image2.png,True,2512,2512,4,29.428923,0.4368530020703933,central,central,MURA_TT_1717
MURA-v1.1/train/XR_HAND/patient09790/study1_positive/image3.png,XR_HAND,patient09790,study1_positive,1,image3.png,train,/content/drive/MyDrive/MURA-v1.1/train/XR_HAND/patient09790/study1_positive/image3.png,train/XR_HAND/patient09790/study1_positive,1,abnormal,/content/MURA_abnormal_train/XR_HAND/patient09790/study1_positive/image3.png,True,13604,13604,2,22.953163,0.1987381703470031,central,central,MURA_TT_1718
MURA-v1.1/train/XR_ELBOW/patient01474/study1_positive/image1.png,XR_ELBOW,patient01474,study1_positive,1,image1.png,train,/content/drive/MyDrive/MURA-v1.1/train/XR_ELBOW/patient01474/study1_positive/image1.png,train/XR_ELBOW/patient01474/study1_positive,1,abnormal,/content/MURA_abnormal_train/XR_ELBOW/patient01474/study1_positive/image1.png,True,7730,7730,5,26.73091,0.4017595307917888,central,central,MURA_TT_1719
MURA-v1.1/train/XR_SHOULDER/patient00993/study1_positive/image1.png,XR_SHOULDER,patient00993,study1_positive,1,image1.png,train,/content/drive/MyDrive/MURA-v1.1/train/XR_SHOULDER/patient00993/study1_positive/image1.png,train/XR_SHOULDER/patient00993/study1_positive,1,abnormal,/content/MURA_abnormal_train/XR_SHOULDER/patient00993/study1_positive/image1.png,True,2970,2970,4,26.886799,0.15527950310559,central,central,MURA_TT_1720
MURA-v1.1/train/XR_WRIST/patient07009/study1_positive/image2.png,XR_WRIST,patient07009,study1_positive,1,image2.png,train,/content/drive/MyDrive/MURA-v1.1/train/XR_WRIST/patient07009/study1_positive/image2.png,train/XR_WRIST/patient07009/study1_positive,1,abnormal,/content/MURA_abnormal_train/XR_WRIST/patient07009/study1_positive/image2.png,True,11110,11110,4,23.790121,0.1902017291066282,central,central,MURA_TT_1721
MURA-v1.1/train/XR_WRIST/patient02150/study1_positive/image3.png,XR_WRIST,patient02150,study1_positive,1,image3.png,train,/content/drive/MyDrive/MURA-v1.1/train/XR_WRIST/patient02150/study1_positive/image3.png,train/XR_WRIST/patient02150/study1_positive,1,abnormal,/content/MURA_abnormal_train/XR_WRIST/patient02150/study1_positive/image3.png,True,10940,10940,7,25.276266,0.0689655172413793,central,central,MURA_TT_1722
MURA-v1.1/train/XR_WRIST/patient06847/study1_positive/image3.png,XR_WRIST,patient06847,study1_positive,1,image3.png,train,/content/drive/MyDrive/MURA-v1.1/train/XR_WRIST/patient06847/study1_positive/image3.png,train/XR_WRIST/patient06847/study1_positive,1,abnormal,/content/MURA_abnormal_train/XR_WRIST/patient06847/study1_positive/image3.png,True,10530,10530,3,26.224087,0.4042145593869732,central,central,MURA_TT_1723
MURA-v1.1/train/XR_WRIST/patient07278/study1_positive/image1.png,XR_WRIST,patient07278,study1_positive,1,image1.png,train,/content/drive/MyDrive/MURA-v1.1/train/XR_WRIST/patient07278/study1_positive/image1.png,train/XR_WRIST/patient07278/study1_positive,1,abnormal,/content/MURA_abnormal_train/XR_WRIST/patient07278/study1_positive/image1.png,True,12177,12177,6,30.584576,0.6324324324324324,intermediate,intermediate,MURA_TT_1724
MURA-v1.1/train/XR_HUMERUS/patient02112/study1_positive/image2.png,XR_HUMERUS,patient02112,study1_positive,1,image2.png,train,/content/drive/MyDrive/MURA-v1.1/train/XR_HUMERUS/patient02112/study1_positive/image2.png,train/XR_HUMERUS/patient02112/study1_positive,1,abnormal,/content/MURA_abnormal_train/XR_HUMERUS/patient02112/study1_positive/image2.png,True,4429,4429,3,31.211872,0.8122270742358079,peripheral,peripheral,MURA_TT_1725
MURA-v1.1/train/XR_WRIST/patient07041/study1_positive/image1.png,XR_WRIST,patient07041,study1_positive,1,image1.png,train,/content/drive/MyDrive/MURA-v1.1/train/XR_WRIST/patient07041/study1_positive/image1.png,train/XR_WRIST/patient07041/study1_positive,1,abnormal,/content/MURA_abnormal_train/XR_WRIST/patient07041/study1_positive/image1.png,True,11237,11237,2,20.463999,0.0697167755991285,central,central,MURA_TT_1726
MURA-v1.1/train/XR_SHOULDER/patient00784/study1_positive/image2.png,XR_SHOULDER,patient00784,study1_positive,1,image2.png,train,/content/drive/MyDrive/MURA-v1.1/train/XR_SHOULDER/patient00784/study1_positive/image2.png,train/XR_SHOULDER/patient00784/study1_positive,1,abnormal,/content/MURA_abnormal_train/XR_SHOULDER/patient00784/study1_positive/image2.png,True,2384,2384,3,32.970814,0.85473411154345,peripheral,peripheral,MURA_TT_1727
MURA-v1.1/train/XR_FINGER/patient03683/study1_positive/image3.png,XR_FINGER,patient03683,study1_positive,1,image3.png,train,/content/drive/MyDrive/MURA-v1.1/train/XR_FINGER/patient03683/study1_positive/image3.png,train/XR_FINGER/patient03683/study1_positive,1,abnormal,/content/MURA_abnormal_train/XR_FINGER/patient03683/study1_positive/image3.png,True,6321,6321,2,24.472952,0.4345403899721448,central,central,MURA_TT_1728
MURA-v1.1/train/XR_WRIST/patient07103/study1_positive/image3.png,XR_WRIST,patient07103,study1_positive,1,image3.png,train,/content/drive/MyDrive/MURA-v1.1/train/XR_WRIST/patient07103/study1_positive/image3.png,train/XR_WRIST/patient07103/study1_positive,1,abnormal,/content/MURA_abnormal_train/XR_WRIST/patient07103/study1_positive/image3.png,True,11484,11484,4,24.925133,0.276657060518732,central,central,MURA_TT_1729
MURA-v1.1/train/XR_HAND/patient09827/study1_positive/image1.png,XR_HAND,patient09827,study1_positive,1,image1.png,train,/content/drive/MyDrive/MURA-v1.1/train/XR_HAND/patient09827/study1_positive/image1.png,train/XR_HAND/patient09827/study1_positive,1,abnormal,/content/MURA_abnormal_train/XR_HAND/patient09827/study1_positive/image1.png,True,13752,13752,2,27.277401,0.5962145110410094,intermediate,intermediate,MURA_TT_1730
MURA-v1.1/train/XR_WRIST/patient06382/study1_positive/image1.png,XR_WRIST,patient06382,study1_positive,1,image1.png,train,/content/drive/MyDrive/MURA-v1.1/train/XR_WRIST/patient06382/study1_positive/image1.png,train/XR_WRIST/patient06382/study1_positive,1,abnormal,/content/MURA_abnormal_train/XR_WRIST/patient06382/study1_positive/image1.png,True,8836,8836,0,29.300669,0.3529411764705882,central,central,MURA_TT_1731
MURA-v1.1/train/XR_ELBOW/patient00398/study1_positive/image1.png,XR_ELBOW,patient00398,study1_positive,1,image1.png,train,/content/drive/MyDrive/MURA-v1.1/train/XR_ELBOW/patient00398/study1_positive/image1.png,train/XR_ELBOW/patient00398/study1_positive,1,abnormal,/content/MURA_abnormal_train/XR_ELBOW/patient00398/study1_positive/image1.png,True,6950,6950,4,32.745155,0.7021276595744681,intermediate,intermediate,MURA_TT_1732
MURA-v1.1/train/XR_FOREARM/patient09252/study1_positive/image1.png,XR_FOREARM,patient09252,study1_positive,1,image1.png,train,/content/drive/MyDrive/MURA-v1.1/train/XR_FOREARM/patient09252/study1_positive/image1.png,train/XR_FOREARM/patient09252/study1_positive,1,abnormal,/content/MURA_abnormal_train/XR_FOREARM/patient09252/study1_positive/image1.png,True,13247,13247,2,28.242256,0.8095238095238095,peripheral,peripheral,MURA_TT_1733
MURA-v1.1/train/XR_ELBOW/patient05268/study1_positive/image1.png,XR_ELBOW,patient05268,study1_positive,1,image1.png,train,/content/drive/MyDrive/MURA-v1.1/train/XR_ELBOW/patient05268/study1_positive/image1.png,train/XR_ELBOW/patient05268/study1_positive,1,abnormal,/content/MURA_abnormal_train/XR_ELBOW/patient05268/study1_positive/image1.png,True,8083,8083,0,23.429209,0.3015873015873015,central,central,MURA_TT_1734
MURA-v1.1/train/XR_ELBOW/patient00401/study1_positive/image2.png,XR_ELBOW,patient00401,study1_positive,1,image2.png,train,/content/drive/MyDrive/MURA-v1.1/train/XR_ELBOW/patient00401/study1_positive/image2.png,train/XR_ELBOW/patient00401/study1_positive,1,abnormal,/content/MURA_abnormal_train/XR_ELBOW/patient00401/study1_positive/image2.png,True,6846,6846,1,26.93998,0.877431906614786,peripheral,peripheral,MURA_TT_1735
MURA-v1.1/train/XR_FOREARM/patient04838/study1_positive/image2.png,XR_FOREARM,patient04838,study1_positive,1,image2.png,train,/content/drive/MyDrive/MURA-v1.1/train/XR_FOREARM/patient04838/study1_positive/image2.png,train/XR_FOREARM/patient04838/study1_positive,1,abnormal,/content/MURA_abnormal_train/XR_FOREARM/patient04838/study1_positive/image2.png,True,12749,12749,3,34.665127,0.9380530973451328,peripheral,peripheral,MURA_TT_1736
MURA-v1.1/train/XR_WRIST/patient07034/study1_positive/image1.png,XR_WRIST,patient07034,study1_positive,1,image1.png,train,/content/drive/MyDrive/MURA-v1.1/train/XR_WRIST/patient07034/study1_positive/image1.png,train/XR_WRIST/patient07034/study1_positive,1,abnormal,/content/MURA_abnormal_train/XR_WRIST/patient07034/study1_positive/image1.png,True,11207,11207,8,20.996777,0.1523517382413088,central,central,MURA_TT_1737
MURA-v1.1/train/XR_HAND/patient10088/study1_positive/image1.png,XR_HAND,patient10088,study1_positive,1,image1.png,train,/content/drive/MyDrive/MURA-v1.1/train/XR_HAND/patient10088/study1_positive/image1.png,train/XR_HAND/patient10088/study1_positive,1,abnormal,/content/MURA_abnormal_train/XR_HAND/patient10088/study1_positive/image1.png,True,14690,14690,5,21.608767,0.3962962962962963,central,central,MURA_TT_1738
MURA-v1.1/train/XR_WRIST/patient05451/study1_positive/image1.png,XR_WRIST,patient05451,study1_positive,1,image1.png,train,/content/drive/MyDrive/MURA-v1.1/train/XR_WRIST/patient05451/study1_positive/image1.png,train/XR_WRIST/patient05451/study1_positive,1,abnormal,/content/MURA_abnormal_train/XR_WRIST/patient05451/study1_positive/image1.png,True,12358,12358,1,33.685574,0.9240986717267552,peripheral,peripheral,MURA_TT_1739
MURA-v1.1/train/XR_WRIST/patient06982/study1_positive/image1.png,XR_WRIST,patient06982,study1_positive,1,image1.png,train,/content/drive/MyDrive/MURA-v1.1/train/XR_WRIST/patient06982/study1_positive/image1.png,train/XR_WRIST/patient06982/study1_positive,1,abnormal,/content/MURA_abnormal_train/XR_WRIST/patient06982/study1_positive/image1.png,True,11018,11018,1,27.204378,0.6925996204933587,intermediate,intermediate,MURA_TT_1740
MURA-v1.1/train/XR_WRIST/patient06759/study1_positive/image1.png,XR_WRIST,patient06759,study1_positive,1,image1.png,train,/content/drive/MyDrive/MURA-v1.1/train/XR_WRIST/patient06759/study1_positive/image1.png,train/XR_WRIST/patient06759/study1_positive,1,abnormal,/content/MURA_abnormal_train/XR_WRIST/patient06759/study1_positive/image1.png,True,10193,10193,6,39.225384,0.9243243243243244,peripheral,peripheral,MURA_TT_1741
MURA-v1.1/train/XR_SHOULDER/patient00944/study1_positive/image2.png,XR_SHOULDER,patient00944,study1_positive,1,image2.png,train,/content/drive/MyDrive/MURA-v1.1/train/XR_SHOULDER/patient00944/study1_positive/image2.png,train/XR_SHOULDER/patient00944/study1_positive,1,abnormal,/content/MURA_abnormal_train/XR_SHOULDER/patient00944/study1_positive/image2.png,True,2835,2835,3,29.639526,0.6705577172503242,intermediate,intermediate,MURA_TT_1742
MURA-v1.1/train/XR_SHOULDER/patient01193/study1_positive/image1.png,XR_SHOULDER,patient01193,study1_positive,1,image1.png,train,/content/drive/MyDrive/MURA-v1.1/train/XR_SHOULDER/patient01193/study1_positive/image1.png,train/XR_SHOULDER/patient01193/study1_positive,1,abnormal,/content/MURA_abnormal_train/XR_SHOULDER/patient01193/study1_positive/image1.png,True,3544,3544,3,30.765913,0.7587548638132295,intermediate,intermediate,MURA_TT_1743
MURA-v1.1/train/XR_SHOULDER/patient00232/study1_positive/image3.png,XR_SHOULDER,patient00232,study1_positive,1,image3.png,train,/content/drive/MyDrive/MURA-v1.1/train/XR_SHOULDER/patient00232/study1_positive/image3.png,train/XR_SHOULDER/patient00232/study1_positive,1,abnormal,/content/MURA_abnormal_train/XR_SHOULDER/patient00232/study1_positive/image3.png,True,695,695,5,21.762957,0.2436018957345971,central,central,MURA_TT_1744
MURA-v1.1/train/XR_SHOULDER/patient00631/study1_positive/image2.png,XR_SHOULDER,patient00631,study1_positive,1,image2.png,train,/content/drive/MyDrive/MURA-v1.1/train/XR_SHOULDER/patient00631/study1_positive/image2.png,train/XR_SHOULDER/patient00631/study1_positive,1,abnormal,/content/MURA_abnormal_train/XR_SHOULDER/patient00631/study1_positive/image2.png,True,1910,1910,2,26.17196,0.4176755447941888,central,central,MURA_TT_1745
MURA-v1.1/train/XR_WRIST/patient02842/study1_positive/image2.png,XR_WRIST,patient02842,study1_positive,1,image2.png,train,/content/drive/MyDrive/MURA-v1.1/train/XR_WRIST/patient02842/study1_positive/image2.png,train/XR_WRIST/patient02842/study1_positive,1,abnormal,/content/MURA_abnormal_train/XR_WRIST/patient02842/study1_positive/image2.png,True,12496,12496,5,22.12247,0.2859504132231405,central,central,MURA_TT_1746
MURA-v1.1/train/XR_FINGER/patient01992/study1_positive/image2.png,XR_FINGER,patient01992,study1_positive,1,image2.png,train,/content/drive/MyDrive/MURA-v1.1/train/XR_FINGER/patient01992/study1_positive/image2.png,train/XR_FINGER/patient01992/study1_positive,1,abnormal,/content/MURA_abnormal_train/XR_FINGER/patient01992/study1_positive/image2.png,True,4956,4956,3,26.118917,0.6183745583038869,intermediate,intermediate,MURA_TT_1747
MURA-v1.1/train/XR_SHOULDER/patient00152/study1_positive/image3.png,XR_SHOULDER,patient00152,study1_positive,1,image3.png,train,/content/drive/MyDrive/MURA-v1.1/train/XR_SHOULDER/patient00152/study1_positive/image3.png,train/XR_SHOULDER/patient00152/study1_positive,1,abnormal,/content/MURA_abnormal_train/XR_SHOULDER/patient00152/study1_positive/image3.png,True,463,463,5,20.027397,0.0995260663507109,central,central,MURA_TT_1748
MURA-v1.1/train/XR_HUMERUS/patient02785/study1_positive/image1.png,XR_HUMERUS,patient02785,study1_positive,1,image1.png,train,/content/drive/MyDrive/MURA-v1.1/train/XR_HUMERUS/patient02785/study1_positive/image1.png,train/XR_HUMERUS/patient02785/study1_positive,1,abnormal,/content/MURA_abnormal_train/XR_HUMERUS/patient02785/study1_positive/image1.png,True,4391,4391,3,20.751474,0.0262008733624454,central,central,MURA_TT_1749
MURA-v1.1/train/XR_WRIST/patient07013/study1_positive/image2.png,XR_WRIST,patient07013,study1_positive,1,image2.png,train,/content/drive/MyDrive/MURA-v1.1/train/XR_WRIST/patient07013/study1_positive/image2.png,train/XR_WRIST/patient07013/study1_positive,1,abnormal,/content/MURA_abnormal_train/XR_WRIST/patient07013/study1_positive/image2.png,True,11132,11132,3,24.898823,0.2586206896551724,central,central,MURA_TT_1750
MURA-v1.1/train/XR_SHOULDER/patient00141/study1_positive/image3.png,XR_SHOULDER,patient00141,study1_positive,1,image3.png,train,/content/drive/MyDrive/MURA-v1.1/train/XR_SHOULDER/patient00141/study1_positive/image3.png,train/XR_SHOULDER/patient00141/study1_positive,1,abnormal,/content/MURA_abnormal_train/XR_SHOULDER/patient00141/study1_positive/image3.png,True,428,428,1,29.490692,0.3313432835820895,central,central,MURA_TT_1751
MURA-v1.1/train/XR_WRIST/patient04974/study1_positive/image2.png,XR_WRIST,patient04974,study1_positive,1,image2.png,train,/content/drive/MyDrive/MURA-v1.1/train/XR_WRIST/patient04974/study1_positive/image2.png,train/XR_WRIST/patient04974/study1_positive,1,abnormal,/content/MURA_abnormal_train/XR_WRIST/patient04974/study1_positive/image2.png,True,10001,10001,6,28.975718,0.4756756756756757,central,central,MURA_TT_1752
MURA-v1.1/train/XR_WRIST/patient07010/study1_positive/image1.png,XR_WRIST,patient07010,study1_positive,1,image1.png,train,/content/drive/MyDrive/MURA-v1.1/train/XR_WRIST/patient07010/study1_positive/image1.png,train/XR_WRIST/patient07010/study1_positive,1,abnormal,/content/MURA_abnormal_train/XR_WRIST/patient07010/study1_positive/image1.png,True,11113,11113,1,23.395208,0.301707779886148,central,central,MURA_TT_1753
MURA-v1.1/train/XR_WRIST/patient07201/study1_positive/image1.png,XR_WRIST,patient07201,study1_positive,1,image1.png,train,/content/drive/MyDrive/MURA-v1.1/train/XR_WRIST/patient07201/study1_positive/image1.png,train/XR_WRIST/patient07201/study1_positive,1,abnormal,/content/MURA_abnormal_train/XR_WRIST/patient07201/study1_positive/image1.png,True,11878,11878,2,29.99031,0.8366013071895425,peripheral,peripheral,MURA_TT_1754
MURA-v1.1/train/XR_SHOULDER/patient00296/study1_positive/image2.png,XR_SHOULDER,patient00296,study1_positive,1,image2.png,train,/content/drive/MyDrive/MURA-v1.1/train/XR_SHOULDER/patient00296/study1_positive/image2.png,train/XR_SHOULDER/patient00296/study1_positive,1,abnormal,/content/MURA_abnormal_train/XR_SHOULDER/patient00296/study1_positive/image2.png,True,901,901,3,27.728867,0.4941634241245136,central,central,MURA_TT_1755
MURA-v1.1/train/XR_FOREARM/patient09143/study1_positive/image2.png,XR_FOREARM,patient09143,study1_positive,1,image2.png,train,/content/drive/MyDrive/MURA-v1.1/train/XR_FOREARM/patient09143/study1_positive/image2.png,train/XR_FOREARM/patient09143/study1_positive,1,abnormal,/content/MURA_abnormal_train/XR_FOREARM/patient09143/study1_positive/image2.png,True,12899,12899,3,22.895445,0.2212389380530973,central,central,MURA_TT_1756
MURA-v1.1/train/XR_WRIST/patient06924/study1_positive/image1.png,XR_WRIST,patient06924,study1_positive,1,image1.png,train,/content/drive/MyDrive/MURA-v1.1/train/XR_WRIST/patient06924/study1_positive/image1.png,train/XR_WRIST/patient06924/study1_positive,1,abnormal,/content/MURA_abnormal_train/XR_WRIST/patient06924/study1_positive/image1.png,True,10812,10812,5,26.06069,0.7107438016528925,intermediate,intermediate,MURA_TT_1757
MURA-v1.1/train/XR_SHOULDER/patient00096/study1_positive/image2.png,XR_SHOULDER,patient00096,study1_positive,1,image2.png,train,/content/drive/MyDrive/MURA-v1.1/train/XR_SHOULDER/patient00096/study1_positive/image2.png,train/XR_SHOULDER/patient00096/study1_positive,1,abnormal,/content/MURA_abnormal_train/XR_SHOULDER/patient00096/study1_positive/image2.png,True,277,277,1,28.034023,0.2059701492537313,central,central,MURA_TT_1758
MURA-v1.1/train/XR_WRIST/patient01131/study1_positive/image3.png,XR_WRIST,patient01131,study1_positive,1,image3.png,train,/content/drive/MyDrive/MURA-v1.1/train/XR_WRIST/patient01131/study1_positive/image3.png,train/XR_WRIST/patient01131/study1_positive,1,abnormal,/content/MURA_abnormal_train/XR_WRIST/patient01131/study1_positive/image3.png,True,10328,10328,4,26.426523,0.4265129682997118,central,central,MURA_TT_1759
MURA-v1.1/train/XR_WRIST/patient06548/study1_positive/image1.png,XR_WRIST,patient06548,study1_positive,1,image1.png,train,/content/drive/MyDrive/MURA-v1.1/train/XR_WRIST/patient06548/study1_positive/image1.png,train/XR_WRIST/patient06548/study1_positive,1,abnormal,/content/MURA_abnormal_train/XR_WRIST/patient06548/study1_positive/image1.png,True,9407,9407,3,24.296543,0.1954022988505747,central,central,MURA_TT_1760
MURA-v1.1/train/XR_FINGER/patient03794/study1_positive/image1.png,XR_FINGER,patient03794,study1_positive,1,image1.png,train,/content/drive/MyDrive/MURA-v1.1/train/XR_FINGER/patient03794/study1_positive/image1.png,train/XR_FINGER/patient03794/study1_positive,1,abnormal,/content/MURA_abnormal_train/XR_FINGER/patient03794/study1_positive/image1.png,True,6692,6692,0,34.288605,0.8276923076923077,peripheral,peripheral,MURA_TT_1761
MURA-v1.1/train/XR_FOREARM/patient09110/study1_positive/image1.png,XR_FOREARM,patient09110,study1_positive,1,image1.png,train,/content/drive/MyDrive/MURA-v1.1/train/XR_FOREARM/patient09110/study1_positive/image1.png,train/XR_FOREARM/patient09110/study1_positive,1,abnormal,/content/MURA_abnormal_train/XR_FOREARM/patient09110/study1_positive/image1.png,True,12810,12810,3,21.713503,0.1327433628318584,central,central,MURA_TT_1762
MURA-v1.1/train/XR_SHOULDER/patient00694/study1_positive/image2.png,XR_SHOULDER,patient00694,study1_positive,1,image2.png,train,/content/drive/MyDrive/MURA-v1.1/train/XR_SHOULDER/patient00694/study1_positive/image2.png,train/XR_SHOULDER/patient00694/study1_positive,1,abnormal,/content/MURA_abnormal_train/XR_SHOULDER/patient00694/study1_positive/image2.png,True,2101,2101,3,31.774696,0.8028534370946823,peripheral,peripheral,MURA_TT_1763
MURA-v1.1/train/XR_SHOULDER/patient00338/study1_positive/image1.png,XR_SHOULDER,patient00338,study1_positive,1,image1.png,train,/content/drive/MyDrive/MURA-v1.1/train/XR_SHOULDER/patient00338/study1_positive/image1.png,train/XR_SHOULDER/patient00338/study1_positive,1,abnormal,/content/MURA_abnormal_train/XR_SHOULDER/patient00338/study1_positive/image1.png,True,1044,1044,4,34.7125,0.8819875776397516,peripheral,peripheral,MURA_TT_1764
MURA-v1.1/train/XR_FOREARM/patient04136/study1_positive/image1.png,XR_FOREARM,patient04136,study1_positive,1,image1.png,train,/content/drive/MyDrive/MURA-v1.1/train/XR_FOREARM/patient04136/study1_positive/image1.png,train/XR_FOREARM/patient04136/study1_positive,1,abnormal,/content/MURA_abnormal_train/XR_FOREARM/patient04136/study1_positive/image1.png,True,13242,13242,4,35.193966,0.9285714285714286,peripheral,peripheral,MURA_TT_1765
MURA-v1.1/train/XR_SHOULDER/patient00514/study1_positive/image3.png,XR_SHOULDER,patient00514,study1_positive,1,image3.png,train,/content/drive/MyDrive/MURA-v1.1/train/XR_SHOULDER/patient00514/study1_positive/image3.png,train/XR_SHOULDER/patient00514/study1_positive,1,abnormal,/content/MURA_abnormal_train/XR_SHOULDER/patient00514/study1_positive/image3.png,True,1558,1558,3,22.541964,0.0505836575875486,central,central,MURA_TT_1766
MURA-v1.1/train/XR_SHOULDER/patient00977/study1_positive/image4.png,XR_SHOULDER,patient00977,study1_positive,1,image4.png,train,/content/drive/MyDrive/MURA-v1.1/train/XR_SHOULDER/patient00977/study1_positive/image4.png,train/XR_SHOULDER/patient00977/study1_positive,1,abnormal,/content/MURA_abnormal_train/XR_SHOULDER/patient00977/study1_positive/image4.png,True,2937,2937,2,23.245094,0.135593220338983,central,central,MURA_TT_1767
MURA-v1.1/train/XR_HAND/patient09788/study1_positive/image3.png,XR_HAND,patient09788,study1_positive,1,image3.png,train,/content/drive/MyDrive/MURA-v1.1/train/XR_HAND/patient09788/study1_positive/image3.png,train/XR_HAND/patient09788/study1_positive,1,abnormal,/content/MURA_abnormal_train/XR_HAND/patient09788/study1_positive/image3.png,True,13598,13598,5,23.906425,0.6666666666666666,intermediate,intermediate,MURA_TT_1768
MURA-v1.1/train/XR_FOREARM/patient09246/study1_positive/image4.png,XR_FOREARM,patient09246,study1_positive,1,image4.png,train,/content/drive/MyDrive/MURA-v1.1/train/XR_FOREARM/patient09246/study1_positive/image4.png,train/XR_FOREARM/patient09246/study1_positive,1,abnormal,/content/MURA_abnormal_train/XR_FOREARM/patient09246/study1_positive/image4.png,True,13224,13224,2,22.71155,0.3174603174603174,central,central,MURA_TT_1769
MURA-v1.1/train/XR_FOREARM/patient09116/study1_positive/image1.png,XR_FOREARM,patient09116,study1_positive,1,image1.png,train,/content/drive/MyDrive/MURA-v1.1/train/XR_FOREARM/patient09116/study1_positive/image1.png,train/XR_FOREARM/patient09116/study1_positive,1,abnormal,/content/MURA_abnormal_train/XR_FOREARM/patient09116/study1_positive/image1.png,True,12824,12824,2,27.321308,0.7380952380952381,intermediate,intermediate,MURA_TT_1770
MURA-v1.1/train/XR_SHOULDER/patient01367/study1_positive/image1.png,XR_SHOULDER,patient01367,study1_positive,1,image1.png,train,/content/drive/MyDrive/MURA-v1.1/train/XR_SHOULDER/patient01367/study1_positive/image1.png,train/XR_SHOULDER/patient01367/study1_positive,1,abnormal,/content/MURA_abnormal_train/XR_SHOULDER/patient01367/study1_positive/image1.png,True,4032,4032,2,25.612453,0.3631961259079903,central,central,MURA_TT_1771
MURA-v1.1/train/XR_SHOULDER/patient00125/study1_positive/image5.png,XR_SHOULDER,patient00125,study1_positive,1,image5.png,train,/content/drive/MyDrive/MURA-v1.1/train/XR_SHOULDER/patient00125/study1_positive/image5.png,train/XR_SHOULDER/patient00125/study1_positive,1,abnormal,/content/MURA_abnormal_train/XR_SHOULDER/patient00125/study1_positive/image5.png,True,375,375,3,21.652697,0.0194552529182879,central,central,MURA_TT_1772
MURA-v1.1/train/XR_SHOULDER/patient00136/study1_positive/image3.png,XR_SHOULDER,patient00136,study1_positive,1,image3.png,train,/content/drive/MyDrive/MURA-v1.1/train/XR_SHOULDER/patient00136/study1_positive/image3.png,train/XR_SHOULDER/patient00136/study1_positive,1,abnormal,/content/MURA_abnormal_train/XR_SHOULDER/patient00136/study1_positive/image3.png,True,413,413,3,31.551146,0.795071335927367,intermediate,intermediate,MURA_TT_1773
MURA-v1.1/train/XR_SHOULDER/patient00106/study1_positive/image1.png,XR_SHOULDER,patient00106,study1_positive,1,image1.png,train,/content/drive/MyDrive/MURA-v1.1/train/XR_SHOULDER/patient00106/study1_positive/image1.png,train/XR_SHOULDER/patient00106/study1_positive,1,abnormal,/content/MURA_abnormal_train/XR_SHOULDER/patient00106/study1_positive/image1.png,True,310,310,1,26.546225,0.0895522388059701,central,central,MURA_TT_1774
MURA-v1.1/train/XR_WRIST/patient06561/study1_positive/image3.png,XR_WRIST,patient06561,study1_positive,1,image3.png,train,/content/drive/MyDrive/MURA-v1.1/train/XR_WRIST/patient06561/study1_positive/image3.png,train/XR_WRIST/patient06561/study1_positive,1,abnormal,/content/MURA_abnormal_train/XR_WRIST/patient06561/study1_positive/image3.png,True,9454,9454,8,23.648275,0.4202453987730061,central,central,MURA_TT_1775
MURA-v1.1/train/XR_SHOULDER/patient01344/study2_positive/image1.png,XR_SHOULDER,patient01344,study2_positive,1,image1.png,train,/content/drive/MyDrive/MURA-v1.1/train/XR_SHOULDER/patient01344/study2_positive/image1.png,train/XR_SHOULDER/patient01344/study2_positive,1,abnormal,/content/MURA_abnormal_train/XR_SHOULDER/patient01344/study2_positive/image1.png,True,3963,3963,1,26.32956,0.0626865671641791,central,central,MURA_TT_1776
MURA-v1.1/train/XR_SHOULDER/patient00024/study1_positive/image1.png,XR_SHOULDER,patient00024,study1_positive,1,image1.png,train,/content/drive/MyDrive/MURA-v1.1/train/XR_SHOULDER/patient00024/study1_positive/image1.png,train/XR_SHOULDER/patient00024/study1_positive,1,abnormal,/content/MURA_abnormal_train/XR_SHOULDER/patient00024/study1_positive/image1.png,True,61,61,5,23.762234,0.4625592417061611,central,central,MURA_TT_1777
MURA-v1.1/train/XR_SHOULDER/patient00409/study1_positive/image1.png,XR_SHOULDER,patient00409,study1_positive,1,image1.png,train,/content/drive/MyDrive/MURA-v1.1/train/XR_SHOULDER/patient00409/study1_positive/image1.png,train/XR_SHOULDER/patient00409/study1_positive,1,abnormal,/content/MURA_abnormal_train/XR_SHOULDER/patient00409/study1_positive/image1.png,True,1253,1253,3,25.711866,0.2892347600518807,central,central,MURA_TT_1778
MURA-v1.1/train/XR_SHOULDER/patient00156/study1_positive/image2.png,XR_SHOULDER,patient00156,study1_positive,1,image2.png,train,/content/drive/MyDrive/MURA-v1.1/train/XR_SHOULDER/patient00156/study1_positive/image2.png,train/XR_SHOULDER/patient00156/study1_positive,1,abnormal,/content/MURA_abnormal_train/XR_SHOULDER/patient00156/study1_positive/image2.png,True,477,477,5,23.677755,0.4511848341232227,central,central,MURA_TT_1779
MURA-v1.1/train/XR_WRIST/patient07388/study1_positive/image3.png,XR_WRIST,patient07388,study1_positive,1,image3.png,train,/content/drive/MyDrive/MURA-v1.1/train/XR_WRIST/patient07388/study1_positive/image3.png,train/XR_WRIST/patient07388/study1_positive,1,abnormal,/content/MURA_abnormal_train/XR_WRIST/patient07388/study1_positive/image3.png,True,12561,12561,2,22.639158,0.2505446623093681,central,central,MURA_TT_1780
MURA-v1.1/train/XR_SHOULDER/patient00178/study1_positive/image2.png,XR_SHOULDER,patient00178,study1_positive,1,image2.png,train,/content/drive/MyDrive/MURA-v1.1/train/XR_SHOULDER/patient00178/study1_positive/image2.png,train/XR_SHOULDER/patient00178/study1_positive,1,abnormal,/content/MURA_abnormal_train/XR_SHOULDER/patient00178/study1_positive/image2.png,True,536,536,2,33.72994,0.937046004842615,peripheral,peripheral,MURA_TT_1781
MURA-v1.1/train/XR_WRIST/patient07142/study1_positive/image1.png,XR_WRIST,patient07142,study1_positive,1,image1.png,train,/content/drive/MyDrive/MURA-v1.1/train/XR_WRIST/patient07142/study1_positive/image1.png,train/XR_WRIST/patient07142/study1_positive,1,abnormal,/content/MURA_abnormal_train/XR_WRIST/patient07142/study1_positive/image1.png,True,11636,11636,8,21.042236,0.156441717791411,central,central,MURA_TT_1782
MURA-v1.1/train/XR_WRIST/patient06477/study1_positive/image4.png,XR_WRIST,patient06477,study1_positive,1,image4.png,train,/content/drive/MyDrive/MURA-v1.1/train/XR_WRIST/patient06477/study1_positive/image4.png,train/XR_WRIST/patient06477/study1_positive,1,abnormal,/content/MURA_abnormal_train/XR_WRIST/patient06477/study1_positive/image4.png,True,9168,9168,7,25.630335,0.0827586206896551,central,central,MURA_TT_1783
MURA-v1.1/train/XR_WRIST/patient06823/study1_positive/image2.png,XR_WRIST,patient06823,study1_positive,1,image2.png,train,/content/drive/MyDrive/MURA-v1.1/train/XR_WRIST/patient06823/study1_positive/image2.png,train/XR_WRIST/patient06823/study1_positive,1,abnormal,/content/MURA_abnormal_train/XR_WRIST/patient06823/study1_positive/image2.png,True,10451,10451,1,29.819168,0.8481973434535104,peripheral,peripheral,MURA_TT_1784
MURA-v1.1/train/XR_WRIST/patient06729/study1_positive/image3.png,XR_WRIST,patient06729,study1_positive,1,image3.png,train,/content/drive/MyDrive/MURA-v1.1/train/XR_WRIST/patient06729/study1_positive/image3.png,train/XR_WRIST/patient06729/study1_positive,1,abnormal,/content/MURA_abnormal_train/XR_WRIST/patient06729/study1_positive/image3.png,True,10091,10091,5,29.546028,0.912396694214876,peripheral,peripheral,MURA_TT_1785
MURA-v1.1/train/XR_HAND/patient10121/study1_positive/image1.png,XR_HAND,patient10121,study1_positive,1,image1.png,train,/content/drive/MyDrive/MURA-v1.1/train/XR_HAND/patient10121/study1_positive/image1.png,train/XR_HAND/patient10121/study1_positive,1,abnormal,/content/MURA_abnormal_train/XR_HAND/patient10121/study1_positive/image1.png,True,14819,14819,1,26.893387,0.3568904593639576,central,central,MURA_TT_1786
MURA-v1.1/train/XR_FOREARM/patient09104/study1_positive/image3.png,XR_FOREARM,patient09104,study1_positive,1,image3.png,train,/content/drive/MyDrive/MURA-v1.1/train/XR_FOREARM/patient09104/study1_positive/image3.png,train/XR_FOREARM/patient09104/study1_positive,1,abnormal,/content/MURA_abnormal_train/XR_FOREARM/patient09104/study1_positive/image3.png,True,12791,12791,3,23.619085,0.3141592920353982,central,central,MURA_TT_1787
MURA-v1.1/train/XR_HUMERUS/patient02937/study1_positive/image2.png,XR_HUMERUS,patient02937,study1_positive,1,image2.png,train,/content/drive/MyDrive/MURA-v1.1/train/XR_HUMERUS/patient02937/study1_positive/image2.png,train/XR_HUMERUS/patient02937/study1_positive,1,abnormal,/content/MURA_abnormal_train/XR_HUMERUS/patient02937/study1_positive/image2.png,True,4759,4759,0,35.731884,0.7956204379562044,intermediate,intermediate,MURA_TT_1788
MURA-v1.1/train/XR_WRIST/patient06943/study1_positive/image2.png,XR_WRIST,patient06943,study1_positive,1,image2.png,train,/content/drive/MyDrive/MURA-v1.1/train/XR_WRIST/patient06943/study1_positive/image2.png,train/XR_WRIST/patient06943/study1_positive,1,abnormal,/content/MURA_abnormal_train/XR_WRIST/patient06943/study1_positive/image2.png,True,10886,10886,5,29.001652,0.8892561983471075,peripheral,peripheral,MURA_TT_1789
MURA-v1.1/train/XR_FOREARM/patient09205/study1_positive/image1.png,XR_FOREARM,patient09205,study1_positive,1,image1.png,train,/content/drive/MyDrive/MURA-v1.1/train/XR_FOREARM/patient09205/study1_positive/image1.png,train/XR_FOREARM/patient09205/study1_positive,1,abnormal,/content/MURA_abnormal_train/XR_FOREARM/patient09205/study1_positive/image1.png,True,13115,13115,0,24.789188,0.4234234234234234,central,central,MURA_TT_1790
MURA-v1.1/train/XR_FOREARM/patient09103/study1_positive/image2.png,XR_FOREARM,patient09103,study1_positive,1,image2.png,train,/content/drive/MyDrive/MURA-v1.1/train/XR_FOREARM/patient09103/study1_positive/image2.png,train/XR_FOREARM/patient09103/study1_positive,1,abnormal,/content/MURA_abnormal_train/XR_FOREARM/patient09103/study1_positive/image2.png,True,12788,12788,3,25.881662,0.5265486725663717,intermediate,intermediate,MURA_TT_1791
MURA-v1.1/train/XR_FOREARM/patient09112/study1_positive/image1.png,XR_FOREARM,patient09112,study1_positive,1,image1.png,train,/content/drive/MyDrive/MURA-v1.1/train/XR_FOREARM/patient09112/study1_positive/image1.png,train/XR_FOREARM/patient09112/study1_positive,1,abnormal,/content/MURA_abnormal_train/XR_FOREARM/patient09112/study1_positive/image1.png,True,12814,12814,0,26.827871,0.5585585585585585,intermediate,intermediate,MURA_TT_1792
MURA-v1.1/train/XR_HUMERUS/patient02725/study1_positive/image2.png,XR_HUMERUS,patient02725,study1_positive,1,image2.png,train,/content/drive/MyDrive/MURA-v1.1/train/XR_HUMERUS/patient02725/study1_positive/image2.png,train/XR_HUMERUS/patient02725/study1_positive,1,abnormal,/content/MURA_abnormal_train/XR_HUMERUS/patient02725/study1_positive/image2.png,True,4248,4248,3,22.360651,0.0873362445414847,central,central,MURA_TT_1793
MURA-v1.1/train/XR_SHOULDER/patient00533/study1_positive/image4.png,XR_SHOULDER,patient00533,study1_positive,1,image4.png,train,/content/drive/MyDrive/MURA-v1.1/train/XR_SHOULDER/patient00533/study1_positive/image4.png,train/XR_SHOULDER/patient00533/study1_positive,1,abnormal,/content/MURA_abnormal_train/XR_SHOULDER/patient00533/study1_positive/image4.png,True,1619,1619,1,34.04134,0.6507462686567164,intermediate,intermediate,MURA_TT_1794
MURA-v1.1/train/XR_WRIST/patient06460/study1_positive/image3.png,XR_WRIST,patient06460,study1_positive,1,image3.png,train,/content/drive/MyDrive/MURA-v1.1/train/XR_WRIST/patient06460/study1_positive/image3.png,train/XR_WRIST/patient06460/study1_positive,1,abnormal,/content/MURA_abnormal_train/XR_WRIST/patient06460/study1_positive/image3.png,True,9110,9110,3,26.374533,0.4157088122605364,central,central,MURA_TT_1795
MURA-v1.1/train/XR_SHOULDER/patient00320/study1_positive/image4.png,XR_SHOULDER,patient00320,study1_positive,1,image4.png,train,/content/drive/MyDrive/MURA-v1.1/train/XR_SHOULDER/patient00320/study1_positive/image4.png,train/XR_SHOULDER/patient00320/study1_positive,1,abnormal,/content/MURA_abnormal_train/XR_SHOULDER/patient00320/study1_positive/image4.png,True,988,988,0,22.592705,0.3954154727793696,central,central,MURA_TT_1796
MURA-v1.1/train/XR_FINGER/patient03254/study1_positive/image3.png,XR_FINGER,patient03254,study1_positive,1,image3.png,train,/content/drive/MyDrive/MURA-v1.1/train/XR_FINGER/patient03254/study1_positive/image3.png,train/XR_FINGER/patient03254/study1_positive,1,abnormal,/content/MURA_abnormal_train/XR_FINGER/patient03254/study1_positive/image3.png,True,4872,4872,5,23.585533,0.4402332361516035,central,central,MURA_TT_1797
MURA-v1.1/train/XR_HUMERUS/patient02763/study1_positive/image1.png,XR_HUMERUS,patient02763,study1_positive,1,image1.png,train,/content/drive/MyDrive/MURA-v1.1/train/XR_HUMERUS/patient02763/study1_positive/image1.png,train/XR_HUMERUS/patient02763/study1_positive,1,abnormal,/content/MURA_abnormal_train/XR_HUMERUS/patient02763/study1_positive/image1.png,True,4336,4336,2,23.928831,0.3896713615023474,central,central,MURA_TT_1798
MURA-v1.1/train/XR_FINGER/patient00817/study1_positive/image2.png,XR_FINGER,patient00817,study1_positive,1,image2.png,train,/content/drive/MyDrive/MURA-v1.1/train/XR_FINGER/patient00817/study1_positive/image2.png,train/XR_FINGER/patient00817/study1_positive,1,abnormal,/content/MURA_abnormal_train/XR_FINGER/patient00817/study1_positive/image2.png,True,4953,4953,5,26.321331,0.7084548104956269,intermediate,intermediate,MURA_TT_1799
MURA-v1.1/train/XR_SHOULDER/patient00385/study1_positive/image2.png,XR_SHOULDER,patient00385,study1_positive,1,image2.png,train,/content/drive/MyDrive/MURA-v1.1/train/XR_SHOULDER/patient00385/study1_positive/image2.png,train/XR_SHOULDER/patient00385/study1_positive,1,abnormal,/content/MURA_abnormal_train/XR_SHOULDER/patient00385/study1_positive/image2.png,True,1180,1180,0,23.203875,0.4527220630372492,central,central,MURA_TT_1800
MURA-v1.1/train/XR_WRIST/patient03050/study1_positive/image2.png,XR_WRIST,patient03050,study1_positive,1,image2.png,train,/content/drive/MyDrive/MURA-v1.1/train/XR_WRIST/patient03050/study1_positive/image2.png,train/XR_WRIST/patient03050/study1_positive,1,abnormal,/content/MURA_abnormal_train/XR_WRIST/patient03050/study1_positive/image2.png,True,11126,11126,2,23.94724,0.3899782135076253,central,central,MURA_TT_1801
MURA-v1.1/train/XR_HAND/patient03507/study1_positive/image3.png,XR_HAND,patient03507,study1_positive,1,image3.png,train,/content/drive/MyDrive/MURA-v1.1/train/XR_HAND/patient03507/study1_positive/image3.png,train/XR_HAND/patient03507/study1_positive,1,abnormal,/content/MURA_abnormal_train/XR_HAND/patient03507/study1_positive/image3.png,True,13899,13899,0,21.931767,0.3026315789473684,central,central,MURA_TT_1802
MURA-v1.1/train/XR_WRIST/patient07158/study1_positive/image3.png,XR_WRIST,patient07158,study1_positive,1,image3.png,train,/content/drive/MyDrive/MURA-v1.1/train/XR_WRIST/patient07158/study1_positive/image3.png,train/XR_WRIST/patient07158/study1_positive,1,abnormal,/content/MURA_abnormal_train/XR_WRIST/patient07158/study1_positive/image3.png,True,11712,11712,6,28.346535,0.3837837837837838,central,central,MURA_TT_1803
MURA-v1.1/train/XR_SHOULDER/patient01105/study1_positive/image4.png,XR_SHOULDER,patient01105,study1_positive,1,image4.png,train,/content/drive/MyDrive/MURA-v1.1/train/XR_SHOULDER/patient01105/study1_positive/image4.png,train/XR_SHOULDER/patient01105/study1_positive,1,abnormal,/content/MURA_abnormal_train/XR_SHOULDER/patient01105/study1_positive/image4.png,True,3289,3289,3,34.89667,0.9169909208819714,peripheral,peripheral,MURA_TT_1804
MURA-v1.1/train/XR_FINGER/patient02119/study1_positive/image3.png,XR_FINGER,patient02119,study1_positive,1,image3.png,train,/content/drive/MyDrive/MURA-v1.1/train/XR_FINGER/patient02119/study1_positive/image3.png,train/XR_FINGER/patient02119/study1_positive,1,abnormal,/content/MURA_abnormal_train/XR_FINGER/patient02119/study1_positive/image3.png,True,4878,4878,4,27.030066,0.7571801566579635,intermediate,intermediate,MURA_TT_1805
MURA-v1.1/train/XR_WRIST/patient06465/study1_positive/image3.png,XR_WRIST,patient06465,study1_positive,1,image3.png,train,/content/drive/MyDrive/MURA-v1.1/train/XR_WRIST/patient06465/study1_positive/image3.png,train/XR_WRIST/patient06465/study1_positive,1,abnormal,/content/MURA_abnormal_train/XR_WRIST/patient06465/study1_positive/image3.png,True,9125,9125,4,25.723372,0.3573487031700288,central,central,MURA_TT_1806
MURA-v1.1/train/XR_ELBOW/patient05301/study1_positive/image2.png,XR_ELBOW,patient05301,study1_positive,1,image2.png,train,/content/drive/MyDrive/MURA-v1.1/train/XR_ELBOW/patient05301/study1_positive/image2.png,train/XR_ELBOW/patient05301/study1_positive,1,abnormal,/content/MURA_abnormal_train/XR_ELBOW/patient05301/study1_positive/image2.png,True,8207,8207,1,20.705597,0.3404669260700389,central,central,MURA_TT_1807
MURA-v1.1/train/XR_HUMERUS/patient02717/study1_positive/image1.png,XR_HUMERUS,patient02717,study1_positive,1,image1.png,train,/content/drive/MyDrive/MURA-v1.1/train/XR_HUMERUS/patient02717/study1_positive/image1.png,train/XR_HUMERUS/patient02717/study1_positive,1,abnormal,/content/MURA_abnormal_train/XR_HUMERUS/patient02717/study1_positive/image1.png,True,4217,4217,0,39.313686,0.8905109489051095,peripheral,peripheral,MURA_TT_1808
MURA-v1.1/train/XR_FOREARM/patient09102/study1_positive/image2.png,XR_FOREARM,patient09102,study1_positive,1,image2.png,train,/content/drive/MyDrive/MURA-v1.1/train/XR_FOREARM/patient09102/study1_positive/image2.png,train/XR_FOREARM/patient09102/study1_positive,1,abnormal,/content/MURA_abnormal_train/XR_FOREARM/patient09102/study1_positive/image2.png,True,12786,12786,0,22.402527,0.1441441441441441,central,central,MURA_TT_1809
MURA-v1.1/train/XR_SHOULDER/patient00509/study1_positive/image2.png,XR_SHOULDER,patient00509,study1_positive,1,image2.png,train,/content/drive/MyDrive/MURA-v1.1/train/XR_SHOULDER/patient00509/study1_positive/image2.png,train/XR_SHOULDER/patient00509/study1_positive,1,abnormal,/content/MURA_abnormal_train/XR_SHOULDER/patient00509/study1_positive/image2.png,True,1544,1544,1,31.79215,0.5194029850746269,intermediate,intermediate,MURA_TT_1810
MURA-v1.1/train/XR_HAND/patient09861/study1_positive/image1.png,XR_HAND,patient09861,study1_positive,1,image1.png,train,/content/drive/MyDrive/MURA-v1.1/train/XR_HAND/patient09861/study1_positive/image1.png,train/XR_HAND/patient09861/study1_positive,1,abnormal,/content/MURA_abnormal_train/XR_HAND/patient09861/study1_positive/image1.png,True,13868,13868,0,20.100416,0.131578947368421,central,central,MURA_TT_1811
MURA-v1.1/train/XR_HAND/patient10084/study1_positive/image3.png,XR_HAND,patient10084,study1_positive,1,image3.png,train,/content/drive/MyDrive/MURA-v1.1/train/XR_HAND/patient10084/study1_positive/image3.png,train/XR_HAND/patient10084/study1_positive,1,abnormal,/content/MURA_abnormal_train/XR_HAND/patient10084/study1_positive/image3.png,True,14682,14682,2,33.650223,0.8769716088328076,peripheral,peripheral,MURA_TT_1812
MURA-v1.1/train/XR_WRIST/patient06606/study1_positive/image1.png,XR_WRIST,patient06606,study1_positive,1,image1.png,train,/content/drive/MyDrive/MURA-v1.1/train/XR_WRIST/patient06606/study1_positive/image1.png,train/XR_WRIST/patient06606/study1_positive,1,abnormal,/content/MURA_abnormal_train/XR_WRIST/patient06606/study1_positive/image1.png,True,9606,9606,0,37.443382,0.7647058823529411,intermediate,intermediate,MURA_TT_1813
MURA-v1.1/train/XR_WRIST/patient07347/study1_positive/image2.png,XR_WRIST,patient07347,study1_positive,1,image2.png,train,/content/drive/MyDrive/MURA-v1.1/train/XR_WRIST/patient07347/study1_positive/image2.png,train/XR_WRIST/patient07347/study1_positive,1,abnormal,/content/MURA_abnormal_train/XR_WRIST/patient07347/study1_positive/image2.png,True,12426,12426,3,25.310923,0.2950191570881226,central,central,MURA_TT_1814
MURA-v1.1/train/XR_SHOULDER/patient00701/study1_positive/image2.png,XR_SHOULDER,patient00701,study1_positive,1,image2.png,train,/content/drive/MyDrive/MURA-v1.1/train/XR_SHOULDER/patient00701/study1_positive/image2.png,train/XR_SHOULDER/patient00701/study1_positive,1,abnormal,/content/MURA_abnormal_train/XR_SHOULDER/patient00701/study1_positive/image2.png,True,2120,2120,4,34.613285,0.8737060041407867,peripheral,peripheral,MURA_TT_1815
MURA-v1.1/train/XR_HAND/patient09746/study1_positive/image1.png,XR_HAND,patient09746,study1_positive,1,image1.png,train,/content/drive/MyDrive/MURA-v1.1/train/XR_HAND/patient09746/study1_positive/image1.png,train/XR_HAND/patient09746/study1_positive,1,abnormal,/content/MURA_abnormal_train/XR_HAND/patient09746/study1_positive/image1.png,True,13432,13432,3,38.769913,0.9230769230769232,peripheral,peripheral,MURA_TT_1816
MURA-v1.1/train/XR_SHOULDER/patient00620/study1_positive/image3.png,XR_SHOULDER,patient00620,study1_positive,1,image3.png,train,/content/drive/MyDrive/MURA-v1.1/train/XR_SHOULDER/patient00620/study1_positive/image3.png,train/XR_SHOULDER/patient00620/study1_positive,1,abnormal,/content/MURA_abnormal_train/XR_SHOULDER/patient00620/study1_positive/image3.png,True,1875,1875,5,30.513775,0.9421800947867298,peripheral,peripheral,MURA_TT_1817
MURA-v1.1/train/XR_HUMERUS/patient02934/study1_positive/image1.png,XR_HUMERUS,patient02934,study1_positive,1,image1.png,train,/content/drive/MyDrive/MURA-v1.1/train/XR_HUMERUS/patient02934/study1_positive/image1.png,train/XR_HUMERUS/patient02934/study1_positive,1,abnormal,/content/MURA_abnormal_train/XR_HUMERUS/patient02934/study1_positive/image1.png,True,4752,4752,2,21.29666,0.1549295774647887,central,central,MURA_TT_1818
MURA-v1.1/train/XR_ELBOW/patient04927/study1_positive/image5.png,XR_ELBOW,patient04927,study1_positive,1,image5.png,train,/content/drive/MyDrive/MURA-v1.1/train/XR_ELBOW/patient04927/study1_positive/image5.png,train/XR_ELBOW/patient04927/study1_positive,1,abnormal,/content/MURA_abnormal_train/XR_ELBOW/patient04927/study1_positive/image5.png,True,6814,6814,4,25.560488,0.0425531914893617,central,central,MURA_TT_1819
MURA-v1.1/train/XR_FINGER/patient03307/study1_positive/image2.png,XR_FINGER,patient03307,study1_positive,1,image2.png,train,/content/drive/MyDrive/MURA-v1.1/train/XR_FINGER/patient03307/study1_positive/image2.png,train/XR_FINGER/patient03307/study1_positive,1,abnormal,/content/MURA_abnormal_train/XR_FINGER/patient03307/study1_positive/image2.png,True,5059,5059,2,26.406794,0.6323119777158774,intermediate,intermediate,MURA_TT_1820
MURA-v1.1/train/XR_HAND/patient09801/study1_positive/image1.png,XR_HAND,patient09801,study1_positive,1,image1.png,train,/content/drive/MyDrive/MURA-v1.1/train/XR_HAND/patient09801/study1_positive/image1.png,train/XR_HAND/patient09801/study1_positive,1,abnormal,/content/MURA_abnormal_train/XR_HAND/patient09801/study1_positive/image1.png,True,13648,13648,1,26.932327,0.3604240282685512,central,central,MURA_TT_1821
MURA-v1.1/train/XR_HAND/patient09802/study1_positive/image3.png,XR_HAND,patient09802,study1_positive,1,image3.png,train,/content/drive/MyDrive/MURA-v1.1/train/XR_HAND/patient09802/study1_positive/image3.png,train/XR_HAND/patient09802/study1_positive,1,abnormal,/content/MURA_abnormal_train/XR_HAND/patient09802/study1_positive/image3.png,True,13652,13652,2,32.8598,0.861198738170347,peripheral,peripheral,MURA_TT_1822
MURA-v1.1/train/XR_FINGER/patient03499/study1_positive/image3.png,XR_FINGER,patient03499,study1_positive,1,image3.png,train,/content/drive/MyDrive/MURA-v1.1/train/XR_FINGER/patient03499/study1_positive/image3.png,train/XR_FINGER/patient03499/study1_positive,1,abnormal,/content/MURA_abnormal_train/XR_FINGER/patient03499/study1_positive/image3.png,True,5691,5691,2,26.899933,0.6768802228412256,intermediate,intermediate,MURA_TT_1823
MURA-v1.1/train/XR_HAND/patient09987/study1_positive/image2.png,XR_HAND,patient09987,study1_positive,1,image2.png,train,/content/drive/MyDrive/MURA-v1.1/train/XR_HAND/patient09987/study1_positive/image2.png,train/XR_HAND/patient09987/study1_positive,1,abnormal,/content/MURA_abnormal_train/XR_HAND/patient09987/study1_positive/image2.png,True,14342,14342,0,25.934168,0.6710526315789473,intermediate,intermediate,MURA_TT_1824
MURA-v1.1/train/XR_WRIST/patient04748/study1_positive/image2.png,XR_WRIST,patient04748,study1_positive,1,image2.png,train,/content/drive/MyDrive/MURA-v1.1/train/XR_WRIST/patient04748/study1_positive/image2.png,train/XR_WRIST/patient04748/study1_positive,1,abnormal,/content/MURA_abnormal_train/XR_WRIST/patient04748/study1_positive/image2.png,True,8814,8814,5,28.362715,0.8661157024793389,peripheral,peripheral,MURA_TT_1825
MURA-v1.1/train/XR_SHOULDER/patient00800/study1_positive/image1.png,XR_SHOULDER,patient00800,study1_positive,1,image1.png,train,/content/drive/MyDrive/MURA-v1.1/train/XR_SHOULDER/patient00800/study1_positive/image1.png,train/XR_SHOULDER/patient00800/study1_positive,1,abnormal,/content/MURA_abnormal_train/XR_SHOULDER/patient00800/study1_positive/image1.png,True,2420,2420,1,29.70518,0.3462686567164179,central,central,MURA_TT_1826
MURA-v1.1/train/XR_HUMERUS/patient02718/study1_positive/image1.png,XR_HUMERUS,patient02718,study1_positive,1,image1.png,train,/content/drive/MyDrive/MURA-v1.1/train/XR_HUMERUS/patient02718/study1_positive/image1.png,train/XR_HUMERUS/patient02718/study1_positive,1,abnormal,/content/MURA_abnormal_train/XR_HUMERUS/patient02718/study1_positive/image1.png,True,4219,4219,1,26.521597,0.2,central,central,MURA_TT_1827
MURA-v1.1/train/XR_WRIST/patient06737/study1_positive/image1.png,XR_WRIST,patient06737,study1_positive,1,image1.png,train,/content/drive/MyDrive/MURA-v1.1/train/XR_WRIST/patient06737/study1_positive/image1.png,train/XR_WRIST/patient06737/study1_positive,1,abnormal,/content/MURA_abnormal_train/XR_WRIST/patient06737/study1_positive/image1.png,True,10117,10117,5,22.212986,0.2975206611570248,central,central,MURA_TT_1828
MURA-v1.1/train/XR_FOREARM/patient09159/study1_positive/image3.png,XR_FOREARM,patient09159,study1_positive,1,image3.png,train,/content/drive/MyDrive/MURA-v1.1/train/XR_FOREARM/patient09159/study1_positive/image3.png,train/XR_FOREARM/patient09159/study1_positive,1,abnormal,/content/MURA_abnormal_train/XR_FOREARM/patient09159/study1_positive/image3.png,True,12950,12950,2,28.632307,0.8333333333333334,peripheral,peripheral,MURA_TT_1829
MURA-v1.1/train/XR_WRIST/patient06661/study1_positive/image3.png,XR_WRIST,patient06661,study1_positive,1,image3.png,train,/content/drive/MyDrive/MURA-v1.1/train/XR_WRIST/patient06661/study1_positive/image3.png,train/XR_WRIST/patient06661/study1_positive,1,abnormal,/content/MURA_abnormal_train/XR_WRIST/patient06661/study1_positive/image3.png,True,9800,9800,7,29.819775,0.3793103448275862,central,central,MURA_TT_1830
MURA-v1.1/train/XR_FOREARM/patient07903/study1_positive/image3.png,XR_FOREARM,patient07903,study1_positive,1,image3.png,train,/content/drive/MyDrive/MURA-v1.1/train/XR_FOREARM/patient07903/study1_positive/image3.png,train/XR_FOREARM/patient07903/study1_positive,1,abnormal,/content/MURA_abnormal_train/XR_FOREARM/patient07903/study1_positive/image3.png,True,13119,13119,2,23.619553,0.4285714285714285,central,central,MURA_TT_1831
MURA-v1.1/train/XR_WRIST/patient06660/study1_positive/image1.png,XR_WRIST,patient06660,study1_positive,1,image1.png,train,/content/drive/MyDrive/MURA-v1.1/train/XR_WRIST/patient06660/study1_positive/image1.png,train/XR_WRIST/patient06660/study1_positive,1,abnormal,/content/MURA_abnormal_train/XR_WRIST/patient06660/study1_positive/image1.png,True,9797,9797,4,26.029243,0.3948126801152737,central,central,MURA_TT_1832
MURA-v1.1/train/XR_HAND/patient09976/study1_positive/image3.png,XR_HAND,patient09976,study1_positive,1,image3.png,train,/content/drive/MyDrive/MURA-v1.1/train/XR_HAND/patient09976/study1_positive/image3.png,train/XR_HAND/patient09976/study1_positive,1,abnormal,/content/MURA_abnormal_train/XR_HAND/patient09976/study1_positive/image3.png,True,14304,14304,5,20.7756,0.2814814814814815,central,central,MURA_TT_1833
MURA-v1.1/train/XR_SHOULDER/patient00384/study1_positive/image1.png,XR_SHOULDER,patient00384,study1_positive,1,image1.png,train,/content/drive/MyDrive/MURA-v1.1/train/XR_SHOULDER/patient00384/study1_positive/image1.png,train/XR_SHOULDER/patient00384/study1_positive,1,abnormal,/content/MURA_abnormal_train/XR_SHOULDER/patient00384/study1_positive/image1.png,True,1177,1177,5,27.24624,0.8056872037914692,peripheral,peripheral,MURA_TT_1834
MURA-v1.1/train/XR_FOREARM/patient09141/study1_positive/image2.png,XR_FOREARM,patient09141,study1_positive,1,image2.png,train,/content/drive/MyDrive/MURA-v1.1/train/XR_FOREARM/patient09141/study1_positive/image2.png,train/XR_FOREARM/patient09141/study1_positive,1,abnormal,/content/MURA_abnormal_train/XR_FOREARM/patient09141/study1_positive/image2.png,True,12895,12895,5,22.94925,0.2745098039215686,central,central,MURA_TT_1835
MURA-v1.1/train/XR_FOREARM/patient06323/study1_positive/image1.png,XR_FOREARM,patient06323,study1_positive,1,image1.png,train,/content/drive/MyDrive/MURA-v1.1/train/XR_FOREARM/patient06323/study1_positive/image1.png,train/XR_FOREARM/patient06323/study1_positive,1,abnormal,/content/MURA_abnormal_train/XR_FOREARM/patient06323/study1_positive/image1.png,True,13172,13172,3,27.021463,0.5973451327433629,intermediate,intermediate,MURA_TT_1836
MURA-v1.1/train/XR_ELBOW/patient01457/study1_positive/image1.png,XR_ELBOW,patient01457,study1_positive,1,image1.png,train,/content/drive/MyDrive/MURA-v1.1/train/XR_ELBOW/patient01457/study1_positive/image1.png,train/XR_ELBOW/patient01457/study1_positive,1,abnormal,/content/MURA_abnormal_train/XR_ELBOW/patient01457/study1_positive/image1.png,True,6886,6886,1,23.201487,0.5817120622568094,intermediate,intermediate,MURA_TT_1837
MURA-v1.1/train/XR_HAND/patient09886/study1_positive/image1.png,XR_HAND,patient09886,study1_positive,1,image1.png,train,/content/drive/MyDrive/MURA-v1.1/train/XR_HAND/patient09886/study1_positive/image1.png,train/XR_HAND/patient09886/study1_positive,1,abnormal,/content/MURA_abnormal_train/XR_HAND/patient09886/study1_positive/image1.png,True,13980,13980,1,26.538479,0.2897526501766784,central,central,MURA_TT_1838
MURA-v1.1/train/XR_WRIST/patient07275/study2_positive/image3.png,XR_WRIST,patient07275,study2_positive,1,image3.png,train,/content/drive/MyDrive/MURA-v1.1/train/XR_WRIST/patient07275/study2_positive/image3.png,train/XR_WRIST/patient07275/study2_positive,1,abnormal,/content/MURA_abnormal_train/XR_WRIST/patient07275/study2_positive/image3.png,True,12169,12169,3,34.297295,0.9348659003831418,peripheral,peripheral,MURA_TT_1839
MURA-v1.1/train/XR_WRIST/patient07402/study1_positive/image3.png,XR_WRIST,patient07402,study1_positive,1,image3.png,train,/content/drive/MyDrive/MURA-v1.1/train/XR_WRIST/patient07402/study1_positive/image3.png,train/XR_WRIST/patient07402/study1_positive,1,abnormal,/content/MURA_abnormal_train/XR_WRIST/patient07402/study1_positive/image3.png,True,12607,12607,0,31.12401,0.5588235294117647,intermediate,intermediate,MURA_TT_1840
MURA-v1.1/train/XR_FINGER/patient03660/study1_positive/image1.png,XR_FINGER,patient03660,study1_positive,1,image1.png,train,/content/drive/MyDrive/MURA-v1.1/train/XR_FINGER/patient03660/study1_positive/image1.png,train/XR_FINGER/patient03660/study1_positive,1,abnormal,/content/MURA_abnormal_train/XR_FINGER/patient03660/study1_positive/image1.png,True,6233,6233,2,35.337925,0.9331476323119776,peripheral,peripheral,MURA_TT_1841
MURA-v1.1/train/XR_FINGER/patient03745/study1_positive/image2.png,XR_FINGER,patient03745,study1_positive,1,image2.png,train,/content/drive/MyDrive/MURA-v1.1/train/XR_FINGER/patient03745/study1_positive/image2.png,train/XR_FINGER/patient03745/study1_positive,1,abnormal,/content/MURA_abnormal_train/XR_FINGER/patient03745/study1_positive/image2.png,True,6526,6526,4,30.548473,0.91644908616188,peripheral,peripheral,MURA_TT_1842
MURA-v1.1/train/XR_HUMERUS/patient02939/study1_positive/image1.png,XR_HUMERUS,patient02939,study1_positive,1,image1.png,train,/content/drive/MyDrive/MURA-v1.1/train/XR_HUMERUS/patient02939/study1_positive/image1.png,train/XR_HUMERUS/patient02939/study1_positive,1,abnormal,/content/MURA_abnormal_train/XR_HUMERUS/patient02939/study1_positive/image1.png,True,4765,4765,2,23.259438,0.3192488262910798,central,central,MURA_TT_1843
MURA-v1.1/train/XR_HUMERUS/patient02743/study2_positive/image1.png,XR_HUMERUS,patient02743,study2_positive,1,image1.png,train,/content/drive/MyDrive/MURA-v1.1/train/XR_HUMERUS/patient02743/study2_positive/image1.png,train/XR_HUMERUS/patient02743/study2_positive,1,abnormal,/content/MURA_abnormal_train/XR_HUMERUS/patient02743/study2_positive/image1.png,True,4289,4289,2,20.212835,0.0751173708920187,central,central,MURA_TT_1844
MURA-v1.1/train/XR_HAND/patient09822/study1_positive/image1.png,XR_HAND,patient09822,study1_positive,1,image1.png,train,/content/drive/MyDrive/MURA-v1.1/train/XR_HAND/patient09822/study1_positive/image1.png,train/XR_HAND/patient09822/study1_positive,1,abnormal,/content/MURA_abnormal_train/XR_HAND/patient09822/study1_positive/image1.png,True,13736,13736,4,26.464798,0.6033898305084746,intermediate,intermediate,MURA_TT_1845
MURA-v1.1/train/XR_HAND/patient10026/study1_positive/image1.png,XR_HAND,patient10026,study1_positive,1,image1.png,train,/content/drive/MyDrive/MURA-v1.1/train/XR_HAND/patient10026/study1_positive/image1.png,train/XR_HAND/patient10026/study1_positive,1,abnormal,/content/MURA_abnormal_train/XR_HAND/patient10026/study1_positive/image1.png,True,14492,14492,1,26.494411,0.2826855123674912,central,central,MURA_TT_1846
MURA-v1.1/train/XR_ELBOW/patient04357/study1_positive/image1.png,XR_ELBOW,patient04357,study1_positive,1,image1.png,train,/content/drive/MyDrive/MURA-v1.1/train/XR_ELBOW/patient04357/study1_positive/image1.png,train/XR_ELBOW/patient04357/study1_positive,1,abnormal,/content/MURA_abnormal_train/XR_ELBOW/patient04357/study1_positive/image1.png,True,8251,8251,4,30.43934,0.476063829787234,central,central,MURA_TT_1847
MURA-v1.1/train/XR_ELBOW/patient05072/study1_positive/image2.png,XR_ELBOW,patient05072,study1_positive,1,image2.png,train,/content/drive/MyDrive/MURA-v1.1/train/XR_ELBOW/patient05072/study1_positive/image2.png,train/XR_ELBOW/patient05072/study1_positive,1,abnormal,/content/MURA_abnormal_train/XR_ELBOW/patient05072/study1_positive/image2.png,True,7352,7352,2,24.269787,0.4532871972318339,central,central,MURA_TT_1848
MURA-v1.1/train/XR_HUMERUS/patient02754/study1_positive/image3.png,XR_HUMERUS,patient02754,study1_positive,1,image3.png,train,/content/drive/MyDrive/MURA-v1.1/train/XR_HUMERUS/patient02754/study1_positive/image3.png,train/XR_HUMERUS/patient02754/study1_positive,1,abnormal,/content/MURA_abnormal_train/XR_HUMERUS/patient02754/study1_positive/image3.png,True,4314,4314,2,23.747261,0.3755868544600939,central,central,MURA_TT_1849
MURA-v1.1/train/XR_ELBOW/patient05392/study1_positive/image1.png,XR_ELBOW,patient05392,study1_positive,1,image1.png,train,/content/drive/MyDrive/MURA-v1.1/train/XR_ELBOW/patient05392/study1_positive/image1.png,train/XR_ELBOW/patient05392/study1_positive,1,abnormal,/content/MURA_abnormal_train/XR_ELBOW/patient05392/study1_positive/image1.png,True,8509,8509,0,28.60322,0.7664399092970522,intermediate,intermediate,MURA_TT_1850
MURA-v1.1/train/XR_HUMERUS/patient02700/study1_positive/image1.png,XR_HUMERUS,patient02700,study1_positive,1,image1.png,train,/content/drive/MyDrive/MURA-v1.1/train/XR_HUMERUS/patient02700/study1_positive/image1.png,train/XR_HUMERUS/patient02700/study1_positive,1,abnormal,/content/MURA_abnormal_train/XR_HUMERUS/patient02700/study1_positive/image1.png,True,4179,4179,0,35.786457,0.8029197080291971,peripheral,peripheral,MURA_TT_1851
MURA-v1.1/train/XR_ELBOW/patient05367/study1_positive/image2.png,XR_ELBOW,patient05367,study1_positive,1,image2.png,train,/content/drive/MyDrive/MURA-v1.1/train/XR_ELBOW/patient05367/study1_positive/image2.png,train/XR_ELBOW/patient05367/study1_positive,1,abnormal,/content/MURA_abnormal_train/XR_ELBOW/patient05367/study1_positive/image2.png,True,8427,8427,4,35.59928,0.8617021276595744,peripheral,peripheral,MURA_TT_1852
MURA-v1.1/train/XR_SHOULDER/patient00488/study1_positive/image2.png,XR_SHOULDER,patient00488,study1_positive,1,image2.png,train,/content/drive/MyDrive/MURA-v1.1/train/XR_SHOULDER/patient00488/study1_positive/image2.png,train/XR_SHOULDER/patient00488/study1_positive,1,abnormal,/content/MURA_abnormal_train/XR_SHOULDER/patient00488/study1_positive/image2.png,True,1479,1479,5,20.896019,0.171563981042654,central,central,MURA_TT_1853
MURA-v1.1/train/XR_WRIST/patient06770/study1_positive/image1.png,XR_WRIST,patient06770,study1_positive,1,image1.png,train,/content/drive/MyDrive/MURA-v1.1/train/XR_WRIST/patient06770/study1_positive/image1.png,train/XR_WRIST/patient06770/study1_positive,1,abnormal,/content/MURA_abnormal_train/XR_WRIST/patient06770/study1_positive/image1.png,True,10230,10230,5,22.557629,0.3371900826446281,central,central,MURA_TT_1854
MURA-v1.1/train/XR_FINGER/patient03652/study1_positive/image2.png,XR_FINGER,patient03652,study1_positive,1,image2.png,train,/content/drive/MyDrive/MURA-v1.1/train/XR_FINGER/patient03652/study1_positive/image2.png,train/XR_FINGER/patient03652/study1_positive,1,abnormal,/content/MURA_abnormal_train/XR_FINGER/patient03652/study1_positive/image2.png,True,6211,6211,2,24.375463,0.4206128133704735,central,central,MURA_TT_1855
MURA-v1.1/train/XR_FINGER/patient03283/study1_positive/image1.png,XR_FINGER,patient03283,study1_positive,1,image1.png,train,/content/drive/MyDrive/MURA-v1.1/train/XR_FINGER/patient03283/study1_positive/image1.png,train/XR_FINGER/patient03283/study1_positive,1,abnormal,/content/MURA_abnormal_train/XR_FINGER/patient03283/study1_positive/image1.png,True,4969,4969,0,27.348354,0.3292307692307692,central,central,MURA_TT_1856
MURA-v1.1/train/XR_FINGER/patient03565/study1_positive/image3.png,XR_FINGER,patient03565,study1_positive,1,image3.png,train,/content/drive/MyDrive/MURA-v1.1/train/XR_FINGER/patient03565/study1_positive/image3.png,train/XR_FINGER/patient03565/study1_positive,1,abnormal,/content/MURA_abnormal_train/XR_FINGER/patient03565/study1_positive/image3.png,True,5920,5920,3,23.406376,0.3568904593639576,central,central,MURA_TT_1857
MURA-v1.1/train/XR_WRIST/patient06927/study1_positive/image1.png,XR_WRIST,patient06927,study1_positive,1,image1.png,train,/content/drive/MyDrive/MURA-v1.1/train/XR_WRIST/patient06927/study1_positive/image1.png,train/XR_WRIST/patient06927/study1_positive,1,abnormal,/content/MURA_abnormal_train/XR_WRIST/patient06927/study1_positive/image1.png,True,10828,10828,2,31.39976,0.8932461873638344,peripheral,peripheral,MURA_TT_1858
MURA-v1.1/train/XR_FINGER/patient00536/study1_positive/image2.png,XR_FINGER,patient00536,study1_positive,1,image2.png,train,/content/drive/MyDrive/MURA-v1.1/train/XR_FINGER/patient00536/study1_positive/image2.png,train/XR_FINGER/patient00536/study1_positive,1,abnormal,/content/MURA_abnormal_train/XR_FINGER/patient00536/study1_positive/image2.png,True,6420,6420,2,22.237452,0.2005571030640668,central,central,MURA_TT_1859
MURA-v1.1/train/XR_FOREARM/patient09165/study1_positive/image1.png,XR_FOREARM,patient09165,study1_positive,1,image1.png,train,/content/drive/MyDrive/MURA-v1.1/train/XR_FOREARM/patient09165/study1_positive/image1.png,train/XR_FOREARM/patient09165/study1_positive,1,abnormal,/content/MURA_abnormal_train/XR_FOREARM/patient09165/study1_positive/image1.png,True,12974,12974,1,25.612759,0.1951219512195122,central,central,MURA_TT_1860
MURA-v1.1/train/XR_SHOULDER/patient00201/study1_positive/image1.png,XR_SHOULDER,patient00201,study1_positive,1,image1.png,train,/content/drive/MyDrive/MURA-v1.1/train/XR_SHOULDER/patient00201/study1_positive/image1.png,train/XR_SHOULDER/patient00201/study1_positive,1,abnormal,/content/MURA_abnormal_train/XR_SHOULDER/patient00201/study1_positive/image1.png,True,599,599,5,19.295324,0.0521327014218009,central,central,MURA_TT_1861
MURA-v1.1/train/XR_HUMERUS/patient02698/study1_positive/image2.png,XR_HUMERUS,patient02698,study1_positive,1,image2.png,train,/content/drive/MyDrive/MURA-v1.1/train/XR_HUMERUS/patient02698/study1_positive/image2.png,train/XR_HUMERUS/patient02698/study1_positive,1,abnormal,/content/MURA_abnormal_train/XR_HUMERUS/patient02698/study1_positive/image2.png,True,4176,4176,3,35.829433,0.9475982532751092,peripheral,peripheral,MURA_TT_1862
MURA-v1.1/train/XR_HUMERUS/patient02776/study1_positive/image1.png,XR_HUMERUS,patient02776,study1_positive,1,image1.png,train,/content/drive/MyDrive/MURA-v1.1/train/XR_HUMERUS/patient02776/study1_positive/image1.png,train/XR_HUMERUS/patient02776/study1_positive,1,abnormal,/content/MURA_abnormal_train/XR_HUMERUS/patient02776/study1_positive/image1.png,True,4369,4369,2,28.627234,0.784037558685446,intermediate,intermediate,MURA_TT_1863
MURA-v1.1/train/XR_SHOULDER/patient01142/study2_positive/image1.png,XR_SHOULDER,patient01142,study2_positive,1,image1.png,train,/content/drive/MyDrive/MURA-v1.1/train/XR_SHOULDER/patient01142/study2_positive/image1.png,train/XR_SHOULDER/patient01142/study2_positive,1,abnormal,/content/MURA_abnormal_train/XR_SHOULDER/patient01142/study2_positive/image1.png,True,3393,3393,5,24.041779,0.4900473933649289,central,central,MURA_TT_1864
MURA-v1.1/train/XR_FOREARM/patient09219/study1_positive/image2.png,XR_FOREARM,patient09219,study1_positive,1,image2.png,train,/content/drive/MyDrive/MURA-v1.1/train/XR_FOREARM/patient09219/study1_positive/image2.png,train/XR_FOREARM/patient09219/study1_positive,1,abnormal,/content/MURA_abnormal_train/XR_FOREARM/patient09219/study1_positive/image2.png,True,13155,13155,3,24.83965,0.4380530973451327,central,central,MURA_TT_1865
MURA-v1.1/train/XR_HUMERUS/patient02863/study1_positive/image1.png,XR_HUMERUS,patient02863,study1_positive,1,image1.png,train,/content/drive/MyDrive/MURA-v1.1/train/XR_HUMERUS/patient02863/study1_positive/image1.png,train/XR_HUMERUS/patient02863/study1_positive,1,abnormal,/content/MURA_abnormal_train/XR_HUMERUS/patient02863/study1_positive/image1.png,True,4581,4581,3,28.025517,0.6506550218340611,intermediate,intermediate,MURA_TT_1866
MURA-v1.1/train/XR_SHOULDER/patient00874/study1_positive/image1.png,XR_SHOULDER,patient00874,study1_positive,1,image1.png,train,/content/drive/MyDrive/MURA-v1.1/train/XR_SHOULDER/patient00874/study1_positive/image1.png,train/XR_SHOULDER/patient00874/study1_positive,1,abnormal,/content/MURA_abnormal_train/XR_SHOULDER/patient00874/study1_positive/image1.png,True,2631,2631,3,26.36708,0.3618677042801556,central,central,MURA_TT_1867
MURA-v1.1/train/XR_FINGER/patient03276/study1_positive/image4.png,XR_FINGER,patient03276,study1_positive,1,image4.png,train,/content/drive/MyDrive/MURA-v1.1/train/XR_FINGER/patient03276/study1_positive/image4.png,train/XR_FINGER/patient03276/study1_positive,1,abnormal,/content/MURA_abnormal_train/XR_FINGER/patient03276/study1_positive/image4.png,True,4948,4948,5,21.90567,0.2186588921282798,central,central,MURA_TT_1868
MURA-v1.1/train/XR_WRIST/patient06649/study1_positive/image2.png,XR_WRIST,patient06649,study1_positive,1,image2.png,train,/content/drive/MyDrive/MURA-v1.1/train/XR_WRIST/patient06649/study1_positive/image2.png,train/XR_WRIST/patient06649/study1_positive,1,abnormal,/content/MURA_abnormal_train/XR_WRIST/patient06649/study1_positive/image2.png,True,9754,9754,6,27.909714,0.3216216216216216,central,central,MURA_TT_1869
MURA-v1.1/train/XR_ELBOW/patient05328/study1_positive/image4.png,XR_ELBOW,patient05328,study1_positive,1,image4.png,train,/content/drive/MyDrive/MURA-v1.1/train/XR_ELBOW/patient05328/study1_positive/image4.png,train/XR_ELBOW/patient05328/study1_positive,1,abnormal,/content/MURA_abnormal_train/XR_ELBOW/patient05328/study1_positive/image4.png,True,8307,8307,1,20.463377,0.3229571984435798,central,central,MURA_TT_1870
MURA-v1.1/train/XR_WRIST/patient07295/study1_positive/image1.png,XR_WRIST,patient07295,study1_positive,1,image1.png,train,/content/drive/MyDrive/MURA-v1.1/train/XR_WRIST/patient07295/study1_positive/image1.png,train/XR_WRIST/patient07295/study1_positive,1,abnormal,/content/MURA_abnormal_train/XR_WRIST/patient07295/study1_positive/image1.png,True,12233,12233,5,26.806149,0.7735537190082644,intermediate,intermediate,MURA_TT_1871
MURA-v1.1/train/XR_ELBOW/patient05062/study1_positive/image3.png,XR_ELBOW,patient05062,study1_positive,1,image3.png,train,/content/drive/MyDrive/MURA-v1.1/train/XR_ELBOW/patient05062/study1_positive/image3.png,train/XR_ELBOW/patient05062/study1_positive,1,abnormal,/content/MURA_abnormal_train/XR_ELBOW/patient05062/study1_positive/image3.png,True,7322,7322,0,25.152925,0.492063492063492,central,central,MURA_TT_1872
MURA-v1.1/train/XR_SHOULDER/patient00675/study1_positive/image4.png,XR_SHOULDER,patient00675,study1_positive,1,image4.png,train,/content/drive/MyDrive/MURA-v1.1/train/XR_SHOULDER/patient00675/study1_positive/image4.png,train/XR_SHOULDER/patient00675/study1_positive,1,abnormal,/content/MURA_abnormal_train/XR_SHOULDER/patient00675/study1_positive/image4.png,True,2044,2044,0,20.792767,0.2306590257879656,central,central,MURA_TT_1873
MURA-v1.1/train/XR_HUMERUS/patient02790/study1_positive/image2.png,XR_HUMERUS,patient02790,study1_positive,1,image2.png,train,/content/drive/MyDrive/MURA-v1.1/train/XR_HUMERUS/patient02790/study1_positive/image2.png,train/XR_HUMERUS/patient02790/study1_positive,1,abnormal,/content/MURA_abnormal_train/XR_HUMERUS/patient02790/study1_positive/image2.png,True,4402,4402,2,19.672876,0.0375586854460093,central,central,MURA_TT_1874
MURA-v1.1/train/XR_FINGER/patient03785/study1_positive/image1.png,XR_FINGER,patient03785,study1_positive,1,image1.png,train,/content/drive/MyDrive/MURA-v1.1/train/XR_FINGER/patient03785/study1_positive/image1.png,train/XR_FINGER/patient03785/study1_positive,1,abnormal,/content/MURA_abnormal_train/XR_FINGER/patient03785/study1_positive/image1.png,True,6663,6663,4,26.01336,0.6919060052219321,intermediate,intermediate,MURA_TT_1875
MURA-v1.1/train/XR_FINGER/patient03724/study1_positive/image1.png,XR_FINGER,patient03724,study1_positive,1,image1.png,train,/content/drive/MyDrive/MURA-v1.1/train/XR_FINGER/patient03724/study1_positive/image1.png,train/XR_FINGER/patient03724/study1_positive,1,abnormal,/content/MURA_abnormal_train/XR_FINGER/patient03724/study1_positive/image1.png,True,6450,6450,2,22.920431,0.2701949860724233,central,central,MURA_TT_1876
MURA-v1.1/train/XR_ELBOW/patient00196/study1_positive/image3.png,XR_ELBOW,patient00196,study1_positive,1,image3.png,train,/content/drive/MyDrive/MURA-v1.1/train/XR_ELBOW/patient00196/study1_positive/image3.png,train/XR_ELBOW/patient00196/study1_positive,1,abnormal,/content/MURA_abnormal_train/XR_ELBOW/patient00196/study1_positive/image3.png,True,6862,6862,4,27.48381,0.1728723404255319,central,central,MURA_TT_1877
MURA-v1.1/train/XR_HAND/patient10022/study1_positive/image2.png,XR_HAND,patient10022,study1_positive,1,image2.png,train,/content/drive/MyDrive/MURA-v1.1/train/XR_HAND/patient10022/study1_positive/image2.png,train/XR_HAND/patient10022/study1_positive,1,abnormal,/content/MURA_abnormal_train/XR_HAND/patient10022/study1_positive/image2.png,True,14482,14482,0,26.934772,0.7675438596491229,intermediate,intermediate,MURA_TT_1878
MURA-v1.1/train/XR_ELBOW/patient01972/study1_positive/image2.png,XR_ELBOW,patient01972,study1_positive,1,image2.png,train,/content/drive/MyDrive/MURA-v1.1/train/XR_ELBOW/patient01972/study1_positive/image2.png,train/XR_ELBOW/patient01972/study1_positive,1,abnormal,/content/MURA_abnormal_train/XR_ELBOW/patient01972/study1_positive/image2.png,True,8032,8032,4,31.7023,0.6170212765957447,intermediate,intermediate,MURA_TT_1879
MURA-v1.1/train/XR_HAND/patient10016/study1_positive/image1.png,XR_HAND,patient10016,study1_positive,1,image1.png,train,/content/drive/MyDrive/MURA-v1.1/train/XR_HAND/patient10016/study1_positive/image1.png,train/XR_HAND/patient10016/study1_positive,1,abnormal,/content/MURA_abnormal_train/XR_HAND/patient10016/study1_positive/image1.png,True,14465,14465,1,26.790777,0.3321554770318021,central,central,MURA_TT_1880
MURA-v1.1/train/XR_HUMERUS/patient02699/study1_positive/image2.png,XR_HUMERUS,patient02699,study1_positive,1,image2.png,train,/content/drive/MyDrive/MURA-v1.1/train/XR_HUMERUS/patient02699/study1_positive/image2.png,train/XR_HUMERUS/patient02699/study1_positive,1,abnormal,/content/MURA_abnormal_train/XR_HUMERUS/patient02699/study1_positive/image2.png,True,4178,4178,2,26.005213,0.6244131455399061,intermediate,intermediate,MURA_TT_1881
MURA-v1.1/train/XR_HAND/patient00084/study1_positive/image1.png,XR_HAND,patient00084,study1_positive,1,image1.png,train,/content/drive/MyDrive/MURA-v1.1/train/XR_HAND/patient00084/study1_positive/image1.png,train/XR_HAND/patient00084/study1_positive,1,abnormal,/content/MURA_abnormal_train/XR_HAND/patient00084/study1_positive/image1.png,True,13523,13523,3,28.812647,0.2747252747252747,central,central,MURA_TT_1882
MURA-v1.1/train/XR_FINGER/patient03360/study1_positive/image1.png,XR_FINGER,patient03360,study1_positive,1,image1.png,train,/content/drive/MyDrive/MURA-v1.1/train/XR_FINGER/patient03360/study1_positive/image1.png,train/XR_FINGER/patient03360/study1_positive,1,abnormal,/content/MURA_abnormal_train/XR_FINGER/patient03360/study1_positive/image1.png,True,5234,5234,1,24.832928,0.3381818181818182,central,central,MURA_TT_1883
MURA-v1.1/train/XR_WRIST/patient06728/study1_positive/image2.png,XR_WRIST,patient06728,study1_positive,1,image2.png,train,/content/drive/MyDrive/MURA-v1.1/train/XR_WRIST/patient06728/study1_positive/image2.png,train/XR_WRIST/patient06728/study1_positive,1,abnormal,/content/MURA_abnormal_train/XR_WRIST/patient06728/study1_positive/image2.png,True,10087,10087,4,23.505539,0.1556195965417867,central,central,MURA_TT_1884
MURA-v1.1/train/XR_FOREARM/patient09207/study1_positive/image2.png,XR_FOREARM,patient09207,study1_positive,1,image2.png,train,/content/drive/MyDrive/MURA-v1.1/train/XR_FOREARM/patient09207/study1_positive/image2.png,train/XR_FOREARM/patient09207/study1_positive,1,abnormal,/content/MURA_abnormal_train/XR_FOREARM/patient09207/study1_positive/image2.png,True,13123,13123,5,23.913193,0.3431372549019608,central,central,MURA_TT_1885
MURA-v1.1/train/XR_WRIST/patient06568/study1_positive/image2.png,XR_WRIST,patient06568,study1_positive,1,image2.png,train,/content/drive/MyDrive/MURA-v1.1/train/XR_WRIST/patient06568/study1_positive/image2.png,train/XR_WRIST/patient06568/study1_positive,1,abnormal,/content/MURA_abnormal_train/XR_WRIST/patient06568/study1_positive/image2.png,True,9474,9474,3,32.18668,0.8697318007662835,peripheral,peripheral,MURA_TT_1886
MURA-v1.1/train/XR_FINGER/patient00687/study1_positive/image2.png,XR_FINGER,patient00687,study1_positive,1,image2.png,train,/content/drive/MyDrive/MURA-v1.1/train/XR_FINGER/patient00687/study1_positive/image2.png,train/XR_FINGER/patient00687/study1_positive,1,abnormal,/content/MURA_abnormal_train/XR_FINGER/patient00687/study1_positive/image2.png,True,5886,5886,0,24.874924,0.1476923076923077,central,central,MURA_TT_1887
MURA-v1.1/train/XR_WRIST/patient07017/study1_positive/image3.png,XR_WRIST,patient07017,study1_positive,1,image3.png,train,/content/drive/MyDrive/MURA-v1.1/train/XR_WRIST/patient07017/study1_positive/image3.png,train/XR_WRIST/patient07017/study1_positive,1,abnormal,/content/MURA_abnormal_train/XR_WRIST/patient07017/study1_positive/image3.png,True,11144,11144,3,22.895458,0.0747126436781609,central,central,MURA_TT_1888
MURA-v1.1/train/XR_HUMERUS/patient02823/study1_positive/image1.png,XR_HUMERUS,patient02823,study1_positive,1,image1.png,train,/content/drive/MyDrive/MURA-v1.1/train/XR_HUMERUS/patient02823/study1_positive/image1.png,train/XR_HUMERUS/patient02823/study1_positive,1,abnormal,/content/MURA_abnormal_train/XR_HUMERUS/patient02823/study1_positive/image1.png,True,4480,4480,0,32.66435,0.6131386861313869,intermediate,intermediate,MURA_TT_1889
MURA-v1.1/train/XR_SHOULDER/patient00577/study1_positive/image1.png,XR_SHOULDER,patient00577,study1_positive,1,image1.png,train,/content/drive/MyDrive/MURA-v1.1/train/XR_SHOULDER/patient00577/study1_positive/image1.png,train/XR_SHOULDER/patient00577/study1_positive,1,abnormal,/content/MURA_abnormal_train/XR_SHOULDER/patient00577/study1_positive/image1.png,True,1755,1755,1,45.924835,0.9044776119402984,peripheral,peripheral,MURA_TT_1890
MURA-v1.1/train/XR_WRIST/patient07330/study1_positive/image1.png,XR_WRIST,patient07330,study1_positive,1,image1.png,train,/content/drive/MyDrive/MURA-v1.1/train/XR_WRIST/patient07330/study1_positive/image1.png,train/XR_WRIST/patient07330/study1_positive,1,abnormal,/content/MURA_abnormal_train/XR_WRIST/patient07330/study1_positive/image1.png,True,12366,12366,3,31.846209,0.8563218390804598,peripheral,peripheral,MURA_TT_1891
MURA-v1.1/train/XR_SHOULDER/patient00149/study1_positive/image1.png,XR_SHOULDER,patient00149,study1_positive,1,image1.png,train,/content/drive/MyDrive/MURA-v1.1/train/XR_SHOULDER/patient00149/study1_positive/image1.png,train/XR_SHOULDER/patient00149/study1_positive,1,abnormal,/content/MURA_abnormal_train/XR_SHOULDER/patient00149/study1_positive/image1.png,True,455,455,4,34.9361,0.8944099378881988,peripheral,peripheral,MURA_TT_1892
MURA-v1.1/train/XR_FINGER/patient03716/study1_positive/image2.png,XR_FINGER,patient03716,study1_positive,1,image2.png,train,/content/drive/MyDrive/MURA-v1.1/train/XR_FINGER/patient03716/study1_positive/image2.png,train/XR_FINGER/patient03716/study1_positive,1,abnormal,/content/MURA_abnormal_train/XR_FINGER/patient03716/study1_positive/image2.png,True,6422,6422,4,22.51787,0.3211488250652741,central,central,MURA_TT_1893
MURA-v1.1/train/XR_WRIST/patient07241/study1_positive/image2.png,XR_WRIST,patient07241,study1_positive,1,image2.png,train,/content/drive/MyDrive/MURA-v1.1/train/XR_WRIST/patient07241/study1_positive/image2.png,train/XR_WRIST/patient07241/study1_positive,1,abnormal,/content/MURA_abnormal_train/XR_WRIST/patient07241/study1_positive/image2.png,True,12038,12038,8,27.88972,0.8271983640081799,peripheral,peripheral,MURA_TT_1894
MURA-v1.1/train/XR_HAND/patient09793/study1_positive/image1.png,XR_HAND,patient09793,study1_positive,1,image1.png,train,/content/drive/MyDrive/MURA-v1.1/train/XR_HAND/patient09793/study1_positive/image1.png,train/XR_HAND/patient09793/study1_positive,1,abnormal,/content/MURA_abnormal_train/XR_HAND/patient09793/study1_positive/image1.png,True,13611,13611,1,35.045933,0.823321554770318,peripheral,peripheral,MURA_TT_1895
MURA-v1.1/train/XR_WRIST/patient07207/study1_positive/image1.png,XR_WRIST,patient07207,study1_positive,1,image1.png,train,/content/drive/MyDrive/MURA-v1.1/train/XR_WRIST/patient07207/study1_positive/image1.png,train/XR_WRIST/patient07207/study1_positive,1,abnormal,/content/MURA_abnormal_train/XR_WRIST/patient07207/study1_positive/image1.png,True,11900,11900,6,33.58186,0.8162162162162162,peripheral,peripheral,MURA_TT_1896
MURA-v1.1/train/XR_ELBOW/patient05302/study1_positive/image1.png,XR_ELBOW,patient05302,study1_positive,1,image1.png,train,/content/drive/MyDrive/MURA-v1.1/train/XR_ELBOW/patient05302/study1_positive/image1.png,train/XR_ELBOW/patient05302/study1_positive,1,abnormal,/content/MURA_abnormal_train/XR_ELBOW/patient05302/study1_positive/image1.png,True,8209,8209,5,35.449497,0.9472140762463344,peripheral,peripheral,MURA_TT_1897
MURA-v1.1/train/XR_HUMERUS/patient02869/study1_positive/image2.png,XR_HUMERUS,patient02869,study1_positive,1,image2.png,train,/content/drive/MyDrive/MURA-v1.1/train/XR_HUMERUS/patient02869/study1_positive/image2.png,train/XR_HUMERUS/patient02869/study1_positive,1,abnormal,/content/MURA_abnormal_train/XR_HUMERUS/patient02869/study1_positive/image2.png,True,4594,4594,0,26.368637,0.1021897810218978,central,central,MURA_TT_1898
MURA-v1.1/train/XR_ELBOW/patient05060/study1_positive/image2.png,XR_ELBOW,patient05060,study1_positive,1,image2.png,train,/content/drive/MyDrive/MURA-v1.1/train/XR_ELBOW/patient05060/study1_positive/image2.png,train/XR_ELBOW/patient05060/study1_positive,1,abnormal,/content/MURA_abnormal_train/XR_ELBOW/patient05060/study1_positive/image2.png,True,7315,7315,4,26.445793,0.0957446808510638,central,central,MURA_TT_1899
MURA-v1.1/train/XR_ELBOW/patient05410/study1_positive/image5.png,XR_ELBOW,patient05410,study1_positive,1,image5.png,train,/content/drive/MyDrive/MURA-v1.1/train/XR_ELBOW/patient05410/study1_positive/image5.png,train/XR_ELBOW/patient05410/study1_positive,1,abnormal,/content/MURA_abnormal_train/XR_ELBOW/patient05410/study1_positive/image5.png,True,8580,8580,2,30.982086,0.8858131487889274,peripheral,peripheral,MURA_TT_1900
MURA-v1.1/train/XR_SHOULDER/patient00241/study1_positive/image2.png,XR_SHOULDER,patient00241,study1_positive,1,image2.png,train,/content/drive/MyDrive/MURA-v1.1/train/XR_SHOULDER/patient00241/study1_positive/image2.png,train/XR_SHOULDER/patient00241/study1_positive,1,abnormal,/content/MURA_abnormal_train/XR_SHOULDER/patient00241/study1_positive/image2.png,True,728,728,5,30.442759,0.9402843601895736,peripheral,peripheral,MURA_TT_1901
MURA-v1.1/train/XR_FOREARM/patient09173/study1_positive/image1.png,XR_FOREARM,patient09173,study1_positive,1,image1.png,train,/content/drive/MyDrive/MURA-v1.1/train/XR_FOREARM/patient09173/study1_positive/image1.png,train/XR_FOREARM/patient09173/study1_positive,1,abnormal,/content/MURA_abnormal_train/XR_FOREARM/patient09173/study1_positive/image1.png,True,13004,13004,5,29.035254,0.7156862745098039,intermediate,intermediate,MURA_TT_1902
MURA-v1.1/train/XR_FINGER/patient03228/study1_positive/image2.png,XR_FINGER,patient03228,study1_positive,1,image2.png,train,/content/drive/MyDrive/MURA-v1.1/train/XR_FINGER/patient03228/study1_positive/image2.png,train/XR_FINGER/patient03228/study1_positive,1,abnormal,/content/MURA_abnormal_train/XR_FINGER/patient03228/study1_positive/image2.png,True,4771,4771,2,26.78281,0.6601671309192201,intermediate,intermediate,MURA_TT_1903
MURA-v1.1/train/XR_FOREARM/patient09153/study1_positive/image6.png,XR_FOREARM,patient09153,study1_positive,1,image6.png,train,/content/drive/MyDrive/MURA-v1.1/train/XR_FOREARM/patient09153/study1_positive/image6.png,train/XR_FOREARM/patient09153/study1_positive,1,abnormal,/content/MURA_abnormal_train/XR_FOREARM/patient09153/study1_positive/image6.png,True,12927,12927,4,23.037022,0.0714285714285714,central,central,MURA_TT_1904
MURA-v1.1/train/XR_SHOULDER/patient00434/study1_positive/image4.png,XR_SHOULDER,patient00434,study1_positive,1,image4.png,train,/content/drive/MyDrive/MURA-v1.1/train/XR_SHOULDER/patient00434/study1_positive/image4.png,train/XR_SHOULDER/patient00434/study1_positive,1,abnormal,/content/MURA_abnormal_train/XR_SHOULDER/patient00434/study1_positive/image4.png,True,1319,1319,5,23.791365,0.4635071090047393,central,central,MURA_TT_1905
MURA-v1.1/train/XR_WRIST/patient06479/study1_positive/image1.png,XR_WRIST,patient06479,study1_positive,1,image1.png,train,/content/drive/MyDrive/MURA-v1.1/train/XR_WRIST/patient06479/study1_positive/image1.png,train/XR_WRIST/patient06479/study1_positive,1,abnormal,/content/MURA_abnormal_train/XR_WRIST/patient06479/study1_positive/image1.png,True,9174,9174,5,30.858618,0.947107438016529,peripheral,peripheral,MURA_TT_1906
MURA-v1.1/train/XR_WRIST/patient06389/study1_positive/image3.png,XR_WRIST,patient06389,study1_positive,1,image3.png,train,/content/drive/MyDrive/MURA-v1.1/train/XR_WRIST/patient06389/study1_positive/image3.png,train/XR_WRIST/patient06389/study1_positive,1,abnormal,/content/MURA_abnormal_train/XR_WRIST/patient06389/study1_positive/image3.png,True,8859,8859,5,21.084246,0.1818181818181818,central,central,MURA_TT_1907
MURA-v1.1/train/XR_HUMERUS/patient02784/study1_positive/image2.png,XR_HUMERUS,patient02784,study1_positive,1,image2.png,train,/content/drive/MyDrive/MURA-v1.1/train/XR_HUMERUS/patient02784/study1_positive/image2.png,train/XR_HUMERUS/patient02784/study1_positive,1,abnormal,/content/MURA_abnormal_train/XR_HUMERUS/patient02784/study1_positive/image2.png,True,4390,4390,3,23.166988,0.148471615720524,central,central,MURA_TT_1908
MURA-v1.1/train/XR_FOREARM/patient05744/study1_positive/image1.png,XR_FOREARM,patient05744,study1_positive,1,image1.png,train,/content/drive/MyDrive/MURA-v1.1/train/XR_FOREARM/patient05744/study1_positive/image1.png,train/XR_FOREARM/patient05744/study1_positive,1,abnormal,/content/MURA_abnormal_train/XR_FOREARM/patient05744/study1_positive/image1.png,True,13280,13280,0,25.632006,0.4684684684684684,central,central,MURA_TT_1909
MURA-v1.1/train/XR_SHOULDER/patient00634/study1_positive/image3.png,XR_SHOULDER,patient00634,study1_positive,1,image3.png,train,/content/drive/MyDrive/MURA-v1.1/train/XR_SHOULDER/patient00634/study1_positive/image3.png,train/XR_SHOULDER/patient00634/study1_positive,1,abnormal,/content/MURA_abnormal_train/XR_SHOULDER/patient00634/study1_positive/image3.png,True,1918,1918,3,30.57614,0.7405966277561609,intermediate,intermediate,MURA_TT_1910
MURA-v1.1/train/XR_HUMERUS/patient02817/study1_positive/image1.png,XR_HUMERUS,patient02817,study1_positive,1,image1.png,train,/content/drive/MyDrive/MURA-v1.1/train/XR_HUMERUS/patient02817/study1_positive/image1.png,train/XR_HUMERUS/patient02817/study1_positive,1,abnormal,/content/MURA_abnormal_train/XR_HUMERUS/patient02817/study1_positive/image1.png,True,4465,4465,0,40.62994,0.9197080291970804,peripheral,peripheral,MURA_TT_1911
MURA-v1.1/train/XR_HUMERUS/patient02871/study1_positive/image3.png,XR_HUMERUS,patient02871,study1_positive,1,image3.png,train,/content/drive/MyDrive/MURA-v1.1/train/XR_HUMERUS/patient02871/study1_positive/image3.png,train/XR_HUMERUS/patient02871/study1_positive,1,abnormal,/content/MURA_abnormal_train/XR_HUMERUS/patient02871/study1_positive/image3.png,True,4602,4602,1,25.799725,0.1,central,central,MURA_TT_1912
MURA-v1.1/train/XR_SHOULDER/patient01320/study1_positive/image2.png,XR_SHOULDER,patient01320,study1_positive,1,image2.png,train,/content/drive/MyDrive/MURA-v1.1/train/XR_SHOULDER/patient01320/study1_positive/image2.png,train/XR_SHOULDER/patient01320/study1_positive,1,abnormal,/content/MURA_abnormal_train/XR_SHOULDER/patient01320/study1_positive/image2.png,True,3898,3898,3,29.683477,0.6718547341115434,intermediate,intermediate,MURA_TT_1913
MURA-v1.1/train/XR_WRIST/patient06853/study1_positive/image3.png,XR_WRIST,patient06853,study1_positive,1,image3.png,train,/content/drive/MyDrive/MURA-v1.1/train/XR_WRIST/patient06853/study1_positive/image3.png,train/XR_WRIST/patient06853/study1_positive,1,abnormal,/content/MURA_abnormal_train/XR_WRIST/patient06853/study1_positive/image3.png,True,10550,10550,7,29.189297,0.3172413793103448,central,central,MURA_TT_1914
MURA-v1.1/train/XR_SHOULDER/patient00248/study1_positive/image2.png,XR_SHOULDER,patient00248,study1_positive,1,image2.png,train,/content/drive/MyDrive/MURA-v1.1/train/XR_SHOULDER/patient00248/study1_positive/image2.png,train/XR_SHOULDER/patient00248/study1_positive,1,abnormal,/content/MURA_abnormal_train/XR_SHOULDER/patient00248/study1_positive/image2.png,True,748,748,5,28.225374,0.8635071090047394,peripheral,peripheral,MURA_TT_1915
MURA-v1.1/train/XR_HUMERUS/patient01499/study1_positive/image1.png,XR_HUMERUS,patient01499,study1_positive,1,image1.png,train,/content/drive/MyDrive/MURA-v1.1/train/XR_HUMERUS/patient01499/study1_positive/image1.png,train/XR_HUMERUS/patient01499/study1_positive,1,abnormal,/content/MURA_abnormal_train/XR_HUMERUS/patient01499/study1_positive/image1.png,True,4422,4422,3,23.343695,0.1659388646288209,central,central,MURA_TT_1916
MURA-v1.1/train/XR_ELBOW/patient05386/study1_positive/image3.png,XR_ELBOW,patient05386,study1_positive,1,image3.png,train,/content/drive/MyDrive/MURA-v1.1/train/XR_ELBOW/patient05386/study1_positive/image3.png,train/XR_ELBOW/patient05386/study1_positive,1,abnormal,/content/MURA_abnormal_train/XR_ELBOW/patient05386/study1_positive/image3.png,True,8486,8486,4,26.182032,0.0744680851063829,central,central,MURA_TT_1917
MURA-v1.1/train/XR_ELBOW/patient05087/study1_positive/image2.png,XR_ELBOW,patient05087,study1_positive,1,image2.png,train,/content/drive/MyDrive/MURA-v1.1/train/XR_ELBOW/patient05087/study1_positive/image2.png,train/XR_ELBOW/patient05087/study1_positive,1,abnormal,/content/MURA_abnormal_train/XR_ELBOW/patient05087/study1_positive/image2.png,True,7392,7392,0,23.570318,0.3151927437641723,central,central,MURA_TT_1918
MURA-v1.1/train/XR_HAND/patient10055/study1_positive/image2.png,XR_HAND,patient10055,study1_positive,1,image2.png,train,/content/drive/MyDrive/MURA-v1.1/train/XR_HAND/patient10055/study1_positive/image2.png,train/XR_HAND/patient10055/study1_positive,1,abnormal,/content/MURA_abnormal_train/XR_HAND/patient10055/study1_positive/image2.png,True,14581,14581,0,34.68713,0.9473684210526316,peripheral,peripheral,MURA_TT_1919
MURA-v1.1/train/XR_FINGER/patient03751/study1_positive/image3.png,XR_FINGER,patient03751,study1_positive,1,image3.png,train,/content/drive/MyDrive/MURA-v1.1/train/XR_FINGER/patient03751/study1_positive/image3.png,train/XR_FINGER/patient03751/study1_positive,1,abnormal,/content/MURA_abnormal_train/XR_FINGER/patient03751/study1_positive/image3.png,True,6545,6545,5,22.68113,0.3206997084548105,central,central,MURA_TT_1920
MURA-v1.1/train/XR_SHOULDER/patient00088/study1_positive/image1.png,XR_SHOULDER,patient00088,study1_positive,1,image1.png,train,/content/drive/MyDrive/MURA-v1.1/train/XR_SHOULDER/patient00088/study1_positive/image1.png,train/XR_SHOULDER/patient00088/study1_positive,1,abnormal,/content/MURA_abnormal_train/XR_SHOULDER/patient00088/study1_positive/image1.png,True,258,258,4,29.339586,0.4202898550724637,central,central,MURA_TT_1921
MURA-v1.1/train/XR_SHOULDER/patient01270/study1_positive/image1.png,XR_SHOULDER,patient01270,study1_positive,1,image1.png,train,/content/drive/MyDrive/MURA-v1.1/train/XR_SHOULDER/patient01270/study1_positive/image1.png,train/XR_SHOULDER/patient01270/study1_positive,1,abnormal,/content/MURA_abnormal_train/XR_SHOULDER/patient01270/study1_positive/image1.png,True,3752,3752,4,34.104263,0.8571428571428571,peripheral,peripheral,MURA_TT_1922
MURA-v1.1/train/XR_WRIST/patient06673/study1_positive/image3.png,XR_WRIST,patient06673,study1_positive,1,image3.png,train,/content/drive/MyDrive/MURA-v1.1/train/XR_WRIST/patient06673/study1_positive/image3.png,train/XR_WRIST/patient06673/study1_positive,1,abnormal,/content/MURA_abnormal_train/XR_WRIST/patient06673/study1_positive/image3.png,True,9844,9844,8,24.665983,0.523517382413088,intermediate,intermediate,MURA_TT_1923
MURA-v1.1/train/XR_SHOULDER/patient01265/study1_positive/image1.png,XR_SHOULDER,patient01265,study1_positive,1,image1.png,train,/content/drive/MyDrive/MURA-v1.1/train/XR_SHOULDER/patient01265/study1_positive/image1.png,train/XR_SHOULDER/patient01265/study1_positive,1,abnormal,/content/MURA_abnormal_train/XR_SHOULDER/patient01265/study1_positive/image1.png,True,3736,3736,3,23.04346,0.0752269779507133,central,central,MURA_TT_1924
MURA-v1.1/train/XR_ELBOW/patient00238/study1_positive/image3.png,XR_ELBOW,patient00238,study1_positive,1,image3.png,train,/content/drive/MyDrive/MURA-v1.1/train/XR_ELBOW/patient00238/study1_positive/image3.png,train/XR_ELBOW/patient00238/study1_positive,1,abnormal,/content/MURA_abnormal_train/XR_ELBOW/patient00238/study1_positive/image3.png,True,7655,7655,1,21.550922,0.4182879377431907,central,central,MURA_TT_1925
MURA-v1.1/train/XR_SHOULDER/patient01362/study1_positive/image1.png,XR_SHOULDER,patient01362,study1_positive,1,image1.png,train,/content/drive/MyDrive/MURA-v1.1/train/XR_SHOULDER/patient01362/study1_positive/image1.png,train/XR_SHOULDER/patient01362/study1_positive,1,abnormal,/content/MURA_abnormal_train/XR_SHOULDER/patient01362/study1_positive/image1.png,True,4016,4016,3,24.080887,0.1439688715953307,central,central,MURA_TT_1926
MURA-v1.1/train/XR_HAND/patient10012/study1_positive/image2.png,XR_HAND,patient10012,study1_positive,1,image2.png,train,/content/drive/MyDrive/MURA-v1.1/train/XR_HAND/patient10012/study1_positive/image2.png,train/XR_HAND/patient10012/study1_positive,1,abnormal,/content/MURA_abnormal_train/XR_HAND/patient10012/study1_positive/image2.png,True,14445,14445,4,25.225185,0.4610169491525424,central,central,MURA_TT_1927
MURA-v1.1/train/XR_FOREARM/patient09260/study1_positive/image2.png,XR_FOREARM,patient09260,study1_positive,1,image2.png,train,/content/drive/MyDrive/MURA-v1.1/train/XR_FOREARM/patient09260/study1_positive/image2.png,train/XR_FOREARM/patient09260/study1_positive,1,abnormal,/content/MURA_abnormal_train/XR_FOREARM/patient09260/study1_positive/image2.png,True,13269,13269,0,24.668804,0.4144144144144144,central,central,MURA_TT_1928
MURA-v1.1/train/XR_SHOULDER/patient00666/study2_positive/image2.png,XR_SHOULDER,patient00666,study2_positive,1,image2.png,train,/content/drive/MyDrive/MURA-v1.1/train/XR_SHOULDER/patient00666/study2_positive/image2.png,train/XR_SHOULDER/patient00666/study2_positive,1,abnormal,/content/MURA_abnormal_train/XR_SHOULDER/patient00666/study2_positive/image2.png,True,2011,2011,3,22.769758,0.0557717250324254,central,central,MURA_TT_1929
MURA-v1.1/train/XR_HAND/patient03898/study1_positive/image1.png,XR_HAND,patient03898,study1_positive,1,image1.png,train,/content/drive/MyDrive/MURA-v1.1/train/XR_HAND/patient03898/study1_positive/image1.png,train/XR_HAND/patient03898/study1_positive,1,abnormal,/content/MURA_abnormal_train/XR_HAND/patient03898/study1_positive/image1.png,True,14155,14155,0,28.958817,0.868421052631579,peripheral,peripheral,MURA_TT_1930
MURA-v1.1/train/XR_ELBOW/patient04963/study1_positive/image4.png,XR_ELBOW,patient04963,study1_positive,1,image4.png,train,/content/drive/MyDrive/MURA-v1.1/train/XR_ELBOW/patient04963/study1_positive/image4.png,train/XR_ELBOW/patient04963/study1_positive,1,abnormal,/content/MURA_abnormal_train/XR_ELBOW/patient04963/study1_positive/image4.png,True,6960,6960,5,26.27771,0.3343108504398827,central,central,MURA_TT_1931
MURA-v1.1/train/XR_ELBOW/patient04748/study1_positive/image2.png,XR_ELBOW,patient04748,study1_positive,1,image2.png,train,/content/drive/MyDrive/MURA-v1.1/train/XR_ELBOW/patient04748/study1_positive/image2.png,train/XR_ELBOW/patient04748/study1_positive,1,abnormal,/content/MURA_abnormal_train/XR_ELBOW/patient04748/study1_positive/image2.png,True,6823,6823,0,24.388433,0.3945578231292517,central,central,MURA_TT_1932
MURA-v1.1/train/XR_FINGER/patient03709/study1_positive/image3.png,XR_FINGER,patient03709,study1_positive,1,image3.png,train,/content/drive/MyDrive/MURA-v1.1/train/XR_FINGER/patient03709/study1_positive/image3.png,train/XR_FINGER/patient03709/study1_positive,1,abnormal,/content/MURA_abnormal_train/XR_FINGER/patient03709/study1_positive/image3.png,True,6400,6400,0,38.066975,0.9323076923076924,peripheral,peripheral,MURA_TT_1933
MURA-v1.1/train/XR_FOREARM/patient09240/study1_positive/image1.png,XR_FOREARM,patient09240,study1_positive,1,image1.png,train,/content/drive/MyDrive/MURA-v1.1/train/XR_FOREARM/patient09240/study1_positive/image1.png,train/XR_FOREARM/patient09240/study1_positive,1,abnormal,/content/MURA_abnormal_train/XR_FOREARM/patient09240/study1_positive/image1.png,True,13208,13208,1,29.066572,0.5609756097560976,intermediate,intermediate,MURA_TT_1934
MURA-v1.1/train/XR_FINGER/patient03661/study1_positive/image1.png,XR_FINGER,patient03661,study1_positive,1,image1.png,train,/content/drive/MyDrive/MURA-v1.1/train/XR_FINGER/patient03661/study1_positive/image1.png,train/XR_FINGER/patient03661/study1_positive,1,abnormal,/content/MURA_abnormal_train/XR_FINGER/patient03661/study1_positive/image1.png,True,6235,6235,2,24.481937,0.4373259052924791,central,central,MURA_TT_1935
MURA-v1.1/train/XR_SHOULDER/patient01311/study1_positive/image1.png,XR_SHOULDER,patient01311,study1_positive,1,image1.png,train,/content/drive/MyDrive/MURA-v1.1/train/XR_SHOULDER/patient01311/study1_positive/image1.png,train/XR_SHOULDER/patient01311/study1_positive,1,abnormal,/content/MURA_abnormal_train/XR_SHOULDER/patient01311/study1_positive/image1.png,True,3871,3871,2,23.55454,0.1610169491525423,central,central,MURA_TT_1936
MURA-v1.1/train/XR_ELBOW/patient04911/study1_positive/image1.png,XR_ELBOW,patient04911,study1_positive,1,image1.png,train,/content/drive/MyDrive/MURA-v1.1/train/XR_ELBOW/patient04911/study1_positive/image1.png,train/XR_ELBOW/patient04911/study1_positive,1,abnormal,/content/MURA_abnormal_train/XR_ELBOW/patient04911/study1_positive/image1.png,True,6754,6754,3,29.05698,0.1777777777777777,central,central,MURA_TT_1937
MURA-v1.1/train/XR_HAND/patient10123/study1_positive/image2.png,XR_HAND,patient10123,study1_positive,1,image2.png,train,/content/drive/MyDrive/MURA-v1.1/train/XR_HAND/patient10123/study1_positive/image2.png,train/XR_HAND/patient10123/study1_positive,1,abnormal,/content/MURA_abnormal_train/XR_HAND/patient10123/study1_positive/image2.png,True,14824,14824,2,25.13466,0.3880126182965299,central,central,MURA_TT_1938
MURA-v1.1/train/XR_ELBOW/patient04110/study1_positive/image1.png,XR_ELBOW,patient04110,study1_positive,1,image1.png,train,/content/drive/MyDrive/MURA-v1.1/train/XR_ELBOW/patient04110/study1_positive/image1.png,train/XR_ELBOW/patient04110/study1_positive,1,abnormal,/content/MURA_abnormal_train/XR_ELBOW/patient04110/study1_positive/image1.png,True,8495,8495,0,22.84599,0.2426303854875283,central,central,MURA_TT_1939
MURA-v1.1/train/XR_FOREARM/patient09158/study1_positive/image3.png,XR_FOREARM,patient09158,study1_positive,1,image3.png,train,/content/drive/MyDrive/MURA-v1.1/train/XR_FOREARM/patient09158/study1_positive/image3.png,train/XR_FOREARM/patient09158/study1_positive,1,abnormal,/content/MURA_abnormal_train/XR_FOREARM/patient09158/study1_positive/image3.png,True,12945,12945,3,22.343346,0.1858407079646017,central,central,MURA_TT_1940
MURA-v1.1/train/XR_WRIST/patient06616/study1_positive/image3.png,XR_WRIST,patient06616,study1_positive,1,image3.png,train,/content/drive/MyDrive/MURA-v1.1/train/XR_WRIST/patient06616/study1_positive/image3.png,train/XR_WRIST/patient06616/study1_positive,1,abnormal,/content/MURA_abnormal_train/XR_WRIST/patient06616/study1_positive/image3.png,True,9647,9647,5,28.972685,0.8859504132231405,peripheral,peripheral,MURA_TT_1941
MURA-v1.1/train/XR_SHOULDER/patient01353/study1_positive/image1.png,XR_SHOULDER,patient01353,study1_positive,1,image1.png,train,/content/drive/MyDrive/MURA-v1.1/train/XR_SHOULDER/patient01353/study1_positive/image1.png,train/XR_SHOULDER/patient01353/study1_positive,1,abnormal,/content/MURA_abnormal_train/XR_SHOULDER/patient01353/study1_positive/image1.png,True,3989,3989,5,22.947721,0.3630331753554502,central,central,MURA_TT_1942
MURA-v1.1/train/XR_HUMERUS/patient02836/study1_positive/image3.png,XR_HUMERUS,patient02836,study1_positive,1,image3.png,train,/content/drive/MyDrive/MURA-v1.1/train/XR_HUMERUS/patient02836/study1_positive/image3.png,train/XR_HUMERUS/patient02836/study1_positive,1,abnormal,/content/MURA_abnormal_train/XR_HUMERUS/patient02836/study1_positive/image3.png,True,4515,4515,3,32.598255,0.8646288209606987,peripheral,peripheral,MURA_TT_1943
MURA-v1.1/train/XR_SHOULDER/patient00467/study1_positive/image1.png,XR_SHOULDER,patient00467,study1_positive,1,image1.png,train,/content/drive/MyDrive/MURA-v1.1/train/XR_SHOULDER/patient00467/study1_positive/image1.png,train/XR_SHOULDER/patient00467/study1_positive,1,abnormal,/content/MURA_abnormal_train/XR_SHOULDER/patient00467/study1_positive/image1.png,True,1409,1409,5,19.317543,0.0559241706161137,central,central,MURA_TT_1944
MURA-v1.1/train/XR_HAND/patient02570/study1_positive/image2.png,XR_HAND,patient02570,study1_positive,1,image2.png,train,/content/drive/MyDrive/MURA-v1.1/train/XR_HAND/patient02570/study1_positive/image2.png,train/XR_HAND/patient02570/study1_positive,1,abnormal,/content/MURA_abnormal_train/XR_HAND/patient02570/study1_positive/image2.png,True,13568,13568,2,22.582348,0.167192429022082,central,central,MURA_TT_1945
MURA-v1.1/train/XR_SHOULDER/patient00116/study1_positive/image3.png,XR_SHOULDER,patient00116,study1_positive,1,image3.png,train,/content/drive/MyDrive/MURA-v1.1/train/XR_SHOULDER/patient00116/study1_positive/image3.png,train/XR_SHOULDER/patient00116/study1_positive,1,abnormal,/content/MURA_abnormal_train/XR_SHOULDER/patient00116/study1_positive/image3.png,True,346,346,1,33.170933,0.5940298507462687,intermediate,intermediate,MURA_TT_1946
MURA-v1.1/train/XR_WRIST/patient06606/study1_positive/image2.png,XR_WRIST,patient06606,study1_positive,1,image2.png,train,/content/drive/MyDrive/MURA-v1.1/train/XR_WRIST/patient06606/study1_positive/image2.png,train/XR_WRIST/patient06606/study1_positive,1,abnormal,/content/MURA_abnormal_train/XR_WRIST/patient06606/study1_positive/image2.png,True,9607,9607,0,25.170076,0.0294117647058823,central,central,MURA_TT_1947
MURA-v1.1/train/XR_WRIST/patient06822/study1_positive/image1.png,XR_WRIST,patient06822,study1_positive,1,image1.png,train,/content/drive/MyDrive/MURA-v1.1/train/XR_WRIST/patient06822/study1_positive/image1.png,train/XR_WRIST/patient06822/study1_positive,1,abnormal,/content/MURA_abnormal_train/XR_WRIST/patient06822/study1_positive/image1.png,True,10447,10447,7,29.731052,0.3724137931034483,central,central,MURA_TT_1948
MURA-v1.1/train/XR_FOREARM/patient09296/study1_positive/image2.png,XR_FOREARM,patient09296,study1_positive,1,image2.png,train,/content/drive/MyDrive/MURA-v1.1/train/XR_FOREARM/patient09296/study1_positive/image2.png,train/XR_FOREARM/patient09296/study1_positive,1,abnormal,/content/MURA_abnormal_train/XR_FOREARM/patient09296/study1_positive/image2.png,True,13383,13383,0,22.146317,0.1171171171171171,central,central,MURA_TT_1949
MURA-v1.1/train/XR_WRIST/patient07256/study1_positive/image3.png,XR_WRIST,patient07256,study1_positive,1,image3.png,train,/content/drive/MyDrive/MURA-v1.1/train/XR_WRIST/patient07256/study1_positive/image3.png,train/XR_WRIST/patient07256/study1_positive,1,abnormal,/content/MURA_abnormal_train/XR_WRIST/patient07256/study1_positive/image3.png,True,12089,12089,8,21.846428,0.2208588957055214,central,central,MURA_TT_1950
MURA-v1.1/train/XR_FOREARM/patient09093/study1_positive/image1.png,XR_FOREARM,patient09093,study1_positive,1,image1.png,train,/content/drive/MyDrive/MURA-v1.1/train/XR_FOREARM/patient09093/study1_positive/image1.png,train/XR_FOREARM/patient09093/study1_positive,1,abnormal,/content/MURA_abnormal_train/XR_FOREARM/patient09093/study1_positive/image1.png,True,12756,12756,3,28.37254,0.7212389380530974,intermediate,intermediate,MURA_TT_1951
MURA-v1.1/train/XR_HAND/patient04271/study1_positive/image1.png,XR_HAND,patient04271,study1_positive,1,image1.png,train,/content/drive/MyDrive/MURA-v1.1/train/XR_HAND/patient04271/study1_positive/image1.png,train/XR_HAND/patient04271/study1_positive,1,abnormal,/content/MURA_abnormal_train/XR_HAND/patient04271/study1_positive/image1.png,True,13905,13905,5,18.857262,0.0851851851851851,central,central,MURA_TT_1952
MURA-v1.1/train/XR_ELBOW/patient05086/study1_positive/image1.png,XR_ELBOW,patient05086,study1_positive,1,image1.png,train,/content/drive/MyDrive/MURA-v1.1/train/XR_ELBOW/patient05086/study1_positive/image1.png,train/XR_ELBOW/patient05086/study1_positive,1,abnormal,/content/MURA_abnormal_train/XR_ELBOW/patient05086/study1_positive/image1.png,True,7389,7389,4,30.212757,0.4468085106382978,central,central,MURA_TT_1953
MURA-v1.1/train/XR_WRIST/patient03060/study1_positive/image2.png,XR_WRIST,patient03060,study1_positive,1,image2.png,train,/content/drive/MyDrive/MURA-v1.1/train/XR_WRIST/patient03060/study1_positive/image2.png,train/XR_WRIST/patient03060/study1_positive,1,abnormal,/content/MURA_abnormal_train/XR_WRIST/patient03060/study1_positive/image2.png,True,10308,10308,5,22.986607,0.3818181818181818,central,central,MURA_TT_1954
MURA-v1.1/train/XR_HAND/patient09906/study1_positive/image2.png,XR_HAND,patient09906,study1_positive,1,image2.png,train,/content/drive/MyDrive/MURA-v1.1/train/XR_HAND/patient09906/study1_positive/image2.png,train/XR_HAND/patient09906/study1_positive,1,abnormal,/content/MURA_abnormal_train/XR_HAND/patient09906/study1_positive/image2.png,True,14068,14068,5,28.211086,0.9037037037037036,peripheral,peripheral,MURA_TT_1955
MURA-v1.1/train/XR_FOREARM/patient09097/study1_positive/image1.png,XR_FOREARM,patient09097,study1_positive,1,image1.png,train,/content/drive/MyDrive/MURA-v1.1/train/XR_FOREARM/patient09097/study1_positive/image1.png,train/XR_FOREARM/patient09097/study1_positive,1,abnormal,/content/MURA_abnormal_train/XR_FOREARM/patient09097/study1_positive/image1.png,True,12770,12770,3,33.92787,0.911504424778761,peripheral,peripheral,MURA_TT_1956
MURA-v1.1/train/XR_SHOULDER/patient01155/study1_positive/image4.png,XR_SHOULDER,patient01155,study1_positive,1,image4.png,train,/content/drive/MyDrive/MURA-v1.1/train/XR_SHOULDER/patient01155/study1_positive/image4.png,train/XR_SHOULDER/patient01155/study1_positive,1,abnormal,/content/MURA_abnormal_train/XR_SHOULDER/patient01155/study1_positive/image4.png,True,3431,3431,5,18.719345,0.0284360189573459,central,central,MURA_TT_1957
MURA-v1.1/train/XR_WRIST/patient07403/study1_positive/image1.png,XR_WRIST,patient07403,study1_positive,1,image1.png,train,/content/drive/MyDrive/MURA-v1.1/train/XR_WRIST/patient07403/study1_positive/image1.png,train/XR_WRIST/patient07403/study1_positive,1,abnormal,/content/MURA_abnormal_train/XR_WRIST/patient07403/study1_positive/image1.png,True,12619,12619,3,22.890371,0.0727969348659003,central,central,MURA_TT_1958
MURA-v1.1/train/XR_FINGER/patient03585/study1_positive/image3.png,XR_FINGER,patient03585,study1_positive,1,image3.png,train,/content/drive/MyDrive/MURA-v1.1/train/XR_FINGER/patient03585/study1_positive/image3.png,train/XR_FINGER/patient03585/study1_positive,1,abnormal,/content/MURA_abnormal_train/XR_FINGER/patient03585/study1_positive/image3.png,True,5987,5987,5,22.753191,0.3323615160349854,central,central,MURA_TT_1959
MURA-v1.1/train/XR_HUMERUS/patient02931/study1_positive/image1.png,XR_HUMERUS,patient02931,study1_positive,1,image1.png,train,/content/drive/MyDrive/MURA-v1.1/train/XR_HUMERUS/patient02931/study1_positive/image1.png,train/XR_HUMERUS/patient02931/study1_positive,1,abnormal,/content/MURA_abnormal_train/XR_HUMERUS/patient02931/study1_positive/image1.png,True,4745,4745,2,27.669468,0.755868544600939,intermediate,intermediate,MURA_TT_1960
MURA-v1.1/train/XR_FINGER/patient03575/study1_positive/image2.png,XR_FINGER,patient03575,study1_positive,1,image2.png,train,/content/drive/MyDrive/MURA-v1.1/train/XR_FINGER/patient03575/study1_positive/image2.png,train/XR_FINGER/patient03575/study1_positive,1,abnormal,/content/MURA_abnormal_train/XR_FINGER/patient03575/study1_positive/image2.png,True,5954,5954,4,19.462158,0.06266318537859,central,central,MURA_TT_1961
MURA-v1.1/train/XR_SHOULDER/patient00078/study1_positive/image2.png,XR_SHOULDER,patient00078,study1_positive,1,image2.png,train,/content/drive/MyDrive/MURA-v1.1/train/XR_SHOULDER/patient00078/study1_positive/image2.png,train/XR_SHOULDER/patient00078/study1_positive,1,abnormal,/content/MURA_abnormal_train/XR_SHOULDER/patient00078/study1_positive/image2.png,True,231,231,5,27.723886,0.8369668246445497,peripheral,peripheral,MURA_TT_1962
MURA-v1.1/train/XR_HAND/patient10054/study1_positive/image3.png,XR_HAND,patient10054,study1_positive,1,image3.png,train,/content/drive/MyDrive/MURA-v1.1/train/XR_HAND/patient10054/study1_positive/image3.png,train/XR_HAND/patient10054/study1_positive,1,abnormal,/content/MURA_abnormal_train/XR_HAND/patient10054/study1_positive/image3.png,True,14579,14579,2,30.931707,0.7917981072555205,intermediate,intermediate,MURA_TT_1963
MURA-v1.1/train/XR_HAND/patient05903/study1_positive/image2.png,XR_HAND,patient05903,study1_positive,1,image2.png,train,/content/drive/MyDrive/MURA-v1.1/train/XR_HAND/patient05903/study1_positive/image2.png,train/XR_HAND/patient05903/study1_positive,1,abnormal,/content/MURA_abnormal_train/XR_HAND/patient05903/study1_positive/image2.png,True,14335,14335,0,21.974813,0.3070175438596491,central,central,MURA_TT_1964
MURA-v1.1/train/XR_ELBOW/patient04951/study1_positive/image2.png,XR_ELBOW,patient04951,study1_positive,1,image2.png,train,/content/drive/MyDrive/MURA-v1.1/train/XR_ELBOW/patient04951/study1_positive/image2.png,train/XR_ELBOW/patient04951/study1_positive,1,abnormal,/content/MURA_abnormal_train/XR_ELBOW/patient04951/study1_positive/image2.png,True,6904,6904,5,24.00354,0.1290322580645161,central,central,MURA_TT_1965
MURA-v1.1/train/XR_ELBOW/patient05148/study1_positive/image1.png,XR_ELBOW,patient05148,study1_positive,1,image1.png,train,/content/drive/MyDrive/MURA-v1.1/train/XR_ELBOW/patient05148/study1_positive/image1.png,train/XR_ELBOW/patient05148/study1_positive,1,abnormal,/content/MURA_abnormal_train/XR_ELBOW/patient05148/study1_positive/image1.png,True,7630,7630,0,23.207634,0.2879818594104308,central,central,MURA_TT_1966
MURA-v1.1/train/XR_SHOULDER/patient00970/study1_positive/image1.png,XR_SHOULDER,patient00970,study1_positive,1,image1.png,train,/content/drive/MyDrive/MURA-v1.1/train/XR_SHOULDER/patient00970/study1_positive/image1.png,train/XR_SHOULDER/patient00970/study1_positive,1,abnormal,/content/MURA_abnormal_train/XR_SHOULDER/patient00970/study1_positive/image1.png,True,2911,2911,2,27.648596,0.5677966101694916,intermediate,intermediate,MURA_TT_1967
MURA-v1.1/train/XR_FINGER/patient01604/study1_positive/image1.png,XR_FINGER,patient01604,study1_positive,1,image1.png,train,/content/drive/MyDrive/MURA-v1.1/train/XR_FINGER/patient01604/study1_positive/image1.png,train/XR_FINGER/patient01604/study1_positive,1,abnormal,/content/MURA_abnormal_train/XR_FINGER/patient01604/study1_positive/image1.png,True,4884,4884,4,23.196587,0.412532637075718,central,central,MURA_TT_1968
MURA-v1.1/train/XR_SHOULDER/patient00224/study1_positive/image1.png,XR_SHOULDER,patient00224,study1_positive,1,image1.png,train,/content/drive/MyDrive/MURA-v1.1/train/XR_SHOULDER/patient00224/study1_positive/image1.png,train/XR_SHOULDER/patient00224/study1_positive,1,abnormal,/content/MURA_abnormal_train/XR_SHOULDER/patient00224/study1_positive/image1.png,True,673,673,0,20.56225,0.2163323782234957,central,central,MURA_TT_1969
MURA-v1.1/train/XR_ELBOW/patient05219/study1_positive/image1.png,XR_ELBOW,patient05219,study1_positive,1,image1.png,train,/content/drive/MyDrive/MURA-v1.1/train/XR_ELBOW/patient05219/study1_positive/image1.png,train/XR_ELBOW/patient05219/study1_positive,1,abnormal,/content/MURA_abnormal_train/XR_ELBOW/patient05219/study1_positive/image1.png,True,7898,7898,5,32.32759,0.873900293255132,peripheral,peripheral,MURA_TT_1970
MURA-v1.1/train/XR_HAND/patient09828/study1_positive/image1.png,XR_HAND,patient09828,study1_positive,1,image1.png,train,/content/drive/MyDrive/MURA-v1.1/train/XR_HAND/patient09828/study1_positive/image1.png,train/XR_HAND/patient09828/study1_positive,1,abnormal,/content/MURA_abnormal_train/XR_HAND/patient09828/study1_positive/image1.png,True,13755,13755,5,22.012228,0.4629629629629629,central,central,MURA_TT_1971
MURA-v1.1/train/XR_SHOULDER/patient00275/study1_positive/image2.png,XR_SHOULDER,patient00275,study1_positive,1,image2.png,train,/content/drive/MyDrive/MURA-v1.1/train/XR_SHOULDER/patient00275/study1_positive/image2.png,train/XR_SHOULDER/patient00275/study1_positive,1,abnormal,/content/MURA_abnormal_train/XR_SHOULDER/patient00275/study1_positive/image2.png,True,822,822,0,26.034536,0.7220630372492837,intermediate,intermediate,MURA_TT_1972
MURA-v1.1/train/XR_FINGER/patient03442/study1_positive/image1.png,XR_FINGER,patient03442,study1_positive,1,image1.png,train,/content/drive/MyDrive/MURA-v1.1/train/XR_FINGER/patient03442/study1_positive/image1.png,train/XR_FINGER/patient03442/study1_positive,1,abnormal,/content/MURA_abnormal_train/XR_FINGER/patient03442/study1_positive/image1.png,True,5503,5503,2,22.930595,0.2729805013927576,central,central,MURA_TT_1973
MURA-v1.1/train/XR_HAND/patient10096/study1_positive/image1.png,XR_HAND,patient10096,study1_positive,1,image1.png,train,/content/drive/MyDrive/MURA-v1.1/train/XR_HAND/patient10096/study1_positive/image1.png,train/XR_HAND/patient10096/study1_positive,1,abnormal,/content/MURA_abnormal_train/XR_HAND/patient10096/study1_positive/image1.png,True,14722,14722,1,28.458448,0.508833922261484,intermediate,intermediate,MURA_TT_1974
MURA-v1.1/train/XR_SHOULDER/patient01174/study1_positive/image2.png,XR_SHOULDER,patient01174,study1_positive,1,image2.png,train,/content/drive/MyDrive/MURA-v1.1/train/XR_SHOULDER/patient01174/study1_positive/image2.png,train/XR_SHOULDER/patient01174/study1_positive,1,abnormal,/content/MURA_abnormal_train/XR_SHOULDER/patient01174/study1_positive/image2.png,True,3481,3481,4,28.397812,0.3209109730848861,central,central,MURA_TT_1975
MURA-v1.1/train/XR_SHOULDER/patient01404/study1_positive/image2.png,XR_SHOULDER,patient01404,study1_positive,1,image2.png,train,/content/drive/MyDrive/MURA-v1.1/train/XR_SHOULDER/patient01404/study1_positive/image2.png,train/XR_SHOULDER/patient01404/study1_positive,1,abnormal,/content/MURA_abnormal_train/XR_SHOULDER/patient01404/study1_positive/image2.png,True,4127,4127,5,22.138737,0.2834123222748815,central,central,MURA_TT_1976
MURA-v1.1/train/XR_FINGER/patient03395/study1_positive/image2.png,XR_FINGER,patient03395,study1_positive,1,image2.png,train,/content/drive/MyDrive/MURA-v1.1/train/XR_FINGER/patient03395/study1_positive/image2.png,train/XR_FINGER/patient03395/study1_positive,1,abnormal,/content/MURA_abnormal_train/XR_FINGER/patient03395/study1_positive/image2.png,True,5354,5354,1,26.20557,0.4836363636363636,central,central,MURA_TT_1977
MURA-v1.1/train/XR_HAND/patient10116/study1_positive/image2.png,XR_HAND,patient10116,study1_positive,1,image2.png,train,/content/drive/MyDrive/MURA-v1.1/train/XR_HAND/patient10116/study1_positive/image2.png,train/XR_HAND/patient10116/study1_positive,1,abnormal,/content/MURA_abnormal_train/XR_HAND/patient10116/study1_positive/image2.png,True,14797,14797,0,26.329826,0.7105263157894737,intermediate,intermediate,MURA_TT_1978
MURA-v1.1/train/XR_SHOULDER/patient00032/study1_positive/image2.png,XR_SHOULDER,patient00032,study1_positive,1,image2.png,train,/content/drive/MyDrive/MURA-v1.1/train/XR_SHOULDER/patient00032/study1_positive/image2.png,train/XR_SHOULDER/patient00032/study1_positive,1,abnormal,/content/MURA_abnormal_train/XR_SHOULDER/patient00032/study1_positive/image2.png,True,86,86,2,27.759506,0.5750605326876513,intermediate,intermediate,MURA_TT_1979
MURA-v1.1/train/XR_WRIST/patient07288/study1_positive/image3.png,XR_WRIST,patient07288,study1_positive,1,image3.png,train,/content/drive/MyDrive/MURA-v1.1/train/XR_WRIST/patient07288/study1_positive/image3.png,train/XR_WRIST/patient07288/study1_positive,1,abnormal,/content/MURA_abnormal_train/XR_WRIST/patient07288/study1_positive/image3.png,True,12209,12209,2,26.521511,0.6252723311546841,intermediate,intermediate,MURA_TT_1980
MURA-v1.1/train/XR_ELBOW/patient05427/study1_positive/image2.png,XR_ELBOW,patient05427,study1_positive,1,image2.png,train,/content/drive/MyDrive/MURA-v1.1/train/XR_ELBOW/patient05427/study1_positive/image2.png,train/XR_ELBOW/patient05427/study1_positive,1,abnormal,/content/MURA_abnormal_train/XR_ELBOW/patient05427/study1_positive/image2.png,True,8632,8632,2,22.225048,0.231833910034602,central,central,MURA_TT_1981
MURA-v1.1/train/XR_WRIST/patient04171/study1_positive/image2.png,XR_WRIST,patient04171,study1_positive,1,image2.png,train,/content/drive/MyDrive/MURA-v1.1/train/XR_WRIST/patient04171/study1_positive/image2.png,train/XR_WRIST/patient04171/study1_positive,1,abnormal,/content/MURA_abnormal_train/XR_WRIST/patient04171/study1_positive/image2.png,True,10867,10867,2,26.839188,0.6514161220043573,intermediate,intermediate,MURA_TT_1982
MURA-v1.1/train/XR_HAND/patient09959/study1_positive/image1.png,XR_HAND,patient09959,study1_positive,1,image1.png,train,/content/drive/MyDrive/MURA-v1.1/train/XR_HAND/patient09959/study1_positive/image1.png,train/XR_HAND/patient09959/study1_positive,1,abnormal,/content/MURA_abnormal_train/XR_HAND/patient09959/study1_positive/image1.png,True,14250,14250,2,38.025604,0.9274447949526814,peripheral,peripheral,MURA_TT_1983
MURA-v1.1/train/XR_HUMERUS/patient02758/study1_positive/image2.png,XR_HUMERUS,patient02758,study1_positive,1,image2.png,train,/content/drive/MyDrive/MURA-v1.1/train/XR_HUMERUS/patient02758/study1_positive/image2.png,train/XR_HUMERUS/patient02758/study1_positive,1,abnormal,/content/MURA_abnormal_train/XR_HUMERUS/patient02758/study1_positive/image2.png,True,4326,4326,3,25.065577,0.3100436681222707,central,central,MURA_TT_1984
MURA-v1.1/train/XR_SHOULDER/patient00077/study1_positive/image1.png,XR_SHOULDER,patient00077,study1_positive,1,image1.png,train,/content/drive/MyDrive/MURA-v1.1/train/XR_SHOULDER/patient00077/study1_positive/image1.png,train/XR_SHOULDER/patient00077/study1_positive,1,abnormal,/content/MURA_abnormal_train/XR_SHOULDER/patient00077/study1_positive/image1.png,True,224,224,3,26.127491,0.3294422827496757,central,central,MURA_TT_1985
MURA-v1.1/train/XR_ELBOW/patient05352/study1_positive/image3.png,XR_ELBOW,patient05352,study1_positive,1,image3.png,train,/content/drive/MyDrive/MURA-v1.1/train/XR_ELBOW/patient05352/study1_positive/image3.png,train/XR_ELBOW/patient05352/study1_positive,1,abnormal,/content/MURA_abnormal_train/XR_ELBOW/patient05352/study1_positive/image3.png,True,8383,8383,1,20.520239,0.3287937743190661,central,central,MURA_TT_1986
MURA-v1.1/train/XR_SHOULDER/patient00948/study1_positive/image1.png,XR_SHOULDER,patient00948,study1_positive,1,image1.png,train,/content/drive/MyDrive/MURA-v1.1/train/XR_SHOULDER/patient00948/study1_positive/image1.png,train/XR_SHOULDER/patient00948/study1_positive,1,abnormal,/content/MURA_abnormal_train/XR_SHOULDER/patient00948/study1_positive/image1.png,True,2847,2847,4,34.545727,0.8716356107660456,peripheral,peripheral,MURA_TT_1987
MURA-v1.1/train/XR_FINGER/patient03777/study1_positive/image2.png,XR_FINGER,patient03777,study1_positive,1,image2.png,train,/content/drive/MyDrive/MURA-v1.1/train/XR_FINGER/patient03777/study1_positive/image2.png,train/XR_FINGER/patient03777/study1_positive,1,abnormal,/content/MURA_abnormal_train/XR_FINGER/patient03777/study1_positive/image2.png,True,6632,6632,1,20.431175,0.0363636363636363,central,central,MURA_TT_1988
MURA-v1.1/train/XR_SHOULDER/patient00913/study1_positive/image3.png,XR_SHOULDER,patient00913,study1_positive,1,image3.png,train,/content/drive/MyDrive/MURA-v1.1/train/XR_SHOULDER/patient00913/study1_positive/image3.png,train/XR_SHOULDER/patient00913/study1_positive,1,abnormal,/content/MURA_abnormal_train/XR_SHOULDER/patient00913/study1_positive/image3.png,True,2742,2742,1,29.8222,0.3671641791044776,central,central,MURA_TT_1989
MURA-v1.1/train/XR_FINGER/patient03766/study1_positive/image3.png,XR_FINGER,patient03766,study1_positive,1,image3.png,train,/content/drive/MyDrive/MURA-v1.1/train/XR_FINGER/patient03766/study1_positive/image3.png,train/XR_FINGER/patient03766/study1_positive,1,abnormal,/content/MURA_abnormal_train/XR_FINGER/patient03766/study1_positive/image3.png,True,6601,6601,4,21.454075,0.206266318537859,central,central,MURA_TT_1990
MURA-v1.1/train/XR_ELBOW/patient05418/study1_positive/image1.png,XR_ELBOW,patient05418,study1_positive,1,image1.png,train,/content/drive/MyDrive/MURA-v1.1/train/XR_ELBOW/patient05418/study1_positive/image1.png,train/XR_ELBOW/patient05418/study1_positive,1,abnormal,/content/MURA_abnormal_train/XR_ELBOW/patient05418/study1_positive/image1.png,True,8606,8606,1,28.91114,0.9494163424124512,peripheral,peripheral,MURA_TT_1991
MURA-v1.1/train/XR_WRIST/patient07033/study1_positive/image2.png,XR_WRIST,patient07033,study1_positive,1,image2.png,train,/content/drive/MyDrive/MURA-v1.1/train/XR_WRIST/patient07033/study1_positive/image2.png,train/XR_WRIST/patient07033/study1_positive,1,abnormal,/content/MURA_abnormal_train/XR_WRIST/patient07033/study1_positive/image2.png,True,11199,11199,1,26.924837,0.6660341555977229,intermediate,intermediate,MURA_TT_1992
MURA-v1.1/train/XR_HUMERUS/patient02778/study1_positive/image2.png,XR_HUMERUS,patient02778,study1_positive,1,image2.png,train,/content/drive/MyDrive/MURA-v1.1/train/XR_HUMERUS/patient02778/study1_positive/image2.png,train/XR_HUMERUS/patient02778/study1_positive,1,abnormal,/content/MURA_abnormal_train/XR_HUMERUS/patient02778/study1_positive/image2.png,True,4374,4374,2,23.537918,0.3474178403755869,central,central,MURA_TT_1993
MURA-v1.1/train/XR_WRIST/patient07427/study1_positive/image2.png,XR_WRIST,patient07427,study1_positive,1,image2.png,train,/content/drive/MyDrive/MURA-v1.1/train/XR_WRIST/patient07427/study1_positive/image2.png,train/XR_WRIST/patient07427/study1_positive,1,abnormal,/content/MURA_abnormal_train/XR_WRIST/patient07427/study1_positive/image2.png,True,12714,12714,3,24.375671,0.2068965517241379,central,central,MURA_TT_1994
MURA-v1.1/train/XR_HUMERUS/patient00180/study1_positive/image2.png,XR_HUMERUS,patient00180,study1_positive,1,image2.png,train,/content/drive/MyDrive/MURA-v1.1/train/XR_HUMERUS/patient00180/study1_positive/image2.png,train/XR_HUMERUS/patient00180/study1_positive,1,abnormal,/content/MURA_abnormal_train/XR_HUMERUS/patient00180/study1_positive/image2.png,True,4246,4246,2,31.65233,0.892018779342723,peripheral,peripheral,MURA_TT_1995
MURA-v1.1/train/XR_HUMERUS/patient02705/study1_positive/image1.png,XR_HUMERUS,patient02705,study1_positive,1,image1.png,train,/content/drive/MyDrive/MURA-v1.1/train/XR_HUMERUS/patient02705/study1_positive/image1.png,train/XR_HUMERUS/patient02705/study1_positive,1,abnormal,/content/MURA_abnormal_train/XR_HUMERUS/patient02705/study1_positive/image1.png,True,4188,4188,3,26.464203,0.4716157205240174,central,central,MURA_TT_1996
MURA-v1.1/train/XR_SHOULDER/patient01068/study1_positive/image4.png,XR_SHOULDER,patient01068,study1_positive,1,image4.png,train,/content/drive/MyDrive/MURA-v1.1/train/XR_SHOULDER/patient01068/study1_positive/image4.png,train/XR_SHOULDER/patient01068/study1_positive,1,abnormal,/content/MURA_abnormal_train/XR_SHOULDER/patient01068/study1_positive/image4.png,True,3182,3182,2,25.881956,0.3813559322033898,central,central,MURA_TT_1997
MURA-v1.1/train/XR_HAND/patient10097/study1_positive/image2.png,XR_HAND,patient10097,study1_positive,1,image2.png,train,/content/drive/MyDrive/MURA-v1.1/train/XR_HAND/patient10097/study1_positive/image2.png,train/XR_HAND/patient10097/study1_positive,1,abnormal,/content/MURA_abnormal_train/XR_HAND/patient10097/study1_positive/image2.png,True,14726,14726,2,26.708,0.5362776025236593,intermediate,intermediate,MURA_TT_1998
MURA-v1.1/train/XR_SHOULDER/patient00057/study1_positive/image2.png,XR_SHOULDER,patient00057,study1_positive,1,image2.png,train,/content/drive/MyDrive/MURA-v1.1/train/XR_SHOULDER/patient00057/study1_positive/image2.png,train/XR_SHOULDER/patient00057/study1_positive,1,abnormal,/content/MURA_abnormal_train/XR_SHOULDER/patient00057/study1_positive/image2.png,True,169,169,4,27.47365,0.2111801242236025,central,central,MURA_TT_1999
MURA-v1.1/train/XR_HUMERUS/patient02833/study1_positive/image1.png,XR_HUMERUS,patient02833,study1_positive,1,image1.png,train,/content/drive/MyDrive/MURA-v1.1/train/XR_HUMERUS/patient02833/study1_positive/image1.png,train/XR_HUMERUS/patient02833/study1_positive,1,abnormal,/content/MURA_abnormal_train/XR_HUMERUS/patient02833/study1_positive/image1.png,True,4506,4506,3,23.973318,0.2096069868995633,central,central,MURA_TT_2000
